"biblio_id","gmd_id","title","sor","edition","isbn_issn","publisher_id","publish_year","collation","series_title","call_number","language_id","source","publish_place_id","classification","notes","image","file_att","opac_hide","promoted","labels","frequency_id","spec_detail_info","content_type_id","media_type_id","carrier_type_id","input_date","last_update","uid"
23,1,TAK MUNGKIN TANPA SESAMAKU,,,,,,,,,id,,,,,,,0,0,,0,,,,,"2007-11-29 15:36:50","2007-11-29 16:26:59",
24,1,BAGAIMANA JIKA ALKITAB TIDAK PERNAH DITULIS,,,,,,,,,id,,,,,,,0,0,,0,,,,,"2007-11-29 15:36:50","2007-11-29 16:26:59",
25,1,MEMBACA DAN MEMAHAMI KITAB WAHYU,,,,,,,,,id,,,,,,,0,0,,0,,,,,"2007-11-29 15:36:50","2007-11-29 16:26:59",
26,1,MEMAHAMI PERJANJIAN LAMA,,,,,,,,,id,,,,,,,0,0,,0,,,,,"2007-11-29 15:36:50","2007-11-29 16:26:59",
27,1,LEBIH DARI PEMENANG,,,,,,,,,id,,,,,,,0,0,,0,,,,,"2007-11-29 15:36:50","2007-11-29 16:26:59",
28,1,LATAR BELAKANG PERJANJIAN BARU  1,,,,,,,,,id,,,,,,,0,0,,0,,,,,"2007-11-29 15:36:50","2007-11-29 16:26:59",
29,1,LATAR BELAKANG PERJANJIAN BARU  3,,,,,,,,,id,,,,,,,0,0,,0,,,,,"2007-11-29 15:36:50","2007-11-29 16:26:59",
30,1,INDAHNYA PERNIKAHAN KRISTEN,,,,,,,,,id,,,,,,,0,0,,0,,,,,"2007-11-29 15:36:50","2007-11-29 16:26:59",
31,1,KISAH-KISAH PEREMPUAN YANG BERTAHAN DALAM PERKAWINAN,,,,,,,,,id,,,,,,,0,0,,0,,,,,"2007-11-29 15:36:50","2007-11-29 16:26:59",
32,1,Memaafkan Keluarga Anda,,,,,,,,,id,,,,,,,0,0,,0,,,,,"2007-11-29 15:36:50","2007-11-29 16:26:59",
33,1,Pelecehan Seksual dalam Keluarga Kristen dan Gereja,,,,,,,,,id,,,,,,,0,0,,0,,,,,"2007-11-29 15:36:50","2007-11-29 16:26:59",
34,1,kosong,,,,,,,,,id,,,,,,,0,0,,0,,,,,"2007-11-29 15:36:50","2007-11-29 16:26:59",
35,1,Lima Bahasa Kasih Untuk Pria,,,,,,,,,id,,,,,,,0,0,,0,,,,,"2007-11-29 15:36:50","2007-11-29 16:26:59",
36,1,Pria di Balik Cermin,,,,,,,,,id,,,,,,,0,0,,0,,,,,"2007-11-29 15:36:50","2007-11-29 16:26:59",
37,1,"TELEVISI, VIDEO GAME, DAN ANAK",,,,,,,,,id,,,,,,,0,0,,0,,,,,"2007-11-29 15:36:50","2007-11-29 16:26:59",
38,1,MENJADI SAHABAT BUAT ISTRI,,,,,,,,,id,,,,,,,0,0,,0,,,,,"2007-11-29 15:36:50","2007-11-29 16:26:59",
39,1,YONATHAN: POTRET PRIA BIJAK,,,,,,,,,id,,,,,,,0,0,,0,,,,,"2007-11-29 15:36:50","2007-11-29 16:26:59",
40,1,MEMBENTUK ANAK LAKI MENJADI PRIA DEWASA,,,,,,,,,id,,,,,,,0,0,,0,,,,,"2007-11-29 15:36:50","2007-11-29 16:26:59",
41,1,MENGATASI KONFLIK DALAM RUMAH TANGGA,,,,,,,,,id,,,,,,,0,0,,0,,,,,"2007-11-29 15:36:50","2007-11-29 16:26:59",
42,1,MENJADI SAHABAT BUAT SUAMI,,,,,,,,,id,,,,,,,0,0,,0,,,,,"2007-11-29 15:36:50","2007-11-29 16:26:59",
43,1,HIDUP DENGAN PASANGAN TIDAK SEIMAN,,,,,,,,,id,,,,,,,0,0,,0,,,,,"2007-11-29 15:36:50","2007-11-29 16:26:59",
44,1,Ajarlah kami berdoa,,,,,,,,,id,,,,,,,0,0,,0,,,,,"2007-11-29 15:36:50","2007-11-29 16:26:59",
45,1,"77 Permainan Asyik",,,,,,,,,id,,,,,,,0,0,,0,,,,,"2007-11-29 15:36:50","2007-11-29 16:26:59",
46,1,Apakah Kasih Sejati Itu ?,,,,,,,,,id,,,,,,,0,0,,0,,,,,"2007-11-29 15:36:50","2007-11-29 16:26:59",
47,1,Yohanes : Lihatlah Rajamu !,,,,,,,,,id,,,,,,,0,0,,0,,,,,"2007-11-29 15:36:50","2007-11-29 16:26:59",
48,1,Pelayanan musik,,,,,,,,,id,,,,,,,0,0,,0,,,,,"2007-11-29 15:36:50","2007-11-29 16:26:59",
49,1,MENABUR PENGHARGAAN MENUAI CINTA,,,,,,,,,id,,,,,,,0,0,,0,,,,,"2007-11-29 15:36:50","2007-11-29 16:26:59",
50,1,ABIGAIL: POTRET WANITA BIJAK,,,,,,,,,id,,,,,,,0,0,,0,,,,,"2007-11-29 15:36:50","2007-11-29 16:26:59",
51,1,HIDUP DAMAI DENGAN SEKS,,,,,,,,,id,,,,,,,0,0,,0,,,,,"2007-11-29 15:36:50","2007-11-29 16:26:59",
52,1,ABORSI: MASALAH ETIS-ROHANI,,,,,,,,,id,,,,,,,0,0,,0,,,,,"2007-11-29 15:36:50","2007-11-29 16:26:59",
53,1,SEKS PRANIKAH,,,,,,,,,id,,,,,,,0,0,,0,,,,,"2007-11-29 15:36:50","2007-11-29 16:26:59",
54,1,ANCAMAN TERHADAP PASANGAN MUDA,,,,,,,,,id,,,,,,,0,0,,0,,,,,"2007-11-29 15:36:50","2007-11-29 16:26:59",
55,1,Mentoring Leaders,,,,,,,,,id,,,,,,,0,0,,0,,,,,"2007-11-29 15:36:50","2007-11-29 16:26:59",
56,1,Winning with People,"","","",,"","","","",id,,,NONE,"",,,0,0,,0,"",,,,"2007-11-29 15:36:50","2026-07-23 13:01:13",
57,1,Kepemimpinan ilahi,,,,,,,,,id,,,,,,,0,0,,0,,,,,"2007-11-29 15:36:50","2007-11-29 16:26:59",
58,1,"5 MENIT TEOLOGIA",,,,,,,,,id,,,,,,,0,0,,0,,,,,"2007-11-29 15:36:50","2007-11-29 16:26:59",
59,1,DASAR IMAN KEPERCAYAAN KRISTEN,,,,,,,,,id,,,,,,,0,0,,0,,,,,"2007-11-29 15:36:50","2007-11-29 16:26:59",
60,1,ANDA BERTANYA?ALKITAB MENJAWAB,,,,,,,,,id,,,,,,,0,0,,0,,,,,"2007-11-29 15:36:50","2007-11-29 16:26:59",
61,1,DOKTRIN TENTANG ALLAH,"","","",,"","","","13000251",id,,,NONE,"",,,0,0,,0,"",,,,"2007-11-29 15:36:50","2026-08-09 10:56:38",
62,1,PERGI DALAM KEPASTIAN,,,,,,,,,id,,,,,,,0,0,,0,,,,,"2007-11-29 15:36:50","2007-11-29 16:26:59",
63,1,KOMUNIKASI KUNCI PERNIKAHAN BAHAGIA,,,,,,,,,id,,,,,,,0,0,,0,,,,,"2007-11-29 15:36:50","2007-11-29 16:26:59",
64,1,SKANDAL HATI NURANI KAUM INJILI,,,,,,,,,id,,,,,,,0,0,,0,,,,,"2007-11-29 15:36:50","2007-11-29 16:26:59",
65,1,COMMUNICATION @WORK,,,,,,,,,id,,,,,,,0,0,,0,,,,,"2007-11-29 15:36:50","2007-11-29 16:26:59",
66,1,MENDIDIK PUTRA ANDA,,,,,,,,,id,,,,,,,0,0,,0,,,,,"2007-11-29 15:36:50","2007-11-29 16:26:59",
67,1,HILANGNYA KEBIJAKAN KITA,,,,,,,,,id,,,,,,,0,0,,0,,,,,"2007-11-29 15:36:50","2007-11-29 16:26:59",
68,1,BERJALAN BERSAMA ALLAH,,,,,,,,,id,,,,,,,0,0,,0,,,,,"2007-11-29 15:36:50","2007-11-29 16:26:59",
69,1,PEMULIHAN DARI DEPRESI,,,,,,,,,id,,,,,,,0,0,,0,,,,,"2007-11-29 15:36:50","2007-11-29 16:26:59",
70,1,PEMULIHAN DARI DISFUNGSI KELUARGA,,,,,,,,,id,,,,,,,0,0,,0,,,,,"2007-11-29 15:36:50","2007-11-29 16:26:59",
71,1,PEMULIHAN DARI KEPAHITAN,,,,,,,,,id,,,,,,,0,0,,0,,,,,"2007-11-29 15:36:50","2007-11-29 16:26:59",
72,1,PEMULIHAN DARI KETAKUTAN,,,,,,,,,id,,,,,,,0,0,,0,,,,,"2007-11-29 15:36:50","2007-11-29 16:26:59",
73,1,PEMULIHAN DARI KETERHILANGAN,,,,,,,,,id,,,,,,,0,0,,0,,,,,"2007-11-29 15:36:50","2007-11-29 16:26:59",
74,1,Ngegosip di Persekutuan ? Yang Bener Aja !,,,,,,,,,id,,,,,,,0,0,,0,,,,,"2007-11-29 15:36:50","2007-11-29 16:26:59",
75,1,From Venus To Mars And Back : Apa Artinya Menjadi Diri Anda,,,,,,,,,id,,,,,,,0,0,,0,,,,,"2007-11-29 15:36:50","2007-11-29 16:26:59",
76,1,PEMULIHAN DARI KETERIKATAN,,,,,,,,,id,,,,,,,0,0,,0,,,,,"2007-11-29 15:36:50","2007-11-29 16:26:59",
77,1,PEMULIHAN DARI RASA MALU,,,,,,,,,id,,,,,,,0,0,,0,,,,,"2007-11-29 15:36:50","2007-11-29 16:26:59",
78,1,PEMULIHAN DARI KECANDUAN,,,,,,,,,id,,,,,,,0,0,,0,,,,,"2007-11-29 15:36:50","2007-11-29 16:26:59",
79,1,PEMULIHAN DARI RASA BERSALAH,,,,,,,,,id,,,,,,,0,0,,0,,,,,"2007-11-29 15:36:50","2007-11-29 16:26:59",
80,1,PEMULIHAN CITRA YANG RUSAK TENTANG DIRI,,,,,,,,,id,,,,,,,0,0,,0,,,,,"2007-11-29 15:36:50","2007-11-29 16:26:59",
81,1,DI AMBANG PINTU PENGHARAPAN,,,,,,,,,id,,,,,,,0,0,,0,,,,,"2007-11-29 15:36:50","2007-11-29 16:26:59",
82,1,Marriage Enrichment - Pembinaan Keluarga Kristen,"","","",,"","","","",id,,,NONE,"",,,0,0,,0,"",,,,"2007-11-29 15:36:50","2026-07-16 13:11:35",
83,1,Bagaimana Menyembuhkan Hati yang hancur,"","","",,"","","","",id,,,NONE,"",,,0,0,,0,"",,,,"2007-11-29 15:36:50","2026-07-16 13:40:26",
84,1,I KISSED DATING GOODBYE,,,,,,,,,id,,,,,,,0,0,,0,,,,,"2007-11-29 15:36:50","2007-11-29 16:26:59",
85,1,TUHAN MENGAPA AKU HARUS KE CHINA?,,,,,,,,,id,,,,,,,0,0,,0,,,,,"2007-11-29 15:36:50","2007-11-29 16:26:59",
86,1,MOLLY WANTS MORE!,,,,,,,,,id,,,,,,,0,0,,0,,,,,"2007-11-29 15:36:50","2007-11-29 16:26:59",
87,1,WHAT IS FAITH?,,,,,,,,,id,,,,,,,0,0,,0,,,,,"2007-11-29 15:36:50","2007-11-29 16:26:59",
88,1,PRICKLE SAYS I'M SORRY,,,,,,,,,id,,,,,,,0,0,,0,,,,,"2007-11-29 15:36:50","2007-11-29 16:26:59",
89,1,AKU MENDIRIKAN JEMAATKU 4,,,,,,,,,id,,,,,,,0,0,,0,,,,,"2007-11-29 15:36:50","2007-11-29 16:26:59",
90,1,AKU MENDIRIKAN JEMAATKU 7,,,,,,,,,id,,,,,,,0,0,,0,,,,,"2007-11-29 15:36:50","2007-11-29 16:26:59",
91,1,AKU MENDIRIKAN JEMAATKU 8,,,,,,,,,id,,,,,,,0,0,,0,,,,,"2007-11-29 15:36:50","2007-11-29 16:26:59",
92,1,AKU MENDIRIKAN JEMAATKU 9,,,,,,,,,id,,,,,,,0,0,,0,,,,,"2007-11-29 15:36:50","2007-11-29 16:26:59",
93,1,Hati Yang Terbakar - Vol 5 Theologi Reformed Injili dan Pelayanan,,,,,,,,,id,,,,,,,0,0,,0,,,,,"2007-11-29 15:36:50","2007-11-29 16:26:59",
94,1,Alkitab Manga,,,,,,,,,id,,,,,,,0,0,,0,,,,,"2007-11-29 15:36:50","2007-11-29 16:26:59",
95,1,Tangan-Tangan Mungil Kehidupan Yesus,,,,,,,,,id,,,,,,,0,0,,0,,,,,"2007-11-29 15:36:50","2007-11-29 16:26:59",
96,1,Cerita Alkitab dalam Gambar,,,,,,,,,id,,,,,,,0,0,,0,,,,,"2007-11-29 15:36:50","2007-11-29 16:26:59",
97,1,Power Bible Comic 2 - Musa,,,,,,,,,id,,,,,,,0,0,,0,,,,,"2007-11-29 15:36:50","2007-11-29 16:26:59",
98,1,Power Bible Comic 3 - Tanah Terjanji,,,,,,,,,id,,,,,,,0,0,,0,,,,,"2007-11-29 15:36:50","2007-11-29 16:26:59",
99,1,Loving God,,,,,,,,,id,,,,,,,0,0,,0,,,,,"2007-11-29 15:36:50","2007-11-29 16:26:59",
100,1,A Sacred Sorrow,,,,,,,,,id,,,,,,,0,0,,0,,,,,"2007-11-29 15:36:50","2007-11-29 16:26:59",
101,1,Have a Great New Year,,,,,,,,,id,,,,,,,0,0,,0,,,,,"2007-11-29 15:36:50","2007-11-29 16:26:59",
102,1,My Favourite Christmas ,,,,,,,,,id,,,,,,,0,0,,0,,,,,"2007-11-29 15:36:50","2007-11-29 16:26:59",
103,1,Rasul Paulus 2,,,,,,,,,id,,,,,,,0,0,,0,,,,,"2007-11-29 15:36:50","2007-11-29 16:26:59",
104,1,Berserulah kepada - KU,,,,,,,,,id,,,,,,,0,0,,0,,,,,"2007-11-29 15:36:50","2007-11-29 16:26:59",
105,1,Mengenal Alkitab,,,,,,,,,id,,,,,,,0,0,,0,,,,,"2007-11-29 15:36:50","2007-11-29 16:26:59",
106,1,The World Book Encyclopedia D,,,,,,,,,id,,,,,,,0,0,,0,,,,,"2007-11-29 15:36:50","2007-11-29 16:26:59",
107,1,The World Book Encyclopedia E,,,,,,,,,id,,,,,,,0,0,,0,,,,,"2007-11-29 15:36:50","2007-11-29 16:26:59",
108,1,The World Book Encyclopedia F,,,,,,,,,id,,,,,,,0,0,,0,,,,,"2007-11-29 15:36:50","2007-11-29 16:26:59",
109,1,The World Book Encyclopedia G,,,,,,,,,id,,,,,,,0,0,,0,,,,,"2007-11-29 15:36:50","2007-11-29 16:26:59",
110,1,The World Book Encyclopedia H,,,,,,,,,id,,,,,,,0,0,,0,,,,,"2007-11-29 15:36:50","2007-11-29 16:26:59",
111,1,The World Book Encyclopedia I,,,,,,,,,id,,,,,,,0,0,,0,,,,,"2007-11-29 15:36:50","2007-11-29 16:26:59",
112,1,The World Book Encyclopedia JK,,,,,,,,,id,,,,,,,0,0,,0,,,,,"2007-11-29 15:36:50","2007-11-29 16:26:59",
113,1,The World Book Encyclopedia M,,,,,,,,,id,,,,,,,0,0,,0,,,,,"2007-11-29 15:36:50","2007-11-29 16:26:59",
114,1,The World Book Encyclopedia N-O,,,,,,,,,id,,,,,,,0,0,,0,,,,,"2007-11-29 15:36:50","2007-11-29 16:26:59",
115,1,The World Book Encyclopedia P,,,,,,,,,id,,,,,,,0,0,,0,,,,,"2007-11-29 15:36:50","2007-11-29 16:26:59",
116,1,The World Book Encyclopedia Q-R,,,,,,,,,id,,,,,,,0,0,,0,,,,,"2007-11-29 15:36:50","2007-11-29 16:26:59",
117,1,The World Book Encyclopedia S-Sn,,,,,,,,,id,,,,,,,0,0,,0,,,,,"2007-11-29 15:36:50","2007-11-29 16:26:59",
118,1,The World Book Encyclopedia So-Sz,,,,,,,,,id,,,,,,,0,0,,0,,,,,"2007-11-29 15:36:50","2007-11-29 16:26:59",
119,1,The World Book Encyclopedia T,,,,,,,,,id,,,,,,,0,0,,0,,,,,"2007-11-29 15:36:50","2007-11-29 16:26:59",
120,1,The World Book Encyclopedia U-V,,,,,,,,,id,,,,,,,0,0,,0,,,,,"2007-11-29 15:36:50","2007-11-29 16:26:59",
121,1,The World Book Encyclopedia W-Z,,,,,,,,,id,,,,,,,0,0,,0,,,,,"2007-11-29 15:36:50","2007-11-29 16:26:59",
122,1,The World Book Encyclopedia Research Guide,,,,,,,,,id,,,,,,,0,0,,0,,,,,"2007-11-29 15:36:50","2007-11-29 16:26:59",
123,1,The World Book Dictionary A-K,,,,,,,,,id,,,,,,,0,0,,0,,,,,"2007-11-29 15:36:50","2007-11-29 16:26:59",
124,1,The World Book Dictionary L-Z,,,,,,,,,id,,,,,,,0,0,,0,,,,,"2007-11-29 15:36:50","2007-11-29 16:26:59",
125,1,Perjanjian Baru Interlinear Yunani - Indonesia dan Konkordansi Perjanjian Baru (PBIK) 1,,,,,,,,,id,,,,,,,0,0,,0,,,,,"2007-11-29 15:36:50","2007-11-29 16:26:59",
126,1,Perjanjian Baru Interlinear Yunani - Indonesia dan Konkordansi Perjanjian Baru (PBIK) 2,,,,,,,,,id,,,,,,,0,0,,0,,,,,"2007-11-29 15:36:50","2007-11-29 16:26:59",
127,1,Expository Dictionary Of Bible Words,,,,,,,,,id,,,,,,,0,0,,0,,,,,"2007-11-29 15:36:50","2007-11-29 16:26:59",
128,1,The Lion Bible for Children,,,,,,,,,id,,,,,,,0,0,,0,,,,,"2007-11-29 15:36:50","2007-11-29 16:26:59",
129,1,Dokumen Konsili Vatikan II,,,,,,,,,id,,,,,,,0,0,,0,,,,,"2007-11-29 15:36:50","2007-11-29 16:26:59",
130,1,AKU MENDIRIKAN JEMAATKU 12,,,,,,,,,id,,,,,,,0,0,,0,,,,,"2007-11-29 15:36:50","2007-11-29 16:26:59",
131,1,MY 1ST BOOK JANJI-JANJI ALKITAB,,,,,,,,,id,,,,,,,0,0,,0,,,,,"2007-11-29 15:36:50","2007-11-29 16:26:59",
132,1,Kitab yang Mengubah Dunia,,,,,,,,,id,,,,,,,0,0,,0,,,,,"2007-11-29 15:36:50","2007-11-29 16:26:59",
133,1,MENGENAL YESUS KRISTUS,,,,,,,,,id,,,,,,,0,0,,0,,,,,"2007-11-29 15:36:50","2007-11-29 16:26:59",
134,1,THE GLORY GARDEN,,,,,,,,,id,,,,,,,0,0,,0,,,,,"2007-11-29 15:36:50","2007-11-29 16:26:59",
135,1,THE FANTASTIC FISH,,,,,,,,,id,,,,,,,0,0,,0,,,,,"2007-11-29 15:36:50","2007-11-29 16:26:59",
136,1,THE SUPER SECRET,,,,,,,,,id,,,,,,,0,0,,0,,,,,"2007-11-29 15:36:50","2007-11-29 16:26:59",
137,1,THE AMAZING ARK,,,,,,,,,id,,,,,,,0,0,,0,,,,,"2007-11-29 15:36:50","2007-11-29 16:26:59",
138,1,THE GROUCHY GIANT,,,,,,,,,id,,,,,,,0,0,,0,,,,,"2007-11-29 15:36:50","2007-11-29 16:26:59",
139,1,JALAN SERTA YESUS JILID 2,,,,,,,,,id,,,,,,,0,0,,0,,,,,"2007-11-29 15:36:50","2007-11-29 16:26:59",
140,1,BABY JESUS IS BORN,,,,,,,,,id,,,,,,,0,0,,0,,,,,"2007-11-29 15:36:50","2007-11-29 16:26:59",
141,1,THE LORD'S PRAYER & TEN COMMANDMENTS,,,,,,,,,id,,,,,,,0,0,,0,,,,,"2007-11-29 15:36:50","2007-11-29 16:26:59",
142,1,ARE ANGELS REAL?,,,,,,,,,id,,,,,,,0,0,,0,,,,,"2007-11-29 15:36:50","2007-11-29 16:26:59",
143,1,KIDUNG ANAK-ANAK,,,,,,,,,id,,,,,,,0,0,,0,,,,,"2007-11-29 15:36:50","2007-11-29 16:26:59",
144,1,THE TWO BUILDERS,,,,,,,,,id,,,,,,,0,0,,0,,,,,"2007-11-29 15:36:50","2007-11-29 16:26:59",
145,1,THE FATHER WHO WAITED,,,,,,,,,id,,,,,,,0,0,,0,,,,,"2007-11-29 15:36:50","2007-11-29 16:26:59",
146,1,THE FRIENDLY STRANGER,,,,,,,,,id,,,,,,,0,0,,0,,,,,"2007-11-29 15:36:50","2007-11-29 16:26:59",
147,1,ALL ABOUT TIME,,,,,,,,,id,,,,,,,0,0,,0,,,,,"2007-11-29 15:36:50","2007-11-29 16:26:59",
148,1,Pemimpin Baru,"","","",,"","","","",id,,,NONE,"",,,0,0,,0,"",,,,"2007-11-29 15:36:50","2026-07-23 13:18:08",
149,1,MENJADI PEMIMPIN BERKARAKTER ILAHI,,,,,,,,,id,,,,,,,0,0,,0,,,,,"2007-11-29 15:36:50","2007-11-29 16:26:59",
150,1,MENEMBUS PUNCAK,,,,,,,,,id,,,,,,,0,0,,0,,,,,"2007-11-29 15:36:50","2007-11-29 16:26:59",
151,1,"10 pertanyaan yang ditakuti Pendeta",,,,,,,,,id,,,,,,,0,0,,0,,,,,"2007-11-29 15:36:50","2007-11-29 16:26:59",
152,1,MENJAWAB PERTANYAAN-PERTANYAAN KOMTEMPORER,,,,,,,,,id,,,,,,,0,0,,0,,,,,"2007-11-29 15:36:50","2007-11-29 16:26:59",
153,1,EKSEGESIS PERJANJIAN BARU,,,,,,,,,id,,,,,,,0,0,,0,,,,,"2007-11-29 15:36:50","2007-11-29 16:26:59",
154,1,PELAYANAN PASTORAL BERSAMA ANAK2 DLAM KRISIS,,,,,,,,,id,,,,,,,0,0,,0,,,,,"2007-11-29 15:36:50","2007-11-29 16:26:59",
155,1,STUDI TENTANG SEJARAH GEREJA TARIKH MASEHI,,,,,,,,,id,,,,,,,0,0,,0,,,,,"2007-11-29 15:36:50","2007-11-29 16:26:59",
156,1,STUDI TENTANG JATIDIRI SEORANG KRISTEN SATU YANG UNIK,,,,,,,,,id,,,,,,,0,0,,0,,,,,"2007-11-29 15:36:50","2007-11-29 16:26:59",
157,1,STUDI TENTANG KITAB MAZMUR JUJUR KEPADA ALLAH,,,,,,,,,id,,,,,,,0,0,,0,,,,,"2007-11-29 15:36:50","2007-11-29 16:26:59",
158,1,STUDI TENTANG KERAJAAN ALLAH SANG RAJA & AKU,,,,,,,,,id,,,,,,,0,0,,0,,,,,"2007-11-29 15:36:50","2007-11-29 16:26:59",
159,1,PEDOMAN PEMBIMBING STUDI TENTANG PERJANJIAN IKATAN KELUARGA,,,,,,,,,id,,,,,,,0,0,,0,,,,,"2007-11-29 15:36:50","2007-11-29 16:26:59",
160,1,BUKU KEGIATAN ROHANI ANAK TK B YESUS ADALAH TUHANKU,,,,,,,,,id,,,,,,,0,0,,0,,,,,"2007-11-29 15:36:50","2007-11-29 16:26:59",
161,1,PEDOMAN GURU YESUS ADALAH TUHANKU,,,,,,,,,id,,,,,,,0,0,,0,,,,,"2007-11-29 15:36:50","2007-11-29 16:26:59",
162,1,AMSAL SALOMO SERI DIKTAT,,,,,,,,,id,,,,,,,0,0,,0,,,,,"2007-11-29 15:36:50","2007-11-29 16:26:59",
163,1,PEDOMAN PEMBIMBING STUDI TENTANG KERAJAAN ALLAH SANG RAJA & AKU,,,,,,,,,id,,,,,,,0,0,,0,,,,,"2007-11-29 15:36:50","2007-11-29 16:26:59",
164,1,BUKU PEDOMAN PEMBIMBING PELAJARAN ETIKA BAGI REMAJA,,,,,,,,,id,,,,,,,0,0,,0,,,,,"2007-11-29 15:36:50","2007-11-29 16:26:59",
165,1,BUKU KEGIATAN ROHANI ANAK TK A YESUS ADALAH TUHANKU,,,,,,,,,id,,,,,,,0,0,,0,,,,,"2007-11-29 15:36:50","2007-11-29 16:26:59",
166,1,BUKU KEGIATAN ROHANI ANAK KELOMPOK BERMAIN YESUS ADALAH TUHANKU,,,,,,,,,id,,,,,,,0,0,,0,,,,,"2007-11-29 15:36:50","2007-11-29 16:26:59",
167,1,Kutahu yang KUPERCAYA,"","","",,"","","","",id,,,NONE,"",,,0,0,,0,"",,,,"2007-11-29 15:36:50","2026-07-25 16:07:08",
168,1,FROM MAFIA BOSS TO THE CROSS,,,,,,,,,id,,,,,,,0,0,,0,,,,,"2007-11-29 15:36:50","2007-11-29 16:26:59",
169,1,KRONOLOGI KISAH YESUSUMENURUT 4 INJIL,,,,,,,,,id,,,,,,,0,0,,0,,,,,"2007-11-29 15:36:50","2007-11-29 16:26:59",
170,1,KUDENGAR SUARA-MU BAPA,,,,,,,,,id,,,,,,,0,0,,0,,,,,"2007-11-29 15:36:50","2007-11-29 16:26:59",
171,1,AGAMA KRISTEN DI ASIA JILID 1,,,,,,,,,id,,,,,,,0,0,,0,,,,,"2007-11-29 15:36:50","2007-11-29 16:26:59",
172,1,YESUS BAGI ORANG NON RELIGIUS,,,,,,,,,id,,,,,,,0,0,,0,,,,,"2007-11-29 15:36:50","2007-11-29 16:26:59",
173,1,NASKAH LAUT MATI,,,,,,,,,id,,,,,,,0,0,,0,,,,,"2007-11-29 15:36:50","2007-11-29 16:26:59",
174,1,KESALAHAN PENYALINAN DALAM KITAB SUCI PERJANJIAN BARU],,,,,,,,,id,,,,,,,0,0,,0,,,,,"2007-11-29 15:36:50","2007-11-29 16:26:59",
175,1,APA YANG TELAH MEREKA LAKUKAN PADA YESUS?,,,,,,,,,id,,,,,,,0,0,,0,,,,,"2007-11-29 15:36:50","2007-11-29 16:26:59",
176,1,TAFSIRAN INJIL YOHANES PASAL 6-12,,,,,,,,,id,,,,,,,0,0,,0,,,,,"2007-11-29 15:36:50","2007-11-29 16:26:59",
177,1,TAFSIRAN INJIL YOHANES PASAL 13-21,,,,,,,,,id,,,,,,,0,0,,0,,,,,"2007-11-29 15:36:50","2007-11-29 16:26:59",
178,1,"7 GAYA HIDUP KRISTEN SEJATI",,,,,,,,,id,,,,,,,0,0,,0,,,,,"2007-11-29 15:36:50","2007-11-29 16:26:59",
179,1,"TRAGEDI KEMANUSIAAN KEJATUHAN, PERADABAN JAHAT, & PENDERITAAN MANUSIA",,,,,,,,,id,,,,,,,0,0,,0,,,,,"2007-11-29 15:36:50","2007-11-29 16:26:59",
180,1,MENIKMATI HARI BAIK SETIAP HARI,,,,,,,,,id,,,,,,,0,0,,0,,,,,"2007-11-29 15:36:50","2007-11-29 16:26:59",
181,1,THE VOLUNTEER REVOLUTION,,,,,,,,,id,,,,,,,0,0,,0,,,,,"2007-11-29 15:36:50","2007-11-29 16:26:59",
182,1,KETIDAKPUASAN HATI TUHAN,,,,,,,,,id,,,,,,,0,0,,0,,,,,"2007-11-29 15:36:50","2007-11-29 16:26:59",
183,1,TITIK NOL SAAT SEORANG PENDETA TAK DI MIMBAR,,,,,,,,,id,,,,,,,0,0,,0,,,,,"2007-11-29 15:36:50","2007-11-29 16:26:59",
184,1,MENJADI GARAM DAN TERANG BAGI KALANGAN TERDEKAT,,,,,,,,,id,,,,,,,0,0,,0,,,,,"2007-11-29 15:36:50","2007-11-29 16:26:59",
185,1,"21 ALASAN MENGAPA HAL BURUK DIALAMI ORANG PERCAYA",,,,,,,,,id,,,,,,,0,0,,0,,,,,"2007-11-29 15:36:50","2007-11-29 16:26:59",
186,1,ONE MONTH TO LIVE,,,,,,,,,id,,,,,,,0,0,,0,,,,,"2007-11-29 15:36:50","2007-11-29 16:26:59",
187,1,"9 PENCOBAAN YANG DAPAT MENGHANCURKAN KEHIDUPAN ANDA",,,,,,,,,id,,,,,,,0,0,,0,,,,,"2007-11-29 15:36:50","2007-11-29 16:26:59",
188,1,MENGENAL HATI TUHAN,,,,,,,,,id,,,,,,,0,0,,0,,,,,"2007-11-29 15:36:50","2007-11-29 16:26:59",
189,1,PEMBUNUH IMAN,,,,,,,,,id,,,,,,,0,0,,0,,,,,"2007-11-29 15:36:50","2007-11-29 16:26:59",
190,1,HIDUP BUKAN HANYA SEKEDAR HIDUP,,,,,,,,,id,,,,,,,0,0,,0,,,,,"2007-11-29 15:36:50","2007-11-29 16:26:59",
191,1,"JERUSALEM KESUCIAN, KONFLIK, DAN PENGADILAN AKHIR",,,,,,,,,id,,,,,,,0,0,,0,,,,,"2007-11-29 15:36:50","2007-11-29 16:26:59",
192,1,DIALOG ANTARUMAT BERAGAMA,,,,,,,,,id,,,,,,,0,0,,0,,,,,"2007-11-29 15:36:50","2007-11-29 16:26:59",
193,1,TUGAS MANUSIA DALAM DUNIA MILIK TUHAN,,,,,,,,,id,,,,,,,0,0,,0,,,,,"2007-11-29 15:36:50","2007-11-29 16:26:59",
194,1,Konkordansi Alkitab,,,,,,,,,id,,,,,,,0,0,,0,,,,,"2007-11-29 15:36:50","2007-11-29 16:26:59",
195,1,Kitab Hukum Kanonik,,,,,,,,,id,,,,,,,0,0,,0,,,,,"2007-11-29 15:36:50","2007-11-29 16:26:59",
196,1,HandBook To the Bible (Pedoman Lengkap Pendalaman Alkitab),,,,,,,,,id,,,,,,,0,0,,0,,,,,"2007-11-29 15:36:50","2007-11-29 16:26:59",
197,1,Ensiklopedi Fakta Alkitab / Bible Almanac-1,,,,,,,,,id,,,,,,,0,0,,0,,,,,"2007-11-29 15:36:50","2007-11-29 16:26:59",
198,1,Ensiklopedi Fakta Alkitab / Bible Almanac-2,,,,,,,,,id,,,,,,,0,0,,0,,,,,"2007-11-29 15:36:50","2007-11-29 16:26:59",
199,1,Cerita - cerita Alkitab Perjanjian Baru,,,,,,,,,id,,,,,,,0,0,,0,,,,,"2007-11-29 15:36:50","2007-11-29 16:26:59",
200,1,Encyclopedia of New Religions,,,,,,,,,id,,,,,,,0,0,,0,,,,,"2007-11-29 15:36:50","2007-11-29 16:26:59",
201,1,Old Testament Today,,,,,,,,,id,,,,,,,0,0,,0,,,,,"2007-11-29 15:36:50","2007-11-29 16:26:59",
202,1,Kumpulan Peraturan Pembangunan Tempat Ibadah dan Penyelenggara Kegiatan Keagamaan Di Propinsi Daerah Khusus Ibukota Jakarta,,,,,,,,,id,,,,,,,0,0,,0,,,,,"2007-11-29 15:36:50","2007-11-29 16:26:59",
203,1,The History of Christianity,,,,,,,,,id,,,,,,,0,0,,0,,,,,"2007-11-29 15:36:50","2007-11-29 16:26:59",
204,1,Arkeologi dan Sejarah Alkitab,,,,,,,,,id,,,,,,,0,0,,0,,,,,"2007-11-29 15:36:50","2007-11-29 16:26:59",
205,1,NELSON'S COMPLETE BOOK OF BIBLE MAPS&CHARTS,,,,,,,,,id,,,,,,,0,0,,0,,,,,"2007-11-29 15:36:50","2007-11-29 16:26:59",
206,1,Tanah Suci Dalam Bergambar,,,,,,,,,id,,,,,,,0,0,,0,,,,,"2007-11-29 15:36:50","2007-11-29 16:26:59",
207,1,The Bible: The Making and impact of the Bible A History,,,,,,,,,id,,,,,,,0,0,,0,,,,,"2007-11-29 15:36:50","2007-11-29 16:26:59",
208,1,Illustrated Manners and Customs of the Bible,,,,,,,,,id,,,,,,,0,0,,0,,,,,"2007-11-29 15:36:50","2007-11-29 16:26:59",
209,1,The Adventure Bible,,,,,,,,,id,,,,,,,0,0,,0,,,,,"2007-11-29 15:36:50","2007-11-29 16:26:59",
210,1,Tafsiran Alkitab Masa Kini 1,,,,,,,,,id,,,,,,,0,0,,0,,,,,"2007-11-29 15:36:50","2007-11-29 16:26:59",
211,1,Tafsiran Alkitab Masa Kini 2,,,,,,,,,id,,,,,,,0,0,,0,,,,,"2007-11-29 15:36:50","2007-11-29 16:26:59",
212,1,Tafsiran Alkitab Masa Kini 3,,,,,,,,,id,,,,,,,0,0,,0,,,,,"2007-11-29 15:36:50","2007-11-29 16:26:59",
213,1,Pedoman Penafsiran Injil Lukas,,,,,,,,,id,,,,,,,0,0,,0,,,,,"2007-11-29 15:36:50","2007-11-29 16:26:59",
214,1,Sejarah Kerajaan Allah 1,,,,,,,,,id,,,,,,,0,0,,0,,,,,"2007-11-29 15:36:50","2007-11-29 16:26:59",
215,1,Pengantar Perjanjian Lama 1,,,,,,,,,id,,,,,,,0,0,,0,,,,,"2007-11-29 15:36:50","2007-11-29 16:26:59",
216,1,PEDOMAN LENGKAP PENDALAMA ALKITAB,,,,,,,,,id,,,,,,,0,0,,0,,,,,"2007-11-29 15:36:50","2007-11-29 16:26:59",
217,1,Pengantar Perjanjian Lama 2,,,,,,,,,id,,,,,,,0,0,,0,,,,,"2007-11-29 15:36:50","2007-11-29 16:26:59",
218,1,"Pemahaman Alkitab - Surat 1 dan 2 Timotius, Titus, Filemon",,,,,,,,,id,,,,,,,0,0,,0,,,,,"2007-11-29 15:36:50","2007-11-29 16:26:59",
219,1,Pemahaman Alkitab -  Surat-surat Galatia dan Efesus,,,,,,,,,id,,,,,,,0,0,,0,,,,,"2007-11-29 15:36:50","2007-11-29 16:26:59",
220,1,Pedoman Pokok-pokok Isi Alkitab,,,,,,,,,id,,,,,,,0,0,,0,,,,,"2007-11-29 15:36:50","2007-11-29 16:26:59",
221,1,Terjemahan Khusus Untuk Penerjemahan dan Pendalaman Alkitab ( injil Markus ),,,,,,,,,id,,,,,,,0,0,,0,,,,,"2007-11-29 15:36:50","2007-11-29 16:26:59",
222,1,(Pedoman Penafsiran Alkitab) Surat-surat Paulus Kepada Jemaat di Kolose dan kepada Filemon,,,,,,,,,id,,,,,,,0,0,,0,,,,,"2007-11-29 15:36:50","2007-11-29 16:26:59",
223,1,(Pedoman Penafsiran Alkitab) Surat-surat Paulus Kepada Timotius dan Kepada Titus,,,,,,,,,id,,,,,,,0,0,,0,,,,,"2007-11-29 15:36:50","2007-11-29 16:26:59",
224,1,Satu Alkitab Dua Perjanjian,,,,,,,,,id,,,,,,,0,0,,0,,,,,"2007-11-29 15:36:50","2007-11-29 16:26:59",
225,1,Menggali Isi Alkitab 4 ( Roma-Wahyu),,,,,,,,,id,,,,,,,0,0,,0,,,,,"2007-11-29 15:36:50","2007-11-29 16:26:59",
226,1,Menggali Isi Alkitab 3 (Mat-KIS ),,,,,,,,,id,,,,,,,0,0,,0,,,,,"2007-11-29 15:36:50","2007-11-29 16:26:59",
227,1,Menggali Isi Alkitab 2 ( Ayub-Maleakhi ),,,,,,,,,id,,,,,,,0,0,,0,,,,,"2007-11-29 15:36:50","2007-11-29 16:26:59",
228,1,Menggali Isi Alkitab 1( Kejadian-Ester ),,,,,,,,,id,,,,,,,0,0,,0,,,,,"2007-11-29 15:36:50","2007-11-29 16:26:59",
229,1,Dari BETSAIDA sampai ke Yerusalem,,,,,,,,,id,,,,,,,0,0,,0,,,,,"2007-11-29 15:36:50","2007-11-29 16:26:59",
230,1,Dari UR-KASDIM sampai ke BABEL,,,,,,,,,id,,,,,,,0,0,,0,,,,,"2007-11-29 15:36:50","2007-11-29 16:26:59",
231,1,Tafsiran Injil Markus,,,,,,,,,id,,,,,,,0,0,,0,,,,,"2007-11-29 15:36:50","2007-11-29 16:26:59",
232,1,Tafsiran Injil Yohanes ( pasal 1-5 ) dari Bahasa Yunani,,,,,,,,,id,,,,,,,0,0,,0,,,,,"2007-11-29 15:36:50","2007-11-29 16:26:59",
233,1,PENGKOTBAH ( Hikmat Melebihi Kebodohan Seperti Terang Melebihi Kegelapan ),,,,,,,,,id,,,,,,,0,0,,0,,,,,"2007-11-29 15:36:50","2007-11-29 16:26:59",
234,1,AYUB (Dalam kasih Allah rahasia Penderitaan Menemukan Tujuan dan KekuatannyNya ),,,,,,,,,id,,,,,,,0,0,,0,,,,,"2007-11-29 15:36:50","2007-11-29 16:26:59",
235,1,Kotbah Di Bukit ( Catatan-catatan Tentang Matius 5-7 ),,,,,,,,,id,,,,,,,0,0,,0,,,,,"2007-11-29 15:36:50","2007-11-29 16:26:59",
236,1,Jawaban atas pertanyaan-pertanyaan Anda,,,,,,,,,id,,,,,,,0,0,,0,,,,,"2007-11-29 15:36:50","2007-11-29 16:26:59",
237,1,Kerajaan Kuasa dan Kemuliaan ( Kitab Pengantar Perjanjian Baru ),,,,,,,,,id,,,,,,,0,0,,0,,,,,"2007-11-29 15:36:50","2007-11-29 16:26:59",
238,1,Peta Alkitab,,,,,,,,,id,,,,,,,0,0,,0,,,,,"2007-11-29 15:36:50","2007-11-29 16:26:59",
239,1,Alkitab Menjawab Pertanyaan Tentang Iman Kristen,,,,,,,,,id,,,,,,,0,0,,0,,,,,"2007-11-29 15:36:50","2007-11-29 16:26:59",
240,1,Apa dan Siapa dalam Alkitab,,,,,,,,,id,,,,,,,0,0,,0,,,,,"2007-11-29 15:36:50","2007-11-29 16:26:59",
241,1,Pengantar Perjanjian Baru,,,,,,,,,id,,,,,,,0,0,,0,,,,,"2007-11-29 15:36:50","2007-11-29 16:26:59",
242,1,Tafsir Kitab Kejadian Pasal 1-11,,,,,,,,,id,,,,,,,0,0,,0,,,,,"2007-11-29 15:36:50","2007-11-29 16:26:59",
243,1,Akhir Zaman?,,,,,,,,,id,,,,,,,0,0,,0,,,,,"2007-11-29 15:36:50","2007-11-29 16:26:59",
244,1,(Kupasan Firman Allah) Kitab Maleakhi,,,,,,,,,id,,,,,,,0,0,,0,,,,,"2007-11-29 15:36:50","2007-11-29 16:26:59",
245,1,Tafsiran Ibrani dari Bahasa Yunani,,,,,,,,,id,,,,,,,0,0,,0,,,,,"2007-11-29 15:36:50","2007-11-29 16:26:59",
246,1,Tafsiran Surat Filipi,,,,,,,,,id,,,,,,,0,0,,0,,,,,"2007-11-29 15:36:50","2007-11-29 16:26:59",
247,1,Surat 1 dan 2 Tesalonika,,,,,,,,,id,,,,,,,0,0,,0,,,,,"2007-11-29 15:36:50","2007-11-29 16:26:59",
248,1,Tafsiran Injil Yohanes,,,,,,,,,id,,,,,,,0,0,,0,,,,,"2007-11-29 15:36:50","2007-11-29 16:26:59",
249,1,(kupasan Firman Allah) Surat Kolose,,,,,,,,,id,,,,,,,0,0,,0,,,,,"2007-11-29 15:36:50","2007-11-29 16:26:59",
250,1,Dinamis Di dalam Kristus,,,,,,,,,id,,,,,,,0,0,,0,,,,,"2007-11-29 15:36:50","2007-11-29 16:26:59",
251,1,Menembus Sasaran,,,,,,,,,id,,,,,,,0,0,,0,,,,,"2007-11-29 15:36:50","2007-11-29 16:26:59",
252,1,Kotbah Di Bukit ( seri pemahaman dan penerapan Amanat Alkitab masa kini ),,,,,,,,,id,,,,,,,0,0,,0,,,,,"2007-11-29 15:36:50","2007-11-29 16:26:59",
253,1,Tafsiran Kitab Wahyu dari bahasa Yunani,,,,,,,,,id,,,,,,,0,0,,0,,,,,"2007-11-29 15:36:50","2007-11-29 16:26:59",
254,1,Tafsiran Surat Ibrani,,,,,,,,,id,,,,,,,0,0,,0,,,,,"2007-11-29 15:36:50","2007-11-29 16:26:59",
255,1,Pergumulan Mengerti Kehendak Allah (tafsiran kitab Habakuk ),,,,,,,,,id,,,,,,,0,0,,0,,,,,"2007-11-29 15:36:50","2007-11-29 16:26:59",
256,1,Merayakan Sabat,,,,,,,,,id,,,,,,,0,0,,0,,,,,"2007-11-29 15:36:50","2007-11-29 16:26:59",
257,1,Survei Ringkas Perjanjian Lama,,,,,,,,,id,,,,,,,0,0,,0,,,,,"2007-11-29 15:36:50","2007-11-29 16:26:59",
258,1,Alkitab bukan teka-teki (ulasan kritis Tafsiran Nubuat Akhir Zaman ),,,,,,,,,id,,,,,,,0,0,,0,,,,,"2007-11-29 15:36:50","2007-11-29 16:26:59",
259,1,He Gaves Us Stories,,,,,,,,,id,,,,,,,0,0,,0,,,,,"2007-11-29 15:36:50","2007-11-29 16:26:59",
260,1,Memahami Perjanjian Lama I-Dari Bapa Leluhur sampai Kerajaan Bersatu,,,,,,,,,id,,,,,,,0,0,,0,,,,,"2007-11-29 15:36:50","2007-11-29 16:26:59",
261,1,Memahami Perjanjian Lama II-Dari Kerajaan Terpecah sampai Pasca Pembuangan,,,,,,,,,id,,,,,,,0,0,,0,,,,,"2007-11-29 15:36:50","2007-11-29 16:26:59",
262,1,Memahami Perjanjian Lama III-Iman Perjanjian Lama,,,,,,,,,id,,,,,,,0,0,,0,,,,,"2007-11-29 15:36:50","2007-11-29 16:26:59",
263,1,Memahami Injil-Injil & Kisah Para Rasul,,,,,,,,,id,,,,,,,0,0,,0,,,,,"2007-11-29 15:36:50","2007-11-29 16:26:59",
264,1,Pedoman Renungan Keluarga,,,,,,,,,id,,,,,,,0,0,,0,,,,,"2007-11-29 15:36:50","2007-11-29 16:26:59",
265,1,Menyampaikan Firman Allah dengan Efektif,,,,,,,,,id,,,,,,,0,0,,0,,,,,"2007-11-29 15:36:50","2007-11-29 16:26:59",
266,1,Pertumbuhan Melalui Disiplin,,,,,,,,,id,,,,,,,0,0,,0,,,,,"2007-11-29 15:36:50","2007-11-29 16:26:59",
267,1,Pelajaran Tentang Jaminan,,,,,,,,,id,,,,,,,0,0,,0,,,,,"2007-11-29 15:36:50","2007-11-29 16:26:59",
268,1,Belajar Alkitab Melalui Permainan,,,,,,,,,id,,,,,,,0,0,,0,,,,,"2007-11-29 15:36:50","2007-11-29 16:26:59",
269,1,Perkembangan Gereja dan Penginjilan melalui Sekolah Minggu,,,,,,,,,id,,,,,,,0,0,,0,,,,,"2007-11-29 15:36:50","2007-11-29 16:26:59",
270,1,Mengajar untuk Mengubah Kehidupan,,,,,,,,,id,,,,,,,0,0,,0,,,,,"2007-11-29 15:36:50","2007-11-29 16:26:59",
271,1,Katekisasi Komprehensif (Tanya-Jawab Sekitar agama Kristen),,,,,,,,,id,,,,,,,0,0,,0,,,,,"2007-11-29 15:36:50","2007-11-29 16:26:59",
272,1,Beritakanlah Firman,,,,,,,,,id,,,,,,,0,0,,0,,,,,"2007-11-29 15:36:50","2007-11-29 16:26:59",
273,1,Memimpin Kelompok Penelaahan Alkitab,,,,,,,,,id,,,,,,,0,0,,0,,,,,"2007-11-29 15:36:50","2007-11-29 16:26:59",
274,1,Mengapa Anak-anak Berkelakuan Buruk,,,,,,,,,id,,,,,,,0,0,,0,,,,,"2007-11-29 15:36:50","2007-11-29 16:26:59",
275,1,"77 Permainan Asyik Vol.2",,,,,,,,,id,,,,,,,0,0,,0,,,,,"2007-11-29 15:36:50","2007-11-29 16:26:59",
276,1,"77 Permainan Asyik Vol.3",,,,,,,,,id,,,,,,,0,0,,0,,,,,"2007-11-29 15:36:50","2007-11-29 16:26:59",
277,1,Pemuridan dengan Prinsip Timotius,,,,,,,,,id,,,,,,,0,0,,0,,,,,"2007-11-29 15:36:50","2007-11-29 16:26:59",
278,1,Buku Kelompok Kecil Remaja,,,,,,,,,id,,,,,,,0,0,,0,,,,,"2007-11-29 15:36:50","2007-11-29 16:26:59",
279,1,Paket Pembinaan Dasar Pelayanan,,,,,,,,,id,,,,,,,0,0,,0,,,,,"2007-11-29 15:36:50","2007-11-29 16:26:59",
280,1,Temukanlah Sendiri Sukacita dalam Mempelajari Alkitab,,,,,,,,,id,,,,,,,0,0,,0,,,,,"2007-11-29 15:36:50","2007-11-29 16:26:59",
281,1,Montessori untuk Prasekolah,,,,,,,,,id,,,,,,,0,0,,0,,,,,"2007-11-29 15:36:50","2007-11-29 16:26:59",
282,1,Lima Bahasa Kasih,,,,,,,,,id,,,,,,,0,0,,0,,,,,"2007-11-29 15:36:50","2007-11-29 16:26:59",
283,1,Arsitek Jiwa 2,,,,,,,,,id,,,,,,,0,0,,0,,,,,"2007-11-29 15:36:50","2007-11-29 16:26:59",
284,1,Studi tentang jatidiri seorang Kristen,,,,,,,,,id,,,,,,,0,0,,0,,,,,"2007-11-29 15:36:50","2007-11-29 16:26:59",
285,1,Pendewasaan Kristen,,,,,,,,,id,,,,,,,0,0,,0,,,,,"2007-11-29 15:36:50","2007-11-29 16:26:59",
286,1,Keteladanan Kehidupan Daniel,,,,,,,,,id,,,,,,,0,0,,0,,,,,"2007-11-29 15:36:50","2007-11-29 16:26:59",
287,1,Sabda dalam Kata Vol. 1,,,,,,,,,id,,,,,,,0,0,,0,,,,,"2007-11-29 15:36:50","2007-11-29 16:26:59",
288,1,Sabda dalam Kata Vol. 2,,,,,,,,,id,,,,,,,0,0,,0,,,,,"2007-11-29 15:36:50","2007-11-29 16:26:59",
289,1,Katekisasi Masa Kini,,,,,,,,,id,,,,,,,0,0,,0,,,,,"2007-11-29 15:36:50","2007-11-29 16:26:59",
290,1,Ledakan Kelompok Sel,,,,,,,,,id,,,,,,,0,0,,0,,,,,"2007-11-29 15:36:50","2007-11-29 16:26:59",
291,1,Administrasi Gereja,,,,,,,,,id,,,,,,,0,0,,0,,,,,"2007-11-29 15:36:50","2007-11-29 16:26:59",
292,1,Kisah-kisah Rohani Pembangkit Semangat,,,,,,,,,id,,,,,,,0,0,,0,,,,,"2007-11-29 15:36:50","2007-11-29 16:26:59",
293,1,Rangkaian Kisah Bermakna (100 Cerita Bijak) Vol.3,,,,,,,,,id,,,,,,,0,0,,0,,,,,"2007-11-29 15:36:50","2007-11-29 16:26:59",
294,1,Rangkaian Kisah Bermakna (100 Cerita Bijak) Vol.4,,,,,,,,,id,,,,,,,0,0,,0,,,,,"2007-11-29 15:36:50","2007-11-29 16:26:59",
295,1,"50 Permainan Asyik Vol. 5",,,,,,,,,id,,,,,,,0,0,,0,,,,,"2007-11-29 15:36:50","2007-11-29 16:26:59",
296,1,"1500 Ceritera Bermakna Vol. 2",,,,,,,,,id,,,,,,,0,0,,0,,,,,"2007-11-29 15:36:50","2007-11-29 16:26:59",
297,1,Kebangunan Rohani Anak-anak,,,,,,,,,id,,,,,,,0,0,,0,,,,,"2007-11-29 15:36:50","2007-11-29 16:26:59",
298,1,Tuhan di Pihak Kita (Kumpulan Renungan Anak),,,,,,,,,id,,,,,,,0,0,,0,,,,,"2007-11-29 15:36:50","2007-11-29 16:26:59",
299,1,Tuhan Menjaga Kita (Kumpulan Renungan Anak),,,,,,,,,id,,,,,,,0,0,,0,,,,,"2007-11-29 15:36:50","2007-11-29 16:26:59",
300,1,Kabar Baik untuk Siswa Masa Kini,,,,,,,,,id,,,,,,,0,0,,0,,,,,"2007-11-29 15:36:50","2007-11-29 16:26:59",
301,1,Cara Melatih Murid Kristus,,,,,,,,,id,,,,,,,0,0,,0,,,,,"2007-11-29 15:36:50","2007-11-29 16:26:59",
302,1,Pemimpin Kelompok Kecil,,,,,,,,,id,,,,,,,0,0,,0,,,,,"2007-11-29 15:36:50","2007-11-29 16:26:59",
303,1,"61 Hikmah dalam Kisah",,,,,,,,,id,,,,,,,0,0,,0,,,,,"2007-11-29 15:36:50","2007-11-29 16:26:59",
304,1,Nehemia Tetap Teguh di Tengah Konflik,,,,,,,,,id,,,,,,,0,0,,0,,,,,"2007-11-29 15:36:50","2007-11-29 16:26:59",
305,1,Mini Konkordansi,,,,,,,,,id,,,,,,,0,0,,0,,,,,"2007-11-29 15:36:50","2007-11-29 16:26:59",
306,1,Ceritakanlah untuk anak-anak sekolah minggu-buku 2,,,,,,,,,id,,,,,,,0,0,,0,,,,,"2007-11-29 15:36:50","2007-11-29 16:26:59",
307,1,dengarkan Mereka Bicara,,,,,,,,,id,,,,,,,0,0,,0,,,,,"2007-11-29 15:36:50","2007-11-29 16:26:59",
308,1,Pola Mengajar sekolah Minggu,,,,,,,,,id,,,,,,,0,0,,0,,,,,"2007-11-29 15:36:50","2007-11-29 16:26:59",
309,1,Bagaiman bercakap-cakap dengan anak kecil,,,,,,,,,id,,,,,,,0,0,,0,,,,,"2007-11-29 15:36:50","2007-11-29 16:26:59",
310,1,"80 aktivitas kreatif untuk sekolah minggu & persekutuan remaja-remaja",,,,,,,,,id,,,,,,,0,0,,0,,,,,"2007-11-29 15:36:50","2007-11-29 16:26:59",
311,1,Teknik kreatif dan terpadu dalam mengajar sekolah minggu,,,,,,,,,id,,,,,,,0,0,,0,,,,,"2007-11-29 15:36:50","2007-11-29 16:26:59",
312,1,Bagaimana mengajar anak Madya,,,,,,,,,id,,,,,,,0,0,,0,,,,,"2007-11-29 15:36:50","2007-11-29 16:26:59",
313,1,Bagaimana mengajar anak pertama,,,,,,,,,id,,,,,,,0,0,,0,,,,,"2007-11-29 15:36:50","2007-11-29 16:26:59",
314,1,Sampaikan Cerita Keselamatan,,,,,,,,,id,,,,,,,0,0,,0,,,,,"2007-11-29 15:36:50","2007-11-29 16:26:59",
315,1,Guru Kanak-kanak-Seorang Sahabat mengasihi selalu,,,,,,,,,id,,,,,,,0,0,,0,,,,,"2007-11-29 15:36:50","2007-11-29 16:26:59",
316,1,Pedoman Guru-Program Sekolah Minggu 3 Bulan,,,,,,,,,id,,,,,,,0,0,,0,,,,,"2007-11-29 15:36:50","2007-11-29 16:26:59",
317,1,Melayani melalui kamp,,,,,,,,,id,,,,,,,0,0,,0,,,,,"2007-11-29 15:36:50","2007-11-29 16:26:59",
318,1,Arsitek Jiwa 1,,,,,,,,,id,,,,,,,0,0,,0,,,,,"2007-11-29 15:36:50","2007-11-29 16:26:59",
319,1,Ceritakan untuk anak-anak sekolah minggu,,,,,,,,,id,,,,,,,0,0,,0,,,,,"2007-11-29 15:36:50","2007-11-29 16:26:59",
320,1,Seratus Permainan asyik,,,,,,,,,id,,,,,,,0,0,,0,,,,,"2007-11-29 15:36:50","2007-11-29 16:26:59",
321,1,Intisari cerita alkitab perjanjian baru,,,,,,,,,id,,,,,,,0,0,,0,,,,,"2007-11-29 15:36:50","2007-11-29 16:26:59",
322,1,Suara sekolah minggu anak besar,,,,,,,,,id,,,,,,,0,0,,0,,,,,"2007-11-29 15:36:50","2007-11-29 16:26:59",
323,1,kotbah pilihan yg membawa berkat,,,,,,,,,id,,,,,,,0,0,,0,,,,,"2007-11-29 15:36:50","2007-11-29 16:26:59",
324,1,Teologi Kristen 1,,,,,,,,,id,,,,,,,0,0,,0,,,,,"2007-11-29 15:36:50","2007-11-29 16:26:59",
325,1,Teologi Kristen 2,,,,,,,,,id,,,,,,,0,0,,0,,,,,"2007-11-29 15:36:50","2007-11-29 16:26:59",
326,1,Teologi Kristen 3,,,,,,,,,id,,,,,,,0,0,,0,,,,,"2007-11-29 15:36:50","2007-11-29 16:26:59",
327,1,Teologi Dasar 1,,,,,,,,,id,,,,,,,0,0,,0,,,,,"2007-11-29 15:36:50","2007-11-29 16:26:59",
328,1,Teologi Perjanjian Lama,,,,,,,,,id,,,,,,,0,0,,0,,,,,"2007-11-29 15:36:50","2007-11-29 16:26:59",
329,1,Teologi Perjanjian Baru,,,,,,,,,id,,,,,,,0,0,,0,,,,,"2007-11-29 15:36:50","2007-11-29 16:26:59",
330,1,Teologi Perjanjian Baru 2,,,,,,,,,id,,,,,,,0,0,,0,,,,,"2007-11-29 15:36:50","2007-11-29 16:26:59",
331,1,Teologi Perjanjian Baru 1,,,,,,,,,id,,,,,,,0,0,,0,,,,,"2007-11-29 15:36:50","2007-11-29 16:26:59",
332,1,Teologi Perjanjian Baru 2,,,,,,,,,id,,,,,,,0,0,,0,,,,,"2007-11-29 15:36:50","2007-11-29 16:26:59",
333,1,Teologi Perjanjian Baru 3,,,,,,,,,id,,,,,,,0,0,,0,,,,,"2007-11-29 15:36:50","2007-11-29 16:26:59",
334,1,Seri Pengantar Teologi Modern 1,"","","",,"","","","",id,,,NONE,"",,,0,0,,0,"",,,,"2007-11-29 15:36:50","2026-07-25 10:44:09",
335,1,God's Design for Sex-facing the Facts:The Truth about Sex and You,,,,,,,,,id,,,,,,,0,0,,0,,,,,"2007-11-29 15:36:50","2007-11-29 16:26:59",
336,1,"17 Hal Yang Diajarkan anakku tentang Allah",,,,,,,,,id,,,,,,,0,0,,0,,,,,"2007-11-29 15:36:50","2007-11-29 16:26:59",
337,1,"Apa yang Diinginkan Pria, Apa yang Dibutuhkan Wanita",,,,,,,,,id,,,,,,,0,0,,0,,,,,"2007-11-29 15:36:50","2007-11-29 16:26:59",
338,1,God's Design for Sex-What's the Big Deal,,,,,,,,,id,,,,,,,0,0,,0,,,,,"2007-11-29 15:36:50","2007-11-29 16:26:59",
339,1,Melayani Dengan Efektif,,,,,,,,,id,,,,,,,0,0,,0,,,,,"2007-11-29 15:36:50","2007-11-29 16:26:59",
340,1,Seri Pengantar Teologi Modern 2,,,,,,,,,id,,,,,,,0,0,,0,,,,,"2007-11-29 15:36:50","2007-11-29 16:26:59",
341,1,Iman Kristen,,,,,,,,,id,,,,,,,0,0,,0,,,,,"2007-11-29 15:36:50","2007-11-29 16:26:59",
342,1,Paulus dan Diri Ajaran Rasuli bagi Keutuhan Pribadi,"","","",,"","","","",id,,,NONE,"",,,0,0,,0,"",,,,"2007-11-29 15:36:50","2026-07-25 15:38:37",
343,1,Sistematika 1,,,,,,,,,id,,,,,,,0,0,,0,,,,,"2007-11-29 15:36:50","2007-11-29 16:26:59",
344,1,Sistematika 2,,,,,,,,,id,,,,,,,0,0,,0,,,,,"2007-11-29 15:36:50","2007-11-29 16:26:59",
345,1,Teologi Sistematika 1 - Doktrin Allah,,,,,,,,,id,,,,,,,0,0,,0,,,,,"2007-11-29 15:36:50","2007-11-29 16:26:59",
346,1,Teologi Sistematika 2 - Doktrin Manusia,,,,,,,,,id,,,,,,,0,0,,0,,,,,"2007-11-29 15:36:50","2007-11-29 16:26:59",
347,1,Teologi Sistematika 3 - Doktrin Kristus,,,,,,,,,id,,,,,,,0,0,,0,,,,,"2007-11-29 15:36:50","2007-11-29 16:26:59",
348,1,Teologi Sistematika 4 - Doktrin Keselamatan,,,,,,,,,id,,,,,,,0,0,,0,,,,,"2007-11-29 15:36:50","2007-11-29 16:26:59",
349,1,Teologi Sistematika 5 - Doktrin gereja,"","","979-8307-15-1",1,"","","","13000021",id,,,"13000021","",,,0,0,,0,"",,,,"2007-11-29 15:36:50","2026-07-25 10:59:31",
350,1,Teologi Sistematika 6 - Doktrin Akhir Jaman,"","","979-8307-16-X",1,"","","","13000022",id,,,"13000022","",,,0,0,,0,"",,,,"2007-11-29 15:36:50","2026-07-25 11:06:06",
351,1,Jangan Gelisah Hatimu,"","","",,"","","","",id,,,NONE,"",,,0,0,,0,"",,,,"2007-11-29 15:36:50","2026-07-25 15:40:57",
352,1,Menaklukkan Segala Pikiran kepada KRISTUS,"","","",,"","","","",id,,,NONE,"",,,0,0,,0,"",,,,"2007-11-29 15:36:50","2026-07-25 16:04:32",
353,1,Kristen Sejati 4-Sepuluh Hukum,,,,,,,,,id,,,,,,,0,0,,0,,,,,"2007-11-29 15:36:50","2007-11-29 16:26:59",
354,1,Pengantar ke dalam Teologi Reformed,,,,,,,,,id,,,,,,,0,0,,0,,,,,"2007-11-29 15:36:50","2007-11-29 16:26:59",
355,1,Reformasi & Teologi Reformed,,,,,,,,,id,,,,,,,0,0,,0,,,,,"2007-11-29 15:36:50","2007-11-29 16:26:59",
356,1,"Sains, Iman & Teknologi",,,,,,,,,id,,,,,,,0,0,,0,,,,,"2007-11-29 15:36:50","2007-11-29 16:26:59",
357,1,Drama Doktrin,"","","",,"","","","",id,,,NONE,"",,,0,0,,0,"",,,,"2007-11-29 15:36:50","2026-07-25 15:56:33",
358,1,The Hunger for Significance,,,,,,,,,id,,,,,,,0,0,,0,,,,,"2007-11-29 15:36:50","2007-11-29 16:26:59",
359,1,Dasar -Dasar Iman Kristen,"","","",,"","","","",id,,,NONE,"",,,0,0,,0,"",,,,"2007-11-29 15:36:50","2026-07-25 16:01:32",
360,1,Gereja Yang Sehat Secara Emosional,,,,,,,,,id,,,,,,,0,0,,0,,,,,"2007-11-29 15:36:50","2007-11-29 16:26:59",
361,1,Bagaimana Mengelola Gereja Anda,,,,,,,,,id,,,,,,,0,0,,0,,,,,"2007-11-29 15:36:50","2007-11-29 16:26:59",
362,1,Arab dan Kristen,,,,,,,,,id,,,,,,,0,0,,0,,,,,"2007-11-29 15:36:50","2007-11-29 16:26:59",
363,1,Gereja Sel ( mempersiapkan Gereja menghadapi Masa penuaian ),,,,,,,,,id,,,,,,,0,0,,0,,,,,"2007-11-29 15:36:50","2007-11-29 16:26:59",
364,1,Berbagai Aliran di dalam dan di sekitar Gereja,,,,,,,,,id,,,,,,,0,0,,0,,,,,"2007-11-29 15:36:50","2007-11-29 16:26:59",
365,1,Harta Dalam bejana,,,,,,,,,id,,,,,,,0,0,,0,,,,,"2007-11-29 15:36:50","2007-11-29 16:26:59",
366,1,Gereja yang memberi kehidupan,,,,,,,,,id,,,,,,,0,0,,0,,,,,"2007-11-29 15:36:50","2007-11-29 16:26:59",
367,1,Peranan Penatalayanan dalam Pengembangan Jemaat,,,,,,,,,id,,,,,,,0,0,,0,,,,,"2007-11-29 15:36:50","2007-11-29 16:26:59",
368,1,Kesatuan Gereja,,,,,,,,,id,,,,,,,0,0,,0,,,,,"2007-11-29 15:36:50","2007-11-29 16:26:59",
369,1,"Gereja dan Bergereja, apa dan bagaimana",,,,,,,,,id,,,,,,,0,0,,0,,,,,"2007-11-29 15:36:50","2007-11-29 16:26:59",
370,1,Gereja milik siapa?,,,,,,,,,id,,,,,,,0,0,,0,,,,,"2007-11-29 15:36:50","2007-11-29 16:26:59",
371,1,"( Penuntun untuk peserta, pemimpin Retret dan majelis retret )RETRET",,,,,,,,,id,,,,,,,0,0,,0,,,,,"2007-11-29 15:36:50","2007-11-29 16:26:59",
372,1,Gereja Kristen Dalam Pelayanan,,,,,,,,,id,,,,,,,0,0,,0,,,,,"2007-11-29 15:36:50","2007-11-29 16:26:59",
373,1,Kamus Sejarah Gereja,,,,,,,,,id,,,,,,,0,0,,0,,,,,"2007-11-29 15:36:50","2007-11-29 16:26:59",
374,1,Gereja zaman Perjanjian Baru dan Masa Kini,,,,,,,,,id,,,,,,,0,0,,0,,,,,"2007-11-29 15:36:50","2007-11-29 16:26:59",
375,1,Pertumbuhan Gereja Masa kini,,,,,,,,,id,,,,,,,0,0,,0,,,,,"2007-11-29 15:36:50","2007-11-29 16:26:59",
376,1,Tuliskan Sejarahmu! 50 tahun Pelayanan Pdt. William ho,"","","",,"","","","",id,,,NONE,"",,,0,0,,0,"",,,,"2007-11-29 15:36:50","2026-07-15 16:15:47",
377,1,Mengelola Konflik Gereja,,,,,,,,,id,,,,,,,0,0,,0,,,,,"2007-11-29 15:36:50","2007-11-29 16:26:59",
378,1,Pertumbuhan Gereja Alamiah,,,,,,,,,id,,,,,,,0,0,,0,,,,,"2007-11-29 15:36:50","2007-11-29 16:26:59",
379,1,Misioner atau Demisioner,,,,,,,,,id,,,,,,,0,0,,0,,,,,"2007-11-29 15:36:50","2007-11-29 16:26:59",
380,1,Understanding Your Church's Curriculum,,,,,,,,,id,,,,,,,0,0,,0,,,,,"2007-11-29 15:36:50","2007-11-29 16:26:59",
381,1,Setetes Embun bagi jiwa,,,,,,,,,id,,,,,,,0,0,,0,,,,,"2007-11-29 15:36:50","2007-11-29 16:26:59",
382,1,Dua menjadi satu,,,,,,,,,id,,,,,,,0,0,,0,,,,,"2007-11-29 15:36:50","2007-11-29 16:26:59",
383,1,Anak - Anak & Televisi,,,,,,,,,id,,,,,,,0,0,,0,,,,,"2007-11-29 15:36:50","2007-11-29 16:26:59",
384,1,Bagaimana Anda mendidik Anak,,,,,,,,,id,,,,,,,0,0,,0,,,,,"2007-11-29 15:36:50","2007-11-29 16:26:59",
385,1,Tetap Ceria di Usia Senja,,,,,,,,,id,,,,,,,0,0,,0,,,,,"2007-11-29 15:36:50","2007-11-29 16:26:59",
386,1,Hidup Prima di Usia Senja,,,,,,,,,id,,,,,,,0,0,,0,,,,,"2007-11-29 15:36:50","2007-11-29 16:26:59",
387,1,Bila Anak Membangkang - 4 Langkah Disiplin,,,,,,,,,id,,,,,,,0,0,,0,,,,,"2007-11-29 15:36:50","2007-11-29 16:26:59",
388,1,"Lepaskan Pria itu, Biarkan Dia pergi",,,,,,,,,id,,,,,,,0,0,,0,,,,,"2007-11-29 15:36:50","2007-11-29 16:26:59",
389,1,Masalah-masalah dalam Keluarga Tangga Kristen,,,,,,,,,id,,,,,,,0,0,,0,,,,,"2007-11-29 15:36:50","2007-11-29 16:26:59",
390,1,Keluarga sebagai Sekolah Cinta,,,,,,,,,id,,,,,,,0,0,,0,,,,,"2007-11-29 15:36:50","2007-11-29 16:26:59",
391,1,Keluarga yang berpusatkan Kristus,,,,,,,,,id,,,,,,,0,0,,0,,,,,"2007-11-29 15:36:50","2007-11-29 16:26:59",
392,1,Bagaimana Berbicara dengan Pasangan Anda,,,,,,,,,id,,,,,,,0,0,,0,,,,,"2007-11-29 15:36:50","2007-11-29 16:26:59",
393,1,Mengatasi Masalah Keluarga,,,,,,,,,id,,,,,,,0,0,,0,,,,,"2007-11-29 15:36:50","2007-11-29 16:26:59",
394,1,Kekasihku setelah Pernikahan,,,,,,,,,id,,,,,,,0,0,,0,,,,,"2007-11-29 15:36:50","2007-11-29 16:26:59",
395,1,Bantuan di Kala Anak Berduka,,,,,,,,,id,,,,,,,0,0,,0,,,,,"2007-11-29 15:36:50","2007-11-29 16:26:59",
396,1,Seputar Problema Suami Istri,,,,,,,,,id,,,,,,,0,0,,0,,,,,"2007-11-29 15:36:50","2007-11-29 16:26:59",
397,1,Keluarga Kristen,,,,,,,,,id,,,,,,,0,0,,0,,,,,"2007-11-29 15:36:50","2007-11-29 16:26:59",
398,1,"Tuhan, aku ingin keluargaku diselamatkan",,,,,,,,,id,,,,,,,0,0,,0,,,,,"2007-11-29 15:36:50","2007-11-29 16:26:59",
399,1,Hati Seorang Ibu,,,,,,,,,id,,,,,,,0,0,,0,,,,,"2007-11-29 15:36:50","2007-11-29 16:26:59",
400,1,Between Women of God,,,,,,,,,id,,,,,,,0,0,,0,,,,,"2007-11-29 15:36:50","2007-11-29 16:26:59",
401,1,Istri yang cakap Melebihi Permata,,,,,,,,,id,,,,,,,0,0,,0,,,,,"2007-11-29 15:36:50","2007-11-29 16:26:59",
402,1,Bapa Mengasihi PutriNya,,,,,,,,,id,,,,,,,0,0,,0,,,,,"2007-11-29 15:36:50","2007-11-29 16:26:59",
403,1,Ketika anda merasa salah memilih pasangan,,,,,,,,,id,,,,,,,0,0,,0,,,,,"2007-11-29 15:36:50","2007-11-29 16:26:59",
404,1,Wanita yang dikendalikan Kristus,,,,,,,,,id,,,,,,,0,0,,0,,,,,"2007-11-29 15:36:50","2007-11-29 16:26:59",
405,1,Hai Wanita pilihlah,,,,,,,,,id,,,,,,,0,0,,0,,,,,"2007-11-29 15:36:50","2007-11-29 16:26:59",
406,1,Kebahagian Pernikahan Kristen,,,,,,,,,id,,,,,,,0,0,,0,,,,,"2007-11-29 15:36:50","2007-11-29 16:26:59",
407,1,Selamat Ribut Rukun!,,,,,,,,,id,,,,,,,0,0,,0,,,,,"2007-11-29 15:36:50","2007-11-29 16:26:59",
408,1,Seni memahami pasangan anda,,,,,,,,,id,,,,,,,0,0,,0,,,,,"2007-11-29 15:36:50","2007-11-29 16:26:59",
409,1,Wanita yang berguna bagi Tuhan,,,,,,,,,id,,,,,,,0,0,,0,,,,,"2007-11-29 15:36:50","2007-11-29 16:26:59",
410,1,Krisis Pria setengah Baya,,,,,,,,,id,,,,,,,0,0,,0,,,,,"2007-11-29 15:36:50","2007-11-29 16:26:59",
411,1,Cinta harus tangguh,,,,,,,,,id,,,,,,,0,0,,0,,,,,"2007-11-29 15:36:50","2007-11-29 16:26:59",
412,1,"Tuhan, aku ingin suamiku mau berdoa bersama",,,,,,,,,id,,,,,,,0,0,,0,,,,,"2007-11-29 15:36:50","2007-11-29 16:26:59",
413,1,Kiat bercinta 2 - mendapatkan kembali dambaan..,,,,,,,,,id,,,,,,,0,0,,0,,,,,"2007-11-29 15:36:50","2007-11-29 16:26:59",
414,1,Membesarkan Anak dalam Tuhan,,,,,,,,,id,,,,,,,0,0,,0,,,,,"2007-11-29 15:36:50","2007-11-29 16:26:59",
415,1,Keluarga Bahagia,,,,,,,,,id,,,,,,,0,0,,0,,,,,"2007-11-29 15:36:50","2007-11-29 16:26:59",
416,1,Cinta kasih semur hidup,,,,,,,,,id,,,,,,,0,0,,0,,,,,"2007-11-29 15:36:50","2007-11-29 16:26:59",
417,1,Pernikahan yang kokoh,,,,,,,,,id,,,,,,,0,0,,0,,,,,"2007-11-29 15:36:50","2007-11-29 16:26:59",
418,1,Chicken Soup Soul-Christmas Treasury,,,,,,,,,id,,,,,,,0,0,,0,,,,,"2007-11-29 15:36:50","2007-11-29 16:26:59",
419,1,The Purpose and Power of Love Marriage,,,,,,,,,id,,,,,,,0,0,,0,,,,,"2007-11-29 15:36:50","2007-11-29 16:26:59",
420,1,Pernikahan dan Keluarga,,,,,,,,,id,,,,,,,0,0,,0,,,,,"2007-11-29 15:36:50","2007-11-29 16:26:59",
421,1,Training Hearts Teaching Minds,,,,,,,,,id,,,,,,,0,0,,0,,,,,"2007-11-29 15:36:50","2007-11-29 16:26:59",
422,1,Family Finance Handbook,,,,,,,,,id,,,,,,,0,0,,0,,,,,"2007-11-29 15:36:50","2007-11-29 16:26:59",
423,1,God's Design for Sex-The Story of Me,,,,,,,,,id,,,,,,,0,0,,0,,,,,"2007-11-29 15:36:50","2007-11-29 16:26:59",
424,1,God's Design for Sex-Before I was Born,,,,,,,,,id,,,,,,,0,0,,0,,,,,"2007-11-29 15:36:50","2007-11-29 16:26:59",
425,1,Bedtime Blesings,,,,,,,,,id,,,,,,,0,0,,0,,,,,"2007-11-29 15:36:50","2007-11-29 16:26:59",
426,1,Cinta Menempuh Perjalanan Panjang,,,,,,,,,id,,,,,,,0,0,,0,,,,,"2007-11-29 15:36:50","2007-11-29 16:26:59",
427,1,"12 hal yang kuingin anakku kenang selamanya",,,,,,,,,id,,,,,,,0,0,,0,,,,,"2007-11-29 15:36:50","2007-11-29 16:26:59",
428,1,Misteri ayah LUSI,,,,,,,,,id,,,,,,,0,0,,0,,,,,"2007-11-29 15:36:50","2007-11-29 16:26:59",
429,1,Berbicara Tentang Doa,,,,,,,,,id,,,,,,,0,0,,0,,,,,"2007-11-29 15:36:50","2007-11-29 16:26:59",
430,1,Doa (cara memperdalam dan memperkaya doa),,,,,,,,,id,,,,,,,0,0,,0,,,,,"2007-11-29 15:36:50","2007-11-29 16:26:59",
431,1,Kuasa Doa seorang istri,,,,,,,,,id,,,,,,,0,0,,0,,,,,"2007-11-29 15:36:50","2007-11-29 16:26:59",
432,1,Belajar Berdoa ( 9 langkah untuk berdoa dengan baik ),,,,,,,,,id,,,,,,,0,0,,0,,,,,"2007-11-29 15:36:50","2007-11-29 16:26:59",
433,1,Tuhan ajarlah aku berdoa dalam 28 hari,,,,,,,,,id,,,,,,,0,0,,0,,,,,"2007-11-29 15:36:50","2007-11-29 16:26:59",
434,1,Tutup mata Buka Hati ( tantangan untuk berdoa ),,,,,,,,,id,,,,,,,0,0,,0,,,,,"2007-11-29 15:36:50","2007-11-29 16:26:59",
435,1,Kuasa Doa yang positif,,,,,,,,,id,,,,,,,0,0,,0,,,,,"2007-11-29 15:36:50","2007-11-29 16:26:59",
436,1,Kuasa Doa Perjanjian,,,,,,,,,id,,,,,,,0,0,,0,,,,,"2007-11-29 15:36:50","2007-11-29 16:26:59",
437,1,"40 hari Doa bangsa-bangsa",,,,,,,,,id,,,,,,,0,0,,0,,,,,"2007-11-29 15:36:50","2007-11-29 16:26:59",
438,1,Daya Jangkau Doa,,,,,,,,,id,,,,,,,0,0,,0,,,,,"2007-11-29 15:36:50","2007-11-29 16:26:59",
439,1,Terlalu sibuk justru harus berdoa,,,,,,,,,id,,,,,,,0,0,,0,,,,,"2007-11-29 15:36:50","2007-11-29 16:26:59",
440,1,Tak Sanggupkah Kalian Berjaga sejam?,,,,,,,,,id,,,,,,,0,0,,0,,,,,"2007-11-29 15:36:50","2007-11-29 16:26:59",
441,1,Keluarga yang berdoa,,,,,,,,,id,,,,,,,0,0,,0,,,,,"2007-11-29 15:36:50","2007-11-29 16:26:59",
442,1,Selamat Bergereja : 33 Renungan Tentang Komunitas Iman,,,,,,,,,id,,,,,,,0,0,,0,,,,,"2007-11-29 15:36:50","2007-11-29 16:26:59",
443,1,Doa-doa dalam perjanjian Baru,,,,,,,,,id,,,,,,,0,0,,0,,,,,"2007-11-29 15:36:50","2007-11-29 16:26:59",
444,1,Doa-doa dalam perjanjian Lama,,,,,,,,,id,,,,,,,0,0,,0,,,,,"2007-11-29 15:36:50","2007-11-29 16:26:59",
445,1,Cara Mengajar Anak Anda Berdoa,,,,,,,,,id,,,,,,,0,0,,0,,,,,"2007-11-29 15:36:50","2007-11-29 16:26:59",
446,1,"Selamat Malam, Tuhan!",,,,,,,,,id,,,,,,,0,0,,0,,,,,"2007-11-29 15:36:50","2007-11-29 16:26:59",
447,1,Doa dan Iman,,,,,,,,,id,,,,,,,0,0,,0,,,,,"2007-11-29 15:36:50","2007-11-29 16:26:59",
448,1,Cara bergaul yang baik,,,,,,,,,id,,,,,,,0,0,,0,,,,,"2007-11-29 15:36:50","2007-11-29 16:26:59",
449,1,Temperamen Anda dapat diubah,,,,,,,,,id,,,,,,,0,0,,0,,,,,"2007-11-29 15:36:50","2007-11-29 16:26:59",
450,1,"12 Ciri Kepemimpinan yang efektif",,,,,,,,,id,,,,,,,0,0,,0,,,,,"2007-11-29 15:36:50","2007-11-29 16:26:59",
451,1,Dicari Pemimpin yang menjadi PELAYAN,,,,,,,,,id,,,,,,,0,0,,0,,,,,"2007-11-29 15:36:50","2007-11-29 16:26:59",
452,1,Pendekatan PINTAR dalam merencanakan untuk memasuki Masa depan sukses,,,,,,,,,id,,,,,,,0,0,,0,,,,,"2007-11-29 15:36:50","2007-11-29 16:26:59",
453,1,Karunia-karunia Rohani,,,,,,,,,id,,,,,,,0,0,,0,,,,,"2007-11-29 15:36:50","2007-11-29 16:26:59",
454,1,Keuangan Yang Diberkati,,,,,,,,,id,,,,,,,0,0,,0,,,,,"2007-11-29 15:36:50","2007-11-29 16:26:59",
455,1,"9 hal sederhana yang Anda harus lakukan",,,,,,,,,id,,,,,,,0,0,,0,,,,,"2007-11-29 15:36:50","2007-11-29 16:26:59",
456,1,"Big Questions , Worthy Dreams",,,,,,,,,id,,,,,,,0,0,,0,,,,,"2007-11-29 15:36:50","2007-11-29 16:26:59",
457,1,Strategi Pelayanan,,,,,,,,,id,,,,,,,0,0,,0,,,,,"2007-11-29 15:36:50","2007-11-29 16:26:59",
458,1,Kepemimpinan Kristen yang  berhasil,,,,,,,,,id,,,,,,,0,0,,0,,,,,"2007-11-29 15:36:50","2007-11-29 16:26:59",
459,1,Profil Pria SUKSES,,,,,,,,,id,,,,,,,0,0,,0,,,,,"2007-11-29 15:36:50","2007-11-29 16:26:59",
460,1,Kepemimpinan penuh Kasih Karunia,,,,,,,,,id,,,,,,,0,0,,0,,,,,"2007-11-29 15:36:50","2007-11-29 16:26:59",
461,1,Hubungan antara Temperamen dan Karunia Rohani,,,,,,,,,id,,,,,,,0,0,,0,,,,,"2007-11-29 15:36:50","2007-11-29 16:26:59",
462,1,Menjadi orang yang Berpengaruh,,,,,,,,,id,,,,,,,0,0,,0,,,,,"2007-11-29 15:36:50","2007-11-29 16:26:59",
463,1,Pemimpin adalah pemimpi (Leaders are dreamers),,,,,,,,,id,,,,,,,0,0,,0,,,,,"2007-11-29 15:36:50","2007-11-29 16:26:59",
464,1,WAR OF WORDS,,,,,,,,,id,,,,,,,0,0,,0,,,,,"2007-11-29 15:36:50","2007-11-29 16:26:59",
465,1,Melayani melalui Drama,,,,,,,,,id,,,,,,,0,0,,0,,,,,"2007-11-29 15:36:50","2007-11-29 16:26:59",
466,1,"12 Cara untuk mengembangkan sikap yang positif",,,,,,,,,id,,,,,,,0,0,,0,,,,,"2007-11-29 15:36:50","2007-11-29 16:26:59",
467,1,double ACTION double Result,,,,,,,,,id,,,,,,,0,0,,0,,,,,"2007-11-29 15:36:50","2007-11-29 16:26:59",
468,1,Tips from ABOVE,,,,,,,,,id,,,,,,,0,0,,0,,,,,"2007-11-29 15:36:50","2007-11-29 16:26:59",
469,1,When Bad Things Happen to Good Marriages,,,,,,,,,id,,,,,,,0,0,,0,,,,,"2007-11-29 15:36:50","2007-11-29 16:26:59",
470,1,Di balik topeng Orang Percaya,,,,,,,,,id,,,,,,,0,0,,0,,,,,"2007-11-29 15:36:50","2007-11-29 16:26:59",
471,1,The Life @ Work Book ( 16 pemimpin ternama berbicara tentang keunggulan dlm berbisnis),,,,,,,,,id,,,,,,,0,0,,0,,,,,"2007-11-29 15:36:50","2007-11-29 16:26:59",
472,1,Isu-Isu Global Menantang Kepemimpinan Kristiani,,,,,,,,,id,,,,,,,0,0,,0,,,,,"2007-11-29 15:36:50","2007-11-29 16:26:59",
473,1,Leading Cross - Culturally Covenant Relationships for Effective Christian Leadership,"","","",,"","","","",id,,,NONE,"",,,0,0,,0,"",,,,"2007-11-29 15:36:50","2026-07-23 12:50:50",
474,1,BERKENAAN DI HATINYA,,,,,,,,,id,,,,,,,0,0,,0,,,,,"2007-11-29 15:36:50","2007-11-29 16:26:59",
475,1,"10 Pilar Penopang Kehidupan Kristen",,,,,,,,,id,,,,,,,0,0,,0,,,,,"2007-11-29 15:36:50","2007-11-29 16:26:59",
476,1,Calling: More than just a dream,,,,,,,,,id,,,,,,,0,0,,0,,,,,"2007-11-29 15:36:50","2007-11-29 16:26:59",
477,1,A journey through Cancer,,,,,,,,,id,,,,,,,0,0,,0,,,,,"2007-11-29 15:36:50","2007-11-29 16:26:59",
478,1,Akrab dengan Allah,,,,,,,,,id,,,,,,,0,0,,0,,,,,"2007-11-29 15:36:50","2007-11-29 16:26:59",
479,1,Anak-anak mencari arti diri,,,,,,,,,id,,,,,,,0,0,,0,,,,,"2007-11-29 15:36:50","2007-11-29 16:26:59",
480,1,Anda Unik di mata Tuhan,,,,,,,,,id,,,,,,,0,0,,0,,,,,"2007-11-29 15:36:50","2007-11-29 16:26:59",
481,1,Andaikata Tuhan menjadi saya,,,,,,,,,id,,,,,,,0,0,,0,,,,,"2007-11-29 15:36:50","2007-11-29 16:26:59",
482,1,Apa kata Tuhan tentang pemimpin,,,,,,,,,id,,,,,,,0,0,,0,,,,,"2007-11-29 15:36:50","2007-11-29 16:26:59",
483,1,Bagaimana Aku Mengambil Keputusan,,,,,,,,,id,,,,,,,0,0,,0,,,,,"2007-11-29 15:36:50","2007-11-29 16:26:59",
484,1,Bagaimana Dilahirkan Kembali,,,,,,,,,id,,,,,,,0,0,,0,,,,,"2007-11-29 15:36:50","2007-11-29 16:26:59",
485,1,Bagaimana Melepaskan Diri dari kebiasaan buruk,,,,,,,,,id,,,,,,,0,0,,0,,,,,"2007-11-29 15:36:50","2007-11-29 16:26:59",
486,1,Bawalah anak-anak kepada Yesus,,,,,,,,,id,,,,,,,0,0,,0,,,,,"2007-11-29 15:36:50","2007-11-29 16:26:59",
487,1,Benar dan Salah 4,,,,,,,,,id,,,,,,,0,0,,0,,,,,"2007-11-29 15:36:50","2007-11-29 16:26:59",
488,1,Benih keilahian kemanusiaan Kristus,,,,,,,,,id,,,,,,,0,0,,0,,,,,"2007-11-29 15:36:50","2007-11-29 16:26:59",
489,1,Bentara Kristus,,,,,,,,,id,,,,,,,0,0,,0,,,,,"2007-11-29 15:36:50","2007-11-29 16:26:59",
490,1,Berani hidup di saat Krisis,,,,,,,,,id,,,,,,,0,0,,0,,,,,"2007-11-29 15:36:50","2007-11-29 16:26:59",
491,1,Berbelas Kasihan di dalam Kristus,,,,,,,,,id,,,,,,,0,0,,0,,,,,"2007-11-29 15:36:50","2007-11-29 16:26:59",
492,1,Berpuasa Dengan Benar,,,,,,,,,id,,,,,,,0,0,,0,,,,,"2007-11-29 15:36:50","2007-11-29 16:26:59",
493,1,Berserah Total,,,,,,,,,id,,,,,,,0,0,,0,,,,,"2007-11-29 15:36:50","2007-11-29 16:26:59",
494,1,Bertumbuh dalam Anugerah,,,,,,,,,id,,,,,,,0,0,,0,,,,,"2007-11-29 15:36:50","2007-11-29 16:26:59",
495,1,Betapa KasihNYA,,,,,,,,,id,,,,,,,0,0,,0,,,,,"2007-11-29 15:36:50","2007-11-29 16:26:59",
496,1,Fearfully and Wonderfully Made (Diciptakan Dengan Dahsyat dan Ajaib),,,,,,,,,id,,,,,,,0,0,,0,,,,,"2007-11-29 15:36:50","2007-11-29 16:26:59",
497,1,Women who Loved God (Wanita-wanita yang Mengasihi Allah),,,,,,,,,id,,,,,,,0,0,,0,,,,,"2007-11-29 15:36:50","2007-11-29 16:26:59",
498,1,Buku Pedoman Zig Ziglar's ( ilham & kata-kata bijak ),,,,,,,,,id,,,,,,,0,0,,0,,,,,"2007-11-29 15:36:50","2007-11-29 16:26:59",
499,1,Chicken Soup Christian Family Soul vol 1,,,,,,,,,id,,,,,,,0,0,,0,,,,,"2007-11-29 15:36:50","2007-11-29 16:26:59",
500,1,Chicken Soup Christian Family Soul vol 2,,,,,,,,,id,,,,,,,0,0,,0,,,,,"2007-11-29 15:36:50","2007-11-29 16:26:59",
501,1,Chicken Soup for the christian Dad's Soul,,,,,,,,,id,,,,,,,0,0,,0,,,,,"2007-11-29 15:36:50","2007-11-29 16:26:59",
502,1,Chicken soup for the Christian soul,,,,,,,,,id,,,,,,,0,0,,0,,,,,"2007-11-29 15:36:50","2007-11-29 16:26:59",
503,1,Ciri khas Kristen ( iman dan perbuatan Seni kasih Sejati ),,,,,,,,,id,,,,,,,0,0,,0,,,,,"2007-11-29 15:36:50","2007-11-29 16:26:59",
504,1,Damai Dengan Allah,,,,,,,,,id,,,,,,,0,0,,0,,,,,"2007-11-29 15:36:50","2007-11-29 16:26:59",
505,1,Dasar-dasar Kebenaran,,,,,,,,,id,,,,,,,0,0,,0,,,,,"2007-11-29 15:36:50","2007-11-29 16:26:59",
506,1,Dengarkan Perasaan Anda,,,,,,,,,id,,,,,,,0,0,,0,,,,,"2007-11-29 15:36:50","2007-11-29 16:26:59",
507,1,Derap Kuda yang sedang mendekat,,,,,,,,,id,,,,,,,0,0,,0,,,,,"2007-11-29 15:36:50","2007-11-29 16:26:59",
508,1,Dunia di Ambang Kepunahan,,,,,,,,,id,,,,,,,0,0,,0,,,,,"2007-11-29 15:36:50","2007-11-29 16:26:59",
509,1,Etika Sederhana untuk Semua,,,,,,,,,id,,,,,,,0,0,,0,,,,,"2007-11-29 15:36:50","2007-11-29 16:26:59",
510,1,Etika Sederhana untuk Semua ( Perkenalan Pertama ),,,,,,,,,id,,,,,,,0,0,,0,,,,,"2007-11-29 15:36:50","2007-11-29 16:26:59",
511,1,Gifts From the Heart 2,,,,,,,,,id,,,,,,,0,0,,0,,,,,"2007-11-29 15:36:50","2007-11-29 16:26:59",
512,1,Gifts From the Heart 3,,,,,,,,,id,,,,,,,0,0,,0,,,,,"2007-11-29 15:36:50","2007-11-29 16:26:59",
513,1,God's Abundant life,,,,,,,,,id,,,,,,,0,0,,0,,,,,"2007-11-29 15:36:50","2007-11-29 16:26:59",
514,1,Hidup Kristen Yang Berbuah,,,,,,,,,id,,,,,,,0,0,,0,,,,,"2007-11-29 15:36:50","2007-11-29 16:26:59",
515,1,Hidup menurut Kehendak Allah,,,,,,,,,id,,,,,,,0,0,,0,,,,,"2007-11-29 15:36:50","2007-11-29 16:26:59",
516,1,Hidup sebagai Kristen,,,,,,,,,id,,,,,,,0,0,,0,,,,,"2007-11-29 15:36:50","2007-11-29 16:26:59",
517,1,Hidup Sejahterah,,,,,,,,,id,,,,,,,0,0,,0,,,,,"2007-11-29 15:36:50","2007-11-29 16:26:59",
518,1,Hingga Harmagedon,,,,,,,,,id,,,,,,,0,0,,0,,,,,"2007-11-29 15:36:50","2007-11-29 16:26:59",
519,1,Iblis Sudah Keok,,,,,,,,,id,,,,,,,0,0,,0,,,,,"2007-11-29 15:36:50","2007-11-29 16:26:59",
520,1,Iman Kristen dan Problema Sosial,,,,,,,,,id,,,,,,,0,0,,0,,,,,"2007-11-29 15:36:50","2007-11-29 16:26:59",
521,1,Injil Kerajaan,,,,,,,,,id,,,,,,,0,0,,0,,,,,"2007-11-29 15:36:50","2007-11-29 16:26:59",
522,1,Batas-Batas Dalam Perkawinan,,,,,,,,,id,,,,,,,0,0,,0,,,,,"2007-11-29 15:36:50","2007-11-29 16:26:59",
523,1,A Life Well Lived : Rahasia Hidup Berkemenangan,,,,,,,,,id,,,,,,,0,0,,0,,,,,"2007-11-29 15:36:50","2007-11-29 16:26:59",
524,1,Intisari iman Kristen,,,,,,,,,id,,,,,,,0,0,,0,,,,,"2007-11-29 15:36:50","2007-11-29 16:26:59",
525,1,It's Just A Thought,,,,,,,,,id,,,,,,,0,0,,0,,,,,"2007-11-29 15:36:50","2007-11-29 16:26:59",
526,1,Jalan menuju Kehidupan,,,,,,,,,id,,,,,,,0,0,,0,,,,,"2007-11-29 15:36:50","2007-11-29 16:26:59",
527,1,Jalan satu-satunya,,,,,,,,,id,,,,,,,0,0,,0,,,,,"2007-11-29 15:36:50","2007-11-29 16:26:59",
528,1,Jumpa Tuhan dalam Ibadah,,,,,,,,,id,,,,,,,0,0,,0,,,,,"2007-11-29 15:36:50","2007-11-29 16:26:59",
529,1,Kasih yang tak terperi,,,,,,,,,id,,,,,,,0,0,,0,,,,,"2007-11-29 15:36:50","2007-11-29 16:26:59",
530,1,Kebapaan dan Pemuridan,,,,,,,,,id,,,,,,,0,0,,0,,,,,"2007-11-29 15:36:50","2007-11-29 16:26:59",
531,1,Kedaulatan dan karya Kristus,,,,,,,,,id,,,,,,,0,0,,0,,,,,"2007-11-29 15:36:50","2007-11-29 16:26:59",
532,1,Kehidupan Di balik Kubur,,,,,,,,,id,,,,,,,0,0,,0,,,,,"2007-11-29 15:36:50","2007-11-29 16:26:59",
533,1,Kekuatan berpikir besar ( the power of thinking big ),,,,,,,,,id,,,,,,,0,0,,0,,,,,"2007-11-29 15:36:50","2007-11-29 16:26:59",
534,1,Kekuatan kepemimpinan ( the Power if leadership ),,,,,,,,,id,,,,,,,0,0,,0,,,,,"2007-11-29 15:36:50","2007-11-29 16:26:59",
535,1,Kekuatan Pengaruh ( the power of influenced ),,,,,,,,,id,,,,,,,0,0,,0,,,,,"2007-11-29 15:36:50","2007-11-29 16:26:59",
536,1,Kekuatan Sikap,,,,,,,,,id,,,,,,,0,0,,0,,,,,"2007-11-29 15:36:50","2007-11-29 16:26:59",
537,1,Kepemimpinan,,,,,,,,,id,,,,,,,0,0,,0,,,,,"2007-11-29 15:36:50","2007-11-29 16:26:59",
538,1,Kesaksian yang berpengaruh (lingkaran Konsentris),,,,,,,,,id,,,,,,,0,0,,0,,,,,"2007-11-29 15:36:50","2007-11-29 16:26:59",
539,1,Kotbah Pilihan yang membawa berkat,,,,,,,,,id,,,,,,,0,0,,0,,,,,"2007-11-29 15:36:50","2007-11-29 16:26:59",
540,1,Kuasa Bersyukur,,,,,,,,,id,,,,,,,0,0,,0,,,,,"2007-11-29 15:36:50","2007-11-29 16:26:59",
541,1,Kuasa Kasih,,,,,,,,,id,,,,,,,0,0,,0,,,,,"2007-11-29 15:36:50","2007-11-29 16:26:59",
542,1,Lidah Api ( kuasa dasyat roh kudus ),,,,,,,,,id,,,,,,,0,0,,0,,,,,"2007-11-29 15:36:50","2007-11-29 16:26:59",
543,1,Malaikat Agen rahasia Allah,,,,,,,,,id,,,,,,,0,0,,0,,,,,"2007-11-29 15:36:50","2007-11-29 16:26:59",
544,1,Managing your Talent,,,,,,,,,id,,,,,,,0,0,,0,,,,,"2007-11-29 15:36:50","2007-11-29 16:26:59",
545,1,Melawan Kuasa kegelapan,,,,,,,,,id,,,,,,,0,0,,0,,,,,"2007-11-29 15:36:50","2007-11-29 16:26:59",
546,1,Memimpin Dengan Melayani,,,,,,,,,id,,,,,,,0,0,,0,,,,,"2007-11-29 15:36:50","2007-11-29 16:26:59",
547,1,Mengalah itu indah,,,,,,,,,id,,,,,,,0,0,,0,,,,,"2007-11-29 15:36:50","2007-11-29 16:26:59",
548,1,Mengetahui kehendak Allah,,,,,,,,,id,,,,,,,0,0,,0,,,,,"2007-11-29 15:36:50","2007-11-29 16:26:59",
549,1,Mengubah Tekanan Menjadi Pujian,,,,,,,,,id,,,,,,,0,0,,0,,,,,"2007-11-29 15:36:50","2007-11-29 16:26:59",
550,1,Menjadi Kristen,,,,,,,,,id,,,,,,,0,0,,0,,,,,"2007-11-29 15:36:50","2007-11-29 16:26:59",
551,1,Menjaring angin,,,,,,,,,id,,,,,,,0,0,,0,,,,,"2007-11-29 15:36:50","2007-11-29 16:26:59",
552,1,Lies Women Believe,,,,,,,,,id,,,,,,,0,0,,0,,,,,"2007-11-29 15:36:50","2007-11-29 16:26:59",
553,1,Sepuluh Teka-Teki alkitab,,,,,,,,,id,,,,,,,0,0,,0,,,,,"2007-11-29 15:36:50","2007-11-29 16:26:59",
554,1,"8 Prinsip Tafsir Alkitab",,,,,,,,,id,,,,,,,0,0,,0,,,,,"2007-11-29 15:36:50","2007-11-29 16:26:59",
555,1,Misi dan Jemaat Lokal,,,,,,,,,id,,,,,,,0,0,,0,,,,,"2007-11-29 15:36:50","2007-11-29 16:26:59",
556,1,Mutiara yang terpendam,,,,,,,,,id,,,,,,,0,0,,0,,,,,"2007-11-29 15:36:50","2007-11-29 16:26:59",
557,1,OASIS,,,,,,,,,id,,,,,,,0,0,,0,,,,,"2007-11-29 15:36:50","2007-11-29 16:26:59",
558,1,Obrolan seorang Gembala,,,,,,,,,id,,,,,,,0,0,,0,,,,,"2007-11-29 15:36:50","2007-11-29 16:26:59",
559,1,Orang Majus datang,,,,,,,,,id,,,,,,,0,0,,0,,,,,"2007-11-29 15:36:50","2007-11-29 16:26:59",
560,1,Pantang Menyerah,,,,,,,,,id,,,,,,,0,0,,0,,,,,"2007-11-29 15:36:50","2007-11-29 16:26:59",
561,1,Pasti Selamat,,,,,,,,,id,,,,,,,0,0,,0,,,,,"2007-11-29 15:36:50","2007-11-29 16:26:59",
562,1,Pedoman Bagi orang Kristen Baru,,,,,,,,,id,,,,,,,0,0,,0,,,,,"2007-11-29 15:36:50","2007-11-29 16:26:59",
563,1,Pekerja Kristus,,,,,,,,,id,,,,,,,0,0,,0,,,,,"2007-11-29 15:36:50","2007-11-29 16:26:59",
564,1,Pengharapan di akhir Zaman,,,,,,,,,id,,,,,,,0,0,,0,,,,,"2007-11-29 15:36:50","2007-11-29 16:26:59",
565,1,Penghiburan Dalam Kesusahan,,,,,,,,,id,,,,,,,0,0,,0,,,,,"2007-11-29 15:36:50","2007-11-29 16:26:59",
566,1,Perjalanan sukses murid Kristus,,,,,,,,,id,,,,,,,0,0,,0,,,,,"2007-11-29 15:36:50","2007-11-29 16:26:59",
567,1,Pertajam Kepekaan Anda,,,,,,,,,id,,,,,,,0,0,,0,,,,,"2007-11-29 15:36:50","2007-11-29 16:26:59",
568,1,Pertanyaan yang sulit,,,,,,,,,id,,,,,,,0,0,,0,,,,,"2007-11-29 15:36:50","2007-11-29 16:26:59",
569,1,Pertanyaan yang Tepat,,,,,,,,,id,,,,,,,0,0,,0,,,,,"2007-11-29 15:36:50","2007-11-29 16:26:59",
570,1,Rahasia Kehidupan yang berbuah,,,,,,,,,id,,,,,,,0,0,,0,,,,,"2007-11-29 15:36:50","2007-11-29 16:26:59",
571,1,Sekitar etika dan soal-soal Etis,,,,,,,,,id,,,,,,,0,0,,0,,,,,"2007-11-29 15:36:50","2007-11-29 16:26:59",
572,1,Selamat bergumul,,,,,,,,,id,,,,,,,0,0,,0,,,,,"2007-11-29 15:36:50","2007-11-29 16:26:59",
573,1,Menjadi pemenang di masa krisis,,,,,,,,,id,,,,,,,0,0,,0,,,,,"2007-11-29 15:36:50","2007-11-29 16:26:59",
574,1,Selamat Pagi Tuhan !,,,,,,,,,id,,,,,,,0,0,,0,,,,,"2007-11-29 15:36:50","2007-11-29 16:26:59",
575,1,Rahasia Menghadirkan Kerajaan Allah,,,,,,,,,id,,,,,,,0,0,,0,,,,,"2007-11-29 15:36:50","2007-11-29 16:26:59",
576,1,Setan ada atau tidak?,,,,,,,,,id,,,,,,,0,0,,0,,,,,"2007-11-29 15:36:50","2007-11-29 16:26:59",
577,1,Siap di saat tak terduga,,,,,,,,,id,,,,,,,0,0,,0,,,,,"2007-11-29 15:36:50","2007-11-29 16:26:59",
578,1,Tetap Menang dalam Kesulitan,,,,,,,,,id,,,,,,,0,0,,0,,,,,"2007-11-29 15:36:50","2007-11-29 16:26:59",
579,1,Intisari Cerita Alkitab Perjanjian Lama,,,,,,,,,id,,,,,,,0,0,,0,,,,,"2007-11-29 15:36:50","2007-11-29 16:26:59",
580,1,The Healthy Christian Life,,,,,,,,,id,,,,,,,0,0,,0,,,,,"2007-11-29 15:36:50","2007-11-29 16:26:59",
581,1,The Purpose Driven Life,,,,,,,,,id,,,,,,,0,0,,0,,,,,"2007-11-29 15:36:50","2007-11-29 16:26:59",
582,1,Tuhan Yesus memang khas unik,,,,,,,,,id,,,,,,,0,0,,0,,,,,"2007-11-29 15:36:50","2007-11-29 16:26:59",
583,1,Untaian Mutiara Kasih,,,,,,,,,id,,,,,,,0,0,,0,,,,,"2007-11-29 15:36:50","2007-11-29 16:26:59",
584,1,Selamat Berkiprah,,,,,,,,,id,,,,,,,0,0,,0,,,,,"2007-11-29 15:36:50","2007-11-29 16:26:59",
585,1,Sehat Total menurut cara alkitab,,,,,,,,,id,,,,,,,0,0,,0,,,,,"2007-11-29 15:36:50","2007-11-29 16:26:59",
586,1,Kepahitan Mengalirkan madu,,,,,,,,,id,,,,,,,0,0,,0,,,,,"2007-11-29 15:36:50","2007-11-29 16:26:59",
587,1,Murid Sejati suatu pilihan mutlak,,,,,,,,,id,,,,,,,0,0,,0,,,,,"2007-11-29 15:36:50","2007-11-29 16:26:59",
588,1,Mengenal agama Kristen,,,,,,,,,id,,,,,,,0,0,,0,,,,,"2007-11-29 15:36:50","2007-11-29 16:26:59",
589,1,Tuhan Sungguh hadir,,,,,,,,,id,,,,,,,0,0,,0,,,,,"2007-11-29 15:36:50","2007-11-29 16:26:59",
590,1,Kematian,,,,,,,,,id,,,,,,,0,0,,0,,,,,"2007-11-29 15:36:50","2007-11-29 16:26:59",
591,1,Bersekutu erat dengan Allah,,,,,,,,,id,,,,,,,0,0,,0,,,,,"2007-11-29 15:36:50","2007-11-29 16:26:59",
592,1,Siapa Anda,,,,,,,,,id,,,,,,,0,0,,0,,,,,"2007-11-29 15:36:50","2007-11-29 16:26:59",
593,1,Kemelut hidup manusia,,,,,,,,,id,,,,,,,0,0,,0,,,,,"2007-11-29 15:36:50","2007-11-29 16:26:59",
594,1,Adakah yang mustahil bagi Allah? Allah menjadi manusia,,,,,,,,,id,,,,,,,0,0,,0,,,,,"2007-11-29 15:36:50","2007-11-29 16:26:59",
595,1,Selamat Berkarya,,,,,,,,,id,,,,,,,0,0,,0,,,,,"2007-11-29 15:36:50","2007-11-29 16:26:59",
596,1,Pelayanan Sejati,,,,,,,,,id,,,,,,,0,0,,0,,,,,"2007-11-29 15:36:50","2007-11-29 16:26:59",
597,1,He did This just For You,,,,,,,,,id,,,,,,,0,0,,0,,,,,"2007-11-29 15:36:50","2007-11-29 16:26:59",
598,1,An Anchor for the soul,,,,,,,,,id,,,,,,,0,0,,0,,,,,"2007-11-29 15:36:50","2007-11-29 16:26:59",
599,1,Cantik dan menarik,,,,,,,,,id,,,,,,,0,0,,0,,,,,"2007-11-29 15:36:50","2007-11-29 16:26:59",
600,1,Madu atau racun,,,,,,,,,id,,,,,,,0,0,,0,,,,,"2007-11-29 15:36:50","2007-11-29 16:26:59",
601,1,Di serambi Kebakaran,,,,,,,,,id,,,,,,,0,0,,0,,,,,"2007-11-29 15:36:50","2007-11-29 16:26:59",
602,1,Rahasia Hidup Berkelimpahan,,,,,,,,,id,,,,,,,0,0,,0,,,,,"2007-11-29 15:36:50","2007-11-29 16:26:59",
603,1,Dihambat tapi Merambat,,,,,,,,,id,,,,,,,0,0,,0,,,,,"2007-11-29 15:36:50","2007-11-29 16:26:59",
604,1,Allah menghargai pekerjaan Anda,,,,,,,,,id,,,,,,,0,0,,0,,,,,"2007-11-29 15:36:50","2007-11-29 16:26:59",
605,1,Tanya Jawab tentang Injil,,,,,,,,,id,,,,,,,0,0,,0,,,,,"2007-11-29 15:36:50","2007-11-29 16:26:59",
606,1,Kejahatan dan Penderitaan (mengapa Allah mengizinkanya),,,,,,,,,id,,,,,,,0,0,,0,,,,,"2007-11-29 15:36:50","2007-11-29 16:26:59",
607,1,Waktu Tuhan ( Memahami masa-masa Perubahan dalam dunia Roh ),,,,,,,,,id,,,,,,,0,0,,0,,,,,"2007-11-29 15:36:50","2007-11-29 16:26:59",
608,1,Anda Seorang Pemenang,,,,,,,,,id,,,,,,,0,0,,0,,,,,"2007-11-29 15:36:50","2007-11-29 16:26:59",
609,1,Lidah pengendali  Hidup Anda,,,,,,,,,id,,,,,,,0,0,,0,,,,,"2007-11-29 15:36:50","2007-11-29 16:26:59",
610,1,"A Child called ""IT""",,,,,,,,,id,,,,,,,0,0,,0,,,,,"2007-11-29 15:36:50","2007-11-29 16:26:59",
611,1,The Lost Boy,,,,,,,,,id,,,,,,,0,0,,0,,,,,"2007-11-29 15:36:50","2007-11-29 16:26:59",
612,1,A Man Named Dave,,,,,,,,,id,,,,,,,0,0,,0,,,,,"2007-11-29 15:36:50","2007-11-29 16:26:59",
613,1,Penuntun kepada keberhasilan rohani,,,,,,,,,id,,,,,,,0,0,,0,,,,,"2007-11-29 15:36:50","2007-11-29 16:26:59",
614,1,The screw tape leters,,,,,,,,,id,,,,,,,0,0,,0,,,,,"2007-11-29 15:36:50","2007-11-29 16:26:59",
615,1,God's plans for you,,,,,,,,,id,,,,,,,0,0,,0,,,,,"2007-11-29 15:36:50","2007-11-29 16:26:59",
616,1,losing our virtue,,,,,,,,,id,,,,,,,0,0,,0,,,,,"2007-11-29 15:36:50","2007-11-29 16:26:59",
617,1,menemukan kehendak allah,,,,,,,,,id,,,,,,,0,0,,0,,,,,"2007-11-29 15:36:50","2007-11-29 16:26:59",
618,1,through the looking glasss,,,,,,,,,id,,,,,,,0,0,,0,,,,,"2007-11-29 15:36:50","2007-11-29 16:26:59",
619,1,Pertolongan Tuhan Atas Persoalan Saya Vol.2,,,,,,,,,id,,,,,,,0,0,,0,,,,,"2007-11-29 15:36:50","2007-11-29 16:26:59",
620,1,Rasa Tertolak Bagaimana Mengatasinya,,,,,,,,,id,,,,,,,0,0,,0,,,,,"2007-11-29 15:36:50","2007-11-29 16:26:59",
621,1,Anda Dapat Berhenti Merokok,,,,,,,,,id,,,,,,,0,0,,0,,,,,"2007-11-29 15:36:50","2007-11-29 16:26:59",
622,1,Depresi dan Penyembuhannya,,,,,,,,,id,,,,,,,0,0,,0,,,,,"2007-11-29 15:36:50","2007-11-29 16:26:59",
623,1,Psikologi Perawatan,,,,,,,,,id,,,,,,,0,0,,0,,,,,"2007-11-29 15:36:50","2007-11-29 16:26:59",
624,1,Siapakah Aku Ini?,,,,,,,,,id,,,,,,,0,0,,0,,,,,"2007-11-29 15:36:50","2007-11-29 16:26:59",
625,1,Mengapa Saya Merasa Bersalah ketika Saya Tidak Melakukan Kesalahan?,,,,,,,,,id,,,,,,,0,0,,0,,,,,"2007-11-29 15:36:50","2007-11-29 16:26:59",
626,1,Berjalan dalam Kesehatan Ilahi,,,,,,,,,id,,,,,,,0,0,,0,,,,,"2007-11-29 15:36:50","2007-11-29 16:26:59",
627,1,Kesembuhan atas Luka-luka Batin,,,,,,,,,id,,,,,,,0,0,,0,,,,,"2007-11-29 15:36:50","2007-11-29 16:26:59",
628,1,Anda Sudah Sembuh,,,,,,,,,id,,,,,,,0,0,,0,,,,,"2007-11-29 15:36:50","2007-11-29 16:26:59",
629,1,Ketika Orang Beriman Bertengkar,,,,,,,,,id,,,,,,,0,0,,0,,,,,"2007-11-29 15:36:50","2007-11-29 16:26:59",
630,1,Bertemu Kristus dalam Depresi,,,,,,,,,id,,,,,,,0,0,,0,,,,,"2007-11-29 15:36:50","2007-11-29 16:26:59",
631,1,Pemulihan Pelecehan,,,,,,,,,id,,,,,,,0,0,,0,,,,,"2007-11-29 15:36:50","2007-11-29 16:26:59",
632,1,"Hai Wanita, Engkau telah Bebas!",,,,,,,,,id,,,,,,,0,0,,0,,,,,"2007-11-29 15:36:50","2007-11-29 16:26:59",
633,1,New Testament Exegesis,,,,,,,,,id,,,,,,,0,0,,0,,,,,"2007-11-29 15:36:50","2007-11-29 16:26:59",
634,1,Pernikahan Kristen Suatu Usaha dalam Kristus,,,,,,,,,id,,,,,,,0,0,,0,,,,,"2007-11-29 15:36:50","2007-11-29 16:26:59",
635,1,Hongsui,,,,,,,,,id,,,,,,,0,0,,0,,,,,"2007-11-29 15:36:50","2007-11-29 16:26:59",
636,1,The Bible Cure (Pengobatan Injil),,,,,,,,,id,,,,,,,0,0,,0,,,,,"2007-11-29 15:36:50","2007-11-29 16:26:59",
637,1,Social Psychology and Human Values,"","","",,"","","","",id,,,NONE,"",,,0,0,,0,"",,,,"2007-11-29 15:36:50","2026-07-16 12:49:37",
638,1,Apakah Otak yang Dipersalahkan?,,,,,,,,,id,,,,,,,0,0,,0,,,,,"2007-11-29 15:36:50","2007-11-29 16:26:59",
639,1,Buluh yang Terkulai,,,,,,,,,id,,,,,,,0,0,,0,,,,,"2007-11-29 15:36:50","2007-11-29 16:26:59",
640,1,Seni Mengasihi Diri Sendiri,,,,,,,,,id,,,,,,,0,0,,0,,,,,"2007-11-29 15:36:50","2007-11-29 16:26:59",
641,1,Pastoral Konseling Vol. 1,,,,,,,,,id,,,,,,,0,0,,0,,,,,"2007-11-29 15:36:50","2007-11-29 16:26:59",
642,1,Pastoral Konseling Vol. 2,"","","",,"","","","",id,,,NONE,"",,,0,0,,0,"",,,,"2007-11-29 15:36:50","2026-07-19 13:34:43",
643,1,Ketika Manusia dianggap Besar & Allah dianggap Kecil,,,,,,,,,id,,,,,,,0,0,,0,,,,,"2007-11-29 15:36:50","2007-11-29 16:26:59",
644,1,Teks-teks Klasik tentang Misi dan Kekristenan Sedunia,,,,,,,,,id,,,,,,,0,0,,0,,,,,"2007-11-29 15:36:50","2007-11-29 16:26:59",
645,1,Evangelism And The Sovereignty of God,,,,,,,,,id,,,,,,,0,0,,0,,,,,"2007-11-29 15:36:50","2007-11-29 16:26:59",
646,1,Anak Perdamaian,,,,,,,,,id,,,,,,,0,0,,0,,,,,"2007-11-29 15:36:50","2007-11-29 16:26:59",
647,1,Misionaris Lokal,,,,,,,,,id,,,,,,,0,0,,0,,,,,"2007-11-29 15:36:50","2007-11-29 16:26:59",
648,1,Dari Asia ke Eropa,,,,,,,,,id,,,,,,,0,0,,0,,,,,"2007-11-29 15:36:50","2007-11-29 16:26:59",
649,1,Tell The Truth,,,,,,,,,id,,,,,,,0,0,,0,,,,,"2007-11-29 15:36:50","2007-11-29 16:26:59",
650,1,Penguasa-penguasa bumi,,,,,,,,,id,,,,,,,0,0,,0,,,,,"2007-11-29 15:36:50","2007-11-29 16:26:59",
651,1,The Post Christian Mind,,,,,,,,,id,,,,,,,0,0,,0,,,,,"2007-11-29 15:36:50","2007-11-29 16:26:59",
652,1,"Iman, Spiritualitas dan Pengobatan",,,,,,,,,id,,,,,,,0,0,,0,,,,,"2007-11-29 15:36:50","2007-11-29 16:26:59",
653,1,"Membangun Wawasan Dunia Kristen Vol.1 Allah, Manusia, & Pengetahuan",,,,,,,,,id,,,,,,,0,0,,0,,,,,"2007-11-29 15:36:50","2007-11-29 16:26:59",
654,1,The Universe Next Door (A Basic Worldview Catalog),,,,,,,,,id,,,,,,,0,0,,0,,,,,"2007-11-29 15:36:50","2007-11-29 16:26:59",
655,1,Cap Jie Shio Hong Shui/Feng Shui dan Kekristenan,,,,,,,,,id,,,,,,,0,0,,0,,,,,"2007-11-29 15:36:50","2007-11-29 16:26:59",
656,1,Dunia Remaja,,,,,,,,,id,,,,,,,0,0,,0,,,,,"2007-11-29 15:36:50","2007-11-29 16:26:59",
657,1,Gadis Cintaanku,,,,,,,,,id,,,,,,,0,0,,0,,,,,"2007-11-29 15:36:50","2007-11-29 16:26:59",
658,1,Mitologi China & Kisah Alkitab,,,,,,,,,id,,,,,,,0,0,,0,,,,,"2007-11-29 15:36:50","2007-11-29 16:26:59",
659,1,Agama Israel Kuno,,,,,,,,,id,,,,,,,0,0,,0,,,,,"2007-11-29 15:36:50","2007-11-29 16:26:59",
660,1,Perjamuan Tuhan,,,,,,,,,id,,,,,,,0,0,,0,,,,,"2007-11-29 15:36:50","2007-11-29 16:26:59",
661,1,Dasar Kepercayaan Orang Kristen,,,,,,,,,id,,,,,,,0,0,,0,,,,,"2007-11-29 15:36:50","2007-11-29 16:26:59",
662,1,Siapa yang membuat Alkitab?,"","","979-8131-31-2",,"","","","13000191",id,,,NONE,"",,,0,0,,0,"",,,,"2007-11-29 15:36:50","2026-08-08 16:06:31",
663,1,Supremasi Kristus,"","","979-3292-27-X",,"","","","13000201",id,,,NONE,"",,,0,0,,0,"",,,,"2007-11-29 15:36:50","2026-08-08 15:18:27",
664,1,From Faith to Faith ( dari iman kepada iman ),,,,,,,,,id,,,,,,,0,0,,0,,,,,"2007-11-29 15:36:50","2007-11-29 16:26:59",
665,1,Suatu analisis Terhadap pemikirannya Cornelius Van Till,"","","979-8131-05-3",,"","","","13000234",id,,,NONE,"",,,0,0,,0,"",,,,"2007-11-29 15:36:50","2026-08-09 13:22:27",
666,1,Pudarnya Kebenaran ( membela kekristenan terhadap tantangan postmodernisme ),,,,,,,,,id,,,,,,,0,0,,0,,,,,"2007-11-29 15:36:50","2007-11-29 16:26:59",
667,1,(usaha mencari iman yang rasional ) Iman dan Akal Budi,,,,,,,,,id,,,,,,,0,0,,0,,,,,"2007-11-29 15:36:50","2007-11-29 16:26:59",
668,1,Manusia: Ciptaan Menurut Gambar Allah,"","","979-8131-06-1",,"","","","13000284",id,,,NONE,"",,,0,0,,0,"",,,,"2007-11-29 15:36:50","2026-08-09 13:12:28",
669,1,Alkitab dan Akhir Zaman,"","","979-8131-15-0",,"","","","13000283",id,,,NONE,"",,,0,0,,0,"",,,,"2007-11-29 15:36:50","2026-08-09 13:08:35",
670,1,Kemuliaan Kristus,,,,,,,,,id,,,,,,,0,0,,0,,,,,"2007-11-29 15:36:50","2007-11-29 16:26:59",
671,1,Gerakan Karismatik dan Gereja Kita,"","","",,"","","","13000211",id,,,NONE,"",,,0,0,,0,"",,,,"2007-11-29 15:36:50","2026-08-08 14:36:10",
672,1,God at Work ( Allah sedang berkarya tanda-tanda kebangunan rohani sejati ),,,,,,,,,id,,,,,,,0,0,,0,,,,,"2007-11-29 15:36:50","2007-11-29 16:26:59",
673,1,Keselematan Di balik Kematian Bayi,,,,,,,,,id,,,,,,,0,0,,0,,,,,"2007-11-29 15:36:50","2007-11-29 16:26:59",
674,1,Penderitaan Yesus Kristus ( The Passion Of Jesus Christ ),,,,,,,,,id,,,,,,,0,0,,0,,,,,"2007-11-29 15:36:50","2007-11-29 16:26:59",
675,1,Lima Pokok Calvinisme,"","","979-8307-39-9",,"","","","13000279",id,,,NONE,"",,,0,0,,0,"",,,,"2007-11-29 15:36:50","2026-08-09 09:55:46",
676,1,Pengalaman Rohani Sejati,"","","979-8131-20-7",,"","","","13000192",id,,,NONE,"",,,0,0,,0,"",,,,"2007-11-29 15:36:50","2026-08-08 15:52:55",
677,1,The Sovereignty of God ( kedaulatan Allah ),,,,,,,,,id,,,,,,,0,0,,0,,,,,"2007-11-29 15:36:50","2007-11-29 16:26:59",
678,1,Penggenapan dan penerapan Penebusan,,,,,,,,,id,,,,,,,0,0,,0,,,,,"2007-11-29 15:36:50","2007-11-29 16:26:59",
679,1,"Kerajaan Allah, Gereja dan Pelayanan",,,,,,,,,id,,,,,,,0,0,,0,,,,,"2007-11-29 15:36:50","2007-11-29 16:26:59",
680,1,Menegnal dan Bergaul Dengan Allah,,,,,,,,,id,,,,,,,0,0,,0,,,,,"2007-11-29 15:36:50","2007-11-29 16:26:59",
681,1,Siapakah Allah itu?,,,,,,,,,id,,,,,,,0,0,,0,,,,,"2007-11-29 15:36:50","2007-11-29 16:26:59",
682,1,Karya Allah,"","","",,"","","","13000208",id,,,NONE,"",,,0,0,,0,"",,,,"2007-11-29 15:36:50","2026-08-08 14:49:23",
683,1,Aku Percaya,"","","979-415-092-4",,"","","","13000209",id,,,NONE,"",,,0,0,,0,"",,,,"2007-11-29 15:36:50","2026-08-08 14:41:35",
684,1,Tritunggal yang Esa,,,,,,,,,id,,,,,,,0,0,,0,,,,,"2007-11-29 15:36:50","2007-11-29 16:26:59",
685,1,Soteriologi ( doktrin Keselamatan ),,,,,,,,,id,,,,,,,0,0,,0,,,,,"2007-11-29 15:36:50","2007-11-29 16:26:59",
686,1,Roh Kudus dalam diri Anda,,,,,,,,,id,,,,,,,0,0,,0,,,,,"2007-11-29 15:36:50","2007-11-29 16:26:59",
687,1,Theologi Doktrin Allah,,,,,,,,,id,,,,,,,0,0,,0,,,,,"2007-11-29 15:36:50","2007-11-29 16:26:59",
688,1,(Antropologi & Hamartologi) Doktrin Manusia & Dosa,,,,,,,,,id,,,,,,,0,0,,0,,,,,"2007-11-29 15:36:50","2007-11-29 16:26:59",
689,1,Pedoman Apologetik Kristen 2,"","","",,"","","","13000219",id,,,NONE,"",,,0,0,,0,"",,,,"2007-11-29 15:36:50","2026-08-09 11:06:27",
690,1,Kerinduan akan Allah yang sejati,"","","",,"","","","13000195",id,,,NONE,"",,,0,0,,0,"",,,,"2007-11-29 15:36:50","2026-08-08 15:42:52",
691,1,Filsafat & Iman Kristen 2,,,,,,,,,id,,,,,,,0,0,,0,,,,,"2007-11-29 15:36:50","2007-11-29 16:26:59",
692,1,Peta & Teladan Allah ( potensi dan Kristen sifat manusia ),,,,,,,,,id,,,,,,,0,0,,0,,,,,"2007-11-29 15:36:50","2007-11-29 16:26:59",
693,1,Waktu & Hikmat,,,,,,,,,id,,,,,,,0,0,,0,,,,,"2007-11-29 15:36:50","2007-11-29 16:26:59",
694,1,Iman & Agama,,,,,,,,,id,,,,,,,0,0,,0,,,,,"2007-11-29 15:36:50","2007-11-29 16:26:59",
695,1,Dosa Keadilan & Penghakiman,,,,,,,,,id,,,,,,,0,0,,0,,,,,"2007-11-29 15:36:50","2007-11-29 16:26:59",
696,1,Baptisan & Karunia Roh Kudus,,,,,,,,,id,,,,,,,0,0,,0,,,,,"2007-11-29 15:36:50","2007-11-29 16:26:59",
697,1,Siapakah Kristus?,,,,,,,,,id,,,,,,,0,0,,0,,,,,"2007-11-29 15:36:50","2007-11-29 16:26:59",
698,1,"7 Perkataan Salib",,,,,,,,,id,,,,,,,0,0,,0,,,,,"2007-11-29 15:36:50","2007-11-29 16:26:59",
699,1,Dinamika Dalam Pimpinan Roh Kudus,,,,,,,,,id,,,,,,,0,0,,0,,,,,"2007-11-29 15:36:50","2007-11-29 16:26:59",
700,1,"Roh Kudus, Doa dan Kebangunan",,,,,,,,,id,,,,,,,0,0,,0,,,,,"2007-11-29 15:36:50","2007-11-29 16:26:59",
701,1,Apakah Itu Babtisan?,,,,,,,,,id,,,,,,,0,0,,0,,,,,"2007-11-29 15:36:50","2007-11-29 16:26:59",
702,1,When The Kingdom Comes,,,,,,,,,id,,,,,,,0,0,,0,,,,,"2007-11-29 15:36:50","2007-11-29 16:26:59",
703,1,Bible Prophecy,"","","",,"","","","13000207",id,,,NONE,"",,,0,0,,0,"",,,,"2007-11-29 15:36:50","2026-08-08 14:52:19",
704,1,Dunia Roh,,,,,,,,,id,,,,,,,0,0,,0,,,,,"2007-11-29 15:36:50","2007-11-29 16:26:59",
705,1,Penggenapan & Penerapan PENEBUSAN,,,,,,,,,id,,,,,,,0,0,,0,,,,,"2007-11-29 15:36:50","2007-11-29 16:26:59",
706,1,Sifat Allah,,,,,,,,,id,,,,,,,0,0,,0,,,,,"2007-11-29 15:36:50","2007-11-29 16:26:59",
707,1,Arti dan Makna Keberadaan,,,,,,,,,id,,,,,,,0,0,,0,,,,,"2007-11-29 15:36:50","2007-11-29 16:26:59",
708,1,Kehidupan Di Balik Kubur,,,,,,,,,id,,,,,,,0,0,,0,,,,,"2007-11-29 15:36:50","2007-11-29 16:26:59",
709,1,Doktrin Iman Kristen,"","","",,"","","","13000193",id,,,NONE,"",,,0,0,,0,"",,,,"2007-11-29 15:36:50","2026-08-08 15:50:41",
710,1,Kutahu yang Kupercaya,,,,,,,,,id,,,,,,,0,0,,0,,,,,"2007-11-29 15:36:50","2007-11-29 16:26:59",
711,1,Kedaulatan Dan Karya Kristus,,,,,,,,,id,,,,,,,0,0,,0,,,,,"2007-11-29 15:36:50","2007-11-29 16:26:59",
712,1,GOD CALLING- PANGGILAN ALLAH,,,,,,,,,id,,,,,,,0,0,,0,,,,,"2007-11-29 15:36:50","2007-11-29 16:26:59",
713,1,kosong,,,,,,,,,id,,,,,,,0,0,,0,,,,,"2007-11-29 15:36:50","2007-11-29 16:26:59",
714,1,UNTAIAN MUTIARA NATAL,,,,,,,,,id,,,,,,,0,0,,0,,,,,"2007-11-29 15:36:50","2007-11-29 16:26:59",
715,1,"365 TANYA JAWAB TEKATEKI KUIS ALKITAB",,,,,,,,,id,,,,,,,0,0,,0,,,,,"2007-11-29 15:36:50","2007-11-29 16:26:59",
716,1,Without a doubt,,,,,,,,,id,,,,,,,0,0,,0,,,,,"2007-11-29 15:36:50","2007-11-29 16:26:59",
717,1,"100 BIBLE FAQ",,,,,,,,,id,,,,,,,0,0,,0,,,,,"2007-11-29 15:36:50","2007-11-29 16:26:59",
718,1,FIRMAN HIDUP 65,,,,,,,,,id,,,,,,,0,0,,0,,,,,"2007-11-29 15:36:50","2007-11-29 16:26:59",
719,1,SATU ALKITAB BERAGAM TERJEMAHAN,,,,,,,,,id,,,,,,,0,0,,0,,,,,"2007-11-29 15:36:50","2007-11-29 16:26:59",
720,1,ONE BIBLE MANY VERSIONS,,,,,,,,,id,,,,,,,0,0,,0,,,,,"2007-11-29 15:36:50","2007-11-29 16:26:59",
721,1,KISAH KASIH TERBESAR,,,,,,,,,id,,,,,,,0,0,,0,,,,,"2007-11-29 15:36:50","2007-11-29 16:26:59",
722,1,SONS FOR THE MASTER,,,,,,,,,id,,,,,,,0,0,,0,,,,,"2007-11-29 15:36:50","2007-11-29 16:26:59",
723,1,BIMBINGAN PRANIKAH,,,,,,,,,id,,,,,,,0,0,,0,,,,,"2007-11-29 15:36:50","2007-11-29 16:26:59",
724,1,KECANDUAN SEBUAH PESTA DALAM KUBUR,,,,,,,,,id,,,,,,,0,0,,0,,,,,"2007-11-29 15:36:50","2007-11-29 16:26:59",
725,1,"24 Kunci Sukses","","","",,"","","","",id,,,NONE,"",,,0,0,,0,"",,,,"2007-11-29 15:36:50","2026-07-23 13:10:46",
726,1,THANK YOU POWER,,,,,,,,,id,,,,,,,0,0,,0,,,,,"2007-11-29 15:36:50","2007-11-29 16:26:59",
727,1,INJIL YOHANES INGGRIS-INDONESIA,,,,,,,,,id,,,,,,,0,0,,0,,,,,"2007-11-29 15:36:50","2007-11-29 16:26:59",
728,1,PELAN TAPI PASTI,,,,,,,,,id,,,,,,,0,0,,0,,,,,"2007-11-29 15:36:50","2007-11-29 16:26:59",
729,1,KIDUNG DOA MAZMUR,,,,,,,,,id,,,,,,,0,0,,0,,,,,"2007-11-29 15:36:50","2007-11-29 16:26:59",
730,1,BAYI CERDAS KENAPA TIDAK?,,,,,,,,,id,,,,,,,0,0,,0,,,,,"2007-11-29 15:36:50","2007-11-29 16:26:59",
731,1,"Iman : Menjawab Pertanyaan, Mempertanyakan Jawaban",,,,,,,,,id,,,,,,,0,0,,0,,,,,"2007-11-29 15:36:50","2007-11-29 16:26:59",
732,1,Masa Penuh Kesempatan,,,,,,,,,id,,,,,,,0,0,,0,,,,,"2007-11-29 15:36:50","2007-11-29 16:26:59",
733,1,DOKTRIN YANG SULIT MENGENAI ALLAH,,,,,,,,,id,,,,,,,0,0,,0,,,,,"2007-11-29 15:36:50","2007-11-29 16:26:59",
734,1,The Global Nexus,"","","",,"","","","",id,,,NONE,"",,,0,0,,0,"",,,,"2007-11-29 15:36:50","2026-07-16 11:00:48",
735,1,"SANG SINGA, PENYIHIR, DAN ALKITAB",,,,,,,,,id,,,,,,,0,0,,0,,,,,"2007-11-29 15:36:50","2007-11-29 16:26:59",
736,1,"Membangun Wawasan Dunia Kristen Vol 2 ALAM SEMESTA,MASY, & ETIKA",,,,,,,,,id,,,,,,,0,0,,0,,,,,"2007-11-29 15:36:50","2007-11-29 16:26:59",
737,1,TIDAKKAN KAMI MEMPUNYAI HAK ?,,,,,,,,,id,,,,,,,0,0,,0,,,,,"2007-11-29 15:36:50","2007-11-29 16:26:59",
738,1,KELUAR DARI AGAMA SUKU MASUK KE AGAMA KRISTEN,,,,,,,,,id,,,,,,,0,0,,0,,,,,"2007-11-29 15:36:50","2007-11-29 16:26:59",
739,1,"JEJAK SEORANG PEKABAR INJIL DI PAPUA, GERRIT KUIJT",,,,,,,,,id,,,,,,,0,0,,0,,,,,"2007-11-29 15:36:50","2007-11-29 16:26:59",
740,1,TAFSIRAN  1 KORINTUS,,,,,,,,,id,,,,,,,0,0,,0,,,,,"2007-11-29 15:36:50","2007-11-29 16:26:59",
741,1,TAFSIRAN SURAT PAULUS KPD JEMAAT DI TESALONIKA,,,,,,,,,id,,,,,,,0,0,,0,,,,,"2007-11-29 15:36:50","2007-11-29 16:26:59",
742,1,TAFSIRAN SURAT YAKOBUS,,,,,,,,,id,,,,,,,0,0,,0,,,,,"2007-11-29 15:36:50","2007-11-29 16:26:59",
743,1,TAFSIRAN INJIL MATIUS,,,,,,,,,id,,,,,,,0,0,,0,,,,,"2007-11-29 15:36:50","2007-11-29 16:26:59",
744,1,MENGENAL SITUS-SITUS ALKITAB,,,,,,,,,id,,,,,,,0,0,,0,,,,,"2007-11-29 15:36:50","2007-11-29 16:26:59",
745,1,PLACES OF THE BIBLE,,,,,,,,,id,,,,,,,0,0,,0,,,,,"2007-11-29 15:36:50","2007-11-29 16:26:59",
746,1,ATLAS ALKITAB MASA KINI,,,,,,,,,id,,,,,,,0,0,,0,,,,,"2007-11-29 15:36:50","2007-11-29 16:26:59",
747,1,PERJANJIAN LAMA IBRANI-INDONESIA,,,,,,,,,id,,,,,,,0,0,,0,,,,,"2007-11-29 15:36:50","2007-11-29 16:26:59",
748,1,PERJANJIAN BARU INDONESIA-YUNANI,,,,,,,,,id,,,,,,,0,0,,0,,,,,"2007-11-29 15:36:50","2007-11-29 16:26:59",
749,1,MUTIARA KEHIDUPAN KRISTEN,,,,,,,,,id,,,,,,,0,0,,0,,,,,"2007-11-29 15:36:50","2007-11-29 16:26:59",
750,1,KASIH DI TEMPAT-TEMPAT YANG SULIT,,,,,,,,,id,,,,,,,0,0,,0,,,,,"2007-11-29 15:36:50","2007-11-29 16:26:59",
751,1,KANKER BUKANLAH AKHIR DARI SEGALANYA,,,,,,,,,id,,,,,,,0,0,,0,,,,,"2007-11-29 15:36:50","2007-11-29 16:26:59",
752,1,ADA WAKTU MENGELUS ADA WAKTU MENGGAMPAR,,,,,,,,,id,,,,,,,0,0,,0,,,,,"2007-11-29 15:36:50","2007-11-29 16:26:59",
753,1,AGAMA-AGAMA MANUSIA,,,,,,,,,id,,,,,,,0,0,,0,,,,,"2007-11-29 15:36:50","2007-11-29 16:26:59",
754,1,PERJUMPAAN DI SERAMBI IMAN,,,,,,,,,id,,,,,,,0,0,,0,,,,,"2007-11-29 15:36:50","2007-11-29 16:26:59",
755,1,"KALO PACARAN BISA ASYIK, NGAPAIN NGEJOMBLO?",,,,,,,,,id,,,,,,,0,0,,0,,,,,"2007-11-29 15:36:50","2007-11-29 16:26:59",
756,1,OBROLAN ASYIK AGAR SI DIA TERTARIK,,,,,,,,,id,,,,,,,0,0,,0,,,,,"2007-11-29 15:36:50","2007-11-29 16:26:59",
757,1,COME ON MERRY PLEASE,,,,,,,,,id,,,,,,,0,0,,0,,,,,"2007-11-29 15:36:50","2007-11-29 16:26:59",
758,1,JOMBLO TAPI HEPI,,,,,,,,,id,,,,,,,0,0,,0,,,,,"2007-11-29 15:36:50","2007-11-29 16:26:59",
759,1,CEWEK-CEWEK MONSTER,,,,,,,,,id,,,,,,,0,0,,0,,,,,"2007-11-29 15:36:50","2007-11-29 16:26:59",
760,1,CEWEK & CERMIN,,,,,,,,,id,,,,,,,0,0,,0,,,,,"2007-11-29 15:36:50","2007-11-29 16:26:59",
761,1,A TO Z PERNIKAHAN,,,,,,,,,id,,,,,,,0,0,,0,,,,,"2007-11-29 15:36:50","2007-11-29 16:26:59",
762,1,PASANGAN HIDUP MEMBANGUN PERNIKAHAN ANDA UNTUK SALING MELENGKAPI BUKAN SALING MELUKAI,,,,,,,,,id,,,,,,,0,0,,0,,,,,"2007-11-29 15:36:50","2007-11-29 16:26:59",
763,1,WANITA BUGAR,,,,,,,,,id,,,,,,,0,0,,0,,,,,"2007-11-29 15:36:50","2007-11-29 16:26:59",
764,1,MENJADI SEORANG WANITA LUAR BIASA,,,,,,,,,id,,,,,,,0,0,,0,,,,,"2007-11-29 15:36:50","2007-11-29 16:26:59",
765,1,Pria Antik Wanita Unik,,,,,,,,,id,,,,,,,0,0,,0,,,,,"2007-11-29 15:36:50","2007-11-29 16:26:59",
766,1,The Joy of Marriage God's way,,,,,,,,,id,,,,,,,0,0,,0,,,,,"2007-11-29 15:36:50","2007-11-29 16:26:59",
767,1,Pembicaraan Terus Terang,,,,,,,,,id,,,,,,,0,0,,0,,,,,"2007-11-29 15:36:50","2007-11-29 16:26:59",
768,1,SEKSUALITAS PEMBERIAN ALLAH,,,,,,,,,id,,,,,,,0,0,,0,,,,,"2007-11-29 15:36:50","2007-11-29 16:26:59",
769,1,PERANG RAHASIA PRIA,,,,,,,,,id,,,,,,,0,0,,0,,,,,"2007-11-29 15:36:50","2007-11-29 16:26:59",
770,1,Love Never Fails,,,,,,,,,id,,,,,,,0,0,,0,,,,,"2007-11-29 15:36:50","2007-11-29 16:26:59",
771,1,The Kid,,,,,,,,,id,,,,,,,0,0,,0,,,,,"2007-11-29 15:36:50","2007-11-29 16:26:59",
772,1,KEHIDUPAN KRISTEN SEBUAH PENGANTAR DOKTRINAL,,,,,,,,,id,,,,,,,0,0,,0,,,,,"2007-11-29 15:36:50","2007-11-29 16:26:59",
773,1,DIPERKENANKAN MELAYANI,,,,,,,,,id,,,,,,,0,0,,0,,,,,"2007-11-29 15:36:50","2007-11-29 16:26:59",
774,1,KISAH BAYI MUSA,,,,,,,,,id,,,,,,,0,0,,0,,,,,"2007-11-29 15:36:50","2007-11-29 16:26:59",
775,1,SABDA ONLINE BIBLE VERSION,,,,,,,,,id,,,,,,,0,0,,0,,,,,"2007-11-29 15:36:50","2007-11-29 16:26:59",
776,1,BIBLICAL WORLDVIEW & HERMENEUTICS 6 CD JOSHUA LIE,,,,,,,,,id,,,,,,,0,0,,0,,,,,"2007-11-29 15:36:50","2007-11-29 16:26:59",
777,1,CHRISTIAN WORLDVIEW & PELAYANAN REMAJA  4 CD JOSHUA LIE,,,,,,,,,id,,,,,,,0,0,,0,,,,,"2007-11-29 15:36:50","2007-11-29 16:26:59",
778,1,THE FEART OF LEADERSHIP FOR PARENTS & ENTREPRENEUR 4 CD JOSHUA LIE,,,,,,,,,id,,,,,,,0,0,,0,,,,,"2007-11-29 15:36:50","2007-11-29 16:26:59",
779,1,THE TRANSFORMING POWER OF GRACE 4 CD JOSHUA LIE,,,,,,,,,id,,,,,,,0,0,,0,,,,,"2007-11-29 15:36:50","2007-11-29 16:26:59",
780,1,PROPHECY 5 CD JOSHUA LIE,,,,,,,,,id,,,,,,,0,0,,0,,,,,"2007-11-29 15:36:50","2007-11-29 16:26:59",
781,1, THEOLOGY PROPER (DOKTRIN ALLAH)  4 CD JOSHUA LIE,,,,,,,,,id,,,,,,,0,0,,0,,,,,"2007-11-29 15:36:50","2007-11-29 16:26:59",
782,1,EKSPOSISI KITAB PENGKHOTBAH 13 (1 CD) JOSHUA LIE,,,,,,,,,id,,,,,,,0,0,,0,,,,,"2007-11-29 15:36:50","2007-11-29 16:26:59",
783,1,TRINITARIAN SPIRITUALITY 2 CD JOSHUA LIE,,,,,,,,,id,,,,,,,0,0,,0,,,,,"2007-11-29 15:36:50","2007-11-29 16:26:59",
784,1,GEREJA & HOLY LAND 2 CD JOSHUA LIE,,,,,,,,,id,,,,,,,0,0,,0,,,,,"2007-11-29 15:36:50","2007-11-29 16:26:59",
785,1,GEREJA & ISRAEL 2 CD JOSHUA LIE,,,,,,,,,id,,,,,,,0,0,,0,,,,,"2007-11-29 15:36:50","2007-11-29 16:26:59",
786,1,MASTER CLASS SINGING SESSION 2  DISC 1STELLA ZHOU,,,,,,,,,id,,,,,,,0,0,,0,,,,,"2007-11-29 15:36:50","2007-11-29 16:26:59",
787,1,MASTER CLASS SINGING SESSION 2 DISC 2 STELLA ZHOU,,,,,,,,,id,,,,,,,0,0,,0,,,,,"2007-11-29 15:36:50","2007-11-29 16:26:59",
788,1,MASTER CLASS SINGING SESSION 1 DISC 1 STELLA ZHOU,,,,,,,,,id,,,,,,,0,0,,0,,,,,"2007-11-29 15:36:50","2007-11-29 16:26:59",
789,1,MASTER CLASS SINGING SESSION 1 DISC 2 STELLA ZHOU,,,,,,,,,id,,,,,,,0,0,,0,,,,,"2007-11-29 15:36:50","2007-11-29 16:26:59",
790,1,"BALANCING, BLENDING & COLORING DISC 1",,,,,,,,,id,,,,,,,0,0,,0,,,,,"2007-11-29 15:36:50","2007-11-29 16:26:59",
791,1,"BALANCING, BLENDING & COLORING DISC 2",,,,,,,,,id,,,,,,,0,0,,0,,,,,"2007-11-29 15:36:50","2007-11-29 16:26:59",
792,1,HOW TO ACCOMPANY THE CONGGREGATION DISC 1,,,,,,,,,id,,,,,,,0,0,,0,,,,,"2007-11-29 15:36:50","2007-11-29 16:26:59",
793,1,HOW TO ACCOMPANY THE CONGGREGATION DISC 2,,,,,,,,,id,,,,,,,0,0,,0,,,,,"2007-11-29 15:36:50","2007-11-29 16:26:59",
794,1,SINGING IN TUNE DISC 1,,,,,,,,,id,,,,,,,0,0,,0,,,,,"2007-11-29 15:36:50","2007-11-29 16:26:59",
795,1,TEACHING CHILDREAN TO SING 1 DISC 1,,,,,,,,,id,,,,,,,0,0,,0,,,,,"2007-11-29 15:36:50","2007-11-29 16:26:59",
796,1,HOW TO SELECT SONGS FOR CHURCH EV,,,,,,,,,id,,,,,,,0,0,,0,,,,,"2007-11-29 15:36:50","2007-11-29 16:26:59",
797,1,WOW CHRISTMAS,,,,,,,,,id,,,,,,,0,0,,0,,,,,"2007-11-29 15:36:50","2007-11-29 16:26:59",
798,1,EDWARD CHEN,,,,,,,,,id,,,,,,,0,0,,0,,,,,"2007-11-29 15:36:50","2007-11-29 16:26:59",
799,1,CHRISTMAS WITH BOBBY & FRIENDS,,,,,,,,,id,,,,,,,0,0,,0,,,,,"2007-11-29 15:36:50","2007-11-29 16:26:59",
800,1,LEA MY CHRISTMAS SONG,,,,,,,,,id,,,,,,,0,0,,0,,,,,"2007-11-29 15:36:50","2007-11-29 16:26:59",
801,1,MTV EXAMINED,,,,,,,,,id,,,,,,,0,0,,0,,,,,"2007-11-29 15:36:50","2007-11-29 16:26:59",
802,1,THE GOSPEL OF JOHN,,,,,,,,,id,,,,,,,0,0,,0,,,,,"2007-11-29 15:36:50","2007-11-29 16:26:59",
803,1,SAVED LO HEAVENLY PIANO 1,,,,,,,,,id,,,,,,,0,0,,0,,,,,"2007-11-29 15:36:50","2007-11-29 16:26:59",
804,1,SAVED LO HEAVENLY PIANO 2,,,,,,,,,id,,,,,,,0,0,,0,,,,,"2007-11-29 15:36:50","2007-11-29 16:26:59",
805,1,SAVED LO HEAVENLY PIANO 3,,,,,,,,,id,,,,,,,0,0,,0,,,,,"2007-11-29 15:36:50","2007-11-29 16:26:59",
806,1,SAVED LO HEAVENLY PIANO 4,,,,,,,,,id,,,,,,,0,0,,0,,,,,"2007-11-29 15:36:50","2007-11-29 16:26:59",
807,1,SAVED LO HEAVENLY PIANO 5,,,,,,,,,id,,,,,,,0,0,,0,,,,,"2007-11-29 15:36:50","2007-11-29 16:26:59",
808,1,SAVED LO PIANO OFFERING 5,,,,,,,,,id,,,,,,,0,0,,0,,,,,"2007-11-29 15:36:50","2007-11-29 16:26:59",
809,1,SAVED LO PIANO OFFERING 6,,,,,,,,,id,,,,,,,0,0,,0,,,,,"2007-11-29 15:36:50","2007-11-29 16:26:59",
810,1,SAVED LO HEAVENLY PIANO 6,,,,,,,,,id,,,,,,,0,0,,0,,,,,"2007-11-29 15:36:50","2007-11-29 16:26:59",
811,1,SAVED LO HEAVENLY PIANO 7,,,,,,,,,id,,,,,,,0,0,,0,,,,,"2007-11-29 15:36:50","2007-11-29 16:26:59",
812,1,SAVED LO PIANO OFFERING  7,,,,,,,,,id,,,,,,,0,0,,0,,,,,"2007-11-29 15:36:50","2007-11-29 16:26:59",
813,1,SAVED LO PIANO OFFERING 16,,,,,,,,,id,,,,,,,0,0,,0,,,,,"2007-11-29 15:36:50","2007-11-29 16:26:59",
814,1,SAVED LO PIANO OFFERING 17,,,,,,,,,id,,,,,,,0,0,,0,,,,,"2007-11-29 15:36:50","2007-11-29 16:26:59",
815,1,SAVED LO PIANO OFFERING 20,,,,,,,,,id,,,,,,,0,0,,0,,,,,"2007-11-29 15:36:50","2007-11-29 16:26:59",
816,1,SAVED LO PIANO OFFERING 22,,,,,,,,,id,,,,,,,0,0,,0,,,,,"2007-11-29 15:36:50","2007-11-29 16:26:59",
817,1,SAVED LO PIANO OFFERING 23,,,,,,,,,id,,,,,,,0,0,,0,,,,,"2007-11-29 15:36:50","2007-11-29 16:26:59",
818,1,SAVED LO PIANO OFFERING 24,,,,,,,,,id,,,,,,,0,0,,0,,,,,"2007-11-29 15:36:50","2007-11-29 16:26:59",
819,1,SAVED LO PIANO OFFERING 25,,,,,,,,,id,,,,,,,0,0,,0,,,,,"2007-11-29 15:36:50","2007-11-29 16:26:59",
820,1,STEP BY STEP BIBLE BILINGUAL,,,,,,,,,id,,,,,,,0,0,,0,,,,,"2007-11-29 15:36:50","2007-11-29 16:26:59",
821,1,Misteri Komidi Putar,,,,,,,,,id,,,,,,,0,0,,0,,,,,"2007-11-29 15:36:50","2007-11-29 16:26:59",
822,1,KOSONG,,,,,,,,,id,,,,,,,0,0,,0,,,,,"2007-11-29 15:36:50","2007-11-29 16:26:59",
823,1,MENGHAYATI KALAM DALAM HENING,,,,,,,,,id,,,,,,,0,0,,0,,,,,"2007-11-29 15:36:50","2007-11-29 16:26:59",
824,1,FORUM BIBLIKA NO. 13 2001,,,,,,,,,id,,,,,,,0,0,,0,,,,,"2007-11-29 15:36:50","2007-11-29 16:26:59",
825,1,ALKITAB KECIL CERITA NATAL,,,,,,,,,id,,,,,,,0,0,,0,,,,,"2007-11-29 15:36:50","2007-11-29 16:26:59",
826,1,THE STORY OF EASTER,,,,,,,,,id,,,,,,,0,0,,0,,,,,"2007-11-29 15:36:50","2007-11-29 16:26:59",
827,1,Good Habits for God's Kids ( my clean Room ),,,,,,,,,id,,,,,,,0,0,,0,,,,,"2007-11-29 15:36:50","2007-11-29 16:26:59",
828,1,Misteri Patung yang Membisu,,,,,,,,,id,,,,,,,0,0,,0,,,,,"2007-11-29 15:36:50","2007-11-29 16:26:59",
829,1,Konflik Wawasan Dunia,"","","979-8307-69-0",,"","","","21000079",id,,,NONE,"",,,0,0,,0,"",,,,"2007-11-29 15:36:50","2026-08-08 16:36:39",
830,1,Diselamatkan oleh Anugrah,"","","979-8131-14-2",,"","","","13000282",id,,,NONE,"",,,0,0,,0,"",,,,"2007-11-29 15:36:50","2026-08-09 13:11:17",
831,1,Faith Alone (hanya melalui Iman),,,,,,,,,id,,,,,,,0,0,,0,,,,,"2007-11-29 15:36:50","2007-11-29 16:26:59",
832,1,God In The Wasteland,,,,,,,,,id,,,,,,,0,0,,0,,,,,"2007-11-29 15:36:50","2007-11-29 16:26:59",
833,1,Segala Kebenaran Allah,,,,,,,,,id,,,,,,,0,0,,0,,,,,"2007-11-29 15:36:50","2007-11-29 16:26:59",
834,1,Chicken soup for the christian Teen's,,,,,,,,,id,,,,,,,0,0,,0,,,,,"2007-11-29 15:36:50","2007-11-29 16:26:59",
835,1,Temukan Pasangan Hidup Anda,,,,,,,,,id,,,,,,,0,0,,0,,,,,"2007-11-29 15:36:50","2007-11-29 16:26:59",
836,1,Kekasihku Sebelum pernikahan,,,,,,,,,id,,,,,,,0,0,,0,,,,,"2007-11-29 15:36:50","2007-11-29 16:26:59",
837,1,Billy Graham berwawancara dengan Kaum Muda,,,,,,,,,id,,,,,,,0,0,,0,,,,,"2007-11-29 15:36:50","2007-11-29 16:26:59",
838,1,"77 pertanyaan aktual mengenai Seks, Pacaran dan Cinta",,,,,,,,,id,,,,,,,0,0,,0,,,,,"2007-11-29 15:36:50","2007-11-29 16:26:59",
839,1,Dia Tampil Beda,,,,,,,,,id,,,,,,,0,0,,0,,,,,"2007-11-29 15:36:50","2007-11-29 16:26:59",
840,1,Jodoh di tangan Tuhan,,,,,,,,,id,,,,,,,0,0,,0,,,,,"2007-11-29 15:36:50","2007-11-29 16:26:59",
841,1,Berpacaran dan memilih Teman hidup,,,,,,,,,id,,,,,,,0,0,,0,,,,,"2007-11-29 15:36:50","2007-11-29 16:26:59",
842,1,Pegangan Praktis Menjelang Nikah,,,,,,,,,id,,,,,,,0,0,,0,,,,,"2007-11-29 15:36:50","2007-11-29 16:26:59",
843,1,"7 Rahasia Dalam Berpacaran",,,,,,,,,id,,,,,,,0,0,,0,,,,,"2007-11-29 15:36:50","2007-11-29 16:26:59",
844,1,The Five love Languanges of teenangers,,,,,,,,,id,,,,,,,0,0,,0,,,,,"2007-11-29 15:36:50","2007-11-29 16:26:59",
845,1,Menjadi Remaja yang Bahagia,,,,,,,,,id,,,,,,,0,0,,0,,,,,"2007-11-29 15:36:50","2007-11-29 16:26:59",
846,1,Tersenyum sambil merenung,,,,,,,,,id,,,,,,,0,0,,0,,,,,"2007-11-29 15:36:50","2007-11-29 16:26:59",
847,1,Banyolan anak Raja Ke-2,,,,,,,,,id,,,,,,,0,0,,0,,,,,"2007-11-29 15:36:50","2007-11-29 16:26:59",
848,1,Senyam senyum,,,,,,,,,id,,,,,,,0,0,,0,,,,,"2007-11-29 15:36:50","2007-11-29 16:26:59",
849,1,Senyum dan bermuka Gembira,,,,,,,,,id,,,,,,,0,0,,0,,,,,"2007-11-29 15:36:50","2007-11-29 16:26:59",
850,1,Tersenyum Sukacita,,,,,,,,,id,,,,,,,0,0,,0,,,,,"2007-11-29 15:36:50","2007-11-29 16:26:59",
851,1,SUPERSTAR CHARLIE,,,,,,,,,id,,,,,,,0,0,,0,,,,,"2007-11-29 15:36:50","2007-11-29 16:26:59",
852,1,Gideon dan Simson,,,,,,,,,id,,,,,,,0,0,,0,,,,,"2007-11-29 15:36:50","2007-11-29 16:26:59",
853,1,Abraham,,,,,,,,,id,,,,,,,0,0,,0,,,,,"2007-11-29 15:36:50","2007-11-29 16:26:59",
854,1,Nabi Elia,,,,,,,,,id,,,,,,,0,0,,0,,,,,"2007-11-29 15:36:50","2007-11-29 16:26:59",
855,1,Atlas Alkitab,,,,,,,,,id,,,,,,,0,0,,0,,,,,"2007-11-29 15:36:50","2007-11-29 16:26:59",
856,1,Jesus Among Other Gods,,,,,,,,,id,,,,,,,0,0,,0,,,,,"2007-11-29 15:36:50","2007-11-29 16:26:59",
857,1,The Bible Code - Sandi alkitab,,,,,,,,,id,,,,,,,0,0,,0,,,,,"2007-11-29 15:36:50","2007-11-29 16:26:59",
858,1,"20 cerita teladan ( jlid 1 )",,,,,,,,,id,,,,,,,0,0,,0,,,,,"2007-11-29 15:36:50","2007-11-29 16:26:59",
859,1,Allah memberi peraturan,,,,,,,,,id,,,,,,,0,0,,0,,,,,"2007-11-29 15:36:50","2007-11-29 16:26:59",
860,1,Nabi Elisa,,,,,,,,,id,,,,,,,0,0,,0,,,,,"2007-11-29 15:36:50","2007-11-29 16:26:59",
861,1,Ben Hur,,,,,,,,,id,,,,,,,0,0,,0,,,,,"2007-11-29 15:36:50","2007-11-29 16:26:59",
862,1,Mengenai senjata-senjata Allah,,,,,,,,,id,,,,,,,0,0,,0,,,,,"2007-11-29 15:36:50","2007-11-29 16:26:59",
863,1,Aku mendirikan Jemaatku 4,,,,,,,,,id,,,,,,,0,0,,0,,,,,"2007-11-29 15:36:50","2007-11-29 16:26:59",
864,1,Tullus,,,,,,,,,id,,,,,,,0,0,,0,,,,,"2007-11-29 15:36:50","2007-11-29 16:26:59",
865,1,Allah membebaskan Israel,,,,,,,,,id,,,,,,,0,0,,0,,,,,"2007-11-29 15:36:50","2007-11-29 16:26:59",
866,1,EsTer,,,,,,,,,id,,,,,,,0,0,,0,,,,,"2007-11-29 15:36:50","2007-11-29 16:26:59",
867,1,Ishak dan Yakub,,,,,,,,,id,,,,,,,0,0,,0,,,,,"2007-11-29 15:36:50","2007-11-29 16:26:59",
868,1,Rut dan Samuel,,,,,,,,,id,,,,,,,0,0,,0,,,,,"2007-11-29 15:36:50","2007-11-29 16:26:59",
869,1,Analisa Topikal Terhadap Alkitab Jilid 1,"","","",,"","","","",id,,,NONE,"",,,0,0,,0,"",,,,"2007-11-29 15:36:50","2026-07-25 11:57:11",
870,1,Analisa Topikal Terhadap Alkitab Jilid 2,"","","",,"","","","",id,,,NONE,"",,,0,0,,0,"",,,,"2007-11-29 15:36:50","2026-07-25 11:54:41",
871,1,Analisa Topikal Terhadap Alkitab Jilid 4,"","","",,"","","","",id,,,NONE,"",,,0,0,,0,"",,,,"2007-11-29 15:36:50","2026-07-25 11:57:45",
872,1,Analisa Topikal Terhadap Alkitab Jilid 5,"","","",,"","","","",id,,,NONE,"",,,0,0,,0,"",,,,"2007-11-29 15:36:50","2026-07-25 11:58:13",
873,1,Alkitab : Firman Allah,,,,,,,,,id,,,,,,,0,0,,0,,,,,"2007-11-29 15:36:50","2007-11-29 16:26:59",
874,1,Raja Daud 3,,,,,,,,,id,,,,,,,0,0,,0,,,,,"2007-11-29 15:36:50","2007-11-29 16:26:59",
875,1,Raja Daud 1,,,,,,,,,id,,,,,,,0,0,,0,,,,,"2007-11-29 15:36:50","2007-11-29 16:26:59",
876,1,Allah memberikan Kanaan,,,,,,,,,id,,,,,,,0,0,,0,,,,,"2007-11-29 15:36:50","2007-11-29 16:26:59",
877,1,Allah memilih pemimipin,,,,,,,,,id,,,,,,,0,0,,0,,,,,"2007-11-29 15:36:50","2007-11-29 16:26:59",
878,1,Tekad Gadis kecil,,,,,,,,,id,,,,,,,0,0,,0,,,,,"2007-11-29 15:36:50","2007-11-29 16:26:59",
879,1,Teman Sekerja,,,,,,,,,id,,,,,,,0,0,,0,,,,,"2007-11-29 15:36:50","2007-11-29 16:26:59",
880,1,Keajaiban Alam,,,,,,,,,id,,,,,,,0,0,,0,,,,,"2007-11-29 15:36:50","2007-11-29 16:26:59",
881,1,Larilah Lari!,,,,,,,,,id,,,,,,,0,0,,0,,,,,"2007-11-29 15:36:50","2007-11-29 16:26:59",
882,1,Keajaiban ciptaan Tuhan,,,,,,,,,id,,,,,,,0,0,,0,,,,,"2007-11-29 15:36:50","2007-11-29 16:26:59",
883,1,Perkara Hidup dan Mati,,,,,,,,,id,,,,,,,0,0,,0,,,,,"2007-11-29 15:36:50","2007-11-29 16:26:59",
884,1,Yesus dan Yohanes Pembaptis,,,,,,,,,id,,,,,,,0,0,,0,,,,,"2007-11-29 15:36:50","2007-11-29 16:26:59",
885,1,Jadilah Maka Jadilah,,,,,,,,,id,,,,,,,0,0,,0,,,,,"2007-11-29 15:36:50","2007-11-29 16:26:59",
886,1,Terusir dari Taman Eden,,,,,,,,,id,,,,,,,0,0,,0,,,,,"2007-11-29 15:36:50","2007-11-29 16:26:59",
887,1,Kita dan Mereka,,,,,,,,,id,,,,,,,0,0,,0,,,,,"2007-11-29 15:36:50","2007-11-29 16:26:59",
888,1,Menara dan Kota,,,,,,,,,id,,,,,,,0,0,,0,,,,,"2007-11-29 15:36:50","2007-11-29 16:26:59",
889,1,Allah memanggil,,,,,,,,,id,,,,,,,0,0,,0,,,,,"2007-11-29 15:36:50","2007-11-29 16:26:59",
890,1,Sonya dan Pasukan Pengawal Perbatasan,,,,,,,,,id,,,,,,,0,0,,0,,,,,"2007-11-29 15:36:50","2007-11-29 16:26:59",
891,1,Bebas 2 Kali,,,,,,,,,id,,,,,,,0,0,,0,,,,,"2007-11-29 15:36:50","2007-11-29 16:26:59",
892,1,Kisah paling menarik yang pernah diceritakan,,,,,,,,,id,,,,,,,0,0,,0,,,,,"2007-11-29 15:36:50","2007-11-29 16:26:59",
893,1,Si buruk Rupa,,,,,,,,,id,,,,,,,0,0,,0,,,,,"2007-11-29 15:36:50","2007-11-29 16:26:59",
894,1,Kamera Slamet,,,,,,,,,id,,,,,,,0,0,,0,,,,,"2007-11-29 15:36:50","2007-11-29 16:26:59",
895,1,Pisang Goreng,,,,,,,,,id,,,,,,,0,0,,0,,,,,"2007-11-29 15:36:50","2007-11-29 16:26:59",
896,1,Raja dan Burung Elangnya,,,,,,,,,id,,,,,,,0,0,,0,,,,,"2007-11-29 15:36:50","2007-11-29 16:26:59",
897,1,Pemahaman alkitab setiap hari : Injil Yohanes pasal 1 - 7,,,,,,,,,id,,,,,,,0,0,,0,,,,,"2007-11-29 15:36:50","2007-11-29 16:26:59",
898,1,Ceramah-Ceramah Mengenai Calvinisme,,,,,,,,,id,,,,,,,0,0,,0,,,,,"2007-11-29 15:36:50","2007-11-29 16:26:59",
899,1,Pocket Dictionery of New Religius Movements,,,,,,,,,id,,,,,,,0,0,,0,,,,,"2007-11-29 15:36:50","2007-11-29 16:26:59",
900,1,Tanya Jawab kawula Muda,,,,,,,,,id,,,,,,,0,0,,0,,,,,"2007-11-29 15:36:50","2007-11-29 16:26:59",
901,1,God's Words of Life om Marriage,,,,,,,,,id,,,,,,,0,0,,0,,,,,"2007-11-29 15:36:50","2007-11-29 16:26:59",
902,1,Pasrah dalam Doa,,,,,,,,,id,,,,,,,0,0,,0,,,,,"2007-11-29 15:36:50","2007-11-29 16:26:59",
903,1,Pembuktian atas kebenaran Kristus,,,,,,,,,id,,,,,,,0,0,,0,,,,,"2007-11-29 15:36:50","2007-11-29 16:26:59",
904,1,Misteri Kesulitan Ganda,,,,,,,,,id,,,,,,,0,0,,0,,,,,"2007-11-29 15:36:50","2007-11-29 16:26:59",
905,1,MISTERI HADIAH YANG HILANG,,,,,,,,,id,,,,,,,0,0,,0,,,,,"2007-11-29 15:36:50","2007-11-29 16:26:59",
906,1,Lelaki yang tertangkap oleh ikan,,,,,,,,,id,,,,,,,0,0,,0,,,,,"2007-11-29 15:36:50","2007-11-29 16:26:59",
907,1,Sepasang Pedang,,,,,,,,,id,,,,,,,0,0,,0,,,,,"2007-11-29 15:36:50","2007-11-29 16:26:59",
908,1,Kasih Allah kepada kita 1,,,,,,,,,id,,,,,,,0,0,,0,,,,,"2007-11-29 15:36:50","2007-11-29 16:26:59",
909,1,Bapa yang luar biasa,,,,,,,,,id,,,,,,,0,0,,0,,,,,"2007-11-29 15:36:50","2007-11-29 16:26:59",
910,1,Baik Hati,,,,,,,,,id,,,,,,,0,0,,0,,,,,"2007-11-29 15:36:50","2007-11-29 16:26:59",
911,1,Tuhan memimpin umatNya 2,,,,,,,,,id,,,,,,,0,0,,0,,,,,"2007-11-29 15:36:50","2007-11-29 16:26:59",
912,1,Patung sapi emas 4,,,,,,,,,id,,,,,,,0,0,,0,,,,,"2007-11-29 15:36:50","2007-11-29 16:26:59",
913,1,Berkat dan Keajaiban 5,,,,,,,,,id,,,,,,,0,0,,0,,,,,"2007-11-29 15:36:50","2007-11-29 16:26:59",
914,1,Bileam seorang NaBI 6,,,,,,,,,id,,,,,,,0,0,,0,,,,,"2007-11-29 15:36:50","2007-11-29 16:26:59",
915,1,Tembok Diruntuhkan 7,,,,,,,,,id,,,,,,,0,0,,0,,,,,"2007-11-29 15:36:50","2007-11-29 16:26:59",
916,1,Riwayat Debora dan Gideon 9,,,,,,,,,id,,,,,,,0,0,,0,,,,,"2007-11-29 15:36:50","2007-11-29 16:26:59",
917,1,Riwayat Simson 10,,,,,,,,,id,,,,,,,0,0,,0,,,,,"2007-11-29 15:36:50","2007-11-29 16:26:59",
918,1,Riwayat Saul dan Daud 11,,,,,,,,,id,,,,,,,0,0,,0,,,,,"2007-11-29 15:36:50","2007-11-29 16:26:59",
919,1,"Daud, dari gembala menjadi raja 12",,,,,,,,,id,,,,,,,0,0,,0,,,,,"2007-11-29 15:36:50","2007-11-29 16:26:59",
920,1,Tujuh Cerita teladan  ( jlid 1),,,,,,,,,id,,,,,,,0,0,,0,,,,,"2007-11-29 15:36:50","2007-11-29 16:26:59",
921,1,Tujuh Cerita teladan  ( jlid 2),,,,,,,,,id,,,,,,,0,0,,0,,,,,"2007-11-29 15:36:50","2007-11-29 16:26:59",
922,1,Tujuh Cerita teladan  ( jlid 3),,,,,,,,,id,,,,,,,0,0,,0,,,,,"2007-11-29 15:36:50","2007-11-29 16:26:59",
923,1,Tujuh Cerita teladan  ( jlid 4),,,,,,,,,id,,,,,,,0,0,,0,,,,,"2007-11-29 15:36:50","2007-11-29 16:26:59",
924,1,Pilihanku,,,,,,,,,id,,,,,,,0,0,,0,,,,,"2007-11-29 15:36:50","2007-11-29 16:26:59",
925,1,Merindukan Raja,,,,,,,,,id,,,,,,,0,0,,0,,,,,"2007-11-29 15:36:50","2007-11-29 16:26:59",
926,1,Aku menyertai Kamu,,,,,,,,,id,,,,,,,0,0,,0,,,,,"2007-11-29 15:36:50","2007-11-29 16:26:59",
927,1,"Waldo, ceritakan tentang kematian",,,,,,,,,id,,,,,,,0,0,,0,,,,,"2007-11-29 15:36:50","2007-11-29 16:26:59",
928,1,"Waldo, ceritakan tentang Aku",,,,,,,,,id,,,,,,,0,0,,0,,,,,"2007-11-29 15:36:50","2007-11-29 16:26:59",
929,1,"Waldo, ceritakan tentang Tuhan",,,,,,,,,id,,,,,,,0,0,,0,,,,,"2007-11-29 15:36:50","2007-11-29 16:26:59",
930,1,"Waldo, ceritakan tntang Kristus",,,,,,,,,id,,,,,,,0,0,,0,,,,,"2007-11-29 15:36:50","2007-11-29 16:26:59",
931,1,Anak Perempuan Yairus,,,,,,,,,id,,,,,,,0,0,,0,,,,,"2007-11-29 15:36:50","2007-11-29 16:26:59",
932,1,Dari atas pohon,,,,,,,,,id,,,,,,,0,0,,0,,,,,"2007-11-29 15:36:50","2007-11-29 16:26:59",
933,1,Masa kanak-kanak Yesus,,,,,,,,,id,,,,,,,0,0,,0,,,,,"2007-11-29 15:36:50","2007-11-29 16:26:59",
934,1,Daud si anak Gembala,,,,,,,,,id,,,,,,,0,0,,0,,,,,"2007-11-29 15:36:50","2007-11-29 16:26:59",
935,1,Lebih dari cantik,,,,,,,,,id,,,,,,,0,0,,0,,,,,"2007-11-29 15:36:50","2007-11-29 16:26:59",
936,1,Iman untuk Menang,,,,,,,,,id,,,,,,,0,0,,0,,,,,"2007-11-29 15:36:50","2007-11-29 16:26:59",
937,1,Bayi di dalam Keranjang,,,,,,,,,id,,,,,,,0,0,,0,,,,,"2007-11-29 15:36:50","2007-11-29 16:26:59",
938,1,The Candlestand Statement,"","","",,"","","","",id,,,NONE,"",,,0,0,,0,"",,,,"2007-11-29 15:36:50","2026-07-25 12:07:00",
939,1,Doktrin Pengetahuan Tentang Allah 1,,,,,,,,,id,,,,,,,0,0,,0,,,,,"2007-11-29 15:36:50","2007-11-29 16:26:59",
940,1,Jadilah Pelaku Firman,,,,,,,,,id,,,,,,,0,0,,0,,,,,"2007-11-29 15:36:50","2007-11-29 16:26:59",
941,1,Maka Jadilah,,,,,,,,,id,,,,,,,0,0,,0,,,,,"2007-11-29 15:36:50","2007-11-29 16:26:59",
942,1,Tikus Di Istana Salomo 1,,,,,,,,,id,,,,,,,0,0,,0,,,,,"2007-11-29 15:36:50","2007-11-29 16:26:59",
943,1,Kisah Paulus,,,,,,,,,id,,,,,,,0,0,,0,,,,,"2007-11-29 15:36:50","2007-11-29 16:26:59",
944,1,Mazmur dan Amsal,,,,,,,,,id,,,,,,,0,0,,0,,,,,"2007-11-29 15:36:50","2007-11-29 16:26:59",
945,1,Kisah Yesus dan Murid-muridaNYa,,,,,,,,,id,,,,,,,0,0,,0,,,,,"2007-11-29 15:36:50","2007-11-29 16:26:59",
946,1,Kisah domba yang hilang,,,,,,,,,id,,,,,,,0,0,,0,,,,,"2007-11-29 15:36:50","2007-11-29 16:26:59",
947,1,Kisah roti dan Ikan,,,,,,,,,id,,,,,,,0,0,,0,,,,,"2007-11-29 15:36:50","2007-11-29 16:26:59",
948,1,Kisah Yosua,,,,,,,,,id,,,,,,,0,0,,0,,,,,"2007-11-29 15:36:50","2007-11-29 16:26:59",
949,1,Kisah Rut dan Naomi,,,,,,,,,id,,,,,,,0,0,,0,,,,,"2007-11-29 15:36:50","2007-11-29 16:26:59",
950,1,Kisah Orang Samaria yang Murah Hati,,,,,,,,,id,,,,,,,0,0,,0,,,,,"2007-11-29 15:36:50","2007-11-29 16:26:59",
951,1,Mazmur Dua Puluh Tiga,,,,,,,,,id,,,,,,,0,0,,0,,,,,"2007-11-29 15:36:50","2007-11-29 16:26:59",
952,1,Kisah Tentang Paskah,,,,,,,,,id,,,,,,,0,0,,0,,,,,"2007-11-29 15:36:50","2007-11-29 16:26:59",
953,1,Kisah Nabi Nuh,,,,,,,,,id,,,,,,,0,0,,0,,,,,"2007-11-29 15:36:50","2007-11-29 16:26:59",
954,1,Kisah Ester,,,,,,,,,id,,,,,,,0,0,,0,,,,,"2007-11-29 15:36:50","2007-11-29 16:26:59",
955,1,Kisah menara Babel,,,,,,,,,id,,,,,,,0,0,,0,,,,,"2007-11-29 15:36:50","2007-11-29 16:26:59",
956,1,Kisah Ishak dan Ribka,,,,,,,,,id,,,,,,,0,0,,0,,,,,"2007-11-29 15:36:50","2007-11-29 16:26:59",
957,1,Tikus Di Istana Salomo 2,,,,,,,,,id,,,,,,,0,0,,0,,,,,"2007-11-29 15:36:50","2007-11-29 16:26:59",
958,1,Tikus Di istana Salomo 3,,,,,,,,,id,,,,,,,0,0,,0,,,,,"2007-11-29 15:36:50","2007-11-29 16:26:59",
959,1,Tikus di Istana Salomo 4,,,,,,,,,id,,,,,,,0,0,,0,,,,,"2007-11-29 15:36:50","2007-11-29 16:26:59",
960,1,Hamster kena batunya,,,,,,,,,id,,,,,,,0,0,,0,,,,,"2007-11-29 15:36:50","2007-11-29 16:26:59",
961,1,Nuri si Burung Cerewet,,,,,,,,,id,,,,,,,0,0,,0,,,,,"2007-11-29 15:36:50","2007-11-29 16:26:59",
962,1,Lolos!,,,,,,,,,id,,,,,,,0,0,,0,,,,,"2007-11-29 15:36:50","2007-11-29 16:26:59",
963,1,Ekor yang pendek ( memilih berkorban dalam persahabatan ),,,,,,,,,id,,,,,,,0,0,,0,,,,,"2007-11-29 15:36:50","2007-11-29 16:26:59",
964,1,Bel Penyelamat ( Kasih yang tulus akan memperoleh sahabat yang sejati ),,,,,,,,,id,,,,,,,0,0,,0,,,,,"2007-11-29 15:36:50","2007-11-29 16:26:59",
965,1,Penyelamatan di Tengah Hujan ( memilih sikap patuh kepada orang tua ),,,,,,,,,id,,,,,,,0,0,,0,,,,,"2007-11-29 15:36:50","2007-11-29 16:26:59",
966,1,Misteri Lumba-Lumba Perak,,,,,,,,,id,,,,,,,0,0,,0,,,,,"2007-11-29 15:36:50","2007-11-29 16:26:59",
967,1,Misteri Komidi Putar,,,,,,,,,id,,,,,,,0,0,,0,,,,,"2007-11-29 15:36:50","2007-11-29 16:26:59",
968,1,Siapa yang mau menolong,,,,,,,,,id,,,,,,,0,0,,0,,,,,"2007-11-29 15:36:50","2007-11-29 16:26:59",
969,1,Akitab Menjawab 100 Pertanyaan 2,,,,,,,,,id,,,,,,,0,0,,0,,,,,"2007-11-29 15:36:50","2007-11-29 16:26:59",
970,1,Banjir Teman ( Belajar saling menolong dan bersahabat sesamanya ),,,,,,,,,id,,,,,,,0,0,,0,,,,,"2007-11-29 15:36:50","2007-11-29 16:26:59",
971,1,Mewarnai,,,,,,,,,id,,,,,,,0,0,,0,,,,,"2007-11-29 15:36:50","2007-11-29 16:26:59",
972,1,Yusuf Si Penafsir Mimpi,,,,,,,,,id,,,,,,,0,0,,0,,,,,"2007-11-29 15:36:50","2007-11-29 16:26:59",
973,1,Kisah Daniel,,,,,,,,,id,,,,,,,0,0,,0,,,,,"2007-11-29 15:36:50","2007-11-29 16:26:59",
974,1,Anak yang hilang,,,,,,,,,id,,,,,,,0,0,,0,,,,,"2007-11-29 15:36:50","2007-11-29 16:26:59",
975,1,Bertumbuh dan bersukan Cita Bersama Tuhan jilid 3,,,,,,,,,id,,,,,,,0,0,,0,,,,,"2007-11-29 15:36:50","2007-11-29 16:26:59",
976,1,Bertumbuh dan bersukan Cita Bersama Tuhan jilid 4,,,,,,,,,id,,,,,,,0,0,,0,,,,,"2007-11-29 15:36:50","2007-11-29 16:26:59",
977,1,Bertumbuh dan bersukan Cita Bersama Tuhan jilid 12,,,,,,,,,id,,,,,,,0,0,,0,,,,,"2007-11-29 15:36:50","2007-11-29 16:26:59",
978,1,Kisah-kisah tentang Yesus,,,,,,,,,id,,,,,,,0,0,,0,,,,,"2007-11-29 15:36:50","2007-11-29 16:26:59",
979,1,Allah mencipta dunia seisinya 1,,,,,,,,,id,,,,,,,0,0,,0,,,,,"2007-11-29 15:36:50","2007-11-29 16:26:59",
980,1,Yusuf dan Musa 2,,,,,,,,,id,,,,,,,0,0,,0,,,,,"2007-11-29 15:36:50","2007-11-29 16:26:59",
981,1,Menuju Tanah Terjanji 3,,,,,,,,,id,,,,,,,0,0,,0,,,,,"2007-11-29 15:36:50","2007-11-29 16:26:59",
982,1,Simson dan Samuel 4,,,,,,,,,id,,,,,,,0,0,,0,,,,,"2007-11-29 15:36:50","2007-11-29 16:26:59",
983,1,Raja Daud dan Salomo 5,,,,,,,,,id,,,,,,,0,0,,0,,,,,"2007-11-29 15:36:50","2007-11-29 16:26:59",
984,1,Nabi Elia dan Nabi Yunus,,,,,,,,,id,,,,,,,0,0,,0,,,,,"2007-11-29 15:36:50","2007-11-29 16:26:59",
985,1,Yesus mengajar banyak orang 8,,,,,,,,,id,,,,,,,0,0,,0,,,,,"2007-11-29 15:36:50","2007-11-29 16:26:59",
986,1,Yesus menyembuhkan orang sakit 9,,,,,,,,,id,,,,,,,0,0,,0,,,,,"2007-11-29 15:36:50","2007-11-29 16:26:59",
987,1,Yesus ditangkap dan diadili 10,,,,,,,,,id,,,,,,,0,0,,0,,,,,"2007-11-29 15:36:50","2007-11-29 16:26:59",
988,1,Para murid mewartakan Yesus 12,,,,,,,,,id,,,,,,,0,0,,0,,,,,"2007-11-29 15:36:50","2007-11-29 16:26:59",
989,1,Alkitab anak-anak dalam Tatawarna 1,,,,,,,,,id,,,,,,,0,0,,0,,,,,"2007-11-29 15:36:50","2007-11-29 16:26:59",
990,1,ALkitab anak-anak dalam Tatawarna 2,,,,,,,,,id,,,,,,,0,0,,0,,,,,"2007-11-29 15:36:50","2007-11-29 16:26:59",
991,1,Alkitab anak-anak Dalam tatawarna 3,,,,,,,,,id,,,,,,,0,0,,0,,,,,"2007-11-29 15:36:50","2007-11-29 16:26:59",
992,1,Alkitab anak-anak Dalam Tatawarna 4,,,,,,,,,id,,,,,,,0,0,,0,,,,,"2007-11-29 15:36:50","2007-11-29 16:26:59",
993,1,Alkitab anak-anak dalam Tatawarna 5,,,,,,,,,id,,,,,,,0,0,,0,,,,,"2007-11-29 15:36:50","2007-11-29 16:26:59",
994,1,Alkitab anak-anak dalam Tatawarna 6,,,,,,,,,id,,,,,,,0,0,,0,,,,,"2007-11-29 15:36:50","2007-11-29 16:26:59",
995,1,Alkitab anak-anak dalam Tatawarna 7,,,,,,,,,id,,,,,,,0,0,,0,,,,,"2007-11-29 15:36:50","2007-11-29 16:26:59",
996,1,Alkitab anak-anak dalam Tatawarna 8,,,,,,,,,id,,,,,,,0,0,,0,,,,,"2007-11-29 15:36:50","2007-11-29 16:26:59",
997,1,Mazmur kecilku,,,,,,,,,id,,,,,,,0,0,,0,,,,,"2007-11-29 15:36:50","2007-11-29 16:26:59",
998,1,Ucapan syukur kepada Tuhan,,,,,,,,,id,,,,,,,0,0,,0,,,,,"2007-11-29 15:36:50","2007-11-29 16:26:59",
999,1,Berkebun,,,,,,,,,id,,,,,,,0,0,,0,,,,,"2007-11-29 15:36:50","2007-11-29 16:26:59",
1000,1,Selamat hari Natal,,,,,,,,,id,,,,,,,0,0,,0,,,,,"2007-11-29 15:36:50","2007-11-29 16:26:59",
1001,1,Ulang Tahun,,,,,,,,,id,,,,,,,0,0,,0,,,,,"2007-11-29 15:36:50","2007-11-29 16:26:59",
1002,1,Saat Teduh Anak-anak,,,,,,,,,id,,,,,,,0,0,,0,,,,,"2007-11-29 15:36:50","2007-11-29 16:26:59",
1003,1,Pertualangan Imas ( si ikan Emas ),,,,,,,,,id,,,,,,,0,0,,0,,,,,"2007-11-29 15:36:50","2007-11-29 16:26:59",
1004,1,Beginald Parker Oliver Vine,,,,,,,,,id,,,,,,,0,0,,0,,,,,"2007-11-29 15:36:50","2007-11-29 16:26:59",
1005,1,Violet Victoria,,,,,,,,,id,,,,,,,0,0,,0,,,,,"2007-11-29 15:36:50","2007-11-29 16:26:59",
1006,1,Tattletale Tilly,,,,,,,,,id,,,,,,,0,0,,0,,,,,"2007-11-29 15:36:50","2007-11-29 16:26:59",
1007,1,Mean billy Joe Gill,,,,,,,,,id,,,,,,,0,0,,0,,,,,"2007-11-29 15:36:50","2007-11-29 16:26:59",
1008,1,Fredrica McFroodle,,,,,,,,,id,,,,,,,0,0,,0,,,,,"2007-11-29 15:36:50","2007-11-29 16:26:59",
1009,1,Joy to Pray,,,,,,,,,id,,,,,,,0,0,,0,,,,,"2007-11-29 15:36:50","2007-11-29 16:26:59",
1010,1,What would Jesus Do,,,,,,,,,id,,,,,,,0,0,,0,,,,,"2007-11-29 15:36:50","2007-11-29 16:26:59",
1011,1,Praying the Will of God into my Life,,,,,,,,,id,,,,,,,0,0,,0,,,,,"2007-11-29 15:36:50","2007-11-29 16:26:59",
1012,1,Joy in Knowing God,,,,,,,,,id,,,,,,,0,0,,0,,,,,"2007-11-29 15:36:50","2007-11-29 16:26:59",
1013,1,God knows my name,,,,,,,,,id,,,,,,,0,0,,0,,,,,"2007-11-29 15:36:50","2007-11-29 16:26:59",
1014,1,Sebuah topi untuk Ivan,,,,,,,,,id,,,,,,,0,0,,0,,,,,"2007-11-29 15:36:50","2007-11-29 16:26:59",
1015,1,The All powerful God,,,,,,,,,id,,,,,,,0,0,,0,,,,,"2007-11-29 15:36:50","2007-11-29 16:26:59",
1016,1,The All-knowing God,,,,,,,,,id,,,,,,,0,0,,0,,,,,"2007-11-29 15:36:50","2007-11-29 16:26:59",
1017,1,"Good Job, Rob!",,,,,,,,,id,,,,,,,0,0,,0,,,,,"2007-11-29 15:36:50","2007-11-29 16:26:59",
1018,1,"Keep trying, Travis!",,,,,,,,,id,,,,,,,0,0,,0,,,,,"2007-11-29 15:36:50","2007-11-29 16:26:59",
1019,1,Bimo,,,,,,,,,id,,,,,,,0,0,,0,,,,,"2007-11-29 15:36:50","2007-11-29 16:26:59",
1020,1,CoKI mengambil Risiko,,,,,,,,,id,,,,,,,0,0,,0,,,,,"2007-11-29 15:36:50","2007-11-29 16:26:59",
1021,1,Andai nanti Kau bertanya-tanya,,,,,,,,,id,,,,,,,0,0,,0,,,,,"2007-11-29 15:36:50","2007-11-29 16:26:59",
1022,1,Anak domba yang Timpang,,,,,,,,,id,,,,,,,0,0,,0,,,,,"2007-11-29 15:36:50","2007-11-29 16:26:59",
1023,1,Kuasa Allah 1,,,,,,,,,id,,,,,,,0,0,,0,,,,,"2007-11-29 15:36:50","2007-11-29 16:26:59",
1024,1,Keluarga-keluarga yang istimewa 2,,,,,,,,,id,,,,,,,0,0,,0,,,,,"2007-11-29 15:36:50","2007-11-29 16:26:59",
1025,1,Keberanian & kekuatan 3,,,,,,,,,id,,,,,,,0,0,,0,,,,,"2007-11-29 15:36:50","2007-11-29 16:26:59",
1026,1,Kisah-kisah yang Membangun Karakter 4,,,,,,,,,id,,,,,,,0,0,,0,,,,,"2007-11-29 15:36:50","2007-11-29 16:26:59",
1027,1,Kisah-kisah tentang iman 5,,,,,,,,,id,,,,,,,0,0,,0,,,,,"2007-11-29 15:36:50","2007-11-29 16:26:59",
1028,1,Jadilah dirimu yang sebenarnya,,,,,,,,,id,,,,,,,0,0,,0,,,,,"2007-11-29 15:36:50","2007-11-29 16:26:59",
1029,1,Mengikuti Jejak Leijdecker jilid 2,,,,,,,,,id,,,,,,,0,0,,0,,,,,"2007-11-29 15:36:50","2007-11-29 16:26:59",
1030,1,Kosong,,,,,,,,,id,,,,,,,0,0,,0,,,,,"2007-11-29 15:36:50","2007-11-29 16:26:59",
1031,1,ETIKA YANG PERLU DIKETAHUI SETIAP PEMIMPIN,,,,,,,,,id,,,,,,,0,0,,0,,,,,"2007-11-29 15:36:50","2007-11-29 16:26:59",
1032,1,David Livingstone ( misionaris dan penjelajah ),,,,,,,,,id,,,,,,,0,0,,0,,,,,"2007-11-29 15:36:50","2007-11-29 16:26:59",
1033,1,Watchman Nee ( hamba Tuhan yang menderita ),,,,,,,,,id,,,,,,,0,0,,0,,,,,"2007-11-29 15:36:50","2007-11-29 16:26:59",
1034,1,Mukjizat Luar Biasa 6,,,,,,,,,id,,,,,,,0,0,,0,,,,,"2007-11-29 15:36:50","2007-11-29 16:26:59",
1035,1,Doa & janji 7,,,,,,,,,id,,,,,,,0,0,,0,,,,,"2007-11-29 15:36:50","2007-11-29 16:26:59",
1036,1,Persahabatan dan kebaikan Hati 8,,,,,,,,,id,,,,,,,0,0,,0,,,,,"2007-11-29 15:36:50","2007-11-29 16:26:59",
1037,1,Anak-anak dalam Alkitab 9,,,,,,,,,id,,,,,,,0,0,,0,,,,,"2007-11-29 15:36:50","2007-11-29 16:26:59",
1038,1,Gembala yang Baik 10,,,,,,,,,id,,,,,,,0,0,,0,,,,,"2007-11-29 15:36:50","2007-11-29 16:26:59",
1039,1,(Chicken soup for the soul) Pelajaran Berharga,,,,,,,,,id,,,,,,,0,0,,0,,,,,"2007-11-29 15:36:50","2007-11-29 16:26:59",
1040,1,"Menurut Allah, kamu itu indah!",,,,,,,,,id,,,,,,,0,0,,0,,,,,"2007-11-29 15:36:50","2007-11-29 16:26:59",
1041,1,Terima Kasih Yesus,,,,,,,,,id,,,,,,,0,0,,0,,,,,"2007-11-29 15:36:50","2007-11-29 16:26:59",
1042,1,Saat bintang-bintang Terbit,,,,,,,,,id,,,,,,,0,0,,0,,,,,"2007-11-29 15:36:50","2007-11-29 16:26:59",
1043,1,Sejarah gereja dengan Cartoons,,,,,,,,,id,,,,,,,0,0,,0,,,,,"2007-11-29 15:36:50","2007-11-29 16:26:59",
1044,1,Katekisasi dengan Cartoons,,,,,,,,,id,,,,,,,0,0,,0,,,,,"2007-11-29 15:36:50","2007-11-29 16:26:59",
1045,1,Allah dapat melakukan segala-galanya!,,,,,,,,,id,,,,,,,0,0,,0,,,,,"2007-11-29 15:36:50","2007-11-29 16:26:59",
1046,1,Tuhan di pihak kita,,,,,,,,,id,,,,,,,0,0,,0,,,,,"2007-11-29 15:36:50","2007-11-29 16:26:59",
1047,1,Tuhan Menjaga Kita,,,,,,,,,id,,,,,,,0,0,,0,,,,,"2007-11-29 15:36:50","2007-11-29 16:26:59",
1048,1,Istana Di balik Awan,,,,,,,,,id,,,,,,,0,0,,0,,,,,"2007-11-29 15:36:50","2007-11-29 16:26:59",
1049,1,Di bawah Pohon Rindang,,,,,,,,,id,,,,,,,0,0,,0,,,,,"2007-11-29 15:36:50","2007-11-29 16:26:59",
1050,1,The Toddlers,,,,,,,,,id,,,,,,,0,0,,0,,,,,"2007-11-29 15:36:50","2007-11-29 16:26:59",
1051,1,Renunganku Sebelum Tidur 1,,,,,,,,,id,,,,,,,0,0,,0,,,,,"2007-11-29 15:36:50","2007-11-29 16:26:59",
1052,1,Alkitabku sebelum tidur 1,,,,,,,,,id,,,,,,,0,0,,0,,,,,"2007-11-29 15:36:50","2007-11-29 16:26:59",
1053,1,Alkitabku sebelum tidur 2,,,,,,,,,id,,,,,,,0,0,,0,,,,,"2007-11-29 15:36:50","2007-11-29 16:26:59",
1054,1,My ABC bible Verses,,,,,,,,,id,,,,,,,0,0,,0,,,,,"2007-11-29 15:36:50","2007-11-29 16:26:59",
1055,1,Kebenaran Utama bagi anak-anak,,,,,,,,,id,,,,,,,0,0,,0,,,,,"2007-11-29 15:36:50","2007-11-29 16:26:59",
1056,1,I Love my bible,,,,,,,,,id,,,,,,,0,0,,0,,,,,"2007-11-29 15:36:50","2007-11-29 16:26:59",
1057,1,Mengenal Alkitab,,,,,,,,,id,,,,,,,0,0,,0,,,,,"2007-11-29 15:36:50","2007-11-29 16:26:59",
1058,1,My color Bible,,,,,,,,,id,,,,,,,0,0,,0,,,,,"2007-11-29 15:36:50","2007-11-29 16:26:59",
1059,1,The baker books of Bible people for Kids,,,,,,,,,id,,,,,,,0,0,,0,,,,,"2007-11-29 15:36:50","2007-11-29 16:26:59",
1060,1,"40 ayat favorit",,,,,,,,,id,,,,,,,0,0,,0,,,,,"2007-11-29 15:36:50","2007-11-29 16:26:59",
1061,1,"40 bintang dalam Alkitab",,,,,,,,,id,,,,,,,0,0,,0,,,,,"2007-11-29 15:36:50","2007-11-29 16:26:59",
1062,1,Kisah 40 kunjungan Malaikat,,,,,,,,,id,,,,,,,0,0,,0,,,,,"2007-11-29 15:36:50","2007-11-29 16:26:59",
1063,1,Buku cerita Alkitab,,,,,,,,,id,,,,,,,0,0,,0,,,,,"2007-11-29 15:36:50","2007-11-29 16:26:59",
1064,1,Children of the living God,,,,,,,,,id,,,,,,,0,0,,0,,,,,"2007-11-29 15:36:50","2007-11-29 16:26:59",
1065,1,Corrie Ten Boom ( pahlawan wanita dari Haarlem ),,,,,,,,,id,,,,,,,0,0,,0,,,,,"2007-11-29 15:36:50","2007-11-29 16:26:59",
1066,1,Yesus peganglah tanganku,,,,,,,,,id,,,,,,,0,0,,0,,,,,"2007-11-29 15:36:50","2007-11-29 16:26:59",
1067,1,Stories About Jesus For Little ones,,,,,,,,,id,,,,,,,0,0,,0,,,,,"2007-11-29 15:36:50","2007-11-29 16:26:59",
1068,1,Daud dan Goliat ( versi mandarin ),,,,,,,,,id,,,,,,,0,0,,0,,,,,"2007-11-29 15:36:50","2007-11-29 16:26:59",
1069,1,Yunus ( versi Mandarin ),,,,,,,,,id,,,,,,,0,0,,0,,,,,"2007-11-29 15:36:50","2007-11-29 16:26:59",
1070,1,Cerita Alkitab ( versi mandarin ),,,,,,,,,id,,,,,,,0,0,,0,,,,,"2007-11-29 15:36:50","2007-11-29 16:26:59",
1071,1,Cerita-cerita Alkitab untuk anak-anak,,,,,,,,,id,,,,,,,0,0,,0,,,,,"2007-11-29 15:36:50","2007-11-29 16:26:59",
1072,1,The Da Vinci Code,,,,,,,,,id,,,,,,,0,0,,0,,,,,"2007-11-29 15:36:50","2007-11-29 16:26:59",
1073,1,Da Vinci Code Decoded,,,,,,,,,id,,,,,,,0,0,,0,,,,,"2007-11-29 15:36:50","2007-11-29 16:26:59",
1074,1,Cracking Da Vinci's Code,,,,,,,,,id,,,,,,,0,0,,0,,,,,"2007-11-29 15:36:50","2007-11-29 16:26:59",
1075,1,The Lost Gospel,,,,,,,,,id,,,,,,,0,0,,0,,,,,"2007-11-29 15:36:50","2007-11-29 16:26:59",
1076,1,The Templar Revelation,,,,,,,,,id,,,,,,,0,0,,0,,,,,"2007-11-29 15:36:50","2007-11-29 16:26:59",
1077,1,"Holly Blood, Holy Grail",,,,,,,,,id,,,,,,,0,0,,0,,,,,"2007-11-29 15:36:50","2007-11-29 16:26:59",
1078,1,Humanisme dan Gerakan Zaman Baru,,,,,,,,,id,,,,,,,0,0,,0,,,,,"2007-11-29 15:36:50","2007-11-29 16:26:59",
1079,1,Menang Atas Ajaran Sesat,,,,,,,,,id,,,,,,,0,0,,0,,,,,"2007-11-29 15:36:50","2007-11-29 16:26:59",
1080,1,Bagaimana Menghadapi Saksi Yehuwa?,,,,,,,,,id,,,,,,,0,0,,0,,,,,"2007-11-29 15:36:50","2007-11-29 16:26:59",
1081,1,Menyibak Tirai Saksi Yehuwa,,,,,,,,,id,,,,,,,0,0,,0,,,,,"2007-11-29 15:36:50","2007-11-29 16:26:59",
1082,1,Kode Da Vinci Fakta Disela-sela Fiksi,,,,,,,,,id,,,,,,,0,0,,0,,,,,"2007-11-29 15:36:50","2007-11-29 16:26:59",
1083,1,Teologi Sukses Antara Allah dan Mamon cetakan 1,,,,,,,,,id,,,,,,,0,0,,0,,,,,"2007-11-29 15:36:50","2007-11-29 16:26:59",
1084,1,Teologi Sukses Antara Allah dan Mamon cetakan 2,,,,,,,,,id,,,,,,,0,0,,0,,,,,"2007-11-29 15:36:50","2007-11-29 16:26:59",
1085,1,Ecstasy dan Putauw Tantangan bagi Pelayanan Kristiani,,,,,,,,,id,,,,,,,0,0,,0,,,,,"2007-11-29 15:36:50","2007-11-29 16:26:59",
1086,1,Injil Yudas (Menggugat Yesus Injil Kanonik),,,,,,,,,id,,,,,,,0,0,,0,,,,,"2007-11-29 15:36:50","2007-11-29 16:26:59",
1087,1,Nama Allah (NamaTuhan yang Dipermasalahkan),,,,,,,,,id,,,,,,,0,0,,0,,,,,"2007-11-29 15:36:50","2007-11-29 16:26:59",
1088,1,Yesus Digugat,,,,,,,,,id,,,,,,,0,0,,0,,,,,"2007-11-29 15:36:50","2007-11-29 16:26:59",
1089,1,Alkitab Saku satu menit ( untuk pria ),,,,,,,,,id,,,,,,,0,0,,0,,,,,"2007-11-29 15:36:50","2007-11-29 16:26:59",
1090,1,Alkitab Saku satu menit ( untuk pengusaha ),,,,,,,,,id,,,,,,,0,0,,0,,,,,"2007-11-29 15:36:50","2007-11-29 16:26:59",
1091,1,Alkitab Saku satu Menit ( untuk kaum profesional ),,,,,,,,,id,,,,,,,0,0,,0,,,,,"2007-11-29 15:36:50","2007-11-29 16:26:59",
1092,1,Alkitab Saku satu menit ( untuk wanita ),,,,,,,,,id,,,,,,,0,0,,0,,,,,"2007-11-29 15:36:50","2007-11-29 16:26:59",
1093,1,Alkitab Saku satu menit ( untuk muda-mudi ),,,,,,,,,id,,,,,,,0,0,,0,,,,,"2007-11-29 15:36:50","2007-11-29 16:26:59",
1094,1,"Tolong aku, depresi!",,,,,,,,,id,,,,,,,0,0,,0,,,,,"2007-11-29 15:36:50","2007-11-29 16:26:59",
1095,1,"Tolong aku, Stress!",,,,,,,,,id,,,,,,,0,0,,0,,,,,"2007-11-29 15:36:50","2007-11-29 16:26:59",
1096,1,"Tolong aku, Rendah diri!",,,,,,,,,id,,,,,,,0,0,,0,,,,,"2007-11-29 15:36:50","2007-11-29 16:26:59",
1097,1,"Tolong aku, kecewa!",,,,,,,,,id,,,,,,,0,0,,0,,,,,"2007-11-29 15:36:50","2007-11-29 16:26:59",
1098,1,"Tolong Aku, Takut!",,,,,,,,,id,,,,,,,0,0,,0,,,,,"2007-11-29 15:36:50","2007-11-29 16:26:59",
1099,1,Bersiap untuk berkelimpahan,,,,,,,,,id,,,,,,,0,0,,0,,,,,"2007-11-29 15:36:50","2007-11-29 16:26:59",
1100,1,Pengobatan Diabetes menurut Alkitab,,,,,,,,,id,,,,,,,0,0,,0,,,,,"2007-11-29 15:36:50","2007-11-29 16:26:59",
1101,1,Pengobatan Depresi menurut Alkitab,,,,,,,,,id,,,,,,,0,0,,0,,,,,"2007-11-29 15:36:50","2007-11-29 16:26:59",
1102,1,Pengobatan Jantung menurut Alkitab,,,,,,,,,id,,,,,,,0,0,,0,,,,,"2007-11-29 15:36:50","2007-11-29 16:26:59",
1103,1,Pengobatan Kanker menurut Alkitab,,,,,,,,,id,,,,,,,0,0,,0,,,,,"2007-11-29 15:36:50","2007-11-29 16:26:59",
1104,1,Pelayan yang Beriman 1,,,,,,,,,id,,,,,,,0,0,,0,,,,,"2007-11-29 15:36:50","2007-11-29 16:26:59",
1105,1,Cara Pandang seorang Pelayan 2,,,,,,,,,id,,,,,,,0,0,,0,,,,,"2007-11-29 15:36:50","2007-11-29 16:26:59",
1106,1,Pelayan yang melarikan diri 3,,,,,,,,,id,,,,,,,0,0,,0,,,,,"2007-11-29 15:36:50","2007-11-29 16:26:59",
1107,1,Pelayan yang mengasihani diri 5,,,,,,,,,id,,,,,,,0,0,,0,,,,,"2007-11-29 15:36:50","2007-11-29 16:26:59",
1108,1,Jerih payah seorang Pelayan 6,,,,,,,,,id,,,,,,,0,0,,0,,,,,"2007-11-29 15:36:50","2007-11-29 16:26:59",
1109,1,Pelayan Yang berkorban 8,,,,,,,,,id,,,,,,,0,0,,0,,,,,"2007-11-29 15:36:50","2007-11-29 16:26:59",
1110,1,Terapi kedamaian,,,,,,,,,id,,,,,,,0,0,,0,,,,,"2007-11-29 15:36:50","2007-11-29 16:26:59",
1111,1,Terapi untuk menjadi Baik Dalam Perkawinan,,,,,,,,,id,,,,,,,0,0,,0,,,,,"2007-11-29 15:36:50","2007-11-29 16:26:59",
1112,1,Terapi Kekhawatiran,,,,,,,,,id,,,,,,,0,0,,0,,,,,"2007-11-29 15:36:50","2007-11-29 16:26:59",
1113,1,Terapi untuk Hidup di masa Kini,,,,,,,,,id,,,,,,,0,0,,0,,,,,"2007-11-29 15:36:50","2007-11-29 16:26:59",
1114,1,Terapi mempertahankan semangat Anda,,,,,,,,,id,,,,,,,0,0,,0,,,,,"2007-11-29 15:36:50","2007-11-29 16:26:59",
1115,1,Terapi kepercayaan kepada Allah,,,,,,,,,id,,,,,,,0,0,,0,,,,,"2007-11-29 15:36:50","2007-11-29 16:26:59",
1116,1,Terapi Bersikap baik Terhadap Tubuh Anda,,,,,,,,,id,,,,,,,0,0,,0,,,,,"2007-11-29 15:36:50","2007-11-29 16:26:59",
1117,1,Terapi Bermain,,,,,,,,,id,,,,,,,0,0,,0,,,,,"2007-11-29 15:36:50","2007-11-29 16:26:59",
1118,1,Terapi Rayakan Kewanitaan Anda,,,,,,,,,id,,,,,,,0,0,,0,,,,,"2007-11-29 15:36:50","2007-11-29 16:26:59",
1119,1,Terapi Pengampunan,,,,,,,,,id,,,,,,,0,0,,0,,,,,"2007-11-29 15:36:50","2007-11-29 16:26:59",
1120,1,Terapi untuk Berbaik hati terhadap Diri Sendiri,,,,,,,,,id,,,,,,,0,0,,0,,,,,"2007-11-29 15:36:50","2007-11-29 16:26:59",
1121,1,Terapi hidup Menurut Jiwa Anda,,,,,,,,,id,,,,,,,0,0,,0,,,,,"2007-11-29 15:36:50","2007-11-29 16:26:59",
1122,1,Terapi menciptakan Ketenangan Hidup,,,,,,,,,id,,,,,,,0,0,,0,,,,,"2007-11-29 15:36:50","2007-11-29 16:26:59",
1123,1,Terapi Menjaga Hidup Sederhana,,,,,,,,,id,,,,,,,0,0,,0,,,,,"2007-11-29 15:36:50","2007-11-29 16:26:59",
1124,1,Terapi Penerimaan,,,,,,,,,id,,,,,,,0,0,,0,,,,,"2007-11-29 15:36:50","2007-11-29 16:26:59",
1125,1,Terapi terbaik kepada Keluarga Anda,,,,,,,,,id,,,,,,,0,0,,0,,,,,"2007-11-29 15:36:50","2007-11-29 16:26:59",
1126,1,Prestasi bukan suatu kebetulan,,,,,,,,,id,,,,,,,0,0,,0,,,,,"2007-11-29 15:36:50","2007-11-29 16:26:59",
1127,1,Worship Revolution,,,,,,,,,id,,,,,,,0,0,,0,,,,,"2007-11-29 15:36:50","2007-11-29 16:26:59",
1128,1,Maximized Manhood,,,,,,,,,id,,,,,,,0,0,,0,,,,,"2007-11-29 15:36:50","2007-11-29 16:26:59",
1129,1,Mental sukses,,,,,,,,,id,,,,,,,0,0,,0,,,,,"2007-11-29 15:36:50","2007-11-29 16:26:59",
1130,1,Buku saku CEO,,,,,,,,,id,,,,,,,0,0,,0,,,,,"2007-11-29 15:36:50","2007-11-29 16:26:59",
1131,1,Apa yang dilakukan Yesus untuk mengatasi stress?,,,,,,,,,id,,,,,,,0,0,,0,,,,,"2007-11-29 15:36:50","2007-11-29 16:26:59",
1132,1,Apa kata Tuhan tentang Karakter,,,,,,,,,id,,,,,,,0,0,,0,,,,,"2007-11-29 15:36:50","2007-11-29 16:26:59",
1133,1,Anugerah Berlimpah Bagi Pendosa Terbesar,,,,,,,,,id,,,,,,,0,0,,0,,,,,"2007-11-29 15:36:50","2007-11-29 16:26:59",
1134,1,John Bunyan,,,,,,,,,id,,,,,,,0,0,,0,,,,,"2007-11-29 15:36:50","2007-11-29 16:26:59",
1135,1,Shadow of the Almighty,,,,,,,,,id,,,,,,,0,0,,0,,,,,"2007-11-29 15:36:50","2007-11-29 16:26:59",
1136,1,Pahlawan iman Billy Graham sampai ke penjuru bangsa,,,,,,,,,id,,,,,,,0,0,,0,,,,,"2007-11-29 15:36:50","2007-11-29 16:26:59",
1137,1,"Johanes Calvin ( pembangunan jemaat , tata gereja dan Jabatan Gerejawi)",,,,,,,,,id,,,,,,,0,0,,0,,,,,"2007-11-29 15:36:50","2007-11-29 16:26:59",
1138,1,Debu yang menjadi permata,,,,,,,,,id,,,,,,,0,0,,0,,,,,"2007-11-29 15:36:50","2007-11-29 16:26:59",
1139,1,Penyelundup Allah,,,,,,,,,id,,,,,,,0,0,,0,,,,,"2007-11-29 15:36:50","2007-11-29 16:26:59",
1140,1,Mengapa mereka sukses dan beberapa di antaranya Gagal vol 1,,,,,,,,,id,,,,,,,0,0,,0,,,,,"2007-11-29 15:36:50","2007-11-29 16:26:59",
1141,1,Riwayat hidup singkat tokoh-tokoh dalam sejarah gereja,,,,,,,,,id,,,,,,,0,0,,0,,,,,"2007-11-29 15:36:50","2007-11-29 16:26:59",
1142,1,Billy Graham ( penginjil besar ),,,,,,,,,id,,,,,,,0,0,,0,,,,,"2007-11-29 15:36:50","2007-11-29 16:26:59",
1143,1,Charles Spurgeon ( ahli pidato yang luar biasa ),,,,,,,,,id,,,,,,,0,0,,0,,,,,"2007-11-29 15:36:50","2007-11-29 16:26:59",
1144,1,Lea,,,,,,,,,id,,,,,,,0,0,,0,,,,,"2007-11-29 15:36:50","2007-11-29 16:26:59",
1145,1,Ocniel,,,,,,,,,id,,,,,,,0,0,,0,,,,,"2007-11-29 15:36:50","2007-11-29 16:26:59",
1146,1,Daud,,,,,,,,,id,,,,,,,0,0,,0,,,,,"2007-11-29 15:36:50","2007-11-29 16:26:59",
1147,1,Yusuf,,,,,,,,,id,,,,,,,0,0,,0,,,,,"2007-11-29 15:36:50","2007-11-29 16:26:59",
1148,1,Tugas Elia,,,,,,,,,id,,,,,,,0,0,,0,,,,,"2007-11-29 15:36:50","2007-11-29 16:26:59",
1149,1,Jalanmu bukanlah JalanKu,,,,,,,,,id,,,,,,,0,0,,0,,,,,"2007-11-29 15:36:50","2007-11-29 16:26:59",
1150,1,Mother Theresa,,,,,,,,,id,,,,,,,0,0,,0,,,,,"2007-11-29 15:36:50","2007-11-29 16:26:59",
1151,1,Bagaimana tokoh-tokoh Kristen bertemu dengan Kristus,,,,,,,,,id,,,,,,,0,0,,0,,,,,"2007-11-29 15:36:50","2007-11-29 16:26:59",
1152,1,Biarkanlah Umatku Pergi ( riwayat hidup Robert A.Jaffray,,,,,,,,,id,,,,,,,0,0,,0,,,,,"2007-11-29 15:36:50","2007-11-29 16:26:59",
1153,1,Iblis Menggoda Wanita,,,,,,,,,id,,,,,,,0,0,,0,,,,,"2007-11-29 15:36:50","2007-11-29 16:26:59",
1154,1,Menggoda Kanker dengan Iman,,,,,,,,,id,,,,,,,0,0,,0,,,,,"2007-11-29 15:36:50","2007-11-29 16:26:59",
1155,1,Kupatuhi Perintah Tuhan,,,,,,,,,id,,,,,,,0,0,,0,,,,,"2007-11-29 15:36:50","2007-11-29 16:26:59",
1156,1,Srikandi Iman,,,,,,,,,id,,,,,,,0,0,,0,,,,,"2007-11-29 15:36:50","2007-11-29 16:26:59",
1157,1,Kalau terpakasa aku mati,,,,,,,,,id,,,,,,,0,0,,0,,,,,"2007-11-29 15:36:50","2007-11-29 16:26:59",
1158,1,Ambilah hidupku,,,,,,,,,id,,,,,,,0,0,,0,,,,,"2007-11-29 15:36:50","2007-11-29 16:26:59",
1159,1,John Sung (Obor Allah Di Asia),,,,,,,,,id,,,,,,,0,0,,0,,,,,"2007-11-29 15:36:50","2007-11-29 16:26:59",
1160,1,Seven convvincing Miracles,,,,,,,,,id,,,,,,,0,0,,0,,,,,"2007-11-29 15:36:50","2007-11-29 16:26:59",
1161,1,Menyangkal Yesus atau Ditembak Mati,,,,,,,,,id,,,,,,,0,0,,0,,,,,"2007-11-29 15:36:50","2007-11-29 16:26:59",
1162,1,Bila Tuhan Menyertai,,,,,,,,,id,,,,,,,0,0,,0,,,,,"2007-11-29 15:36:50","2007-11-29 16:26:59",
1163,1,Anakku dipanggil pulang ke sorga,,,,,,,,,id,,,,,,,0,0,,0,,,,,"2007-11-29 15:36:50","2007-11-29 16:26:59",
1164,1,Gadis Pejuang Iman,,,,,,,,,id,,,,,,,0,0,,0,,,,,"2007-11-29 15:36:50","2007-11-29 16:26:59",
1165,1,Setia sampai mati,,,,,,,,,id,,,,,,,0,0,,0,,,,,"2007-11-29 15:36:50","2007-11-29 16:26:59",
1166,1,Jubah Kuning,,,,,,,,,id,,,,,,,0,0,,0,,,,,"2007-11-29 15:36:50","2007-11-29 16:26:59",
1167,1,Ibu Teresa ( A simple Path ),,,,,,,,,id,,,,,,,0,0,,0,,,,,"2007-11-29 15:36:50","2007-11-29 16:26:59",
1168,1,Mukjizat di kamar maut,,,,,,,,,id,,,,,,,0,0,,0,,,,,"2007-11-29 15:36:50","2007-11-29 16:26:59",
1169,1,Hidup damai ditunjang Talenta,,,,,,,,,id,,,,,,,0,0,,0,,,,,"2007-11-29 15:36:50","2007-11-29 16:26:59",
1170,1,Karya Suci Ratu kamar gelap,,,,,,,,,id,,,,,,,0,0,,0,,,,,"2007-11-29 15:36:50","2007-11-29 16:26:59",
1171,1,Goresan dalam Lintas Pelayanan seorang Hamba,,,,,,,,,id,,,,,,,0,0,,0,,,,,"2007-11-29 15:36:50","2007-11-29 16:26:59",
1172,1,"Dulu Aku Buta, sekarang Melihat",,,,,,,,,id,,,,,,,0,0,,0,,,,,"2007-11-29 15:36:50","2007-11-29 16:26:59",
1173,1,KINZA,,,,,,,,,id,,,,,,,0,0,,0,,,,,"2007-11-29 15:36:50","2007-11-29 16:26:59",
1174,1,Marthin Luther,,,,,,,,,id,,,,,,,0,0,,0,,,,,"2007-11-29 15:36:50","2007-11-29 16:26:59",
1175,1,Johanes Calvin ( anak piatu yang menjadi pembaru gereja ),,,,,,,,,id,,,,,,,0,0,,0,,,,,"2007-11-29 15:36:50","2007-11-29 16:26:59",
1176,1,Mengapa mereka sukses dan beberapa di antaranya Gagal vol 2,,,,,,,,,id,,,,,,,0,0,,0,,,,,"2007-11-29 15:36:50","2007-11-29 16:26:59",
1177,1,Mengapa mereka sukses dan beberapa di antaranya Gagal vol 3,,,,,,,,,id,,,,,,,0,0,,0,,,,,"2007-11-29 15:36:50","2007-11-29 16:26:59",
1178,1,Ayub sang konglomerat,,,,,,,,,id,,,,,,,0,0,,0,,,,,"2007-11-29 15:36:50","2007-11-29 16:26:59",
1179,1,kosong,,,,,,,,,id,,,,,,,0,0,,0,,,,,"2007-11-29 15:36:50","2007-11-29 16:26:59",
1180,1,George Muller,,,,,,,,,id,,,,,,,0,0,,0,,,,,"2007-11-29 15:36:50","2007-11-29 16:26:59",
1181,1,Longing For God ( Merindukan Allah ),,,,,,,,,id,,,,,,,0,0,,0,,,,,"2007-11-29 15:36:50","2007-11-29 16:26:59",
1182,1,Jalan Menuju Kemenangan,,,,,,,,,id,,,,,,,0,0,,0,,,,,"2007-11-29 15:36:50","2007-11-29 16:26:59",
1183,1,Ezra & Nehemia,,,,,,,,,id,,,,,,,0,0,,0,,,,,"2007-11-29 15:36:50","2007-11-29 16:26:59",
1184,1,Renungan Hari ini,,,,,,,,,id,,,,,,,0,0,,0,,,,,"2007-11-29 15:36:50","2007-11-29 16:26:59",
1185,1,Bagaimana mengalami kebangunan rohani,,,,,,,,,id,,,,,,,0,0,,0,,,,,"2007-11-29 15:36:50","2007-11-29 16:26:59",
1186,1,Bagaimana memahami Alkitab?,,,,,,,,,id,,,,,,,0,0,,0,,,,,"2007-11-29 15:36:50","2007-11-29 16:26:59",
1187,1,Bagaimana membangun keluarga bahagia?,,,,,,,,,id,,,,,,,0,0,,0,,,,,"2007-11-29 15:36:50","2007-11-29 16:26:59",
1188,1,Apakah orang Kristen percaya tiga Allah?,,,,,,,,,id,,,,,,,0,0,,0,,,,,"2007-11-29 15:36:50","2007-11-29 16:26:59",
1189,1,Penyembahan yang bagaimana yang diperkenan Allah?,,,,,,,,,id,,,,,,,0,0,,0,,,,,"2007-11-29 15:36:50","2007-11-29 16:26:59",
1190,1,Apa daya tarik gerakan Zaman baru,,,,,,,,,id,,,,,,,0,0,,0,,,,,"2007-11-29 15:36:50","2007-11-29 16:26:59",
1191,1,Bagaimana memulai percakapan dalam PI?,,,,,,,,,id,,,,,,,0,0,,0,,,,,"2007-11-29 15:36:50","2007-11-29 16:26:59",
1192,1,KHOTBAH YANG MENYENTUH KAUM PEREMPUAN,,,,,,,,,id,,,,,,,0,0,,0,,,,,"2007-11-29 15:36:50","2007-11-29 16:26:59",
1193,1,"KEMARAHAN, KERAMAHAN&KEMURAHAN ALLAH",,,,,,,,,id,,,,,,,0,0,,0,,,,,"2007-11-29 15:36:50","2007-11-29 16:26:59",
1194,1,THEOLOGI LUKAS,,,,,,,,,id,,,,,,,0,0,,0,,,,,"2007-11-29 15:36:50","2007-11-29 16:26:59",
1195,1,Roh Kudus Penolong Kita,"","","",,"","","","",id,,,NONE,"",,,0,0,,0,"",,,,"2007-11-29 15:36:50","2026-07-25 16:16:13",
1196,1,KAUM PILIHAN ALLAH,,,,,,,,,id,,,,,,,0,0,,0,,,,,"2007-11-29 15:36:50","2007-11-29 16:26:59",
1197,1,MENGAPA PERCAYA,,,,,,,,,id,,,,,,,0,0,,0,,,,,"2007-11-29 15:36:50","2007-11-29 16:26:59",
1198,1,LATIHAN BAGI UMAT ALLAH,,,,,,,,,id,,,,,,,0,0,,0,,,,,"2007-11-29 15:36:50","2007-11-29 16:26:59",
1199,1,"MENGUAK FAKTA, MENATA KARYA NYATA","","","",3,"","","","13000047",id,,,"13000047","",,,0,0,,0,"",,,,"2007-11-29 15:36:50","2026-07-25 11:19:50",
1200,1,PAULUS PEMIKIRAN UTAMA THEOLOGIANYA,,,,,,,,,id,,,,,,,0,0,,0,,,,,"2007-11-29 15:36:50","2007-11-29 16:26:59",
1201,1,Jesus of the Gospels,"","","",7,"","","","13000049",id,,,"13000049","",,,0,0,,0,"",,,,"2007-11-29 15:36:50","2026-07-26 10:03:33",
1202,1,MY CHRISTMAS HANDY BIBLE,,,,,,,,,id,,,,,,,0,0,,0,,,,,"2007-11-29 15:36:50","2007-11-29 16:26:59",
1203,1,THE STORY OF CREATION,,,,,,,,,id,,,,,,,0,0,,0,,,,,"2007-11-29 15:36:50","2007-11-29 16:26:59",
1204,1,Ucapan yang Sulit Dalam Perjanjian Baru,,,,,,,,,id,,,,,,,0,0,,0,,,,,"2007-11-29 15:36:50","2007-11-29 16:26:59",
1205,1,Selamat Mewaris : 33 Renungan Tentang Pusaka Hidup,,,,,,,,,id,,,,,,,0,0,,0,,,,,"2007-11-29 15:36:50","2007-11-29 16:26:59",
1206,1,PERUMPAMAAN TUHANYESUS,,,,,,,,,id,,,,,,,0,0,,0,,,,,"2007-11-29 15:36:50","2007-11-29 16:26:59",
1207,1,ALKITAB KECILKU,,,,,,,,,id,,,,,,,0,0,,0,,,,,"2007-11-29 15:36:50","2007-11-29 16:26:59",
1208,1,MENEMUKAN YESUS DI KITAB KELUARAN,,,,,,,,,id,,,,,,,0,0,,0,,,,,"2007-11-29 15:36:50","2007-11-29 16:26:59",
1209,1,MENEMUKAN YESUS DI KITAB KEJADIAN,,,,,,,,,id,,,,,,,0,0,,0,,,,,"2007-11-29 15:36:50","2007-11-29 16:26:59",
1210,1,MY ABC BIBLE VERSES (AYAT-AYAT ALKITAB ABC KU),,,,,,,,,id,,,,,,,0,0,,0,,,,,"2007-11-29 15:36:50","2007-11-29 16:26:59",
1211,1,Manga RBC mandarin,,,,,,,,,id,,,,,,,0,0,,0,,,,,"2007-11-29 15:36:50","2007-11-29 16:26:59",
1212,1,ONE WINTRY NIGHT,,,,,,,,,id,,,,,,,0,0,,0,,,,,"2007-11-29 15:36:50","2007-11-29 16:26:59",
1213,1,DON'T WORRY ABOUT TOMORROW,,,,,,,,,id,,,,,,,0,0,,0,,,,,"2007-11-29 15:36:50","2007-11-29 16:26:59",
1214,1,LOVE YOUR NEIGHBOR,,,,,,,,,id,,,,,,,0,0,,0,,,,,"2007-11-29 15:36:50","2007-11-29 16:26:59",
1215,1,THE GIFT OF CHRISTMAS,,,,,,,,,id,,,,,,,0,0,,0,,,,,"2007-11-29 15:36:50","2007-11-29 16:26:59",
1216,1,ALL ABOUT MONEY (SEMUANYA TENTANG UANG),,,,,,,,,id,,,,,,,0,0,,0,,,,,"2007-11-29 15:36:50","2007-11-29 16:26:59",
1217,1,BAA ESTER,,,,,,,,,id,,,,,,,0,0,,0,,,,,"2007-11-29 15:36:50","2007-11-29 16:26:59",
1218,1,BAA YUSUF,,,,,,,,,id,,,,,,,0,0,,0,,,,,"2007-11-29 15:36:50","2007-11-29 16:26:59",
1219,1,BAA DAUD,,,,,,,,,id,,,,,,,0,0,,0,,,,,"2007-11-29 15:36:50","2007-11-29 16:26:59",
1220,1,BAA YESUS SUDAH BANGKIT,,,,,,,,,id,,,,,,,0,0,,0,,,,,"2007-11-29 15:36:50","2007-11-29 16:26:59",
1221,1,BAA  TUHAN YESUS LAHIR,,,,,,,,,id,,,,,,,0,0,,0,,,,,"2007-11-29 15:36:50","2007-11-29 16:26:59",
1222,1,BAA  PAULUS,,,,,,,,,id,,,,,,,0,0,,0,,,,,"2007-11-29 15:36:50","2007-11-29 16:26:59",
1223,1,RAJA & BURUNG ELANG,,,,,,,,,id,,,,,,,0,0,,0,,,,,"2007-11-29 15:36:50","2007-11-29 16:26:59",
1224,1,MY FIRST BOOK DOA-DOA ALKITAB,,,,,,,,,id,,,,,,,0,0,,0,,,,,"2007-11-29 15:36:50","2007-11-29 16:26:59",
1225,1,MANUSIA JATUH KE DALAM DOSA,,,,,,,,,id,,,,,,,0,0,,0,,,,,"2007-11-29 15:36:50","2007-11-29 16:26:59",
1226,1,NUH DAN BAHTERANYA,,,,,,,,,id,,,,,,,0,0,,0,,,,,"2007-11-29 15:36:50","2007-11-29 16:26:59",
1227,1,ABRAHAM,,,,,,,,,id,,,,,,,0,0,,0,,,,,"2007-11-29 15:36:50","2007-11-29 16:26:59",
1228,1,KELINCI MENENDANG PINTU,,,,,,,,,id,,,,,,,0,0,,0,,,,,"2007-11-29 15:36:50","2007-11-29 16:26:59",
1229,1,KISAH ANAK YANG HILANG,,,,,,,,,id,,,,,,,0,0,,0,,,,,"2007-11-29 15:36:50","2007-11-29 16:26:59",
1230,1,KISAH NABI NUH,,,,,,,,,id,,,,,,,0,0,,0,,,,,"2007-11-29 15:36:50","2007-11-29 16:26:59",
1231,1,KISAH BAYI YESUS,,,,,,,,,id,,,,,,,0,0,,0,,,,,"2007-11-29 15:36:50","2007-11-29 16:26:59",
1232,1,JIKA TUHAN BERKATA TIDAK,,,,,,,,,id,,,,,,,0,0,,0,,,,,"2007-11-29 15:36:50","2007-11-29 16:26:59",
1233,1,Selamat Berteman,,,,,,,,,id,,,,,,,0,0,,0,,,,,"2007-11-29 15:36:50","2007-11-29 16:26:59",
1234,1,A minute of Margin,,,,,,,,,id,,,,,,,0,0,,0,,,,,"2007-11-29 15:36:50","2007-11-29 16:26:59",
1235,1,MISTERI PERNIKAHAN YANG KACAU,,,,,,,,,id,,,,,,,0,0,,0,,,,,"2007-11-29 15:36:50","2007-11-29 16:26:59",
1236,1,MISTERI KUCING YANG TERTAWA,,,,,,,,,id,,,,,,,0,0,,0,,,,,"2007-11-29 15:36:50","2007-11-29 16:26:59",
1237,1,TUGAS GEREJA DAN MISI MASA KINI,,,,,,,,,id,,,,,,,0,0,,0,,,,,"2007-11-29 15:36:50","2007-11-29 16:26:59",
1238,1,Sepatah Kata untuk Hamba Tuhan,"","","",,"","","","",id,,,NONE,"",,,0,0,,0,"",,,,"2007-11-29 15:36:50","2026-07-15 16:12:34",
1239,1,Apologetika bagi Kemuliaan Allah,"","","",2,"","","","13000231",id,,,"13000052","",,,0,0,,0,"",,,,"2007-11-29 15:36:50","2026-08-09 12:48:43",
1240,1,THE MOODY HANDBOOK OF THEOLOGY 1,,,,,,,,,id,,,,,,,0,0,,0,,,,,"2007-11-29 15:36:50","2007-11-29 16:26:59",
1241,1,THE MOODY HANDBOOK OF THEOLOGY 2,,,,,,,,,id,,,,,,,0,0,,0,,,,,"2007-11-29 15:36:50","2007-11-29 16:26:59",
1242,1,"30 hari yang sangat menentukan hidup Anda!",,,,,,,,,id,,,,,,,0,0,,0,,,,,"2007-11-29 15:36:50","2007-11-29 16:26:59",
1243,1,APA YG WANITA INGINKAN DARI SEORANG PRIA/APA YG PRIA INGINKAN DARI SESEORANG WANITA,,,,,,,,,id,,,,,,,0,0,,0,,,,,"2007-11-29 15:36:50","2007-11-29 16:26:59",
1244,1,RAISING KIDS TO LOVE JESUS 1/ MEMAHAMI ANAK SESUAI DGN KECENDERUNGAN KEPRIBADIANNYA,,,,,,,,,id,,,,,,,0,0,,0,,,,,"2007-11-29 15:36:50","2007-11-29 16:26:59",
1245,1,RAISING KIDS TO LOVE JESUS 2/ MENGOPTIMALKAN PERTUMBUHAN KARAKTER ANAK SESUAI DGN KEUNIKAN PRIBADINYA,,,,,,,,,id,,,,,,,0,0,,0,,,,,"2007-11-29 15:36:50","2007-11-29 16:26:59",
1246,1,POWER OF INTIMACY,,,,,,,,,id,,,,,,,0,0,,0,,,,,"2007-11-29 15:36:50","2007-11-29 16:26:59",
1247,1,DEFENDING YOUR FAITH AN INTRODUCTION TO APOLOGETICS/PERTANGGUNGJAWABKANLAH IMANMU SUATU INTRODUKSI THDP APOLOGETIKA,,,,,,,,,id,,,,,,,0,0,,0,,,,,"2007-11-29 15:36:50","2007-11-29 16:26:59",
1248,1,KRISTUS MENGUBAH HINA MENJADI MULIA,,,,,,,,,id,,,,,,,0,0,,0,,,,,"2007-11-29 15:36:50","2007-11-29 16:26:59",
1249,1,IMLEK & ALKITAB,,,,,,,,,id,,,,,,,0,0,,0,,,,,"2007-11-29 15:36:50","2007-11-29 16:26:59",
1250,1,KIAT SUKSES MENDIDIK ANAK DALAM TUHAN,,,,,,,,,id,,,,,,,0,0,,0,,,,,"2007-11-29 15:36:50","2007-11-29 16:26:59",
1251,1,A LIFE WELL LIVED/ RAHASIA HIDUP BERKEMENANGAN,,,,,,,,,id,,,,,,,0,0,,0,,,,,"2007-11-29 15:36:50","2007-11-29 16:26:59",
1252,1,SAVED LO PIANO OFFERING 26,,,,,,,,,id,,,,,,,0,0,,0,,,,,"2007-11-29 15:36:50","2007-11-29 16:26:59",
1253,1,SAVED LO PIANO OFFERING 27,,,,,,,,,id,,,,,,,0,0,,0,,,,,"2007-11-29 15:36:50","2007-11-29 16:26:59",
1254,1,SAVED LO PIANO OFFERING 29,,,,,,,,,id,,,,,,,0,0,,0,,,,,"2007-11-29 15:36:50","2007-11-29 16:26:59",
1255,1,SAVED LO PIANO OFFERING 30,,,,,,,,,id,,,,,,,0,0,,0,,,,,"2007-11-29 15:36:50","2007-11-29 16:26:59",
1256,1,SAVED LO PIANO OFFERING 31,,,,,,,,,id,,,,,,,0,0,,0,,,,,"2007-11-29 15:36:50","2007-11-29 16:26:59",
1257,1,SAVED LO PIANO OFFERING 32,,,,,,,,,id,,,,,,,0,0,,0,,,,,"2007-11-29 15:36:50","2007-11-29 16:26:59",
1258,1,SAVED LO PIANO OFFERING 34,,,,,,,,,id,,,,,,,0,0,,0,,,,,"2007-11-29 15:36:50","2007-11-29 16:26:59",
1259,1,SAVED LO PIANO OFFERING 35,,,,,,,,,id,,,,,,,0,0,,0,,,,,"2007-11-29 15:36:50","2007-11-29 16:26:59",
1260,1,SAVED LO PIANO OFFERING 36,,,,,,,,,id,,,,,,,0,0,,0,,,,,"2007-11-29 15:36:50","2007-11-29 16:26:59",
1261,1,SAVED LO PIANO OFFERING 37,,,,,,,,,id,,,,,,,0,0,,0,,,,,"2007-11-29 15:36:50","2007-11-29 16:26:59",
1262,1,SAVED LO PIANO OFFERING 69,,,,,,,,,id,,,,,,,0,0,,0,,,,,"2007-11-29 15:36:50","2007-11-29 16:26:59",
1263,1,SAVED LO PIANO OFFERING 71,,,,,,,,,id,,,,,,,0,0,,0,,,,,"2007-11-29 15:36:50","2007-11-29 16:26:59",
1264,1,SAVED LO PIANO OFFERING 72,,,,,,,,,id,,,,,,,0,0,,0,,,,,"2007-11-29 15:36:50","2007-11-29 16:26:59",
1265,1,SAVED LO PIANO OFFERING 73,,,,,,,,,id,,,,,,,0,0,,0,,,,,"2007-11-29 15:36:50","2007-11-29 16:26:59",
1266,1,SAVED LO PIANO OFFERING 74,,,,,,,,,id,,,,,,,0,0,,0,,,,,"2007-11-29 15:36:50","2007-11-29 16:26:59",
1267,1,SAVED LO PIANO OFFERING 76,,,,,,,,,id,,,,,,,0,0,,0,,,,,"2007-11-29 15:36:50","2007-11-29 16:26:59",
1268,1,SAVED LO PIANO OFFERING 77,,,,,,,,,id,,,,,,,0,0,,0,,,,,"2007-11-29 15:36:50","2007-11-29 16:26:59",
1269,1,"DESIRING A NOBLE TASK ""VISION , COURAGE & EDURANCE"" REV. CALEB SOO + DAVID CHIU",,,,,,,,,id,,,,,,,0,0,,0,,,,,"2007-11-29 15:36:50","2007-11-29 16:26:59",
1270,1,"DESIRING A NOBLE TASK ""PASTOR AS COACH"" REV. PAULUS KURNIA",,,,,,,,,id,,,,,,,0,0,,0,,,,,"2007-11-29 15:36:50","2007-11-29 16:26:59",
1271,1,"DESIRING A NOBLE TASK ""THE CHALLENGES OF PASTORAL MINISTRY IN POSTMODERN ERA"" REV.  ROBBY CHANDRA",,,,,,,,,id,,,,,,,0,0,,0,,,,,"2007-11-29 15:36:50","2007-11-29 16:26:59",
1272,1,"DESIRING A NOBLE TASK ""THE DIGNITY OF PASTORAL CALLING AND MINISTRY"" REV. WILLIAM HOSANNA",,,,,,,,,id,,,,,,,0,0,,0,,,,,"2007-11-29 15:36:50","2007-11-29 16:26:59",
1273,1,"DESIRING A NOBLE TASK ""THE DISCIPLINE OF SPIRITUAL DISCERMENT"" REV. YOHANES ADRIE HARTOPO",,,,,,,,,id,,,,,,,0,0,,0,,,,,"2007-11-29 15:36:50","2007-11-29 16:26:59",
1274,1,THE CROSS JESUS IN TIONGKOK / SALIB YESUS DI TIONGKOK,,,,,,,,,id,,,,,,,0,0,,0,,,,,"2007-11-29 15:36:50","2007-11-29 16:26:59",
1275,1,KASET JASON SENTUH HATIKU,,,,,,,,,id,,,,,,,0,0,,0,,,,,"2007-11-29 15:36:50","2007-11-29 16:26:59",
1276,1,IN THE NAME OF JEHOVAH (TTG SAKSI YEHOVAH),,,,,,,,,id,,,,,,,0,0,,0,,,,,"2007-11-29 15:36:50","2007-11-29 16:26:59",
1277,1,Rumah Kecil di Rimba Besar,,,,,,,,,id,,,,,,,0,0,,0,,,,,"2007-11-29 15:36:50","2007-11-29 16:26:59",
1278,1,Anak Tani,,,,,,,,,id,,,,,,,0,0,,0,,,,,"2007-11-29 15:36:50","2007-11-29 16:26:59",
1279,1,Tahun-Tahun Bahagia,,,,,,,,,id,,,,,,,0,0,,0,,,,,"2007-11-29 15:36:50","2007-11-29 16:26:59",
1280,1,Kota Kecil di Lereng Bukit,,,,,,,,,id,,,,,,,0,0,,0,,,,,"2007-11-29 15:36:50","2007-11-29 16:26:59",
1281,1,Negeri Apel Merah Besar,,,,,,,,,id,,,,,,,0,0,,0,,,,,"2007-11-29 15:36:50","2007-11-29 16:26:59",
1282,1,Tanah Pertanian Kecil di Lereng Bukit,,,,,,,,,id,,,,,,,0,0,,0,,,,,"2007-11-29 15:36:50","2007-11-29 16:26:59",
1283,1,Daniel,,,,,,,,,id,,,,,,,0,0,,0,,,,,"2007-11-29 15:36:50","2007-11-29 16:26:59",
1284,1,Misteri Sebuah Batu Nisan,,,,,,,,,id,,,,,,,0,0,,0,,,,,"2007-11-29 15:36:50","2007-11-29 16:26:59",
1285,1,Misteri Ucapan Burung Bayan,,,,,,,,,id,,,,,,,0,0,,0,,,,,"2007-11-29 15:36:50","2007-11-29 16:26:59",
1286,1,Good Habits for God's Kids:  Eat Healthy Food and Exercise Daily,,,,,,,,,id,,,,,,,0,0,,0,,,,,"2007-11-29 15:36:50","2007-11-29 16:26:59",
1287,1,Good Habits for God's Kids:  TV Time-Out,,,,,,,,,id,,,,,,,0,0,,0,,,,,"2007-11-29 15:36:50","2007-11-29 16:26:59",
1288,1,Kisah Perjalanan dari Mesir,,,,,,,,,id,,,,,,,0,0,,0,,,,,"2007-11-29 15:36:50","2007-11-29 16:26:59",
1289,1,Tanah Perjanjian,,,,,,,,,id,,,,,,,0,0,,0,,,,,"2007-11-29 15:36:50","2007-11-29 16:26:59",
1290,1,Aku Inilah,,,,,,,,,id,,,,,,,0,0,,0,,,,,"2007-11-29 15:36:50","2007-11-29 16:26:59",
1291,1,Dalam Perjalanan Pulang,,,,,,,,,id,,,,,,,0,0,,0,,,,,"2007-11-29 15:36:50","2007-11-29 16:26:59",
1292,1,Luwes,,,,,,,,,id,,,,,,,0,0,,0,,,,,"2007-11-29 15:36:50","2007-11-29 16:26:59",
1293,1,Jalan Satu-Satunya Menuju Kedamaian Jiwa,,,,,,,,,id,,,,,,,0,0,,0,,,,,"2007-11-29 15:36:50","2007-11-29 16:26:59",
1294,1,Jadilah Pelaku Firman,,,,,,,,,id,,,,,,,0,0,,0,,,,,"2007-11-29 15:36:50","2007-11-29 16:26:59",
1295,1,Kisah Alkitab Anak-Anak Perjanjian Baru:  Ciluuk Baa,,,,,,,,,id,,,,,,,0,0,,0,,,,,"2007-11-29 15:36:50","2007-11-29 16:26:59",
1296,1,Menemukan Yesus di Kitab Kejadian,,,,,,,,,id,,,,,,,0,0,,0,,,,,"2007-11-29 15:36:50","2007-11-29 16:26:59",
1297,1,Kisah Perjanjian Lama 2,,,,,,,,,id,,,,,,,0,0,,0,,,,,"2007-11-29 15:36:50","2007-11-29 16:26:59",
1298,1,Walk Thru the Bible with 123,,,,,,,,,id,,,,,,,0,0,,0,,,,,"2007-11-29 15:36:50","2007-11-29 16:26:59",
1299,1,"Tell the Truth, Tyler!",,,,,,,,,id,,,,,,,0,0,,0,,,,,"2007-11-29 15:36:50","2007-11-29 16:26:59",
1300,1,Kitab Suci Dengan Gambar 2,,,,,,,,,id,,,,,,,0,0,,0,,,,,"2007-11-29 15:36:50","2007-11-29 16:26:59",
1301,1,MENDAMBAKAN ALLAH,,,,,,,,,id,,,,,,,0,0,,0,,,,,"2007-11-29 15:36:50","2007-11-29 16:26:59",
1302,1,Kitab Suci Dengan Gambar 1,,,,,,,,,id,,,,,,,0,0,,0,,,,,"2007-11-29 15:36:50","2007-11-29 16:26:59",
1303,1,Tafsiran Alkitab Kitab Mazmur 73-150,,,,,,,,,id,,,,,,,0,0,,0,,,,,"2007-11-29 15:36:50","2007-11-29 16:26:59",
1304,1,Injil Markus,,,,,,,,,id,,,,,,,0,0,,0,,,,,"2007-11-29 15:36:50","2007-11-29 16:26:59",
1305,1,Tafsiran Alkitab Kitab Ratapan,,,,,,,,,id,,,,,,,0,0,,0,,,,,"2007-11-29 15:36:50","2007-11-29 16:26:59",
1306,1,Tafsiran Alkitab Kitab Yeremia,,,,,,,,,id,,,,,,,0,0,,0,,,,,"2007-11-29 15:36:50","2007-11-29 16:26:59",
1307,1,Tafsiran Alkitab Kitab Mazmur 1-72,,,,,,,,,id,,,,,,,0,0,,0,,,,,"2007-11-29 15:36:50","2007-11-29 16:26:59",
1308,1,Roh dan Kerohanian Dalam Jemaat,,,,,,,,,id,,,,,,,0,0,,0,,,,,"2007-11-29 15:36:50","2007-11-29 16:26:59",
1309,1,Hikmat & Hidup Sukses,,,,,,,,,id,,,,,,,0,0,,0,,,,,"2007-11-29 15:36:50","2007-11-29 16:26:59",
1310,1,Satu Alkitab Beragam Terjemahan,,,,,,,,,id,,,,,,,0,0,,0,,,,,"2007-11-29 15:36:50","2007-11-29 16:26:59",
1311,1,Pergumulan Penerjemah Alkitab,,,,,,,,,id,,,,,,,0,0,,0,,,,,"2007-11-29 15:36:50","2007-11-29 16:26:59",
1312,1,"Teks Alkitab Berbeda, Mengapa?",,,,,,,,,id,,,,,,,0,0,,0,,,,,"2007-11-29 15:36:50","2007-11-29 16:26:59",
1313,1,Hermeneutika Eskatologi,,,,,,,,,id,,,,,,,0,0,,0,,,,,"2007-11-29 15:36:50","2007-11-29 16:26:59",
1314,1,Tafsiran Alkitab Wahyu Yohanes,,,,,,,,,id,,,,,,,0,0,,0,,,,,"2007-11-29 15:36:50","2007-11-29 16:26:59",
1315,1,Ulasan Atas Surat 2 Korintus Kekuatan Dalam Kelemahan,,,,,,,,,id,,,,,,,0,0,,0,,,,,"2007-11-29 15:36:50","2007-11-29 16:26:59",
1316,1,Ulasan Atas 1 Korintus Kesatuan Dalam Kepelbagaian,,,,,,,,,id,,,,,,,0,0,,0,,,,,"2007-11-29 15:36:50","2007-11-29 16:26:59",
1317,1,Tafsiran Alkitab Injil Lukas,,,,,,,,,id,,,,,,,0,0,,0,,,,,"2007-11-29 15:36:50","2007-11-29 16:26:59",
1318,1,Alkitab dan Komunikasi,,,,,,,,,id,,,,,,,0,0,,0,,,,,"2007-11-29 15:36:50","2007-11-29 16:26:59",
1319,1,Ucapan yang Sulit Dalam Perjanjian Lama,,,,,,,,,id,,,,,,,0,0,,0,,,,,"2007-11-29 15:36:50","2007-11-29 16:26:59",
1320,1,A Book of Prayer,,,,,,,,,id,,,,,,,0,0,,0,,,,,"2007-11-29 15:36:50","2007-11-29 16:26:59",
1321,1,Fresh Encounter,,,,,,,,,id,,,,,,,0,0,,0,,,,,"2007-11-29 15:36:50","2007-11-29 16:26:59",
1322,1,Berdoa Sesuai Firman,,,,,,,,,id,,,,,,,0,0,,0,,,,,"2007-11-29 15:36:50","2007-11-29 16:26:59",
1323,1,Doa Menurut Kesaksian Perjanjian Baru,,,,,,,,,id,,,,,,,0,0,,0,,,,,"2007-11-29 15:36:50","2007-11-29 16:26:59",
1324,1,Pierced by the Word,,,,,,,,,id,,,,,,,0,0,,0,,,,,"2007-11-29 15:36:50","2007-11-29 16:26:59",
1325,1,Berdoalah Anakku!,,,,,,,,,id,,,,,,,0,0,,0,,,,,"2007-11-29 15:36:50","2007-11-29 16:26:59",
1326,1,Makna Kekinian Doa Bapa Kami,,,,,,,,,id,,,,,,,0,0,,0,,,,,"2007-11-29 15:36:50","2007-11-29 16:26:59",
1327,1,Kepemimpinan Rohani,,,,,,,,,id,,,,,,,0,0,,0,,,,,"2007-11-29 15:36:50","2007-11-29 16:26:59",
1328,1,Kepemimpinan Rohani (Spiritual Leadership),,,,,,,,,id,,,,,,,0,0,,0,,,,,"2007-11-29 15:36:50","2007-11-29 16:26:59",
1329,1,Janji Allah Dalam Buku Kecil-Nya,,,,,,,,,id,,,,,,,0,0,,0,,,,,"2007-11-29 15:36:50","2007-11-29 16:26:59",
1330,1,Sukses Dibangun Setiap Hari,,,,,,,,,id,,,,,,,0,0,,0,,,,,"2007-11-29 15:36:50","2007-11-29 16:26:59",
1331,1,Jangan Berhenti Bermimpi,,,,,,,,,id,,,,,,,0,0,,0,,,,,"2007-11-29 15:36:50","2007-11-29 16:26:59",
1332,1,Pemimpin yang handal,,,,,,,,,id,,,,,,,0,0,,0,,,,,"2007-11-29 15:36:50","2007-11-29 16:26:59",
1333,1,Communicating for Life,,,,,,,,,id,,,,,,,0,0,,0,,,,,"2007-11-29 15:36:50","2007-11-29 16:26:59",
1334,1,Mendengarkan adalah EMAS,"","","",,"","","","",id,,,NONE,"",,,0,0,,0,"",,,,"2007-11-29 15:36:50","2026-07-23 13:50:13",
1335,1,Spiritual Leadership - Lembaga pendidikan Kristen,,,,,,,,,id,,,,,,,0,0,,0,,,,,"2007-11-29 15:36:50","2007-11-29 16:26:59",
1336,1,Gembalakanlah gembala-gembala-Ku,,,,,,,,,id,,,,,,,0,0,,0,,,,,"2007-11-29 15:36:50","2007-11-29 16:26:59",
1337,1,Konseling Suatu Pendekatan Pemecahan Masalah,,,,,,,,,id,,,,,,,0,0,,0,,,,,"2007-11-29 15:36:50","2007-11-29 16:26:59",
1338,1,Alasan - Alasan Mempertahankan Pernikahan,"","","",,"","","","",id,,,NONE,"",,,0,0,,0,"",,,,"2007-11-29 15:36:50","2026-07-16 14:04:44",
1339,1,Pemulihan Citra Yang Rusak Tentang Allah,,,,,,,,,id,,,,,,,0,0,,0,,,,,"2007-11-29 15:36:50","2007-11-29 16:26:59",
1340,1,Pemulihan Dari Kecanduan Kerja,,,,,,,,,id,,,,,,,0,0,,0,,,,,"2007-11-29 15:36:50","2007-11-29 16:26:59",
1341,1,Mengatasi Kesulitan-Kesulitan Dalam Pendidikan Anak,,,,,,,,,id,,,,,,,0,0,,0,,,,,"2007-11-29 15:36:50","2007-11-29 16:26:59",
1342,1,Bimbingan Pranikah Edisi 2,"","","",,"","","","",id,,,NONE,"",,,0,0,,0,"",,,,"2007-11-29 15:36:50","2026-07-16 14:06:55",
1343,1,Psychology As Religion,"","","",,"","","","",id,,,NONE,"",,,0,0,,0,"",,,,"2007-11-29 15:36:50","2026-07-16 14:08:39",
1344,1,Psychopathology And Child Development Research and Treatment,"","","",,"","","","",id,,,NONE,"",,,0,0,,0,"",,,,"2007-11-29 15:36:50","2026-07-16 14:11:12",
1345,1,Transactional Analysis,"","","",,"","","","",id,,,NONE,"",,,0,0,,0,"",,,,"2007-11-29 15:36:50","2026-07-16 14:13:39",
1346,1,Konseling Kristen yang Efektif,,,,,,,,,id,,,,,,,0,0,,0,,,,,"2007-11-29 15:36:50","2007-11-29 16:26:59",
1347,1,"Psikologi Praktis: Anak, Remaja dan Keluarga",,,,,,,,,id,,,,,,,0,0,,0,,,,,"2007-11-29 15:36:50","2007-11-29 16:26:59",
1348,1,Psikologi Anak Bermasalah,,,,,,,,,id,,,,,,,0,0,,0,,,,,"2007-11-29 15:36:50","2007-11-29 16:26:59",
1349,1,Dari Anak Sampai Usia Lanjut,,,,,,,,,id,,,,,,,0,0,,0,,,,,"2007-11-29 15:36:50","2007-11-29 16:26:59",
1350,1,Kesembuhan Memori,,,,,,,,,id,,,,,,,0,0,,0,,,,,"2007-11-29 15:36:50","2007-11-29 16:26:59",
1351,1,Konseling yang Efektif & Alkitabiah,,,,,,,,,id,,,,,,,0,0,,0,,,,,"2007-11-29 15:36:50","2007-11-29 16:26:59",
1352,1,Membangkitkan Roh Antusias,,,,,,,,,id,,,,,,,0,0,,0,,,,,"2007-11-29 15:36:50","2007-11-29 16:26:59",
1353,1,The Overload Syndrome,,,,,,,,,id,,,,,,,0,0,,0,,,,,"2007-11-29 15:36:50","2007-11-29 16:26:59",
1354,1,Changes That Heal,,,,,,,,,id,,,,,,,0,0,,0,,,,,"2007-11-29 15:36:50","2007-11-29 16:26:59",
1355,1,God's Promises & Answer for Men,,,,,,,,,id,,,,,,,0,0,,0,,,,,"2007-11-29 15:36:50","2007-11-29 16:26:59",
1356,1,God's Promises & Answer for Women,,,,,,,,,id,,,,,,,0,0,,0,,,,,"2007-11-29 15:36:50","2007-11-29 16:26:59",
1357,1,Setia Dalam Pernikahan,,,,,,,,,id,,,,,,,0,0,,0,,,,,"2007-11-29 15:36:50","2007-11-29 16:26:59",
1358,1,Footprints for Men,,,,,,,,,id,,,,,,,0,0,,0,,,,,"2007-11-29 15:36:50","2007-11-29 16:26:59",
1359,1,The Ten Commandments of Parenting,,,,,,,,,id,,,,,,,0,0,,0,,,,,"2007-11-29 15:36:50","2007-11-29 16:26:59",
1360,1,Rahasia Umur Panjang,,,,,,,,,id,,,,,,,0,0,,0,,,,,"2007-11-29 15:36:50","2007-11-29 16:26:59",
1361,1,Wanita engkau Dipanggil & Diurapi,,,,,,,,,id,,,,,,,0,0,,0,,,,,"2007-11-29 15:36:50","2007-11-29 16:26:59",
1362,1,Alkitab Menjawab 100 Pertanyaan,,,,,,,,,id,,,,,,,0,0,,0,,,,,"2007-11-29 15:36:50","2007-11-29 16:26:59",
1363,1,Membentuk Anak Perempuan Menjadi Wanita Dewasa,,,,,,,,,id,,,,,,,0,0,,0,,,,,"2007-11-29 15:36:50","2007-11-29 16:26:59",
1364,1,Mencintai dan Berpacaran,,,,,,,,,id,,,,,,,0,0,,0,,,,,"2007-11-29 15:36:50","2007-11-29 16:26:59",
1365,1,Pernak Pernik Perjodohan,,,,,,,,,id,,,,,,,0,0,,0,,,,,"2007-11-29 15:36:50","2007-11-29 16:26:59",
1366,1,Dapatkah Arkeologi Membuktikan Kebenaran Perjanjian Baru ?,,,,,,,,,id,,,,,,,0,0,,0,,,,,"2007-11-29 15:36:50","2007-11-29 16:26:59",
1367,1,Apakah Alkitab Mendahului Masanya ?,,,,,,,,,id,,,,,,,0,0,,0,,,,,"2007-11-29 15:36:50","2007-11-29 16:26:59",
1368,1,The Da Vinci Question,,,,,,,,,id,,,,,,,0,0,,0,,,,,"2007-11-29 15:36:50","2007-11-29 16:26:59",
1369,1,Apakah Terdapat Sandi-Sandi Tersembunyi Dalam Alkitab,,,,,,,,,id,,,,,,,0,0,,0,,,,,"2007-11-29 15:36:50","2007-11-29 16:26:59",
1370,1,Bagaimana Pandangan Kristus Akan Gereja,,,,,,,,,id,,,,,,,0,0,,0,,,,,"2007-11-29 15:36:50","2007-11-29 16:26:59",
1371,1,Suara Sekolah Minggu,,,,,,,,,id,,,,,,,0,0,,0,,,,,"2007-11-29 15:36:50","2007-11-29 16:26:59",
1372,1,Mengajar Sekolah Minggu yg kreatif,,,,,,,,,id,,,,,,,0,0,,0,,,,,"2007-11-29 15:36:50","2007-11-29 16:26:59",
1373,1,Orang Kristen yg Di penuhi roh Kudus,,,,,,,,,id,,,,,,,0,0,,0,,,,,"2007-11-29 15:36:50","2007-11-29 16:26:59",
1374,1,Memulai Hidup baru,,,,,,,,,id,,,,,,,0,0,,0,,,,,"2007-11-29 15:36:50","2007-11-29 16:26:59",
1375,1,Basic Christian Beliefs Family Nights tool Chest,,,,,,,,,id,,,,,,,0,0,,0,,,,,"2007-11-29 15:36:50","2007-11-29 16:26:59",
1376,1,Renungan untuk anak-anak,,,,,,,,,id,,,,,,,0,0,,0,,,,,"2007-11-29 15:36:50","2007-11-29 16:26:59",
1377,1,Memahami Dunia Anak-anak,,,,,,,,,id,,,,,,,0,0,,0,,,,,"2007-11-29 15:36:50","2007-11-29 16:26:59",
1378,1,Ikatan keluarga,,,,,,,,,id,,,,,,,0,0,,0,,,,,"2007-11-29 15:36:50","2007-11-29 16:26:59",
1379,1,The Discipline of Grace,,,,,,,,,id,,,,,,,0,0,,0,,,,,"2007-11-29 15:36:50","2007-11-29 16:26:59",
1380,1,Hidup yg bermakna,,,,,,,,,id,,,,,,,0,0,,0,,,,,"2007-11-29 15:36:50","2007-11-29 16:26:59",
1381,1,Friendship Counseling (Konseling Persahabatan),,,,,,,,,id,,,,,,,0,0,,0,,,,,"2007-11-29 15:36:50","2007-11-29 16:26:59",
1382,1,Kosong,,,,,,,,,id,,,,,,,0,0,,0,,,,,"2007-11-29 15:36:50","2007-11-29 16:26:59",
1383,1,Pengudusan Emosi,,,,,,,,,id,,,,,,,0,0,,0,,,,,"2007-11-29 15:36:50","2007-11-29 16:26:59",
1384,1,An Introduction to Family Nights to Chest,,,,,,,,,id,,,,,,,0,0,,0,,,,,"2007-11-29 15:36:50","2007-11-29 16:26:59",
1385,1,Amsal Hidup dengan Bijak,,,,,,,,,id,,,,,,,0,0,,0,,,,,"2007-11-29 15:36:50","2007-11-29 16:26:59",
1386,1,Kotbah di bukit,,,,,,,,,id,,,,,,,0,0,,0,,,,,"2007-11-29 15:36:50","2007-11-29 16:26:59",
1387,1,Kumpulan ilustrasi untuk Sekolah Minggu 2,,,,,,,,,id,,,,,,,0,0,,0,,,,,"2007-11-29 15:36:50","2007-11-29 16:26:59",
1388,1,Seni membentuk Kaakter Kristen,,,,,,,,,id,,,,,,,0,0,,0,,,,,"2007-11-29 15:36:50","2007-11-29 16:26:59",
1389,1,Tumbuh semakin kuat dalam musim kehidupan,,,,,,,,,id,,,,,,,0,0,,0,,,,,"2007-11-29 15:36:50","2007-11-29 16:26:59",
1390,1,Kosong,,,,,,,,,id,,,,,,,0,0,,0,,,,,"2007-11-29 15:36:50","2007-11-29 16:26:59",
1391,1,Kekayaan Kasih Karunia Allah,,,,,,,,,id,,,,,,,0,0,,0,,,,,"2007-11-29 15:36:50","2007-11-29 16:26:59",
1392,1,Metode Anak Aktif dlm Bercerita Membaca Alkitab,,,,,,,,,id,,,,,,,0,0,,0,,,,,"2007-11-29 15:36:50","2007-11-29 16:26:59",
1393,1,"12 Kreasi Sedotan",,,,,,,,,id,,,,,,,0,0,,0,,,,,"2007-11-29 15:36:50","2007-11-29 16:26:59",
1394,1,Ketika Alkitab dipertanyakan,,,,,,,,,id,,,,,,,0,0,,0,,,,,"2007-11-29 15:36:50","2007-11-29 16:26:59",
1395,1,Derita,,,,,,,,,id,,,,,,,0,0,,0,,,,,"2007-11-29 15:36:50","2007-11-29 16:26:59",
1396,1,Kosong,,,,,,,,,id,,,,,,,0,0,,0,,,,,"2007-11-29 15:36:50","2007-11-29 16:26:59",
1397,1,Menjadi Bejana kemuliaan (dr Hamba Setan menjadi Hamba Tuhan),,,,,,,,,id,,,,,,,0,0,,0,,,,,"2007-11-29 15:36:50","2007-11-29 16:26:59",
1398,1,All Things for Good,,,,,,,,,id,,,,,,,0,0,,0,,,,,"2007-11-29 15:36:50","2007-11-29 16:26:59",
1399,1,Menikmati kemustahilan,,,,,,,,,id,,,,,,,0,0,,0,,,,,"2007-11-29 15:36:50","2007-11-29 16:26:59",
1400,1,True Colors,,,,,,,,,id,,,,,,,0,0,,0,,,,,"2007-11-29 15:36:50","2007-11-29 16:26:59",
1401,1,kosong,,,,,,,,,id,,,,,,,0,0,,0,,,,,"2007-11-29 15:36:50","2007-11-29 16:26:59",
1402,1,Seni bergaul,,,,,,,,,id,,,,,,,0,0,,0,,,,,"2007-11-29 15:36:50","2007-11-29 16:26:59",
1403,1,God's business,,,,,,,,,id,,,,,,,0,0,,0,,,,,"2007-11-29 15:36:50","2007-11-29 16:26:59",
1404,1,Etika Kristen,,,,,,,,,id,,,,,,,0,0,,0,,,,,"2007-11-29 15:36:50","2007-11-29 16:26:59",
1405,1,Aspects of Holiness,,,,,,,,,id,,,,,,,0,0,,0,,,,,"2007-11-29 15:36:50","2007-11-29 16:26:59",
1406,1,Hati yg dipersembahkan kpd Allah,,,,,,,,,id,,,,,,,0,0,,0,,,,,"2007-11-29 15:36:50","2007-11-29 16:26:59",
1407,1,Dibalik topeng orang percaya,,,,,,,,,id,,,,,,,0,0,,0,,,,,"2007-11-29 15:36:50","2007-11-29 16:26:59",
1408,1,Kristen sejati (vol. 2 : Bptisan & pertobatan),,,,,,,,,id,,,,,,,0,0,,0,,,,,"2007-11-29 15:36:50","2007-11-29 16:26:59",
1409,1,Visi yg membaharui,,,,,,,,,id,,,,,,,0,0,,0,,,,,"2007-11-29 15:36:50","2007-11-29 16:26:59",
1410,1,Stop witnessing & start loving,,,,,,,,,id,,,,,,,0,0,,0,,,,,"2007-11-29 15:36:50","2007-11-29 16:26:59",
1411,1,Andalah saksiNya,,,,,,,,,id,,,,,,,0,0,,0,,,,,"2007-11-29 15:36:50","2007-11-29 16:26:59",
1412,1,Selamat Panjang Umur : 33 Renungan Tentang Hidup,,,,,,,,,id,,,,,,,0,0,,0,,,,,"2007-11-29 15:36:50","2007-11-29 16:26:59",
1413,1,Selamat Mengikut Dia ! : 33 Renungan Tentang Kristus,,,,,,,,,id,,,,,,,0,0,,0,,,,,"2007-11-29 15:36:50","2007-11-29 16:26:59",
1414,1,Temukan Sweet Spot Anda,,,,,,,,,id,,,,,,,0,0,,0,,,,,"2007-11-29 15:36:50","2007-11-29 16:26:59",
1415,1,Sepuluh Perintah Allah - Museumkan Saja?,,,,,,,,,id,,,,,,,0,0,,0,,,,,"2007-11-29 15:36:50","2007-11-29 16:26:59",
1416,1,The Enemy Within,,,,,,,,,id,,,,,,,0,0,,0,,,,,"2007-11-29 15:36:50","2007-11-29 16:26:59",
1417,1,Menapaki hari bersama Allah,,,,,,,,,id,,,,,,,0,0,,0,,,,,"2007-11-29 15:36:50","2007-11-29 16:26:59",
1418,1,Disiplines of Grace,,,,,,,,,id,,,,,,,0,0,,0,,,,,"2007-11-29 15:36:50","2007-11-29 16:26:59",
1419,1,Ready to Grow,,,,,,,,,id,,,,,,,0,0,,0,,,,,"2007-11-29 15:36:50","2007-11-29 16:26:59",
1420,1,Step by Step,,,,,,,,,id,,,,,,,0,0,,0,,,,,"2007-11-29 15:36:50","2007-11-29 16:26:59",
1421,1,Ajarlah kami bertumbuh,,,,,,,,,id,,,,,,,0,0,,0,,,,,"2007-11-29 15:36:50","2007-11-29 16:26:59",
1422,1,Ratapan bagi seorang Putra,,,,,,,,,id,,,,,,,0,0,,0,,,,,"2007-11-29 15:36:50","2007-11-29 16:26:59",
1423,1,Kualitas kehidupan orang percaya,,,,,,,,,id,,,,,,,0,0,,0,,,,,"2007-11-29 15:36:50","2007-11-29 16:26:59",
1424,1,Iman & tantangan Zaman,,,,,,,,,id,,,,,,,0,0,,0,,,,,"2007-11-29 15:36:50","2007-11-29 16:26:59",
1425,1,Benar,,,,,,,,,id,,,,,,,0,0,,0,,,,,"2007-11-29 15:36:50","2007-11-29 16:26:59",
1426,1,Tulus,,,,,,,,,id,,,,,,,0,0,,0,,,,,"2007-11-29 15:36:50","2007-11-29 16:26:59",
1427,1,Terbuka,,,,,,,,,id,,,,,,,0,0,,0,,,,,"2007-11-29 15:36:50","2007-11-29 16:26:59",
1428,1,Umum,,,,,,,,,id,,,,,,,0,0,,0,,,,,"2007-11-29 15:36:50","2007-11-29 16:26:59",
1429,1,Murni,,,,,,,,,id,,,,,,,0,0,,0,,,,,"2007-11-29 15:36:50","2007-11-29 16:26:59",
1430,1,Dalam,,,,,,,,,id,,,,,,,0,0,,0,,,,,"2007-11-29 15:36:50","2007-11-29 16:26:59",
1431,1,Sabar,,,,,,,,,id,,,,,,,0,0,,0,,,,,"2007-11-29 15:36:50","2007-11-29 16:26:59",
1432,1,Stabil,,,,,,,,,id,,,,,,,0,0,,0,,,,,"2007-11-29 15:36:50","2007-11-29 16:26:59",
1433,1,Gairah,,,,,,,,,id,,,,,,,0,0,,0,,,,,"2007-11-29 15:36:50","2007-11-29 16:26:59",
1434,1,Akrab,,,,,,,,,id,,,,,,,0,0,,0,,,,,"2007-11-29 15:36:50","2007-11-29 16:26:59",
1435,1,Tenang,,,,,,,,,id,,,,,,,0,0,,0,,,,,"2007-11-29 15:36:50","2007-11-29 16:26:59",
1436,1,Seimbang,,,,,,,,,id,,,,,,,0,0,,0,,,,,"2007-11-29 15:36:50","2007-11-29 16:26:59",
1437,1,Cermat,,,,,,,,,id,,,,,,,0,0,,0,,,,,"2007-11-29 15:36:50","2007-11-29 16:26:59",
1438,1,Lapang,,,,,,,,,id,,,,,,,0,0,,0,,,,,"2007-11-29 15:36:50","2007-11-29 16:26:59",
1439,1,Rajin,,,,,,,,,id,,,,,,,0,0,,0,,,,,"2007-11-29 15:36:50","2007-11-29 16:26:59",
1440,1,Tepat,,,,,,,,,id,,,,,,,0,0,,0,,,,,"2007-11-29 15:36:50","2007-11-29 16:26:59",
1441,1,Cara mengatur keuangan,,,,,,,,,id,,,,,,,0,0,,0,,,,,"2007-11-29 15:36:50","2007-11-29 16:26:59",
1442,1,Ketat,,,,,,,,,id,,,,,,,0,0,,0,,,,,"2007-11-29 15:36:50","2007-11-29 16:26:59",
1443,1,Tekan,,,,,,,,,id,,,,,,,0,0,,0,,,,,"2007-11-29 15:36:50","2007-11-29 16:26:59",
1444,1,Jernih,,,,,,,,,id,,,,,,,0,0,,0,,,,,"2007-11-29 15:36:50","2007-11-29 16:26:59",
1445,1,Bobot,,,,,,,,,id,,,,,,,0,0,,0,,,,,"2007-11-29 15:36:50","2007-11-29 16:26:59",
1446,1,Kosong,,,,,,,,,id,,,,,,,0,0,,0,,,,,"2007-11-29 15:36:50","2007-11-29 16:26:59",
1447,1,Selamat Mewaris,,,,,,,,,id,,,,,,,0,0,,0,,,,,"2007-11-29 15:36:50","2007-11-29 16:26:59",
1448,1,Murah hati,,,,,,,,,id,,,,,,,0,0,,0,,,,,"2007-11-29 15:36:50","2007-11-29 16:26:59",
1449,1,Sulit,,,,,,,,,id,,,,,,,0,0,,0,,,,,"2007-11-29 15:36:50","2007-11-29 16:26:59",
1450,1,Taat,,,,,,,,,id,,,,,,,0,0,,0,,,,,"2007-11-29 15:36:50","2007-11-29 16:26:59",
1451,1,Teguh,,,,,,,,,id,,,,,,,0,0,,0,,,,,"2007-11-29 15:36:50","2007-11-29 16:26:59",
1452,1,Miskin,,,,,,,,,id,,,,,,,0,0,,0,,,,,"2007-11-29 15:36:50","2007-11-29 16:26:59",
1453,1,Tekun,,,,,,,,,id,,,,,,,0,0,,0,,,,,"2007-11-29 15:36:50","2007-11-29 16:26:59",
1454,1,Rendah,,,,,,,,,id,,,,,,,0,0,,0,,,,,"2007-11-29 15:36:50","2007-11-29 16:26:59",
1455,1,Comic Book Character,,,,,,,,,id,,,,,,,0,0,,0,,,,,"2007-11-29 15:36:50","2007-11-29 16:26:59",
1456,1,Seks & Supermasi Kristus,,,,,,,,,id,,,,,,,0,0,,0,,,,,"2007-11-29 15:36:50","2007-11-29 16:26:59",
1457,1,Lembut,,,,,,,,,id,,,,,,,0,0,,0,,,,,"2007-11-29 15:36:50","2007-11-29 16:26:59",
1458,1,Jadilah dirimu yg sebenarnya,,,,,,,,,id,,,,,,,0,0,,0,,,,,"2007-11-29 15:36:50","2007-11-29 16:26:59",
1459,1,Kosong,,,,,,,,,id,,,,,,,0,0,,0,,,,,"2007-11-29 15:36:50","2007-11-29 16:26:59",
1460,1,Dukaku tempat Kudus Mu,,,,,,,,,id,,,,,,,0,0,,0,,,,,"2007-11-29 15:36:50","2007-11-29 16:26:59",
1461,1,A Primer On Postmodernism,,,,,,,,,id,,,,,,,0,0,,0,,,,,"2007-11-29 15:36:50","2007-11-29 16:26:59",
1462,1,Injil Dalam Masyarakat Majemuk,,,,,,,,,id,,,,,,,0,0,,0,,,,,"2007-11-29 15:36:50","2007-11-29 16:26:59",
1463,1,Communicating Christ Cross Culturally,,,,,,,,,id,,,,,,,0,0,,0,,,,,"2007-11-29 15:36:50","2007-11-29 16:26:59",
1464,1,Not the way it's supposed to be,,,,,,,,,id,,,,,,,0,0,,0,,,,,"2007-11-29 15:36:50","2007-11-29 16:26:59",
1465,1,Creation God's Image,,,,,,,,,id,,,,,,,0,0,,0,,,,,"2007-11-29 15:36:50","2007-11-29 16:26:59",
1466,1,Katekismus Singkat Westminster 1,"","","",,"","","","",id,,,NONE,"",,,0,0,,0,"",,,,"2007-11-29 15:36:50","2026-07-25 12:05:18",
1467,1,Apologetika bagi kemuliaan Allah,,,,,,,,,id,,,,,,,0,0,,0,,,,,"2007-11-29 15:36:50","2007-11-29 16:26:59",
1468,1,Pembuktian atas kebenaran Allah sbg sang pncipta,,,,,,,,,id,,,,,,,0,0,,0,,,,,"2007-11-29 15:36:50","2007-11-29 16:26:59",
1469,1,God Freedom & Evil ,,,,,,,,,id,,,,,,,0,0,,0,,,,,"2007-11-29 15:36:50","2007-11-29 16:26:59",
1470,1,Inilah Sahadatku,,,,,,,,,id,,,,,,,0,0,,0,,,,,"2007-11-29 15:36:50","2007-11-29 16:26:59",
1471,1,Can man live without GOD,,,,,,,,,id,,,,,,,0,0,,0,,,,,"2007-11-29 15:36:50","2007-11-29 16:26:59",
1472,1,Pangakuan Iman Westminster,,,,,,,,,id,,,,,,,0,0,,0,,,,,"2007-11-29 15:36:50","2007-11-29 16:26:59",
1473,1,Pembuktian atas kebenaran iman Kristiani,,,,,,,,,id,,,,,,,0,0,,0,,,,,"2007-11-29 15:36:50","2007-11-29 16:26:59",
1474,1,Selamat Berteman : 33 Renungan Tentang Hubungan,,,,,,,,,id,,,,,,,0,0,,0,,,,,"2007-11-29 15:36:50","2007-11-29 16:26:59",
1475,1,Ucapan Paulus yg sulit,,,,,,,,,id,,,,,,,0,0,,0,,,,,"2007-11-29 15:36:50","2007-11-29 16:26:59",
1476,1,"Iman, Rasio & kebenaran",,,,,,,,,id,,,,,,,0,0,,0,,,,,"2007-11-29 15:36:50","2007-11-29 16:26:59",
1477,1,Yesus kristus Juruselamat Dunia,,,,,,,,,id,,,,,,,0,0,,0,,,,,"2007-11-29 15:36:50","2007-11-29 16:26:59",
1478,1,Filsafat & Iman Kristen,,,,,,,,,id,,,,,,,0,0,,0,,,,,"2007-11-29 15:36:50","2007-11-29 16:26:59",
1479,1,Doktrin pengetahuan tentang Allah 2,,,,,,,,,id,,,,,,,0,0,,0,,,,,"2007-11-29 15:36:50","2007-11-29 16:26:59",
1480,1,I kiss dating Goodbye,,,,,,,,,id,,,,,,,0,0,,0,,,,,"2007-11-29 15:36:50","2007-11-29 16:26:59",
1481,1,Pelan tapi pasti,,,,,,,,,id,,,,,,,0,0,,0,,,,,"2007-11-29 15:36:50","2007-11-29 16:26:59",
1482,1,Footprints For Teen,,,,,,,,,id,,,,,,,0,0,,0,,,,,"2007-11-29 15:36:50","2007-11-29 16:26:59",
1483,1,Pengen Curhat,,,,,,,,,id,,,,,,,0,0,,0,,,,,"2007-11-29 15:36:50","2007-11-29 16:26:59",
1484,1,Alkitab itu isinya apa sih?,,,,,,,,,id,,,,,,,0,0,,0,,,,,"2007-11-29 15:36:50","2007-11-29 16:26:59",
1485,1,Why Men Lie & Women cry?,,,,,,,,,id,,,,,,,0,0,,0,,,,,"2007-11-29 15:36:50","2007-11-29 16:26:59",
1486,1,Help! There's a Teenager in My house,,,,,,,,,id,,,,,,,0,0,,0,,,,,"2007-11-29 15:36:50","2007-11-29 16:26:59",
1487,1,Tanya jawab kawula muda,,,,,,,,,id,,,,,,,0,0,,0,,,,,"2007-11-29 15:36:50","2007-11-29 16:26:59",
1488,1,Lima Bahasa Kasih untuk Kaum Lajang,,,,,,,,,id,,,,,,,0,0,,0,,,,,"2007-11-29 15:36:50","2007-11-29 16:26:59",
1489,1,Membangun Hubunga cinta yg berhasil Batas-batas dalam kencan & pacaran,,,,,,,,,id,,,,,,,0,0,,0,,,,,"2007-11-29 15:36:50","2007-11-29 16:26:59",
1490,1,Tak ada cinta gratis,,,,,,,,,id,,,,,,,0,0,,0,,,,,"2007-11-29 15:36:50","2007-11-29 16:26:59",
1491,1,Relationship,,,,,,,,,id,,,,,,,0,0,,0,,,,,"2007-11-29 15:36:50","2007-11-29 16:26:59",
1492,1,Renungan untuk remaja Putra,,,,,,,,,id,,,,,,,0,0,,0,,,,,"2007-11-29 15:36:50","2007-11-29 16:26:59",
1493,1,Renungan untuk remaja Putri,,,,,,,,,id,,,,,,,0,0,,0,,,,,"2007-11-29 15:36:50","2007-11-29 16:26:59",
1494,1,Waiting & dating,,,,,,,,,id,,,,,,,0,0,,0,,,,,"2007-11-29 15:36:50","2007-11-29 16:26:59",
1495,1,Right from Wrong,,,,,,,,,id,,,,,,,0,0,,0,,,,,"2007-11-29 15:36:50","2007-11-29 16:26:59",
1496,1,Rasul Paulus 1,,,,,,,,,id,,,,,,,0,0,,0,,,,,"2007-11-29 15:36:50","2007-11-29 16:26:59",
1497,1,Rasul Paulus 4,,,,,,,,,id,,,,,,,0,0,,0,,,,,"2007-11-29 15:36:50","2007-11-29 16:26:59",
1498,1,Rasul Petrus 2,,,,,,,,,id,,,,,,,0,0,,0,,,,,"2007-11-29 15:36:50","2007-11-29 16:26:59",
1499,1,Rasul Petrus 1,,,,,,,,,id,,,,,,,0,0,,0,,,,,"2007-11-29 15:36:50","2007-11-29 16:26:59",
1500,1,Ayub,,,,,,,,,id,,,,,,,0,0,,0,,,,,"2007-11-29 15:36:50","2007-11-29 16:26:59",
1501,1,Yesus Juruselamat 2,,,,,,,,,id,,,,,,,0,0,,0,,,,,"2007-11-29 15:36:50","2007-11-29 16:26:59",
1502,1,Yesus Juruselamat 4,,,,,,,,,id,,,,,,,0,0,,0,,,,,"2007-11-29 15:36:50","2007-11-29 16:26:59",
1503,1,Raja Salomo,,,,,,,,,id,,,,,,,0,0,,0,,,,,"2007-11-29 15:36:50","2007-11-29 16:26:59",
1504,1,Nabi Yeremia 1,,,,,,,,,id,,,,,,,0,0,,0,,,,,"2007-11-29 15:36:50","2007-11-29 16:26:59",
1505,1,Kosong,,,,,,,,,id,,,,,,,0,0,,0,,,,,"2007-11-29 15:36:50","2007-11-29 16:26:59",
1506,1,Nabi Yeremia 2,,,,,,,,,id,,,,,,,0,0,,0,,,,,"2007-11-29 15:36:50","2007-11-29 16:26:59",
1507,1,Saul Dan Daud,,,,,,,,,id,,,,,,,0,0,,0,,,,,"2007-11-29 15:36:50","2007-11-29 16:26:59",
1508,1,Yesus Juruselamat,,,,,,,,,id,,,,,,,0,0,,0,,,,,"2007-11-29 15:36:50","2007-11-29 16:26:59",
1509,1,Bagaimana Mengajar Anak Indria,,,,,,,,,id,,,,,,,0,0,,0,,,,,"2007-11-29 15:36:50","2007-11-29 16:26:59",
1510,1,Mazmur Dan Amsal ,,,,,,,,,id,,,,,,,0,0,,0,,,,,"2007-11-29 15:36:50","2007-11-29 16:26:59",
1511,1,Elisa Dan Yoas,,,,,,,,,id,,,,,,,0,0,,0,,,,,"2007-11-29 15:36:50","2007-11-29 16:26:59",
1512,1,Carilah Tuhan Di Masa Mudamu,,,,,,,,,id,,,,,,,0,0,,0,,,,,"2007-11-29 15:36:50","2007-11-29 16:26:59",
1513,1,Raja Daud 2,,,,,,,,,id,,,,,,,0,0,,0,,,,,"2007-11-29 15:36:50","2007-11-29 16:26:59",
1514,1,Yesus Juruselamat 3,,,,,,,,,id,,,,,,,0,0,,0,,,,,"2007-11-29 15:36:50","2007-11-29 16:26:59",
1515,1,Yusuf,,,,,,,,,id,,,,,,,0,0,,0,,,,,"2007-11-29 15:36:50","2007-11-29 16:26:59",
1516,1,Kehidupan Yang Yesus Lihat 1,,,,,,,,,id,,,,,,,0,0,,0,,,,,"2007-11-29 15:36:50","2007-11-29 16:26:59",
1517,1,Kehidupan Yang Yesus Lihat 2,,,,,,,,,id,,,,,,,0,0,,0,,,,,"2007-11-29 15:36:50","2007-11-29 16:26:59",
1518,1,Renunganku Sebelum Tidur 2,,,,,,,,,id,,,,,,,0,0,,0,,,,,"2007-11-29 15:36:50","2007-11-29 16:26:59",
1519,1,Rumah Kecil Di Teluk Boston,,,,,,,,,id,,,,,,,0,0,,0,,,,,"2007-11-29 15:36:50","2007-11-29 16:26:59",
1520,1,Selanjutnya Apa? Penciptaan,,,,,,,,,id,,,,,,,0,0,,0,,,,,"2007-11-29 15:36:50","2007-11-29 16:26:59",
1521,1,Empat Tahun Pertama ,,,,,,,,,id,,,,,,,0,0,,0,,,,,"2007-11-29 15:36:50","2007-11-29 16:26:59",
1522,1,Di Tepi Sungai Plum ,,,,,,,,,id,,,,,,,0,0,,0,,,,,"2007-11-29 15:36:50","2007-11-29 16:26:59",
1523,1,Aku Mendirikan Jemaatku 1,,,,,,,,,id,,,,,,,0,0,,0,,,,,"2007-11-29 15:36:50","2007-11-29 16:26:59",
1524,1,Kota Kecil Di Padang Rumput,,,,,,,,,id,,,,,,,0,0,,0,,,,,"2007-11-29 15:36:50","2007-11-29 16:26:59",
1525,1,Di Tepi Sungai Kecil,,,,,,,,,id,,,,,,,0,0,,0,,,,,"2007-11-29 15:36:50","2007-11-29 16:26:59",
1526,1,Benny and the Giants and Other Stories,,,,,,,,,id,,,,,,,0,0,,0,,,,,"2007-11-29 15:36:50","2007-11-29 16:26:59",
1527,1,Misteri Harta Karun yang Hilang,,,,,,,,,id,,,,,,,0,0,,0,,,,,"2007-11-29 15:36:50","2007-11-29 16:26:59",
1528,1,Petualangan di Rimba Belantara,,,,,,,,,id,,,,,,,0,0,,0,,,,,"2007-11-29 15:36:50","2007-11-29 16:26:59",
1529,1,Bible Babies,,,,,,,,,id,,,,,,,0,0,,0,,,,,"2007-11-29 15:36:50","2007-11-29 16:26:59",
1530,1,Janji Alkitab Kecilku,,,,,,,,,id,,,,,,,0,0,,0,,,,,"2007-11-29 15:36:50","2007-11-29 16:26:59",
1531,1,"Buku Aktivitas Anak:  Puji Tuhan, Yesus Sudah Bangkit",,,,,,,,,id,,,,,,,0,0,,0,,,,,"2007-11-29 15:36:50","2007-11-29 16:26:59",
1532,1,Buku Aktivitas Anak:  Yusuf,,,,,,,,,id,,,,,,,0,0,,0,,,,,"2007-11-29 15:36:50","2007-11-29 16:26:59",
1533,1,Buku Aktivitas Anak:  Yohanes Pembaptis,,,,,,,,,id,,,,,,,0,0,,0,,,,,"2007-11-29 15:36:50","2007-11-29 16:26:59",
1534,1,Love Work Live Life,,,,,,,,,id,,,,,,,0,0,,0,,,,,"2007-11-29 15:36:50","2007-11-29 16:26:59",
1535,1,Pendewasaan Anak dalam Rentang Lingkup Keluarga,,,,,,,,,id,,,,,,,0,0,,0,,,,,"2007-11-29 15:36:50","2007-11-29 16:26:59",
1536,1,Lady in Waiting ,,,,,,,,,id,,,,,,,0,0,,0,,,,,"2007-11-29 15:36:50","2007-11-29 16:26:59",
1537,1,Yunus dan Yesaya,,,,,,,,,id,,,,,,,0,0,,0,,,,,"2007-11-29 15:36:50","2007-11-29 16:26:59",
1538,1,Buku Aktivitas Anak:  Yunus,,,,,,,,,id,,,,,,,0,0,,0,,,,,"2007-11-29 15:36:50","2007-11-29 16:26:59",
1539,1,Buku Aktivitas Anak:  Daniel,,,,,,,,,id,,,,,,,0,0,,0,,,,,"2007-11-29 15:36:50","2007-11-29 16:26:59",
1540,1,Allah Tahu Namaku,,,,,,,,,id,,,,,,,0,0,,0,,,,,"2007-11-29 15:36:50","2007-11-29 16:26:59",
1541,1,"Mengetahui Sejarah, Tujuan, dan Pengaruh Uang",,,,,,,,,id,,,,,,,0,0,,0,,,,,"2007-11-29 15:36:50","2007-11-29 16:26:59",
1542,1,Buku Aktivitas Anak:  Rut,,,,,,,,,id,,,,,,,0,0,,0,,,,,"2007-11-29 15:36:50","2007-11-29 16:26:59",
1543,1,Daud:  Pejuang yang Tidak Takut,,,,,,,,,id,,,,,,,0,0,,0,,,,,"2007-11-29 15:36:50","2007-11-29 16:26:59",
1544,1,Fakta Alkitab untuk Anak-Anak 1,,,,,,,,,id,,,,,,,0,0,,0,,,,,"2007-11-29 15:36:50","2007-11-29 16:26:59",
1545,1,Menyingkap Alkitab,,,,,,,,,id,,,,,,,0,0,,0,,,,,"2007-11-29 15:36:50","2007-11-29 16:26:59",
1546,1,Ayo Berpetualang Bersama Alkitab 1,,,,,,,,,id,,,,,,,0,0,,0,,,,,"2007-11-29 15:36:50","2007-11-29 16:26:59",
1547,1,Ayo Berpetualang Bersama Alkitab 2,,,,,,,,,id,,,,,,,0,0,,0,,,,,"2007-11-29 15:36:50","2007-11-29 16:26:59",
1548,1,Bible Sticker Puzzle:  Amazing Jesus (Keajaiban Yesus),,,,,,,,,id,,,,,,,0,0,,0,,,,,"2007-11-29 15:36:50","2007-11-29 16:26:59",
1549,1,Bible Sticker Puzzle:  The Parable of Jesus (Perumpamaan Yesus),,,,,,,,,id,,,,,,,0,0,,0,,,,,"2007-11-29 15:36:50","2007-11-29 16:26:59",
1550,1,The Little Joe Leopard:  Memanjat (Climbing),,,,,,,,,id,,,,,,,0,0,,0,,,,,"2007-11-29 15:36:50","2007-11-29 16:26:59",
1551,1,The Little Joe Leopard:  Berkebun (Gardening),,,,,,,,,id,,,,,,,0,0,,0,,,,,"2007-11-29 15:36:50","2007-11-29 16:26:59",
1552,1,The Little Joe Leopard:  Memancing (Fishing),,,,,,,,,id,,,,,,,0,0,,0,,,,,"2007-11-29 15:36:50","2007-11-29 16:26:59",
1553,1,Mengenal Alkitabku,,,,,,,,,id,,,,,,,0,0,,0,,,,,"2007-11-29 15:36:50","2007-11-29 16:26:59",
1554,1,What Do Angels Do?,,,,,,,,,id,,,,,,,0,0,,0,,,,,"2007-11-29 15:36:50","2007-11-29 16:26:59",
1555,1,Di Pantai Danau Perak,,,,,,,,,id,,,,,,,0,0,,0,,,,,"2007-11-29 15:36:50","2007-11-29 16:26:59",
1556,1,Duduklah Maria & Martha,,,,,,,,,id,,,,,,,0,0,,0,,,,,"2007-11-29 15:36:50","2007-11-29 16:26:59",
1557,1,Why Is There a Cross?,,,,,,,,,id,,,,,,,0,0,,0,,,,,"2007-11-29 15:36:50","2007-11-29 16:26:59",
1558,1,Misteri Peta Kedua,,,,,,,,,id,,,,,,,0,0,,0,,,,,"2007-11-29 15:36:50","2007-11-29 16:26:59",
1559,1,Jalan Serta Yesus,,,,,,,,,id,,,,,,,0,0,,0,,,,,"2007-11-29 15:36:50","2007-11-29 16:26:59",
1560,1,Mawar Merah,,,,,,,,,id,,,,,,,0,0,,0,,,,,"2007-11-29 15:36:50","2007-11-29 16:26:59",
1561,1,"Iman, Penderitaan dan Hak Asasi Manusia",,,,,,,,,id,,,,,,,0,0,,0,,,,,"2007-11-29 15:36:50","2007-11-29 16:26:59",
1562,1,Iman dalam Masa Krisis,,,,,,,,,id,,,,,,,0,0,,0,,,,,"2007-11-29 15:36:50","2007-11-29 16:26:59",
1563,1,The Sovereignity of God (Kedaulatan Allah),,,,,,,,,id,,,,,,,0,0,,0,,,,,"2007-11-29 15:36:50","2007-11-29 16:26:59",
1564,1,Baptisan & Karunia Roh Kudus,,,,,,,,,id,,,,,,,0,0,,0,,,,,"2007-11-29 15:36:50","2007-11-29 16:26:59",
1565,1,Pertanggungjawabkanlah imanmu; suatu introduksi terhadap apologetika,,,,,,,,,id,,,,,,,0,0,,0,,,,,"2007-11-29 15:36:50","2007-11-29 16:26:59",
1566,1,Anda Bertanya? Alkitab Menjawab,,,,,,,,,id,,,,,,,0,0,,0,,,,,"2007-11-29 15:36:50","2007-11-29 16:26:59",
1567,1,"Roh Kudus, Suara Hati Nurani, dan Setan",,,,,,,,,id,,,,,,,0,0,,0,,,,,"2007-11-29 15:36:50","2007-11-29 16:26:59",
1568,1,Doktrin yang Sulit mengenai Kasih Allah,,,,,,,,,id,,,,,,,0,0,,0,,,,,"2007-11-29 15:36:50","2007-11-29 16:26:59",
1569,1,"1001 Fakta Mengejutkan tentang Allah","","","9789797637286",,"","","","13000220",id,,,NONE,"",,,0,0,,0,"",,,,"2007-11-29 15:36:50","2026-08-09 11:04:18",
1570,1,Allah Tritunggal,,,,,,,,,id,,,,,,,0,0,,0,,,,,"2007-11-29 15:36:50","2007-11-29 16:26:59",
1571,1,Christmas with Bobby and Friends,,,,,,,,,id,,,,,,,0,0,,0,,,,,"2007-11-29 15:36:50","2007-11-29 16:26:59",
1572,1,Christmas with Edward Chen,,,,,,,,,id,,,,,,,0,0,,0,,,,,"2007-11-29 15:36:50","2007-11-29 16:26:59",
1573,1,WOW Christmas,,,,,,,,,id,,,,,,,0,0,,0,,,,,"2007-11-29 15:36:50","2007-11-29 16:26:59",
1574,1,The Day of Noah,,,,,,,,,id,,,,,,,0,0,,0,,,,,"2007-11-29 15:36:50","2007-11-29 16:26:59",
1575,1,Handel's Young Messiah,,,,,,,,,id,,,,,,,0,0,,0,,,,,"2007-11-29 15:36:50","2007-11-29 16:26:59",
1576,1,Worship of The Year,,,,,,,,,id,,,,,,,0,0,,0,,,,,"2007-11-29 15:36:50","2007-11-29 16:26:59",
1577,1,Jesus The Man You Thought You Knew,,,,,,,,,id,,,,,,,0,0,,0,,,,,"2007-11-29 15:36:50","2007-11-29 16:26:59",
1578,1,The Praise Symphonies,,,,,,,,,id,,,,,,,0,0,,0,,,,,"2007-11-29 15:36:50","2007-11-29 16:26:59",
1579,1,Worship Without Words -The Wondrous Cross,,,,,,,,,id,,,,,,,0,0,,0,,,,,"2007-11-29 15:36:50","2007-11-29 16:26:59",
1580,1,Twenty Favourite Hymns,,,,,,,,,id,,,,,,,0,0,,0,,,,,"2007-11-29 15:36:50","2007-11-29 16:26:59",
1581,1,Worship Without Words -To Be In Your Presence,,,,,,,,,id,,,,,,,0,0,,0,,,,,"2007-11-29 15:36:50","2007-11-29 16:26:59",
1582,1,Worship Without Words -Take My Life,,,,,,,,,id,,,,,,,0,0,,0,,,,,"2007-11-29 15:36:50","2007-11-29 16:26:59",
1583,1,Worship Without Words - You Are Crowned,,,,,,,,,id,,,,,,,0,0,,0,,,,,"2007-11-29 15:36:50","2007-11-29 16:26:59",
1584,1,The Hymn Makers - James Montgomery,,,,,,,,,id,,,,,,,0,0,,0,,,,,"2007-11-29 15:36:50","2007-11-29 16:26:59",
1585,1,The Hymn Makers - Scottish Hymns,,,,,,,,,id,,,,,,,0,0,,0,,,,,"2007-11-29 15:36:50","2007-11-29 16:26:59",
1586,1,The Hymn Makers - Cecil Frances Alexander,,,,,,,,,id,,,,,,,0,0,,0,,,,,"2007-11-29 15:36:50","2007-11-29 16:26:59",
1587,1,Hymns Worship Amazing Grace,,,,,,,,,id,,,,,,,0,0,,0,,,,,"2007-11-29 15:36:50","2007-11-29 16:26:59",
1588,1,The Hymn Makers - Fanny Crosby,,,,,,,,,id,,,,,,,0,0,,0,,,,,"2007-11-29 15:36:50","2007-11-29 16:26:59",
1589,1,The Hymn Makers - Isaac Watts,,,,,,,,,id,,,,,,,0,0,,0,,,,,"2007-11-29 15:36:50","2007-11-29 16:26:59",
1590,1,The Hymn Makers - Ira D. Sankey Vol. 2,,,,,,,,,id,,,,,,,0,0,,0,,,,,"2007-11-29 15:36:50","2007-11-29 16:26:59",
1591,1,"Worship Without Words - Lord, You Have My Heart",,,,,,,,,id,,,,,,,0,0,,0,,,,,"2007-11-29 15:36:50","2007-11-29 16:26:59",
1592,1,Worship Without Words - I Surrender All,,,,,,,,,id,,,,,,,0,0,,0,,,,,"2007-11-29 15:36:50","2007-11-29 16:26:59",
1593,1,Walau 1000 Rebah,,,,,,,,,id,,,,,,,0,0,,0,,,,,"2007-11-29 15:36:50","2007-11-29 16:26:59",
1594,1,The Hymn Makers - Charles Wesley,,,,,,,,,id,,,,,,,0,0,,0,,,,,"2007-11-29 15:36:50","2007-11-29 16:26:59",
1595,1,The Hymn Makers - John Newton & Wiliam Cowper,,,,,,,,,id,,,,,,,0,0,,0,,,,,"2007-11-29 15:36:50","2007-11-29 16:26:59",
1596,1,The Hymn Makers - There is A Green Hill Far Away,,,,,,,,,id,,,,,,,0,0,,0,,,,,"2007-11-29 15:36:50","2007-11-29 16:26:59",
1597,1,The Hymn Makers - Arthur Seymour Sullivan,,,,,,,,,id,,,,,,,0,0,,0,,,,,"2007-11-29 15:36:50","2007-11-29 16:26:59",
1598,1,The Hymn Makers - Herbert Booth & Albert Orsborn,,,,,,,,,id,,,,,,,0,0,,0,,,,,"2007-11-29 15:36:50","2007-11-29 16:26:59",
1599,1,Worship Without Words - Simple Praise,,,,,,,,,id,,,,,,,0,0,,0,,,,,"2007-11-29 15:36:50","2007-11-29 16:26:59",
1600,1,WOW Hymns,,,,,,,,,id,,,,,,,0,0,,0,,,,,"2007-11-29 15:36:50","2007-11-29 16:26:59",
1601,1,Twenty Favourite Hymns Vol 2,,,,,,,,,id,,,,,,,0,0,,0,,,,,"2007-11-29 15:36:50","2007-11-29 16:26:59",
1602,1,Twenty Favourite Hymns Vol 3,,,,,,,,,id,,,,,,,0,0,,0,,,,,"2007-11-29 15:36:50","2007-11-29 16:26:59",
1603,1,The Hymn Makers - Charles Wesley Vol 2,,,,,,,,,id,,,,,,,0,0,,0,,,,,"2007-11-29 15:36:50","2007-11-29 16:26:59",
1604,1,The Hymn Makers - Timothy Dudley-Smith,,,,,,,,,id,,,,,,,0,0,,0,,,,,"2007-11-29 15:36:50","2007-11-29 16:26:59",
1605,1,The Hymn Makers - Welsh Revival Hymns,,,,,,,,,id,,,,,,,0,0,,0,,,,,"2007-11-29 15:36:50","2007-11-29 16:26:59",
1606,1,The New Hymn Makers - Noel & Tricia Richards,,,,,,,,,id,,,,,,,0,0,,0,,,,,"2007-11-29 15:36:50","2007-11-29 16:26:59",
1607,1,The New Hymn Makers - Graham Kendrick,,,,,,,,,id,,,,,,,0,0,,0,,,,,"2007-11-29 15:36:50","2007-11-29 16:26:59",
1608,1,Best Worship Vol 3,,,,,,,,,id,,,,,,,0,0,,0,,,,,"2007-11-29 15:36:50","2007-11-29 16:26:59",
1609,1,Millenium Baby Praise,,,,,,,,,id,,,,,,,0,0,,0,,,,,"2007-11-29 15:36:50","2007-11-29 16:26:59",
1610,1,The Beauty of Christmas,,,,,,,,,id,,,,,,,0,0,,0,,,,,"2007-11-29 15:36:50","2007-11-29 16:26:59",
1611,1,Instrumental Acoustic Piano Worship,,,,,,,,,id,,,,,,,0,0,,0,,,,,"2007-11-29 15:36:50","2007-11-29 16:26:59",
1612,1,The Wonder of Christmas,,,,,,,,,id,,,,,,,0,0,,0,,,,,"2007-11-29 15:36:50","2007-11-29 16:26:59",
1613,1,Ain't Got Time To Die,,,,,,,,,id,,,,,,,0,0,,0,,,,,"2007-11-29 15:36:50","2007-11-29 16:26:59",
1614,1,Top 25 Hymns,,,,,,,,,id,,,,,,,0,0,,0,,,,,"2007-11-29 15:36:50","2007-11-29 16:26:59",
1615,1,Worship Without Words - The Wonder of It All,,,,,,,,,id,,,,,,,0,0,,0,,,,,"2007-11-29 15:36:50","2007-11-29 16:26:59",
1616,1,The Praise Symphonies Vol. 3,,,,,,,,,id,,,,,,,0,0,,0,,,,,"2007-11-29 15:36:50","2007-11-29 16:26:59",
1617,1,The Praise Symphonies Vol. 2,,,,,,,,,id,,,,,,,0,0,,0,,,,,"2007-11-29 15:36:50","2007-11-29 16:26:59",
1618,1,Solideo Karaoke Vol 2,,,,,,,,,id,,,,,,,0,0,,0,,,,,"2007-11-29 15:36:50","2007-11-29 16:26:59",
1619,1,"I, Isaac, take Thee Rebekah",,,,,,,,,id,,,,,,,0,0,,0,,,,,"2007-11-29 15:36:50","2007-11-29 16:26:59",
1620,1,Worship Without Words - Prelude to Joy,,,,,,,,,id,,,,,,,0,0,,0,,,,,"2007-11-29 15:36:50","2007-11-29 16:26:59",
1621,1,The Wonder of God,,,,,,,,,id,,,,,,,0,0,,0,,,,,"2007-11-29 15:36:50","2007-11-29 16:26:59",
1622,1,Healing Harmony 2,,,,,,,,,id,,,,,,,0,0,,0,,,,,"2007-11-29 15:36:50","2007-11-29 16:26:59",
1623,1,Ray Boltz The Best Collection,,,,,,,,,id,,,,,,,0,0,,0,,,,,"2007-11-29 15:36:50","2007-11-29 16:26:59",
1624,1,Tiada Seperti Yesus,,,,,,,,,id,,,,,,,0,0,,0,,,,,"2007-11-29 15:36:50","2007-11-29 16:26:59",
1625,1,Indonesian Sing Hallel,,,,,,,,,id,,,,,,,0,0,,0,,,,,"2007-11-29 15:36:50","2007-11-29 16:26:59",
1626,1,Senandung Surgawi - Voices From Heaven,,,,,,,,,id,,,,,,,0,0,,0,,,,,"2007-11-29 15:36:50","2007-11-29 16:26:59",
1627,1,"Mass in C Minor, KV. 427 - Great Mass",,,,,,,,,id,,,,,,,0,0,,0,,,,,"2007-11-29 15:36:50","2007-11-29 16:26:59",
1628,1,Seven Corale in Concert 2005,,,,,,,,,id,,,,,,,0,0,,0,,,,,"2007-11-29 15:36:50","2007-11-29 16:26:59",
1629,1,Seven Corale in Concert 2006,,,,,,,,,id,,,,,,,0,0,,0,,,,,"2007-11-29 15:36:50","2007-11-29 16:26:59",
1630,1,Upgrading staf Perkantas Jakarta-Prophecy,,,,,,,,,id,,,,,,,0,0,,0,,,,,"2007-11-29 15:36:50","2007-11-29 16:26:59",
1631,1,Theology proper (Doktrin Allah),,,,,,,,,id,,,,,,,0,0,,0,,,,,"2007-11-29 15:36:50","2007-11-29 16:26:59",
1632,1,Living Faith-Faith & Trime God,,,,,,,,,id,,,,,,,0,0,,0,,,,,"2007-11-29 15:36:50","2007-11-29 16:26:59",
1633,1,Living Faith-Faith & Senses,,,,,,,,,id,,,,,,,0,0,,0,,,,,"2007-11-29 15:36:50","2007-11-29 16:26:59",
1634,1,Redemptive Spirituality-Trinitarian Spirituality,,,,,,,,,id,,,,,,,0,0,,0,,,,,"2007-11-29 15:36:50","2007-11-29 16:26:59",
1635,1,Seri Biblical Theology-Gereja & Holy Land,,,,,,,,,id,,,,,,,0,0,,0,,,,,"2007-11-29 15:36:50","2007-11-29 16:26:59",
1636,1,Jesus Victim or Sacrifice-Ressurection & Life Reasoning,,,,,,,,,id,,,,,,,0,0,,0,,,,,"2007-11-29 15:36:50","2007-11-29 16:26:59",
1637,1,Schola Scriptura-Holiness,,,,,,,,,id,,,,,,,0,0,,0,,,,,"2007-11-29 15:36:50","2007-11-29 16:26:59",
1638,1,The Case for Angels 1,,,,,,,,,id,,,,,,,0,0,,0,,,,,"2007-11-29 15:36:50","2007-11-29 16:26:59",
1639,1,The Case for Angels 2,,,,,,,,,id,,,,,,,0,0,,0,,,,,"2007-11-29 15:36:50","2007-11-29 16:26:59",
1640,1,The Case for Angels 3,,,,,,,,,id,,,,,,,0,0,,0,,,,,"2007-11-29 15:36:50","2007-11-29 16:26:59",
1641,1,Seri hermenutika Lost In Translation-Alkitab dan Wawasan Kristen,,,,,,,,,id,,,,,,,0,0,,0,,,,,"2007-11-29 15:36:50","2007-11-29 16:26:59",
1642,1,Reformational Worldview Chapel-Eksposisi Kitab Pengkhotbah 1&2,,,,,,,,,id,,,,,,,0,0,,0,,,,,"2007-11-29 15:36:50","2007-11-29 16:26:59",
1643,1,Parenting with Purpose,,,,,,,,,id,,,,,,,0,0,,0,,,,,"2007-11-29 15:36:50","2007-11-29 16:26:59",
1644,1,"Laki-Laki Seperti Wafer, perempuan Seperti Bakmi",,,,,,,,,id,,,,,,,0,0,,0,,,,,"2007-11-29 15:36:50","2007-11-29 16:26:59",
1645,1,Reformational Worldview Chapel-Eksposisi Kitab Pengkhotbah 3&4,,,,,,,,,id,,,,,,,0,0,,0,,,,,"2007-11-29 15:36:50","2007-11-29 16:26:59",
1646,1,Reformational Worldview Chapel-Eksposisi Kitab Pengkhotbah 5&6,,,,,,,,,id,,,,,,,0,0,,0,,,,,"2007-11-29 15:36:50","2007-11-29 16:26:59",
1647,1,Reformational Worldview Chapel-Eksposisi Kitab Pengkhotbah 7&8,,,,,,,,,id,,,,,,,0,0,,0,,,,,"2007-11-29 15:36:50","2007-11-29 16:26:59",
1648,1,Reformational Worldview Chapel-Eksposisi Kitab Pengkhotbah 9&10,,,,,,,,,id,,,,,,,0,0,,0,,,,,"2007-11-29 15:36:50","2007-11-29 16:26:59",
1649,1,Reformational Worldview Chapel-Eksposisi Kitab Pengkhotbah 11&12,,,,,,,,,id,,,,,,,0,0,,0,,,,,"2007-11-29 15:36:50","2007-11-29 16:26:59",
1650,1,Reformational Worldview Chapel-Eksposisi Kitab Pengkhotbah 13,,,,,,,,,id,,,,,,,0,0,,0,,,,,"2007-11-29 15:36:50","2007-11-29 16:26:59",
1651,1,Seri Biblical Theology-Gereja & Israel,,,,,,,,,id,,,,,,,0,0,,0,,,,,"2007-11-29 15:36:50","2007-11-29 16:26:59",
1652,1,Integrated Christian Studies-Biblical Worldview& Hermeneutics,,,,,,,,,id,,,,,,,0,0,,0,,,,,"2007-11-29 15:36:50","2007-11-29 16:26:59",
1653,1,Christian Worldview & Pelayanan Remaja,,,,,,,,,id,,,,,,,0,0,,0,,,,,"2007-11-29 15:36:50","2007-11-29 16:26:59",
1654,1,The Transforming Power of Grace,,,,,,,,,id,,,,,,,0,0,,0,,,,,"2007-11-29 15:36:50","2007-11-29 16:26:59",
1655,1,Seri Bina Wawasan Reformasi:Vocation-The Heart of Leadership for Parents & Entrepreneur,,,,,,,,,id,,,,,,,0,0,,0,,,,,"2007-11-29 15:36:50","2007-11-29 16:26:59",
1656,1,Salvation Behind the Scene-GKY Sunter 1-2 Nov 2007,,,,,,,,,id,,,,,,,0,0,,0,,,,,"2007-11-29 15:36:50","2007-11-29 16:26:59",
1657,1,Pre-Class ICS : Faith & Reasons,,,,,,,,,id,,,,,,,0,0,,0,,,,,"2007-11-29 15:36:50","2007-11-29 16:26:59",
1658,1,Pre-Class ICS : Faith &Un/Faith,,,,,,,,,id,,,,,,,0,0,,0,,,,,"2007-11-29 15:36:50","2007-11-29 16:26:59",
1659,1,Pre-Class ICS: Love & Divine,,,,,,,,,id,,,,,,,0,0,,0,,,,,"2007-11-29 15:36:50","2007-11-29 16:26:59",
1660,1,The Development of pastors' Holistic Life,,,,,,,,,id,,,,,,,0,0,,0,,,,,"2007-11-29 15:36:50","2007-11-29 16:26:59",
1661,1,The Challenges of Pastoral Ministry in Postmodern Era,,,,,,,,,id,,,,,,,0,0,,0,,,,,"2007-11-29 15:36:50","2007-11-29 16:26:59",
1662,1,The Discipline of Spiritual Discernment,,,,,,,,,id,,,,,,,0,0,,0,,,,,"2007-11-29 15:36:50","2007-11-29 16:26:59",
1663,1,The Dignity of Pastoral Calling & Ministry,,,,,,,,,id,,,,,,,0,0,,0,,,,,"2007-11-29 15:36:50","2007-11-29 16:26:59",
1664,1,Woman of Courage,,,,,,,,,id,,,,,,,0,0,,0,,,,,"2007-11-29 15:36:50","2007-11-29 16:26:59",
1665,1,Cara Mereka Belajar ,,,,,,,,,id,,,,,,,0,0,,0,,,,,"2007-11-29 15:36:50","2007-11-29 16:26:59",
1666,1,Pastoral Care: Closing the Back Door,,,,,,,,,id,,,,,,,0,0,,0,,,,,"2007-11-29 15:36:50","2007-11-29 16:26:59",
1667,1,Pastor as Coach,,,,,,,,,id,,,,,,,0,0,,0,,,,,"2007-11-29 15:36:50","2007-11-29 16:26:59",
1668,1,Pastor's Prayer Life &  the Church's Prayer life,,,,,,,,,id,,,,,,,0,0,,0,,,,,"2007-11-29 15:36:50","2007-11-29 16:26:59",
1669,1,Spiritual Formation for Pastors/ Ministers,,,,,,,,,id,,,,,,,0,0,,0,,,,,"2007-11-29 15:36:50","2007-11-29 16:26:59",
1670,1,Pastor: Shepherd of CEO,,,,,,,,,id,,,,,,,0,0,,0,,,,,"2007-11-29 15:36:50","2007-11-29 16:26:59",
1671,1,"Vision, Courage & Edurance",,,,,,,,,id,,,,,,,0,0,,0,,,,,"2007-11-29 15:36:50","2007-11-29 16:26:59",
1672,1,Interrelatonship Among Pastors/Ministers,,,,,,,,,id,,,,,,,0,0,,0,,,,,"2007-11-29 15:36:50","2007-11-29 16:26:59",
1673,1,"Emotional Health Series - Food, Love, & Sex",,,,,,,,,id,,,,,,,0,0,,0,,,,,"2007-11-29 15:36:50","2007-11-29 16:26:59",
1674,1,Emotional Health Series - Brain Power,,,,,,,,,id,,,,,,,0,0,,0,,,,,"2007-11-29 15:36:50","2007-11-29 16:26:59",
1675,1,Emotional Health Series - Osteoporosis,,,,,,,,,id,,,,,,,0,0,,0,,,,,"2007-11-29 15:36:50","2007-11-29 16:26:59",
1676,1,The Other Counselor,,,,,,,,,id,,,,,,,0,0,,0,,,,,"2007-11-29 15:36:50","2007-11-29 16:26:59",
1677,1,Ceramah 26-27-30 Januari 2000,,,,,,,,,id,,,,,,,0,0,,0,,,,,"2007-11-29 15:36:50","2007-11-29 16:26:59",
1678,1,Rally Doa Nasional 2 14 Okt 2000,,,,,,,,,id,,,,,,,0,0,,0,,,,,"2007-11-29 15:36:50","2007-11-29 16:26:59",
1679,1,Fondasi Kekristenan 1-Pertanyaan Manusia: Siapakah Aku?,,,,,,,,,id,,,,,,,0,0,,0,,,,,"2007-11-29 15:36:50","2007-11-29 16:26:59",
1680,1,Fondasi Kekristenan 3- Keselamatan Manusia: Kebutuhan atau Pilihan?,,,,,,,,,id,,,,,,,0,0,,0,,,,,"2007-11-29 15:36:50","2007-11-29 16:26:59",
1681,1,Fondasi Kekristenan 5- Yesus Kristus adalah Allah: Buktinya?,,,,,,,,,id,,,,,,,0,0,,0,,,,,"2007-11-29 15:36:50","2007-11-29 16:26:59",
1682,1,Fondasi Kekristenan 6-Berkomunikasi dengan Allah: Mungkinkah?,,,,,,,,,id,,,,,,,0,0,,0,,,,,"2007-11-29 15:36:50","2007-11-29 16:26:59",
1683,1,"1st NWC 2005-Day 1 Ses.1 Church & Worship",,,,,,,,,id,,,,,,,0,0,,0,,,,,"2007-11-29 15:36:50","2007-11-29 16:26:59",
1684,1,"1stNWC 2005-Day 1 Ses.2 The Principle of Church ",,,,,,,,,id,,,,,,,0,0,,0,,,,,"2007-11-29 15:36:50","2007-11-29 16:26:59",
1685,1,"1stNWC 2005-Day 1 Ses.3 The Essence of True Worship",,,,,,,,,id,,,,,,,0,0,,0,,,,,"2007-11-29 15:36:50","2007-11-29 16:26:59",
1686,1,"1stNWC 2005-Day 2 Ses.1 Worship in Contemporary Culture Context",,,,,,,,,id,,,,,,,0,0,,0,,,,,"2007-11-29 15:36:50","2007-11-29 16:26:59",
1687,1,"1stNWC 2005-Day 2 Ses.2 A Meaningful & Powerful Worship",,,,,,,,,id,,,,,,,0,0,,0,,,,,"2007-11-29 15:36:50","2007-11-29 16:26:59",
1688,1,Setiap Anak Bisa Berhasil,,,,,,,,,id,,,,,,,0,0,,0,,,,,"2007-11-29 15:36:50","2007-11-29 16:26:59",
1689,1,"1stNWC 2005-Day 2 Ses.3 Open Discussion-Traditional & Contemporary Worship",,,,,,,,,id,,,,,,,0,0,,0,,,,,"2007-11-29 15:36:50","2007-11-29 16:26:59",
1690,1,"1stNWC 2005-Day 2 Ses.4 Effective Choir Ministry",,,,,,,,,id,,,,,,,0,0,,0,,,,,"2007-11-29 15:36:50","2007-11-29 16:26:59",
1691,1,"1stNWC 2005-Day 2 Ses.4 The Leading of Worship",,,,,,,,,id,,,,,,,0,0,,0,,,,,"2007-11-29 15:36:50","2007-11-29 16:26:59",
1692,1,"1stNWC 2005-Day 2 Ses.5 Elements & Order of Worship",,,,,,,,,id,,,,,,,0,0,,0,,,,,"2007-11-29 15:36:50","2007-11-29 16:26:59",
1693,1,"1stNWC 2005-Day 3 Ses.1 Congregation Singing",,,,,,,,,id,,,,,,,0,0,,0,,,,,"2007-11-29 15:36:50","2007-11-29 16:26:59",
1694,1,"1stNWC 2005-Day 3 Ses.2 Summary of Convention",,,,,,,,,id,,,,,,,0,0,,0,,,,,"2007-11-29 15:36:50","2007-11-29 16:26:59",
1695,1,The 3rd Symposium on Church Choral Music- How to select songs for church,,,,,,,,,id,,,,,,,0,0,,0,,,,,"2007-11-29 15:36:50","2007-11-29 16:26:59",
1696,1,The 3rd Symposium on Church Choral Music- Afternoon Concert Katedral,,,,,,,,,id,,,,,,,0,0,,0,,,,,"2007-11-29 15:36:50","2007-11-29 16:26:59",
1697,1,The 3rd Symposium on Church Choral Music- Afternoon Concert at GPIB,,,,,,,,,id,,,,,,,0,0,,0,,,,,"2007-11-29 15:36:50","2007-11-29 16:26:59",
1698,1,The 3rd Symposium on Church Choral Music- Closing Concert Magnificat A.Vivaldi,,,,,,,,,id,,,,,,,0,0,,0,,,,,"2007-11-29 15:36:50","2007-11-29 16:26:59",
1699,1,"The 3rd Symposium on Church Choral Music- Closing Concert Dettingen Te Deum, GF Handel",,,,,,,,,id,,,,,,,0,0,,0,,,,,"2007-11-29 15:36:50","2007-11-29 16:26:59",
1700,1,The 3rd Symposium on Church Choral Music- Teaching Children to Sing 1,,,,,,,,,id,,,,,,,0,0,,0,,,,,"2007-11-29 15:36:50","2007-11-29 16:26:59",
1701,1,The 3rd Symposium on Church Choral Music - Evening Concert at Kathedral,,,,,,,,,id,,,,,,,0,0,,0,,,,,"2007-11-29 15:36:50","2007-11-29 16:26:59",
1702,1,The 3rd Symposium on Church Choral Music- Singing High Pitch with Easy for Female,,,,,,,,,id,,,,,,,0,0,,0,,,,,"2007-11-29 15:36:50","2007-11-29 16:26:59",
1703,1,The 3rd Symposium on Church Choral Music- Master Class Singing Session I,,,,,,,,,id,,,,,,,0,0,,0,,,,,"2007-11-29 15:36:50","2007-11-29 16:26:59",
1704,1,The 3rd Symposium on Church Choral Music- Master Class Singing Session II,,,,,,,,,id,,,,,,,0,0,,0,,,,,"2007-11-29 15:36:50","2007-11-29 16:26:59",
1705,1,The 3rd Symposium on Church Choral Music- Master Class Singing Session III,,,,,,,,,id,,,,,,,0,0,,0,,,,,"2007-11-29 15:36:50","2007-11-29 16:26:59",
1706,1,The 3rd Symposium on Church Choral Music- Singing & Tune,,,,,,,,,id,,,,,,,0,0,,0,,,,,"2007-11-29 15:36:50","2007-11-29 16:26:59",
1707,1,"The 3rd Symposium on Church Choral Music- Balancing, Blending & Coloring",,,,,,,,,id,,,,,,,0,0,,0,,,,,"2007-11-29 15:36:50","2007-11-29 16:26:59",
1708,1,The 3rd Symposium on Church Choral Music- How to Accompany the Conggregation,,,,,,,,,id,,,,,,,0,0,,0,,,,,"2007-11-29 15:36:50","2007-11-29 16:26:59",
1709,1,The 3rd Symposium on Church Choral Music- Building Expressive Conducting,,,,,,,,,id,,,,,,,0,0,,0,,,,,"2007-11-29 15:36:50","2007-11-29 16:26:59",
1710,1,The 3rd Symposium on Church Choral Music- Preparing your Rehearsal,,,,,,,,,id,,,,,,,0,0,,0,,,,,"2007-11-29 15:36:50","2007-11-29 16:26:59",
1711,1,The Davinci Code - Kebenarankah? Hujatankah?,,,,,,,,,id,,,,,,,0,0,,0,,,,,"2007-11-29 15:36:50","2007-11-29 16:26:59",
1712,1,Christ - Pesan Spiritual Untuk Millnium Berikutnya,,,,,,,,,id,,,,,,,0,0,,0,,,,,"2007-11-29 15:36:50","2007-11-29 16:26:59",
1713,1,Sabda Versi 3.0 - Online Bible,,,,,,,,,id,,,,,,,0,0,,0,,,,,"2007-11-29 15:36:50","2007-11-29 16:26:59",
1714,1,The Revolutionary,,,,,,,,,id,,,,,,,0,0,,0,,,,,"2007-11-29 15:36:50","2007-11-29 16:26:59",
1715,1,Prison to Praise,,,,,,,,,id,,,,,,,0,0,,0,,,,,"2007-11-29 15:36:50","2007-11-29 16:26:59",
1716,1,Excavating the Bible,,,,,,,,,id,,,,,,,0,0,,0,,,,,"2007-11-29 15:36:50","2007-11-29 16:26:59",
1717,1,Kereta Api Sorgawi,,,,,,,,,id,,,,,,,0,0,,0,,,,,"2007-11-29 15:36:50","2007-11-29 16:26:59",
1718,1,Perayaan Natal Tingkat Nasional,,,,,,,,,id,,,,,,,0,0,,0,,,,,"2007-11-29 15:36:50","2007-11-29 16:26:59",
1719,1,The Trial and Testimony of the Early Church,,,,,,,,,id,,,,,,,0,0,,0,,,,,"2007-11-29 15:36:50","2007-11-29 16:26:59",
1720,1,Laki Laki Pilihan,,,,,,,,,id,,,,,,,0,0,,0,,,,,"2007-11-29 15:36:50","2007-11-29 16:26:59",
1721,1,Mujizat Yesus,,,,,,,,,id,,,,,,,0,0,,0,,,,,"2007-11-29 15:36:50","2007-11-29 16:26:59",
1722,1,"Sex, Love and Relationships",,,,,,,,,id,,,,,,,0,0,,0,,,,,"2007-11-29 15:36:50","2007-11-29 16:26:59",
1723,1,Rudolph The Red Nose Reindeer,,,,,,,,,id,,,,,,,0,0,,0,,,,,"2007-11-29 15:36:50","2007-11-29 16:26:59",
1724,1,Future Tense,,,,,,,,,id,,,,,,,0,0,,0,,,,,"2007-11-29 15:36:50","2007-11-29 16:26:59",
1725,1,Stephen's Test of Faith,,,,,,,,,id,,,,,,,0,0,,0,,,,,"2007-11-29 15:36:50","2007-11-29 16:26:59",
1726,1,Keajaiban Roh Kudus,,,,,,,,,id,,,,,,,0,0,,0,,,,,"2007-11-29 15:36:50","2007-11-29 16:26:59",
1727,1,Opera Pelangi Kasih,,,,,,,,,id,,,,,,,0,0,,0,,,,,"2007-11-29 15:36:50","2007-11-29 16:26:59",
1728,1,Sodom & Gomorah,,,,,,,,,id,,,,,,,0,0,,0,,,,,"2007-11-29 15:36:50","2007-11-29 16:26:59",
1729,1,Kisah Para Rasul,,,,,,,,,id,,,,,,,0,0,,0,,,,,"2007-11-29 15:36:50","2007-11-29 16:26:59",
1730,1,Retret Raya Komisi Kaleb - April 03,,,,,,,,,id,,,,,,,0,0,,0,,,,,"2007-11-29 15:36:50","2007-11-29 16:26:59",
1731,1,The Children Ought to Know,,,,,,,,,id,,,,,,,0,0,,0,,,,,"2007-11-29 15:36:50","2007-11-29 16:26:59",
1732,1,Faith Under Fire,,,,,,,,,id,,,,,,,0,0,,0,,,,,"2007-11-29 15:36:50","2007-11-29 16:26:59",
1733,1,Jesus The New Way,,,,,,,,,id,,,,,,,0,0,,0,,,,,"2007-11-29 15:36:50","2007-11-29 16:26:59",
1734,1,Excavating the Bible Vol. 2,,,,,,,,,id,,,,,,,0,0,,0,,,,,"2007-11-29 15:36:50","2007-11-29 16:26:59",
1735,1,The Passion of the Christ,,,,,,,,,id,,,,,,,0,0,,0,,,,,"2007-11-29 15:36:50","2007-11-29 16:26:59",
1736,1,Berhemat Mencari Harta Abadi,,,,,,,,,id,,,,,,,0,0,,0,,,,,"2007-11-29 15:36:50","2007-11-29 16:26:59",
1737,1,MEMBUKA PINTU KESUKSESAN UNTUK MASA DEPAN,,,,,,,,,id,,,,,,,0,0,,0,,,,,"2007-11-29 15:36:50","2007-11-29 16:26:59",
1738,1,Nikolai,,,,,,,,,id,,,,,,,0,0,,0,,,,,"2007-11-29 15:36:50","2007-11-29 16:26:59",
1739,1,The Bible,,,,,,,,,id,,,,,,,0,0,,0,,,,,"2007-11-29 15:36:50","2007-11-29 16:26:59",
1740,1,Ancient Warriors - The Legion of Rome,,,,,,,,,id,,,,,,,0,0,,0,,,,,"2007-11-29 15:36:50","2007-11-29 16:26:59",
1741,1,Ancient Warriors - The Viking and The Knights Templar,,,,,,,,,id,,,,,,,0,0,,0,,,,,"2007-11-29 15:36:50","2007-11-29 16:26:59",
1742,1,Ancient Warriors - The Spartans and The Huns,,,,,,,,,id,,,,,,,0,0,,0,,,,,"2007-11-29 15:36:50","2007-11-29 16:26:59",
1743,1,Ancient Warriors - The Samurai and The Shaolin Monks,,,,,,,,,id,,,,,,,0,0,,0,,,,,"2007-11-29 15:36:50","2007-11-29 16:26:59",
1744,1,Ancient Warriors - Soldiers of the Pharaoh,,,,,,,,,id,,,,,,,0,0,,0,,,,,"2007-11-29 15:36:50","2007-11-29 16:26:59",
1745,1,Seven Wonders of the World,,,,,,,,,id,,,,,,,0,0,,0,,,,,"2007-11-29 15:36:50","2007-11-29 16:26:59",
1746,1,Jerusalem City of Heaven,,,,,,,,,id,,,,,,,0,0,,0,,,,,"2007-11-29 15:36:50","2007-11-29 16:26:59",
1747,1,The Appointment,,,,,,,,,id,,,,,,,0,0,,0,,,,,"2007-11-29 15:36:50","2007-11-29 16:26:59",
1748,1,Excavating the Bible Vol. 3,,,,,,,,,id,,,,,,,0,0,,0,,,,,"2007-11-29 15:36:50","2007-11-29 16:26:59",
1749,1,Somewhere Forever,,,,,,,,,id,,,,,,,0,0,,0,,,,,"2007-11-29 15:36:50","2007-11-29 16:26:59",
1750,1,Gift of Hope,,,,,,,,,id,,,,,,,0,0,,0,,,,,"2007-11-29 15:36:50","2007-11-29 16:26:59",
1751,1,Martin Luther,,,,,,,,,id,,,,,,,0,0,,0,,,,,"2007-11-29 15:36:50","2007-11-29 16:26:59",
1752,1,The Beginner's Bibles,,,,,,,,,id,,,,,,,0,0,,0,,,,,"2007-11-29 15:36:50","2007-11-29 16:26:59",
1753,1,History of Christianity,,,,,,,,,id,,,,,,,0,0,,0,,,,,"2007-11-29 15:36:50","2007-11-29 16:26:59",
1754,1,The Melody of Live & Love Never Fears,,,,,,,,,id,,,,,,,0,0,,0,,,,,"2007-11-29 15:36:50","2007-11-29 16:26:59",
1755,1,Doni & Paman Don,,,,,,,,,id,,,,,,,0,0,,0,,,,,"2007-11-29 15:36:50","2007-11-29 16:26:59",
1756,1,Paul The Emissary,,,,,,,,,id,,,,,,,0,0,,0,,,,,"2007-11-29 15:36:50","2007-11-29 16:26:59",
1757,1,Jerat Maut Narkoba,,,,,,,,,id,,,,,,,0,0,,0,,,,,"2007-11-29 15:36:50","2007-11-29 16:26:59",
1758,1,Selamat Tinggal Kota Roma,,,,,,,,,id,,,,,,,0,0,,0,,,,,"2007-11-29 15:36:50","2007-11-29 16:26:59",
1759,1,Julius Caesar,,,,,,,,,id,,,,,,,0,0,,0,,,,,"2007-11-29 15:36:50","2007-11-29 16:26:59",
1760,1,The Loretta Clairborne,,,,,,,,,id,,,,,,,0,0,,0,,,,,"2007-11-29 15:36:50","2007-11-29 16:26:59",
1761,1,Miracle of Faith,,,,,,,,,id,,,,,,,0,0,,0,,,,,"2007-11-29 15:36:50","2007-11-29 16:26:59",
1762,1,Membangkitkan Tentara Allah,,,,,,,,,id,,,,,,,0,0,,0,,,,,"2007-11-29 15:36:50","2007-11-29 16:26:59",
1763,1,Invisible Enemies,,,,,,,,,id,,,,,,,0,0,,0,,,,,"2007-11-29 15:36:50","2007-11-29 16:26:59",
1764,1,Injil Matius,,,,,,,,,id,,,,,,,0,0,,0,,,,,"2007-11-29 15:36:50","2007-11-29 16:26:59",
1765,1,Noah,,,,,,,,,id,,,,,,,0,0,,0,,,,,"2007-11-29 15:36:50","2007-11-29 16:26:59",
1766,1,Final Exit,,,,,,,,,id,,,,,,,0,0,,0,,,,,"2007-11-29 15:36:50","2007-11-29 16:26:59",
1767,1,End of the Harvest,,,,,,,,,id,,,,,,,0,0,,0,,,,,"2007-11-29 15:36:50","2007-11-29 16:26:59",
1768,1,Pita Merah,,,,,,,,,id,,,,,,,0,0,,0,,,,,"2007-11-29 15:36:50","2007-11-29 16:26:59",
1769,1,Christy,,,,,,,,,id,,,,,,,0,0,,0,,,,,"2007-11-29 15:36:50","2007-11-29 16:26:59",
1770,1,Eyewitness to Jesus,,,,,,,,,id,,,,,,,0,0,,0,,,,,"2007-11-29 15:36:50","2007-11-29 16:26:59",
1771,1,Moment of Truth,,,,,,,,,id,,,,,,,0,0,,0,,,,,"2007-11-29 15:36:50","2007-11-29 16:26:59",
1772,1,In the Beginning,,,,,,,,,id,,,,,,,0,0,,0,,,,,"2007-11-29 15:36:50","2007-11-29 16:26:59",
1773,1,The Moment After,,,,,,,,,id,,,,,,,0,0,,0,,,,,"2007-11-29 15:36:50","2007-11-29 16:26:59",
1774,1,King of Kings,,,,,,,,,id,,,,,,,0,0,,0,,,,,"2007-11-29 15:36:50","2007-11-29 16:26:59",
1775,1,Air Mata Doa,,,,,,,,,id,,,,,,,0,0,,0,,,,,"2007-11-29 15:36:50","2007-11-29 16:26:59",
1776,1,Judgment,,,,,,,,,id,,,,,,,0,0,,0,,,,,"2007-11-29 15:36:50","2007-11-29 16:26:59",
1777,1,Wrestling With God,,,,,,,,,id,,,,,,,0,0,,0,,,,,"2007-11-29 15:36:50","2007-11-29 16:26:59",
1778,1,Did Jesus Walk The Earth,,,,,,,,,id,,,,,,,0,0,,0,,,,,"2007-11-29 15:36:50","2007-11-29 16:26:59",
1779,1,Love Never Fails,,,,,,,,,id,,,,,,,0,0,,0,,,,,"2007-11-29 15:36:50","2007-11-29 16:26:59",
1780,1,Discovering The Bible,,,,,,,,,id,,,,,,,0,0,,0,,,,,"2007-11-29 15:36:50","2007-11-29 16:26:59",
1781,1,The Cross and The Switchblade,,,,,,,,,id,,,,,,,0,0,,0,,,,,"2007-11-29 15:36:50","2007-11-29 16:26:59",
1782,1,HUT GKY Citra 10 - 2004,,,,,,,,,id,,,,,,,0,0,,0,,,,,"2007-11-29 15:36:50","2007-11-29 16:26:59",
1783,1,HUT Kaleb 9 - 2004,,,,,,,,,id,,,,,,,0,0,,0,,,,,"2007-11-29 15:36:50","2007-11-29 16:26:59",
1784,1,Perjalanan Ziarah GKY Greenvil - 2000,,,,,,,,,id,,,,,,,0,0,,0,,,,,"2007-11-29 15:36:50","2007-11-29 16:26:59",
1785,1,China's Confession,,,,,,,,,id,,,,,,,0,0,,0,,,,,"2007-11-29 15:36:50","2007-11-29 16:26:59",
1786,1,The Cross Jesus in Tiongkok,,,,,,,,,id,,,,,,,0,0,,0,,,,,"2007-11-29 15:36:50","2007-11-29 16:26:59",
1787,1,Christy Vol 2,,,,,,,,,id,,,,,,,0,0,,0,,,,,"2007-11-29 15:36:50","2007-11-29 16:26:59",
1788,1,In the Name of Jehovah,,,,,,,,,id,,,,,,,0,0,,0,,,,,"2007-11-29 15:36:50","2007-11-29 16:26:59",
1789,1,Alone In the Dark,,,,,,,,,id,,,,,,,0,0,,0,,,,,"2007-11-29 15:36:50","2007-11-29 16:26:59",
1790,1,Paasion of the Saints - Mystics & Miracles,,,,,,,,,id,,,,,,,0,0,,0,,,,,"2007-11-29 15:36:50","2007-11-29 16:26:59",
1791,1,Paasion of the Saints - The Road to Sainthood,,,,,,,,,id,,,,,,,0,0,,0,,,,,"2007-11-29 15:36:50","2007-11-29 16:26:59",
1792,1,Paasion of the Saints - Martyrs,,,,,,,,,id,,,,,,,0,0,,0,,,,,"2007-11-29 15:36:50","2007-11-29 16:26:59",
1793,1,Paasion of the Saints - Hermits Monks and Madmen,,,,,,,,,id,,,,,,,0,0,,0,,,,,"2007-11-29 15:36:50","2007-11-29 16:26:59",
1794,1,The Quest for the true cross,,,,,,,,,id,,,,,,,0,0,,0,,,,,"2007-11-29 15:36:50","2007-11-29 16:26:59",
1795,1,Jesus in Himalayas,,,,,,,,,id,,,,,,,0,0,,0,,,,,"2007-11-29 15:36:50","2007-11-29 16:26:59",
1796,1,Tolong Pasanganku malas baca Alkitab,,,,,,,,,id,,,,,,,0,0,,0,,,,,"2007-11-29 15:36:50","2007-11-29 16:26:59",
1797,1,SENI BERSAHABAT,,,,,,,,,id,,,,,,,0,0,,0,,,,,"2007-11-29 15:36:50","2007-11-29 16:26:59",
1798,1,In Search of Eden,,,,,,,,,id,,,,,,,0,0,,0,,,,,"2007-11-29 15:36:50","2007-11-29 16:26:59",
1799,1,Haunted Dessert Dead Sea Scrolls,,,,,,,,,id,,,,,,,0,0,,0,,,,,"2007-11-29 15:36:50","2007-11-29 16:26:59",
1800,1,Israel and Palestine - The Roots of Conflict,,,,,,,,,id,,,,,,,0,0,,0,,,,,"2007-11-29 15:36:50","2007-11-29 16:26:59",
1801,1,Riddles of th Bible - Exodus Revealed,,,,,,,,,id,,,,,,,0,0,,0,,,,,"2007-11-29 15:36:50","2007-11-29 16:26:59",
1802,1,Davincis Code Revealed,,,,,,,,,id,,,,,,,0,0,,0,,,,,"2007-11-29 15:36:50","2007-11-29 16:26:59",
1803,1,The Gospel of Judas,,,,,,,,,id,,,,,,,0,0,,0,,,,,"2007-11-29 15:36:50","2007-11-29 16:26:59",
1804,1,Treasurer Seekers - Quest for the grail,,,,,,,,,id,,,,,,,0,0,,0,,,,,"2007-11-29 15:36:50","2007-11-29 16:26:59",
1805,1,The Quest for the Noeh's Flood,,,,,,,,,id,,,,,,,0,0,,0,,,,,"2007-11-29 15:36:50","2007-11-29 16:26:59",
1806,1,The Search for the True Cross,,,,,,,,,id,,,,,,,0,0,,0,,,,,"2007-11-29 15:36:50","2007-11-29 16:26:59",
1807,1,The Misterius Man of The Shroud,,,,,,,,,id,,,,,,,0,0,,0,,,,,"2007-11-29 15:36:50","2007-11-29 16:26:59",
1808,1,Excavating The Bible Volume 1,,,,,,,,,id,,,,,,,0,0,,0,,,,,"2007-11-29 15:36:50","2007-11-29 16:26:59",
1809,1,Excavating The Bible Volume 2,,,,,,,,,id,,,,,,,0,0,,0,,,,,"2007-11-29 15:36:50","2007-11-29 16:26:59",
1810,1,Excavating The Bible Volume 3,,,,,,,,,id,,,,,,,0,0,,0,,,,,"2007-11-29 15:36:50","2007-11-29 16:26:59",
1811,1,The Bible David Part 1,,,,,,,,,id,,,,,,,0,0,,0,,,,,"2007-11-29 15:36:50","2007-11-29 16:26:59",
1812,1,The Bible David Part 2,,,,,,,,,id,,,,,,,0,0,,0,,,,,"2007-11-29 15:36:50","2007-11-29 16:26:59",
1813,1,The Bible Moses Part 1,,,,,,,,,id,,,,,,,0,0,,0,,,,,"2007-11-29 15:36:50","2007-11-29 16:26:59",
1814,1,The Bible Moses Part 2,,,,,,,,,id,,,,,,,0,0,,0,,,,,"2007-11-29 15:36:50","2007-11-29 16:26:59",
1815,1,The Bible Esther ,,,,,,,,,id,,,,,,,0,0,,0,,,,,"2007-11-29 15:36:50","2007-11-29 16:26:59",
1816,1,Lord's Prayer,,,,,,,,,id,,,,,,,0,0,,0,,,,,"2007-11-29 15:36:50","2007-11-29 16:26:59",
1817,1,Forgive Us Our Debt,,,,,,,,,id,,,,,,,0,0,,0,,,,,"2007-11-29 15:36:50","2007-11-29 16:26:59",
1818,1,The Prodigal Son,,,,,,,,,id,,,,,,,0,0,,0,,,,,"2007-11-29 15:36:50","2007-11-29 16:26:59",
1819,1,Where He Walked,,,,,,,,,id,,,,,,,0,0,,0,,,,,"2007-11-29 15:36:50","2007-11-29 16:26:59",
1820,1,Kids Ten Commandments,,,,,,,,,id,,,,,,,0,0,,0,,,,,"2007-11-29 15:36:50","2007-11-29 16:26:59",
1821,1,"Mary, Mother of Jesus",,,,,,,,,id,,,,,,,0,0,,0,,,,,"2007-11-29 15:36:50","2007-11-29 16:26:59",
1822,1,The Gospel of John,,,,,,,,,id,,,,,,,0,0,,0,,,,,"2007-11-29 15:36:50","2007-11-29 16:26:59",
1823,1,Negeri Kepiting,,,,,,,,,id,,,,,,,0,0,,0,,,,,"2007-11-29 15:36:50","2007-11-29 16:26:59",
1824,1,Simu Ulang Tahun,,,,,,,,,id,,,,,,,0,0,,0,,,,,"2007-11-29 15:36:50","2007-11-29 16:26:59",
1825,1,A Giant Problem - The David Story,,,,,,,,,id,,,,,,,0,0,,0,,,,,"2007-11-29 15:36:50","2007-11-29 16:26:59",
1826,1,Angel Wars - Guardian Force,,,,,,,,,id,,,,,,,0,0,,0,,,,,"2007-11-29 15:36:50","2007-11-29 16:26:59",
1827,1,Perjalanan Sukses Murid Kristus,,,,,,,,,id,,,,,,,0,0,,0,,,,,"2007-11-29 15:36:50","2007-11-29 16:26:59",
1828,1,Kesembuhan Luka Batin,,,,,,,,,id,,,,,,,0,0,,0,,,,,"2007-11-29 15:36:50","2007-11-29 16:26:59",
1829,1,Meditasi 13/9/2001,,,,,,,,,id,,,,,,,0,0,,0,,,,,"2007-11-29 15:36:50","2007-11-29 16:26:59",
1830,1,Doktrin Ibu Pendeta & Hamba Tuhan,,,,,,,,,id,,,,,,,0,0,,0,,,,,"2007-11-29 15:36:50","2007-11-29 16:26:59",
1831,1,Pembukaan 10/9/2001,,,,,,,,,id,,,,,,,0,0,,0,,,,,"2007-11-29 15:36:50","2007-11-29 16:26:59",
1832,1,Meditasi 11/9/2001,,,,,,,,,id,,,,,,,0,0,,0,,,,,"2007-11-29 15:36:50","2007-11-29 16:26:59",
1833,1,Bertumbuh di dalam Roh 12/9/2001,,,,,,,,,id,,,,,,,0,0,,0,,,,,"2007-11-29 15:36:50","2007-11-29 16:26:59",
1834,1,Mazmur 139 11/9/2001,,,,,,,,,id,,,,,,,0,0,,0,,,,,"2007-11-29 15:36:50","2007-11-29 16:26:59",
1835,1,Menikmati Kelimpahan 12/9/2001,,,,,,,,,id,,,,,,,0,0,,0,,,,,"2007-11-29 15:36:50","2007-11-29 16:26:59",
1836,1,Misi & Kerajaan 13/9/2001,,,,,,,,,id,,,,,,,0,0,,0,,,,,"2007-11-29 15:36:50","2007-11-29 16:26:59",
1837,1,Misi & Kesaksian 12/9/2001,,,,,,,,,id,,,,,,,0,0,,0,,,,,"2007-11-29 15:36:50","2007-11-29 16:26:59",
1838,1,Misi & Kerohanian 11/9/2001,,,,,,,,,id,,,,,,,0,0,,0,,,,,"2007-11-29 15:36:50","2007-11-29 16:26:59",
1839,1,Misi & Keluarga (A) 11/9/2001,,,,,,,,,id,,,,,,,0,0,,0,,,,,"2007-11-29 15:36:50","2007-11-29 16:26:59",
1840,1,Misi & Keluarga (B) 11/9/2001,,,,,,,,,id,,,,,,,0,0,,0,,,,,"2007-11-29 15:36:50","2007-11-29 16:26:59",
1841,1,Misi & Doa (A) 12/9/2001,,,,,,,,,id,,,,,,,0,0,,0,,,,,"2007-11-29 15:36:50","2007-11-29 16:26:59",
1842,1,Misi & Doa (B) 12/9/2001,,,,,,,,,id,,,,,,,0,0,,0,,,,,"2007-11-29 15:36:50","2007-11-29 16:26:59",
1843,1,Kotbah KU 16 Jan 2005,,,,,,,,,id,,,,,,,0,0,,0,,,,,"2007-11-29 15:36:50","2007-11-29 16:26:59",
1844,1,Kotbah KU 30 Jan 2005 : Kekuatan doa,,,,,,,,,id,,,,,,,0,0,,0,,,,,"2007-11-29 15:36:50","2007-11-29 16:26:59",
1845,1,Kotbah KU 6 Feb 2005,,,,,,,,,id,,,,,,,0,0,,0,,,,,"2007-11-29 15:36:50","2007-11-29 16:26:59",
1846,1,Kotbah KU 27 Mar 2005 : Darah Yg Penuh Kemenangan,,,,,,,,,id,,,,,,,0,0,,0,,,,,"2007-11-29 15:36:50","2007-11-29 16:26:59",
1847,1,Jumat Agung 25 Mar 05 & Paskah 27 Mar 05,,,,,,,,,id,,,,,,,0,0,,0,,,,,"2007-11-29 15:36:50","2007-11-29 16:26:59",
1848,1,Kotbah KU 1 May 2005,,,,,,,,,id,,,,,,,0,0,,0,,,,,"2007-11-29 15:36:50","2007-11-29 16:26:59",
1849,1,Kotbah KU 24 April 2005,,,,,,,,,id,,,,,,,0,0,,0,,,,,"2007-11-29 15:36:50","2007-11-29 16:26:59",
1850,1,Seminar Teologi -Kucing & Anjing 17 Jan 2004,,,,,,,,,id,,,,,,,0,0,,0,,,,,"2007-11-29 15:36:50","2007-11-29 16:26:59",
1851,1,Kotbah 21 Des 2003,,,,,,,,,id,,,,,,,0,0,,0,,,,,"2007-11-29 15:36:50","2007-11-29 16:26:59",
1852,1,Kotbah KU 11 Januari 2004,,,,,,,,,id,,,,,,,0,0,,0,,,,,"2007-11-29 15:36:50","2007-11-29 16:26:59",
1853,1,PD Rabu 18 Feb 2004,,,,,,,,,id,,,,,,,0,0,,0,,,,,"2007-11-29 15:36:50","2007-11-29 16:26:59",
1854,1,Kotbah KU 2 Januari 2005,,,,,,,,,id,,,,,,,0,0,,0,,,,,"2007-11-29 15:36:50","2007-11-29 16:26:59",
1855,1,Kehidupan Seks dalam Pernikahan,,,,,,,,,id,,,,,,,0,0,,0,,,,,"2007-11-29 15:36:50","2007-11-29 16:26:59",
1856,1,Kotbah 9 Nov 2003,,,,,,,,,id,,,,,,,0,0,,0,,,,,"2007-11-29 15:36:50","2007-11-29 16:26:59",
1857,1,Kotbah 1 Feb 2004,,,,,,,,,id,,,,,,,0,0,,0,,,,,"2007-11-29 15:36:50","2007-11-29 16:26:59",
1858,1,Kotbah Ku 15 Feb 2004,,,,,,,,,id,,,,,,,0,0,,0,,,,,"2007-11-29 15:36:50","2007-11-29 16:26:59",
1859,1,Ambillah Aku Melayani Engkau,,,,,,,,,id,,,,,,,0,0,,0,,,,,"2007-11-29 15:36:50","2007-11-29 16:26:59",
1860,1,PD Rabu 10 Feb 2004,,,,,,,,,id,,,,,,,0,0,,0,,,,,"2007-11-29 15:36:50","2007-11-29 16:26:59",
1861,1,Kotbah KU 23 Jan 2005 - Selamat Ribut Rukun,,,,,,,,,id,,,,,,,0,0,,0,,,,,"2007-11-29 15:36:50","2007-11-29 16:26:59",
1862,1,Kenaikan Isa Almasih 4 Mei 2005,,,,,,,,,id,,,,,,,0,0,,0,,,,,"2007-11-29 15:36:50","2007-11-29 16:26:59",
1863,1,Kotbah 2 Mei 2004,,,,,,,,,id,,,,,,,0,0,,0,,,,,"2007-11-29 15:36:50","2007-11-29 16:26:59",
1864,1,PD Rabu 17 Des 2003,,,,,,,,,id,,,,,,,0,0,,0,,,,,"2007-11-29 15:36:50","2007-11-29 16:26:59",
1865,1,Kotbah 7 Des 2003,,,,,,,,,id,,,,,,,0,0,,0,,,,,"2007-11-29 15:36:50","2007-11-29 16:26:59",
1866,1,"Capita Selecta Ses.1 ""Love, Sex, & Dating""",,,,,,,,,id,,,,,,,0,0,,0,,,,,"2007-11-29 15:36:50","2007-11-29 16:26:59",
1867,1,PD Rabu 24 Maret 2004,,,,,,,,,id,,,,,,,0,0,,0,,,,,"2007-11-29 15:36:50","2007-11-29 16:26:59",
1868,1,Kotbah Minggu 28 Des 2003,,,,,,,,,id,,,,,,,0,0,,0,,,,,"2007-11-29 15:36:50","2007-11-29 16:26:59",
1869,1,Kotbah KU 1-3 30 Jan 2005,,,,,,,,,id,,,,,,,0,0,,0,,,,,"2007-11-29 15:36:50","2007-11-29 16:26:59",
1870,1,Kotbah 13 Mar 2005-Deisme vs Pertolongan Tuhan Providensia Allah,,,,,,,,,id,,,,,,,0,0,,0,,,,,"2007-11-29 15:36:50","2007-11-29 16:26:59",
1871,1,KU I & KU III: 15 Mei 2005,,,,,,,,,id,,,,,,,0,0,,0,,,,,"2007-11-29 15:36:50","2007-11-29 16:26:59",
1872,1,Kotbah KU I & II 27 Feb 2005,,,,,,,,,id,,,,,,,0,0,,0,,,,,"2007-11-29 15:36:50","2007-11-29 16:26:59",
1873,1,Kotbah Pernikahan 19 Feb 2005,,,,,,,,,id,,,,,,,0,0,,0,,,,,"2007-11-29 15:36:50","2007-11-29 16:26:59",
1874,1,PD Rabu 10 Des 2003,,,,,,,,,id,,,,,,,0,0,,0,,,,,"2007-11-29 15:36:50","2007-11-29 16:26:59",
1875,1,PD Rabu 25 Feb 2004,,,,,,,,,id,,,,,,,0,0,,0,,,,,"2007-11-29 15:36:50","2007-11-29 16:26:59",
1876,1,CBM EE 2004,,,,,,,,,id,,,,,,,0,0,,0,,,,,"2007-11-29 15:36:50","2007-11-29 16:26:59",
1877,1,Kotbah KU 18 Feb 2004,,,,,,,,,id,,,,,,,0,0,,0,,,,,"2007-11-29 15:36:50","2007-11-29 16:26:59",
1878,1,Komisi Pemuda 27 Juni 2003,,,,,,,,,id,,,,,,,0,0,,0,,,,,"2007-11-29 15:36:50","2007-11-29 16:26:59",
1879,1,CMB EE Sabtu 28 Feb 2004,,,,,,,,,id,,,,,,,0,0,,0,,,,,"2007-11-29 15:36:50","2007-11-29 16:26:59",
1880,1,Kotbah,,,,,,,,,id,,,,,,,0,0,,0,,,,,"2007-11-29 15:36:50","2007-11-29 16:26:59",
1881,1,Inner Beauty Session I,,,,,,,,,id,,,,,,,0,0,,0,,,,,"2007-11-29 15:36:50","2007-11-29 16:26:59",
1882,1,Kotbah 21 Mar 2004,,,,,,,,,id,,,,,,,0,0,,0,,,,,"2007-11-29 15:36:50","2007-11-29 16:26:59",
1883,1,Awas ! Anak Anda Sudah Remaja,,,,,,,,,id,,,,,,,0,0,,0,,,,,"2007-11-29 15:36:50","2007-11-29 16:26:59",
1884,1,Kotbah 6 Mar 2005,,,,,,,,,id,,,,,,,0,0,,0,,,,,"2007-11-29 15:36:50","2007-11-29 16:26:59",
1885,1,PD Rabu 28 Jan 2004,,,,,,,,,id,,,,,,,0,0,,0,,,,,"2007-11-29 15:36:50","2007-11-29 16:26:59",
1886,1,"KPR Retreat Rmaja ""One Step Higher"" 22 Jun 2004",,,,,,,,,id,,,,,,,0,0,,0,,,,,"2007-11-29 15:36:50","2007-11-29 16:26:59",
1887,1,"Capita Selecta Ses.2 ""Love, Sex, & Dating""",,,,,,,,,id,,,,,,,0,0,,0,,,,,"2007-11-29 15:36:50","2007-11-29 16:26:59",
1888,1,KU I 13 Feb 2005,,,,,,,,,id,,,,,,,0,0,,0,,,,,"2007-11-29 15:36:50","2007-11-29 16:26:59",
1889,1,KKR I Retret Remaja 21 Juni 2004,,,,,,,,,id,,,,,,,0,0,,0,,,,,"2007-11-29 15:36:50","2007-11-29 16:26:59",
1890,1,Pendidikan Sex untuk Anak 23 Jul 2004,,,,,,,,,id,,,,,,,0,0,,0,,,,,"2007-11-29 15:36:50","2007-11-29 16:26:59",
1891,1,PD. Rabu 14 Jan 2004 - Jalan Serta Yesus,,,,,,,,,id,,,,,,,0,0,,0,,,,,"2007-11-29 15:36:50","2007-11-29 16:26:59",
1892,1,MendapatMu dalam Kehilanganku,,,,,,,,,id,,,,,,,0,0,,0,,,,,"2007-11-29 15:36:50","2007-11-29 16:26:59",
1893,1,Purpose of Life,,,,,,,,,id,,,,,,,0,0,,0,,,,,"2007-11-29 15:36:50","2007-11-29 16:26:59",
1894,1,Sentuh Hatiku,,,,,,,,,id,,,,,,,0,0,,0,,,,,"2007-11-29 15:36:50","2007-11-29 16:26:59",
1895,1,My very Best Friend,,,,,,,,,id,,,,,,,0,0,,0,,,,,"2007-11-29 15:36:50","2007-11-29 16:26:59",
1896,1,Jazzy Duet-Light Jazz Instumental,,,,,,,,,id,,,,,,,0,0,,0,,,,,"2007-11-29 15:36:50","2007-11-29 16:26:59",
1897,1,Worship of the Year Volume 2,,,,,,,,,id,,,,,,,0,0,,0,,,,,"2007-11-29 15:36:50","2007-11-29 16:26:59",
1898,1,Desire,,,,,,,,,id,,,,,,,0,0,,0,,,,,"2007-11-29 15:36:50","2007-11-29 16:26:59",
1899,1,The Best Kelegaan Vol. 2,,,,,,,,,id,,,,,,,0,0,,0,,,,,"2007-11-29 15:36:50","2007-11-29 16:26:59",
1900,1,Yesus cinta Semua Anak,,,,,,,,,id,,,,,,,0,0,,0,,,,,"2007-11-29 15:36:50","2007-11-29 16:26:59",
1901,1,Prayer Worship Edward Chen 3,,,,,,,,,id,,,,,,,0,0,,0,,,,,"2007-11-29 15:36:50","2007-11-29 16:26:59",
1902,1,Bahasa Cinta,,,,,,,,,id,,,,,,,0,0,,0,,,,,"2007-11-29 15:36:50","2007-11-29 16:26:59",
1903,1,Shu Thien Ti Ai,,,,,,,,,id,,,,,,,0,0,,0,,,,,"2007-11-29 15:36:50","2007-11-29 16:26:59",
1904,1,Wo Tik Sang Ti,,,,,,,,,id,,,,,,,0,0,,0,,,,,"2007-11-29 15:36:50","2007-11-29 16:26:59",
1905,1,Nyanyikanlah Kidung Baru 1,,,,,,,,,id,,,,,,,0,0,,0,,,,,"2007-11-29 15:36:50","2007-11-29 16:26:59",
1906,1,O.. Kasih Hu Ajaib Indah/ Cu Ti Miau Ai,,,,,,,,,id,,,,,,,0,0,,0,,,,,"2007-11-29 15:36:50","2007-11-29 16:26:59",
1907,1,Hati Bersyukur,,,,,,,,,id,,,,,,,0,0,,0,,,,,"2007-11-29 15:36:50","2007-11-29 16:26:59",
1908,1,The World Book Encyclopedia L,,,,,,,,,id,,,,,,,0,0,,0,,,,,"2007-11-29 15:36:50","2007-11-29 16:26:59",
1909,1,Pemulihan Hati yang Terluka karena Seorang AYAH,,,,,,,,,id,,,,,,,0,0,,0,,,,,"2007-11-29 15:36:50","2007-11-29 16:26:59",
1910,1,The Five Languages of Apology,,,,,,,,,id,,,,,,,0,0,,0,,,,,"2007-11-29 15:36:50","2007-11-29 16:26:59",
1911,1,Arahkan dengan Jitu,,,,,,,,,id,,,,,,,0,0,,0,,,,,"2007-11-29 15:36:50","2007-11-29 16:26:59",
1912,1,Financial Breakthrough,"","","",,"","","","",id,,,NONE,"",,,0,0,,0,"",,,,"2007-11-29 15:36:50","2026-07-23 13:33:52",
1913,1,God is my Coach,,,,,,,,,id,,,,,,,0,0,,0,,,,,"2007-11-29 15:36:50","2007-11-29 16:26:59",
1914,1,Memperkuat Jiwa Kepemimpinan Anda,,,,,,,,,id,,,,,,,0,0,,0,,,,,"2007-11-29 15:36:50","2007-11-29 16:26:59",
1915,1,Career Breakthrough,,,,,,,,,id,,,,,,,0,0,,0,,,,,"2007-11-29 15:36:50","2007-11-29 16:26:59",
1916,1,"5 pillar kepemimpinan",,,,,,,,,id,,,,,,,0,0,,0,,,,,"2007-11-29 15:36:50","2007-11-29 16:26:59",
1917,1,Pesan untuk Anakku,,,,,,,,,id,,,,,,,0,0,,0,,,,,"2007-11-29 15:36:50","2007-11-29 16:26:59",
1918,1,Margin,,,,,,,,,id,,,,,,,0,0,,0,,,,,"2007-11-29 15:36:50","2007-11-29 16:26:59",
1919,1,Families & Family Therapy,"","","",,"","","","",id,,,NONE,"",,,0,0,,0,"",,,,"2007-11-29 15:36:50","2026-07-19 11:02:21",
1920,1,Lebih dari Yang Dilihat Mata,,,,,,,,,id,,,,,,,0,0,,0,,,,,"2007-11-29 15:36:50","2007-11-29 16:26:59",
1921,1,Who made God ? ,,,,,,,,,id,,,,,,,0,0,,0,,,,,"2007-11-29 15:36:50","2007-11-29 16:26:59",
1922,1,Matinya Teori Evolusi,,,,,,,,,id,,,,,,,0,0,,0,,,,,"2007-11-29 15:36:50","2007-11-29 16:26:59",
1923,1,Pelayanan Konseling melalui Telepon,"","","",,"","","","",id,,,NONE,"",,,0,0,,0,"",,,,"2007-11-29 15:36:50","2026-07-16 14:29:13",
1924,1,Becoming a Healthier Pastor,"","","",,"","","","",id,,,NONE,"",,,0,0,,0,"",,,,"2007-11-29 15:36:50","2026-07-16 14:31:16",
1925,1,Psikologi Perkembangan,"","","",,"","","","",id,,,NONE,"",,,0,0,,0,"",,,,"2007-11-29 15:36:50","2026-07-16 14:32:55",
1926,1,Practical Psychiatry: How to use It in Daily Living,"","","",,"","","","",id,,,NONE,"",,,0,0,,0,"",,,,"2007-11-29 15:36:50","2026-07-16 14:34:31",
1927,1,Hikmat dari Tuhan tentang Kehidupan,,,,,,,,,id,,,,,,,0,0,,0,,,,,"2007-11-29 15:36:50","2007-11-29 16:26:59",
1928,1,Konseling dan Psikoterapi,"","","",,"","","","19000086",id,,,NONE,"",,,0,0,,0,"",,,,"2007-11-29 15:36:50","2026-07-19 13:38:28",
1929,1,Elia,,,,,,,,,id,,,,,,,0,0,,0,,,,,"2007-11-29 15:36:50","2007-11-29 16:26:59",
1930,1,Jawaban-jawaban doa sang raksasa iman,,,,,,,,,id,,,,,,,0,0,,0,,,,,"2007-11-29 15:36:50","2007-11-29 16:26:59",
1931,1,"Lihat, tanpa tangan!",,,,,,,,,id,,,,,,,0,0,,0,,,,,"2007-11-29 15:36:50","2007-11-29 16:26:59",
1932,1,Wanita-wanita penuh iman,,,,,,,,,id,,,,,,,0,0,,0,,,,,"2007-11-29 15:36:50","2007-11-29 16:26:59",
1933,1,Kuasa bersyukur,,,,,,,,,id,,,,,,,0,0,,0,,,,,"2007-11-29 15:36:50","2007-11-29 16:26:59",
1934,1,Mendapatkan-Mu dalam kehilanganku,,,,,,,,,id,,,,,,,0,0,,0,,,,,"2007-11-29 15:36:50","2007-11-29 16:26:59",
1935,1,Stories for a Dad's Heart,,,,,,,,,id,,,,,,,0,0,,0,,,,,"2007-11-29 15:36:50","2007-11-29 16:26:59",
1936,1,Hati seorang ibu,,,,,,,,,id,,,,,,,0,0,,0,,,,,"2007-11-29 15:36:50","2007-11-29 16:26:59",
1937,1,Harkat Seorang Wanita,,,,,,,,,id,,,,,,,0,0,,0,,,,,"2007-11-29 15:36:50","2007-11-29 16:26:59",
1938,1,Stories for a Woman's Heart,,,,,,,,,id,,,,,,,0,0,,0,,,,,"2007-11-29 15:36:50","2007-11-29 16:26:59",
1939,1,Puasa untuk melakukan terobosan rohani,,,,,,,,,id,,,,,,,0,0,,0,,,,,"2007-11-29 15:36:50","2007-11-29 16:26:59",
1940,1,Kuasa doa seorang istri,,,,,,,,,id,,,,,,,0,0,,0,,,,,"2007-11-29 15:36:50","2007-11-29 16:26:59",
1941,1,Terlalu sibuk? Justru harus berdoa,,,,,,,,,id,,,,,,,0,0,,0,,,,,"2007-11-29 15:36:50","2007-11-29 16:26:59",
1942,1,Allah menyapa anda,,,,,,,,,id,,,,,,,0,0,,0,,,,,"2007-11-29 15:36:50","2007-11-29 16:26:59",
1943,1,Kesalahan-kesalahan yang umum dilakukan kaum lajang,,,,,,,,,id,,,,,,,0,0,,0,,,,,"2007-11-29 15:36:50","2007-11-29 16:26:59",
1944,1,When God writes your love story,,,,,,,,,id,,,,,,,0,0,,0,,,,,"2007-11-29 15:36:50","2007-11-29 16:26:59",
1945,1,Ready to Grow,,,,,,,,,id,,,,,,,0,0,,0,,,,,"2007-11-29 15:36:50","2007-11-29 16:26:59",
1946,1,Cerita Alkitab Pengantar Tidur: Nuh dan Air Bah,,,,,,,,,id,,,,,,,0,0,,0,,,,,"2007-11-29 15:36:50","2007-11-29 16:26:59",
1947,1,Cerita Alkitab Pengantar Tidur: Daniel dan Singa,,,,,,,,,id,,,,,,,0,0,,0,,,,,"2007-11-29 15:36:50","2007-11-29 16:26:59",
1948,1,Cerita Alkitab Pengantar Tidur: Yunus dan Ikan Besar,,,,,,,,,id,,,,,,,0,0,,0,,,,,"2007-11-29 15:36:50","2007-11-29 16:26:59",
1949,1,Musa dan Putri Firaun,,,,,,,,,id,,,,,,,0,0,,0,,,,,"2007-11-29 15:36:50","2007-11-29 16:26:59",
1950,1,Cerita Alkitab Pengantar Tidur: Daud dan Goliat,,,,,,,,,id,,,,,,,0,0,,0,,,,,"2007-11-29 15:36:50","2007-11-29 16:26:59",
1951,1,Cerita Alkitab Pengantar Tidur: Natal Pertama,,,,,,,,,id,,,,,,,0,0,,0,,,,,"2007-11-29 15:36:50","2007-11-29 16:26:59",
1952,1,Cerita Alkitab Pengantar Tidur: Paskah Pertama,,,,,,,,,id,,,,,,,0,0,,0,,,,,"2007-11-29 15:36:50","2007-11-29 16:26:59",
1953,1,Cerita Alkitab Pengantar Tidur: Yesus dan Doa,,,,,,,,,id,,,,,,,0,0,,0,,,,,"2007-11-29 15:36:50","2007-11-29 16:26:59",
1954,1,Cerita Alkitab Pengantar Tidur: Mukjizat Yesus,,,,,,,,,id,,,,,,,0,0,,0,,,,,"2007-11-29 15:36:50","2007-11-29 16:26:59",
1955,1,Cerita Alkitab Pengantar Tidur: Yesus dan Penjala Ikan,,,,,,,,,id,,,,,,,0,0,,0,,,,,"2007-11-29 15:36:50","2007-11-29 16:26:59",
1956,1,Seri Pahlawan Iman: Petrus Penjala Manusia,,,,,,,,,id,,,,,,,0,0,,0,,,,,"2007-11-29 15:36:50","2007-11-29 16:26:59",
1957,1,Saved Lo Heavenly Piano 110,,,,,,,,,id,,,,,,,0,0,,0,,,,,"2007-11-29 15:36:50","2007-11-29 16:26:59",
1958,1,Ferret Si Pengacau,,,,,,,,,id,,,,,,,0,0,,0,,,,,"2007-11-29 15:36:50","2007-11-29 16:26:59",
1959,1,EKSPOSISI KITAB PENGKHOTBAH 1 & 2 (2 CD) JOSHUA LIE,,,,,,,,,id,,,,,,,0,0,,0,,,,,"2007-11-29 15:36:50","2007-11-29 16:26:59",
1960,1,Jawaban Pasti ,,,,,,,,,id,,,,,,,0,0,,0,,,,,"2007-11-29 15:36:50","2007-11-29 16:26:59",
1961,1,Creative Teaching di Sekolah Minggu,,,,,,,,,id,,,,,,,0,0,,0,,,,,"2007-11-29 15:36:50","2007-11-29 16:26:59",
1962,1,Minggu Gembira (dari Penyaliban sampai Pentakosta),,,,,,,,,id,,,,,,,0,0,,0,,,,,"2007-11-29 15:36:50","2007-11-29 16:26:59",
1963,1,Minggu Gembira 1 (Buku Pelengkap),,,,,,,,,id,,,,,,,0,0,,0,,,,,"2007-11-29 15:36:50","2007-11-29 16:26:59",
1964,1,Panggung Boneka,,,,,,,,,id,,,,,,,0,0,,0,,,,,"2007-11-29 15:36:50","2007-11-29 16:26:59",
1965,1,Cara Asyik Mengajar Sekolah Minggu,,,,,,,,,id,,,,,,,0,0,,0,,,,,"2007-11-29 15:36:50","2007-11-29 16:26:59",
1966,1,Buku Katekisasi Gereja Kristus Yesus,,,,,,,,,id,,,,,,,0,0,,0,,,,,"2007-11-29 15:36:50","2007-11-29 16:26:59",
1967,1,Why I am A Christian ? (Mengapa Saya Seorang Kristen),,,,,,,,,id,,,,,,,0,0,,0,,,,,"2007-11-29 15:36:50","2007-11-29 16:26:59",
1968,1,Terampil Mengajar Balita,,,,,,,,,id,,,,,,,0,0,,0,,,,,"2007-11-29 15:36:50","2007-11-29 16:26:59",
1969,1,Sha-Sha - Cerita dan Permainan Menarik untuk Balita,,,,,,,,,id,,,,,,,0,0,,0,,,,,"2007-11-29 15:36:50","2007-11-29 16:26:59",
1970,1,"103 Lagu Anak-Anak Terbaru & Kreasi Penyajiannya",,,,,,,,,id,,,,,,,0,0,,0,,,,,"2007-11-29 15:36:50","2007-11-29 16:26:59",
1971,1,Murid Sejati,,,,,,,,,id,,,,,,,0,0,,0,,,,,"2007-11-29 15:36:50","2007-11-29 16:26:59",
1972,1,Cara Jitu Bikin Seru di Sekolah Minggu,,,,,,,,,id,,,,,,,0,0,,0,,,,,"2007-11-29 15:36:50","2007-11-29 16:26:59",
1973,1,My First Christmas,,,,,,,,,id,,,,,,,0,0,,0,,,,,"2007-11-29 15:36:50","2007-11-29 16:26:59",
1974,1,Noah and His Big Boat,,,,,,,,,id,,,,,,,0,0,,0,,,,,"2007-11-29 15:36:50","2007-11-29 16:26:59",
1975,1,Hari Raya & Simbol Gerejawi,"","","",,"","","","",id,,,NONE,"",,,0,0,,0,"",,,,"2007-11-29 15:36:50","2026-07-15 16:10:38",
1976,1,Don't Waste Your Life,,,,,,,,,id,,,,,,,0,0,,0,,,,,"2007-11-29 15:36:50","2007-11-29 16:26:59",
1977,1,Berilah Juga Pipi Kirimu,,,,,,,,,id,,,,,,,0,0,,0,,,,,"2007-11-29 15:36:50","2007-11-29 16:26:59",
1978,1,All About Talent - Waktu,,,,,,,,,id,,,,,,,0,0,,0,,,,,"2007-11-29 15:36:50","2007-11-29 16:26:59",
1979,1,Berani Hidup Beda - Fokus Pada Tuhan,,,,,,,,,id,,,,,,,0,0,,0,,,,,"2007-11-29 15:36:50","2007-11-29 16:26:59",
1980,1,Berani Hidup Total - Menembus Batas,,,,,,,,,id,,,,,,,0,0,,0,,,,,"2007-11-29 15:36:50","2007-11-29 16:26:59",
1981,1,EKSPOSISI KITAB PENGKHOTBAH 3 & 4 (2 CD) JOSHUA LIE,,,,,,,,,id,,,,,,,0,0,,0,,,,,"2007-11-29 15:36:50","2007-11-29 16:26:59",
1982,1,The On-Purpose Person,,,,,,,,,id,,,,,,,0,0,,0,,,,,"2007-11-29 15:36:50","2007-11-29 16:26:59",
1983,1,Glamour Girls,,,,,,,,,id,,,,,,,0,0,,0,,,,,"2007-11-29 15:36:50","2007-11-29 16:26:59",
1984,1,Generasi Maximal,,,,,,,,,id,,,,,,,0,0,,0,,,,,"2007-11-29 15:36:50","2007-11-29 16:26:59",
1985,1,"24 Kunci Sukses",,,,,,,,,id,,,,,,,0,0,,0,,,,,"2007-11-29 15:36:50","2007-11-29 16:26:59",
1986,1,Kosong,,,,,,,,,id,,,,,,,0,0,,0,,,,,"2007-11-29 15:36:50","2007-11-29 16:26:59",
1987,1,"Love, Sex and Dating",,,,,,,,,id,,,,,,,0,0,,0,,,,,"2007-11-29 15:36:50","2007-11-29 16:26:59",
1988,1,Melajang Itu Asyik,,,,,,,,,id,,,,,,,0,0,,0,,,,,"2007-11-29 15:36:50","2007-11-29 16:26:59",
1989,1,Girl Time,,,,,,,,,id,,,,,,,0,0,,0,,,,,"2007-11-29 15:36:50","2007-11-29 16:26:59",
1990,1,The Faith,,,,,,,,,id,,,,,,,0,0,,0,,,,,"2007-11-29 15:36:50","2007-11-29 16:26:59",
1991,1,Pemahaman Alkitab - Injil Lukas,,,,,,,,,id,,,,,,,0,0,,0,,,,,"2007-11-29 15:36:50","2007-11-29 16:26:59",
1992,1,Pemahaman Alkitab - Wahyu Pasal 6 - 22,,,,,,,,,id,,,,,,,0,0,,0,,,,,"2007-11-29 15:36:50","2007-11-29 16:26:59",
1993,1,Pemahaman Alkitab - Injil Matius 11 - 28,,,,,,,,,id,,,,,,,0,0,,0,,,,,"2007-11-29 15:36:50","2007-11-29 16:26:59",
1994,1,"Pemahaman Alkitab - Yakobus, 1&2 Petrus",,,,,,,,,id,,,,,,,0,0,,0,,,,,"2007-11-29 15:36:50","2007-11-29 16:26:59",
1995,1,Tokoh-Tokoh Kristen Yang Mewarnai Dunia,,,,,,,,,id,,,,,,,0,0,,0,,,,,"2007-11-29 15:36:50","2007-11-29 16:26:59",
1996,1,"40 Favorite Hymns on the Christian Life",,,,,,,,,id,,,,,,,0,0,,0,,,,,"2007-11-29 15:36:50","2007-11-29 16:26:59",
1997,1,Yesus Juru Selamat,,,,,,,,,id,,,,,,,0,0,,0,,,,,"2007-11-29 15:36:50","2007-11-29 16:26:59",
1998,1,hospitalitas Orang asing: Teman atau Ancaman?,,,,,,,,,id,,,,,,,0,0,,0,,,,,"2007-11-29 15:36:50","2007-11-29 16:26:59",
1999,1,Kasih Dasar Keluarga Bahagia,,,,,,,,,id,,,,,,,0,0,,0,,,,,"2007-11-29 15:36:50","2007-11-29 16:26:59",
2000,1,PA Setiap hari : Injil Yohanes Pasal 8-21,,,,,,,,,id,,,,,,,0,0,,0,,,,,"2007-11-29 15:36:50","2007-11-29 16:26:59",
2001,1,"108 Pertanyaan anak-anak tentang teman dan sekolah",,,,,,,,,id,,,,,,,0,0,,0,,,,,"2007-11-29 15:36:50","2007-11-29 16:26:59",
2002,1,Jadikan hidup ini berarti Lakukan Sesuatu!,,,,,,,,,id,,,,,,,0,0,,0,,,,,"2007-11-29 15:36:50","2007-11-29 16:26:59",
2003,1,Membuat Keputusan Yang Lebih Baik,"","","",,"","","","",id,,,NONE,"",,,0,0,,0,"",,,,"2007-11-29 15:36:50","2026-07-23 13:58:36",
2004,1,Hidup Sukses Dalam Kerja Dan Doa,"","","",,"","","","",id,,,NONE,"",,,0,0,,0,"",,,,"2007-11-29 15:36:50","2026-07-23 13:57:14",
2005,1,Liku-Liku Seks,,,,,,,,,id,,,,,,,0,0,,0,,,,,"2007-11-29 15:36:50","2007-11-29 16:26:59",
2006,1,Cerita Alkitab Pengantar Tidur: Allah Menciptakan Dunia,,,,,,,,,id,,,,,,,0,0,,0,,,,,"2007-11-29 15:36:50","2007-11-29 16:26:59",
2007,1,Hati Yang Terbakar,,,,,,,,,id,,,,,,,0,0,,0,,,,,"2007-11-29 15:36:50","2007-11-29 16:26:59",
2008,1,Winning with People,,,,,,,,,id,,,,,,,0,0,,0,,,,,"2007-11-29 15:36:50","2007-11-29 16:26:59",
2009,1,Hidup dalam Ritme Allah,,,,,,,,,id,,,,,,,0,0,,0,,,,,"2007-11-29 15:36:50","2007-11-29 16:26:59",
2010,1,A Grief Observed (Mengupas Duka),,,,,,,,,id,,,,,,,0,0,,0,,,,,"2007-11-29 15:36:50","2007-11-29 16:26:59",
2011,1,Penyerahan Diri Total Pada Tuhan,,,,,,,,,id,,,,,,,0,0,,0,,,,,"2007-11-29 15:36:50","2007-11-29 16:26:59",
2012,1,The Four Loves (Empat Macam Kasih),,,,,,,,,id,,,,,,,0,0,,0,,,,,"2007-11-29 15:36:50","2007-11-29 16:26:59",
2013,1,The Church in the Workplace (,,,,,,,,,id,,,,,,,0,0,,0,,,,,"2007-11-29 15:36:50","2007-11-29 16:26:59",
2014,1,The Children Bible,,,,,,,,,id,,,,,,,0,0,,0,,,,,"2007-11-29 15:36:50","2007-11-29 16:26:59",
2015,1,Kehidupan Orang Israel Alkitab,,,,,,,,,id,,,,,,,0,0,,0,,,,,"2007-11-29 15:36:50","2007-11-29 16:26:59",
2016,1,Lagu Cinta sang Gembala,,,,,,,,,id,,,,,,,0,0,,0,,,,,"2007-11-29 15:36:50","2007-11-29 16:26:59",
2017,1,Hati yang Terbakar - 1B,,,,,,,,,id,,,,,,,0,0,,0,,,,,"2007-11-29 15:36:50","2007-11-29 16:26:59",
2018,1,Mari Bertumbuh!,,,,,,,,,id,,,,,,,0,0,,0,,,,,"2007-11-29 15:36:50","2007-11-29 16:26:59",
2019,1,Something to Smile About,,,,,,,,,id,,,,,,,0,0,,0,,,,,"2007-11-29 15:36:50","2007-11-29 16:26:59",
2020,1,Jessie Josephine,,,,,,,,,id,,,,,,,0,0,,0,,,,,"2007-11-29 15:36:50","2007-11-29 16:26:59",
2021,1,Sayap-sayap Impian,,,,,,,,,id,,,,,,,0,0,,0,,,,,"2007-11-29 15:36:50","2007-11-29 16:26:59",
2022,1,More Stories for a Woman's Heart,,,,,,,,,id,,,,,,,0,0,,0,,,,,"2007-11-29 15:36:50","2007-11-29 16:26:59",
2023,1,Komunitas yang diubahkan,,,,,,,,,id,,,,,,,0,0,,0,,,,,"2007-11-29 15:36:50","2007-11-29 16:26:59",
2024,1,"7 Langkah Menyusun Khotbah yang Mengubah Kehidupan (+CD)",,,,,,,,,id,,,,,,,0,0,,0,,,,,"2007-11-29 15:36:50","2007-11-29 16:26:59",
2025,1,"30 Games Kreatif Interaktif",,,,,,,,,id,,,,,,,0,0,,0,,,,,"2007-11-29 15:36:50","2007-11-29 16:26:59",
2026,1,Play & Learn,,,,,,,,,id,,,,,,,0,0,,0,,,,,"2007-11-29 15:36:50","2007-11-29 16:26:59",
2027,1,Mengenal Allah Secara Pribadi,,,,,,,,,id,,,,,,,0,0,,0,,,,,"2007-11-29 15:36:50","2007-11-29 16:26:59",
2028,1,Membina Pembimbing Kelompok Kecil,,,,,,,,,id,,,,,,,0,0,,0,,,,,"2007-11-29 15:36:50","2007-11-29 16:26:59",
2029,1,Nama Allah - Nama Tuhan yang dipermasalahkan,,,,,,,,,id,,,,,,,0,0,,0,,,,,"2007-11-29 15:36:50","2007-11-29 16:26:59",
2030,1,Pedoman Membuat Warta Gereja dan Artikel Renungan,,,,,,,,,id,,,,,,,0,0,,0,,,,,"2007-11-29 15:36:50","2007-11-29 16:26:59",
2031,1,"50 Ways to Help Your Church Grow",,,,,,,,,id,,,,,,,0,0,,0,,,,,"2007-11-29 15:36:50","2007-11-29 16:26:59",
2032,1,Pernikahan: Sebuah Surga Dunia,,,,,,,,,id,,,,,,,0,0,,0,,,,,"2007-11-29 15:36:50","2007-11-29 16:26:59",
2033,1,Bagaimana Membuat Suami Anda Mau Mendengar,,,,,,,,,id,,,,,,,0,0,,0,,,,,"2007-11-29 15:36:50","2007-11-29 16:26:59",
2034,1,Visi Allah Bagi Keluarga,,,,,,,,,id,,,,,,,0,0,,0,,,,,"2007-11-29 15:36:50","2007-11-29 16:26:59",
2035,1,Kiat Menjadi Mama Baru,,,,,,,,,id,,,,,,,0,0,,0,,,,,"2007-11-29 15:36:50","2007-11-29 16:26:59",
2036,1,Kiat Menjadi Ayah Baru,,,,,,,,,id,,,,,,,0,0,,0,,,,,"2007-11-29 15:36:50","2007-11-29 16:26:59",
2037,1,Ketika si Kecil Lahir,,,,,,,,,id,,,,,,,0,0,,0,,,,,"2007-11-29 15:36:50","2007-11-29 16:26:59",
2038,1,Menjadikan Anak-anak Kita Bertumbuh dalam Iman,,,,,,,,,id,,,,,,,0,0,,0,,,,,"2007-11-29 15:36:50","2007-11-29 16:26:59",
2039,1,"Orangtua, Anak & Seks",,,,,,,,,id,,,,,,,0,0,,0,,,,,"2007-11-29 15:36:50","2007-11-29 16:26:59",
2040,1,Orangtua Karier,,,,,,,,,id,,,,,,,0,0,,0,,,,,"2007-11-29 15:36:50","2007-11-29 16:26:59",
2041,1,Teknon and the Champion Warriors - Panduan Mentor,,,,,,,,,id,,,,,,,0,0,,0,,,,,"2007-11-29 15:36:50","2007-11-29 16:26:59",
2042,1,Memahami Krisis Lanjut Usia,,,,,,,,,id,,,,,,,0,0,,0,,,,,"2007-11-29 15:36:50","2007-11-29 16:26:59",
2043,1,"10 Prinsip Penyelamat Pernikahan yang tidak bahagia bagi Wanita",,,,,,,,,id,,,,,,,0,0,,0,,,,,"2007-11-29 15:36:50","2007-11-29 16:26:59",
2044,1,Sekali Untuk Selamanya,,,,,,,,,id,,,,,,,0,0,,0,,,,,"2007-11-29 15:36:50","2007-11-29 16:26:59",
2045,1,Membangun Keluarga yang Tak Terguncang,,,,,,,,,id,,,,,,,0,0,,0,,,,,"2007-11-29 15:36:50","2007-11-29 16:26:59",
2046,1,Mengoptimalkan IQ & EQ Anak Melalui Metode Sensomotorik,,,,,,,,,id,,,,,,,0,0,,0,,,,,"2007-11-29 15:36:50","2007-11-29 16:26:59",
2047,1,Panggilan Misi,,,,,,,,,id,,,,,,,0,0,,0,,,,,"2007-11-29 15:36:50","2007-11-29 16:26:59",
2048,1,Berpikir Seperti Yesus (Think Like Jesus),,,,,,,,,id,,,,,,,0,0,,0,,,,,"2007-11-29 15:36:50","2007-11-29 16:26:59",
2049,1,Cara Bicara Orangtua yang didengarkan Anak,,,,,,,,,id,,,,,,,0,0,,0,,,,,"2007-11-29 15:36:50","2007-11-29 16:26:59",
2050,1,Pernikahan yang Berkenan di Hati Allah,,,,,,,,,id,,,,,,,0,0,,0,,,,,"2007-11-29 15:36:50","2007-11-29 16:26:59",
2051,1,The Power of Purity,,,,,,,,,id,,,,,,,0,0,,0,,,,,"2007-11-29 15:36:50","2007-11-29 16:26:59",
2052,1,Keintiman,,,,,,,,,id,,,,,,,0,0,,0,,,,,"2007-11-29 15:36:50","2007-11-29 16:26:59",
2053,1,Intimate Issues,,,,,,,,,id,,,,,,,0,0,,0,,,,,"2007-11-29 15:36:50","2007-11-29 16:26:59",
2054,1,Pernikahan Anti Cerai,,,,,,,,,id,,,,,,,0,0,,0,,,,,"2007-11-29 15:36:50","2007-11-29 16:26:59",
2055,1,Praying through the deeper issues of marriage,,,,,,,,,id,,,,,,,0,0,,0,,,,,"2007-11-29 15:36:50","2007-11-29 16:26:59",
2056,1,Kemesraan Abadi,,,,,,,,,id,,,,,,,0,0,,0,,,,,"2007-11-29 15:36:50","2007-11-29 16:26:59",
2057,1,mengubah pasangan tanpa perkataan,,,,,,,,,id,,,,,,,0,0,,0,,,,,"2007-11-29 15:36:50","2007-11-29 16:26:59",
2058,1,Smart Parenting,,,,,,,,,id,,,,,,,0,0,,0,,,,,"2007-11-29 15:36:50","2007-11-29 16:26:59",
2059,1,Melestarikan kemesraan dalam pernikahan,,,,,,,,,id,,,,,,,0,0,,0,,,,,"2007-11-29 15:36:50","2007-11-29 16:26:59",
2060,1,Mengampuni pasangan anda,,,,,,,,,id,,,,,,,0,0,,0,,,,,"2007-11-29 15:36:50","2007-11-29 16:26:59",
2061,1,Sehat itu Nikmat,,,,,,,,,id,,,,,,,0,0,,0,,,,,"2007-11-29 15:36:50","2007-11-29 16:26:59",
2062,1,Becoming Your Spouse's Better Half,,,,,,,,,id,,,,,,,0,0,,0,,,,,"2007-11-29 15:36:50","2007-11-29 16:26:59",
2063,1,Faith Driven Family,,,,,,,,,id,,,,,,,0,0,,0,,,,,"2007-11-29 15:36:50","2007-11-29 16:26:59",
2064,1,Keluarga Duggar: dari2 menjadi 20,,,,,,,,,id,,,,,,,0,0,,0,,,,,"2007-11-29 15:36:50","2007-11-29 16:26:59",
2065,1,Tuhan Ajarlah Kami Berdoa,,,,,,,,,id,,,,,,,0,0,,0,,,,,"2007-11-29 15:36:50","2007-11-29 16:26:59",
2066,1,the GREAT WORKPLACE,,,,,,,,,id,,,,,,,0,0,,0,,,,,"2007-11-29 15:36:50","2007-11-29 16:26:59",
2067,1,Kamu juga BISA!,,,,,,,,,id,,,,,,,0,0,,0,,,,,"2007-11-29 15:36:50","2007-11-29 16:26:59",
2068,1,Just Like Jesus,,,,,,,,,id,,,,,,,0,0,,0,,,,,"2007-11-29 15:36:50","2007-11-29 16:26:59",
2069,1,A Love Worth Giving,,,,,,,,,id,,,,,,,0,0,,0,,,,,"2007-11-29 15:36:50","2007-11-29 16:26:59",
2070,1,Iblis Menggoda Wanita,,,,,,,,,id,,,,,,,0,0,,0,,,,,"2007-11-29 15:36:50","2007-11-29 16:26:59",
2071,1,Semangat Keindahan,,,,,,,,,id,,,,,,,0,0,,0,,,,,"2007-11-29 15:36:50","2007-11-29 16:26:59",
2072,1,Semudah Berjalan Melintasi Ruangan,,,,,,,,,id,,,,,,,0,0,,0,,,,,"2007-11-29 15:36:50","2007-11-29 16:26:59",
2073,1,"Menghibur Lara, Menyembuhkan Duka","","","",,"","","","",id,,,NONE,"",,,0,0,,0,"",,,,"2007-11-29 15:36:50","2026-07-16 14:36:59",
2074,1,Mengenali Monster Pribadi,"","","",,"","","","",id,,,NONE,"",,,0,0,,0,"",,,,"2007-11-29 15:36:50","2026-07-16 14:38:13",
2075,1,Anda pun Boleh Membimbing,"","","",,"","","","",id,,,NONE,"",,,0,0,,0,"",,,,"2007-11-29 15:36:50","2026-07-16 14:39:45",
2076,1,Santapan Iman (Santapan Rohani Setiap Hari),,,,,,,,,id,,,,,,,0,0,,0,,,,,"2007-11-29 15:36:50","2007-11-29 16:26:59",
2077,1,Allah Masih Melakukan Mukjizat,,,,,,,,,id,,,,,,,0,0,,0,,,,,"2007-11-29 15:36:50","2007-11-29 16:26:59",
2078,1,My Only Comfort,,,,,,,,,id,,,,,,,0,0,,0,,,,,"2007-11-29 15:36:50","2007-11-29 16:26:59",
2079,1,Penuntun ke dalam Theologi Institutes Calvin,,,,,,,,,id,,,,,,,0,0,,0,,,,,"2007-11-29 15:36:50","2007-11-29 16:26:59",
2080,1,Pacaran ada Sebalnya,,,,,,,,,id,,,,,,,0,0,,0,,,,,"2007-11-29 15:36:50","2007-11-29 16:26:59",
2081,1,Desirable Men (Mencari Pria Idaman),,,,,,,,,id,,,,,,,0,0,,0,,,,,"2007-11-29 15:36:50","2007-11-29 16:26:59",
2082,1,Pacaran asyik dan cerdas,,,,,,,,,id,,,,,,,0,0,,0,,,,,"2007-11-29 15:36:50","2007-11-29 16:26:59",
2083,1,Bertumbuh Bersama Yesus-Together in Peace 1 Edisi Jan-Jun,,,,,,,,,id,,,,,,,0,0,,0,,,,,"2007-11-29 15:36:50","2007-11-29 16:26:59",
2084,1,Manga Mesias - Yang Diurapi,,,,,,,,,id,,,,,,,0,0,,0,,,,,"2007-11-29 15:36:50","2007-11-29 16:26:59",
2085,1,Kucing Berbau Kubis,,,,,,,,,id,,,,,,,0,0,,0,,,,,"2007-11-29 15:36:50","2007-11-29 16:26:59",
2086,1,Berkenalan dengan Para Tokoh Perjanjian Lama,,,,,,,,,id,,,,,,,0,0,,0,,,,,"2007-11-29 15:36:50","2007-11-29 16:26:59",
2087,1,Berkenalan Dengan Para Tokoh Perjanjian Baru,,,,,,,,,id,,,,,,,0,0,,0,,,,,"2007-11-29 15:36:50","2007-11-29 16:26:59",
2088,1,Renungan Untuk Anak-Anak,,,,,,,,,id,,,,,,,0,0,,0,,,,,"2007-11-29 15:36:50","2007-11-29 16:26:59",
2089,1,Misteri Mercusuar Berhantu,,,,,,,,,id,,,,,,,0,0,,0,,,,,"2007-11-29 15:36:50","2007-11-29 16:26:59",
2090,1,Misteri Rahasia ular Piton,,,,,,,,,id,,,,,,,0,0,,0,,,,,"2007-11-29 15:36:50","2007-11-29 16:26:59",
2091,1,Misteri Kolam Ikan Mas,,,,,,,,,id,,,,,,,0,0,,0,,,,,"2007-11-29 15:36:50","2007-11-29 16:26:59",
2092,1,Misteri Hadiah Orang Majus,,,,,,,,,id,,,,,,,0,0,,0,,,,,"2007-11-29 15:36:50","2007-11-29 16:26:59",
2093,1,Misteri Detektif Lumba-Lumba,,,,,,,,,id,,,,,,,0,0,,0,,,,,"2007-11-29 15:36:50","2007-11-29 16:26:59",
2094,1,Misteri Rumah Roti Jahe,,,,,,,,,id,,,,,,,0,0,,0,,,,,"2007-11-29 15:36:50","2007-11-29 16:26:59",
2095,1,Misteri Anjing Aneh,,,,,,,,,id,,,,,,,0,0,,0,,,,,"2007-11-29 15:36:50","2007-11-29 16:26:59",
2096,1,Misteri Malaikat Menari,,,,,,,,,id,,,,,,,0,0,,0,,,,,"2007-11-29 15:36:50","2007-11-29 16:26:59",
2097,1,Misteri Pin yagn Berkelana,,,,,,,,,id,,,,,,,0,0,,0,,,,,"2007-11-29 15:36:50","2007-11-29 16:26:59",
2098,1,Misteri Bulu Elang,,,,,,,,,id,,,,,,,0,0,,0,,,,,"2007-11-29 15:36:50","2007-11-29 16:26:59",
2099,1,Misteri Angsa Konyol,,,,,,,,,id,,,,,,,0,0,,0,,,,,"2007-11-29 15:36:50","2007-11-29 16:26:59",
2100,1,Misteri Badut Gadungan,,,,,,,,,id,,,,,,,0,0,,0,,,,,"2007-11-29 15:36:50","2007-11-29 16:26:59",
2101,1,Misteri Pesan Pengembara,,,,,,,,,id,,,,,,,0,0,,0,,,,,"2007-11-29 15:36:50","2007-11-29 16:26:59",
2102,1,"Namaku Stilton, Geronimo Stilton",,,,,,,,,id,,,,,,,0,0,,0,,,,,"2007-11-29 15:36:50","2007-11-29 16:26:59",
2103,1,Rahasia Keluarga Nankelam,,,,,,,,,id,,,,,,,0,0,,0,,,,,"2007-11-29 15:36:50","2007-11-29 16:26:59",
2104,1,Selamat Berteduh : 33 Kumpulan Doa,,,,,,,,,id,,,,,,,0,0,,0,,,,,"2007-11-29 15:36:50","2007-11-29 16:26:59",
2105,1,Aneka Permainan Ala Geronimo,,,,,,,,,id,,,,,,,0,0,,0,,,,,"2007-11-29 15:36:50","2007-11-29 16:26:59",
2106,1,Tugas Khusus Ke Mesir,,,,,,,,,id,,,,,,,0,0,,0,,,,,"2007-11-29 15:36:50","2007-11-29 16:26:59",
2107,1,Pertualang di Koloseum,,,,,,,,,id,,,,,,,0,0,,0,,,,,"2007-11-29 15:36:50","2007-11-29 16:26:59",
2108,1,Pertualangan dalam Kerajaan Allah (Seri 1),,,,,,,,,id,,,,,,,0,0,,0,,,,,"2007-11-29 15:36:50","2007-11-29 16:26:59",
2109,1,Elia,,,,,,,,,id,,,,,,,0,0,,0,,,,,"2007-11-29 15:36:50","2007-11-29 16:26:59",
2110,1,Power Bible Comic 6,,,,,,,,,id,,,,,,,0,0,,0,,,,,"2007-11-29 15:36:50","2007-11-29 16:26:59",
2111,1,Ayo Kita Belajar Alkitab 1,,,,,,,,,id,,,,,,,0,0,,0,,,,,"2007-11-29 15:36:50","2007-11-29 16:26:59",
2112,1,Ayo Belajar Alkitab 2,,,,,,,,,id,,,,,,,0,0,,0,,,,,"2007-11-29 15:36:50","2007-11-29 16:26:59",
2113,1,Ibuku Sayang,,,,,,,,,id,,,,,,,0,0,,0,,,,,"2007-11-29 15:36:50","2007-11-29 16:26:59",
2114,1,Komik Kitab Suci,,,,,,,,,id,,,,,,,0,0,,0,,,,,"2007-11-29 15:36:50","2007-11-29 16:26:59",
2115,1,Bertumbuh dan Bersukacita bersama Tuhan (Jilid !0),,,,,,,,,id,,,,,,,0,0,,0,,,,,"2007-11-29 15:36:50","2007-11-29 16:26:59",
2116,1,Bertumbuh dan Bersukacita Bersama Tuhan (Jilid 11),,,,,,,,,id,,,,,,,0,0,,0,,,,,"2007-11-29 15:36:50","2007-11-29 16:26:59",
2117,1,Bertumbuh & Bersukacita Bersama Tuhan (Jilid 12),,,,,,,,,id,,,,,,,0,0,,0,,,,,"2007-11-29 15:36:50","2007-11-29 16:26:59",
2118,1,Bertumbuh & Bersukacita Bersama Tuhan (Jilid 13),,,,,,,,,id,,,,,,,0,0,,0,,,,,"2007-11-29 15:36:50","2007-11-29 16:26:59",
2119,1,Bible Mini : Kejadian - Ulangan,,,,,,,,,id,,,,,,,0,0,,0,,,,,"2007-11-29 15:36:50","2007-11-29 16:26:59",
2120,1,Mini Bible : Yousa - 2 Raja-Raja,,,,,,,,,id,,,,,,,0,0,,0,,,,,"2007-11-29 15:36:50","2007-11-29 16:26:59",
2121,1,Bible Mini : 1 Tawarikh - Ayub,,,,,,,,,id,,,,,,,0,0,,0,,,,,"2007-11-29 15:36:50","2007-11-29 16:26:59",
2122,1,Real Heroes Eat Pizza,,,,,,,,,id,,,,,,,0,0,,0,,,,,"2007-11-29 15:36:50","2007-11-29 16:26:59",
2123,1,Pertualangan Dalam Kerajaan Allah (Seri 2),,,,,,,,,id,,,,,,,0,0,,0,,,,,"2007-11-29 15:36:50","2007-11-29 16:26:59",
2124,1,Alkitab Aktivitasku (Jilid 1),,,,,,,,,id,,,,,,,0,0,,0,,,,,"2007-11-29 15:36:50","2007-11-29 16:26:59",
2125,1,Alkitab Aktivitasku (Jilid 2),,,,,,,,,id,,,,,,,0,0,,0,,,,,"2007-11-29 15:36:50","2007-11-29 16:26:59",
2126,1,Mini Bible,,,,,,,,,id,,,,,,,0,0,,0,,,,,"2007-11-29 15:36:50","2007-11-29 16:26:59",
2127,1,"50 Told by Jesus that make me pretty",,,,,,,,,id,,,,,,,0,0,,0,,,,,"2007-11-29 15:36:50","2007-11-29 16:26:59",
2128,1,Yesus Memberi Makan Orang-Orang,,,,,,,,,id,,,,,,,0,0,,0,,,,,"2007-11-29 15:36:50","2007-11-29 16:26:59",
2129,1,Jesus Meredakan Badai,,,,,,,,,id,,,,,,,0,0,,0,,,,,"2007-11-29 15:36:50","2007-11-29 16:26:59",
2130,1,Jesus Menyembuhkan Seorang Gadis Cilik,,,,,,,,,id,,,,,,,0,0,,0,,,,,"2007-11-29 15:36:50","2007-11-29 16:26:59",
2131,1,"12 Sikap Baik Batita",,,,,,,,,id,,,,,,,0,0,,0,,,,,"2007-11-29 15:36:50","2007-11-29 16:26:59",
2132,1,Alikitab Kecil 1 2 3,,,,,,,,,id,,,,,,,0,0,,0,,,,,"2007-11-29 15:36:50","2007-11-29 16:26:59",
2133,1,Wanita Di Dalam Diriku,,,,,,,,,id,,,,,,,0,0,,0,,,,,"2007-11-29 15:36:50","2007-11-29 16:26:59",
2134,1,hati yang terbakar,,,,,,,,,id,,,,,,,0,0,,0,,,,,"2007-11-29 15:36:50","2007-11-29 16:26:59",
2135,1,Baby Prayers,,,,,,,,,id,,,,,,,0,0,,0,,,,,"2007-11-29 15:36:50","2007-11-29 16:26:59",
2136,1,Kisah Ajaib dan Mendebarkan di Dalam Alkitab,,,,,,,,,id,,,,,,,0,0,,0,,,,,"2007-11-29 15:36:50","2007-11-29 16:26:59",
2137,1,Doa - Doaku,,,,,,,,,id,,,,,,,0,0,,0,,,,,"2007-11-29 15:36:50","2007-11-29 16:26:59",
2138,1,Baby Bible,,,,,,,,,id,,,,,,,0,0,,0,,,,,"2007-11-29 15:36:50","2007-11-29 16:26:59",
2139,1,Warna warni Ciptaan Tuhan,,,,,,,,,id,,,,,,,0,0,,0,,,,,"2007-11-29 15:36:50","2007-11-29 16:26:59",
2140,1,Sepuluh Perumpamaan Yesus,,,,,,,,,id,,,,,,,0,0,,0,,,,,"2007-11-29 15:36:50","2007-11-29 16:26:59",
2141,1,Sepuluh Dongeng Binatang,,,,,,,,,id,,,,,,,0,0,,0,,,,,"2007-11-29 15:36:50","2007-11-29 16:26:59",
2142,1,Sepuluh Cerita Natal,,,,,,,,,id,,,,,,,0,0,,0,,,,,"2007-11-29 15:36:50","2007-11-29 16:26:59",
2143,1,YESUS,,,,,,,,,id,,,,,,,0,0,,0,,,,,"2007-11-29 15:36:50","2007-11-29 16:26:59",
2144,1,Pelayan yang Mengasihani Diri,,,,,,,,,id,,,,,,,0,0,,0,,,,,"2007-11-29 15:36:50","2007-11-29 16:26:59",
2145,1,God's Good Earth,,,,,,,,,id,,,,,,,0,0,,0,,,,,"2007-11-29 15:36:50","2007-11-29 16:26:59",
2146,1,Anchors in the Storm,,,,,,,,,id,,,,,,,0,0,,0,,,,,"2007-11-29 15:36:50","2007-11-29 16:26:59",
2147,1,The Failure of Success,,,,,,,,,id,,,,,,,0,0,,0,,,,,"2007-11-29 15:36:50","2007-11-29 16:26:59",
2148,1,When the Pain won't Go Away,,,,,,,,,id,,,,,,,0,0,,0,,,,,"2007-11-29 15:36:50","2007-11-29 16:26:59",
2149,1,Knowing God through Hebrews,,,,,,,,,id,,,,,,,0,0,,0,,,,,"2007-11-29 15:36:50","2007-11-29 16:26:59",
2150,1,How to Identify a Dangerous Religious Group,,,,,,,,,id,,,,,,,0,0,,0,,,,,"2007-11-29 15:36:50","2007-11-29 16:26:59",
2151,1,When Christians Sin,,,,,,,,,id,,,,,,,0,0,,0,,,,,"2007-11-29 15:36:50","2007-11-29 16:26:59",
2152,1,The Mockery and Majesty of Calvary,,,,,,,,,id,,,,,,,0,0,,0,,,,,"2007-11-29 15:36:50","2007-11-29 16:26:59",
2153,1,How Can I Break the Silence,,,,,,,,,id,,,,,,,0,0,,0,,,,,"2007-11-29 15:36:50","2007-11-29 16:26:59",
2154,1,Singeleness,,,,,,,,,id,,,,,,,0,0,,0,,,,,"2007-11-29 15:36:50","2007-11-29 16:26:59",
2155,1,Experiencing Intimacy with God ,,,,,,,,,id,,,,,,,0,0,,0,,,,,"2007-11-29 15:36:50","2007-11-29 16:26:59",
2156,1,Knowing God through 1 Peter,,,,,,,,,id,,,,,,,0,0,,0,,,,,"2007-11-29 15:36:50","2007-11-29 16:26:59",
2157,1,Why is Life so Unfair,,,,,,,,,id,,,,,,,0,0,,0,,,,,"2007-11-29 15:36:50","2007-11-29 16:26:59",
2158,1,Elijah,,,,,,,,,id,,,,,,,0,0,,0,,,,,"2007-11-29 15:36:50","2007-11-29 16:26:59",
2159,1,Jesus' Parables about Money,,,,,,,,,id,,,,,,,0,0,,0,,,,,"2007-11-29 15:36:50","2007-11-29 16:26:59",
2160,1,Permata di Balik Air Mata,,,,,,,,,id,,,,,,,0,0,,0,,,,,"2007-11-29 15:36:50","2007-11-29 16:26:59",
2161,1,Unbroken Wings,,,,,,,,,id,,,,,,,0,0,,0,,,,,"2007-11-29 15:36:50","2007-11-29 16:26:59",
2162,1,David Livingstone,,,,,,,,,id,,,,,,,0,0,,0,,,,,"2007-11-29 15:36:50","2007-11-29 16:26:59",
2163,1,The Wal Mart Way,,,,,,,,,id,,,,,,,0,0,,0,,,,,"2007-11-29 15:36:50","2007-11-29 16:26:59",
2164,1,Holiness Day by Day (Kekudusan Hari Lepas Hari),,,,,,,,,id,,,,,,,0,0,,0,,,,,"2007-11-29 15:36:50","2007-11-29 16:26:59",
2165,1,Ujian Pencobaan & Kemenangan,,,,,,,,,id,,,,,,,0,0,,0,,,,,"2007-11-29 15:36:50","2007-11-29 16:26:59",
2166,1,Mengapa Allah yang Baik Mengijinkan Penderitaan,,,,,,,,,id,,,,,,,0,0,,0,,,,,"2007-11-29 15:36:50","2007-11-29 16:26:59",
2167,1,Ayah Ibuku Bercerai,,,,,,,,,id,,,,,,,0,0,,0,,,,,"2007-11-29 15:36:50","2007-11-29 16:26:59",
2168,1,Pendidikan Seks dari Orang Tuah kepada Anak,,,,,,,,,id,,,,,,,0,0,,0,,,,,"2007-11-29 15:36:50","2007-11-29 16:26:59",
2169,1,Visi Allah Bagi Keluarga,,,,,,,,,id,,,,,,,0,0,,0,,,,,"2007-11-29 15:36:50","2007-11-29 16:26:59",
2170,1,Powern Prayers fro Women,,,,,,,,,id,,,,,,,0,0,,0,,,,,"2007-11-29 15:36:50","2007-11-29 16:26:59",
2171,1,Misquotign Jesus,,,,,,,,,id,,,,,,,0,0,,0,,,,,"2007-11-29 15:36:50","2007-11-29 16:26:59",
2172,1,Ceritakan untuk anak-anak Sekolah Minggu I,,,,,,,,,id,,,,,,,0,0,,0,,,,,"2007-11-29 15:36:50","2007-11-29 16:26:59",
2173,1,Hati Yang Terbakar 3,,,,,,,,,id,,,,,,,0,0,,0,,,,,"2007-11-29 15:36:50","2007-11-29 16:26:59",
2174,1,Hati yang Terbakar 4,,,,,,,,,id,,,,,,,0,0,,0,,,,,"2007-11-29 15:36:50","2007-11-29 16:26:59",
2175,1,kosong,,,,,,,,,id,,,,,,,0,0,,0,,,,,"2007-11-29 15:36:50","2007-11-29 16:26:59",
2176,1,Purpose Driven Youth Ministry,,,,,,,,,id,,,,,,,0,0,,0,,,,,"2007-11-29 15:36:50","2007-11-29 16:26:59",
2177,1,Raja Salomo,,,,,,,,,id,,,,,,,0,0,,0,,,,,"2007-11-29 15:36:50","2007-11-29 16:26:59",
2178,1,Raja Daud,,,,,,,,,id,,,,,,,0,0,,0,,,,,"2007-11-29 15:36:50","2007-11-29 16:26:59",
2179,1,Aku Mendirikan Jemaatku 2,,,,,,,,,id,,,,,,,0,0,,0,,,,,"2007-11-29 15:36:50","2007-11-29 16:26:59",
2180,1,Aku Mendirikan Jemaatku 3,,,,,,,,,id,,,,,,,0,0,,0,,,,,"2007-11-29 15:36:50","2007-11-29 16:26:59",
2181,1,Aku Mendirikan Jemaatku 5,,,,,,,,,id,,,,,,,0,0,,0,,,,,"2007-11-29 15:36:50","2007-11-29 16:26:59",
2182,1,Aku Mendirikan Jemaatku 6,,,,,,,,,id,,,,,,,0,0,,0,,,,,"2007-11-29 15:36:50","2007-11-29 16:26:59",
2183,1,Menanti Raja,,,,,,,,,id,,,,,,,0,0,,0,,,,,"2007-11-29 15:36:50","2007-11-29 16:26:59",
2184,1,Boundaries,,,,,,,,,id,,,,,,,0,0,,0,,,,,"2007-11-29 15:36:50","2007-11-29 16:26:59",
2185,1,Pergumulan Orang Kristiani Baru,,,,,,,,,id,,,,,,,0,0,,0,,,,,"2007-11-29 15:36:50","2007-11-29 16:26:59",
2186,1,Khotbah di Bukit,,,,,,,,,id,,,,,,,0,0,,0,,,,,"2007-11-29 15:36:50","2007-11-29 16:26:59",
2187,1,Mengapa Kristus harus mati ?,,,,,,,,,id,,,,,,,0,0,,0,,,,,"2007-11-29 15:36:50","2007-11-29 16:26:59",
2188,1,Belajar Berjalan Dengan Iman,,,,,,,,,id,,,,,,,0,0,,0,,,,,"2007-11-29 15:36:50","2007-11-29 16:26:59",
2189,1,Benarkah Kristus Bangkit Dari Kematian ?,,,,,,,,,id,,,,,,,0,0,,0,,,,,"2007-11-29 15:36:50","2007-11-29 16:26:59",
2190,1,Hawa & Rahab Belajar Untuk Membuat Pilihan Yang Lebih Baik,,,,,,,,,id,,,,,,,0,0,,0,,,,,"2007-11-29 15:36:50","2007-11-29 16:26:59",
2191,1,Bertahan Melalui Badai Stres,,,,,,,,,id,,,,,,,0,0,,0,,,,,"2007-11-29 15:36:50","2007-11-29 16:26:59",
2192,1,Pembinaan Watak,,,,,,,,,id,,,,,,,0,0,,0,,,,,"2007-11-29 15:36:50","2007-11-29 16:26:59",
2193,1,Berdiri Teguh Dalam Kebenaran,,,,,,,,,id,,,,,,,0,0,,0,,,,,"2007-11-29 15:36:50","2007-11-29 16:26:59",
2194,1,Kisah-Kisah Yang Tak Pernah Usang,,,,,,,,,id,,,,,,,0,0,,0,,,,,"2007-11-29 15:36:50","2007-11-29 16:26:59",
2195,1,"12 Bahan PA : Menjadi Sahabat",,,,,,,,,id,,,,,,,0,0,,0,,,,,"2007-11-29 15:36:50","2007-11-29 16:26:59",
2196,1,Andai Aku bisa menanyakan Banyak hal kepada Tuhan,,,,,,,,,id,,,,,,,0,0,,0,,,,,"2007-11-29 15:36:50","2007-11-29 16:26:59",
2197,1,Nelas Kasihan Yesus,,,,,,,,,id,,,,,,,0,0,,0,,,,,"2007-11-29 15:36:50","2007-11-29 16:26:59",
2198,1,Siapakah Dia yang Menyatakan Diri sebagai Allah?,,,,,,,,,id,,,,,,,0,0,,0,,,,,"2007-11-29 15:36:50","2007-11-29 16:26:59",
2199,1,Mengenal Iman Kristen,,,,,,,,,id,,,,,,,0,0,,0,,,,,"2007-11-29 15:36:50","2007-11-29 16:26:59",
2200,1,Panduan :Lengkap Kehidupan Pernikahan dan Keluarga,,,,,,,,,id,,,,,,,0,0,,0,,,,,"2007-11-29 15:36:50","2007-11-29 16:26:59",
2201,1,Yusuf,,,,,,,,,id,,,,,,,0,0,,0,,,,,"2007-11-29 15:36:50","2007-11-29 16:26:59",
2202,1,Yeremia Kasih&Komitmen,,,,,,,,,id,,,,,,,0,0,,0,,,,,"2007-11-29 15:36:50","2007-11-29 16:26:59",
2203,1,Drama Boneka Instan 1,,,,,,,,,id,,,,,,,0,0,,0,,,,,"2007-11-29 15:36:50","2007-11-29 16:26:59",
2204,1,Drama Boneka Instan 2,,,,,,,,,id,,,,,,,0,0,,0,,,,,"2007-11-29 15:36:50","2007-11-29 16:26:59",
2205,1,"366 Doa untuk Membangun Hubungan dengan Bapa",,,,,,,,,id,,,,,,,0,0,,0,,,,,"2007-11-29 15:36:50","2007-11-29 16:26:59",
2206,1,Penderitaan Yesus Kristus (The Passion Of Jesus Christ),"","","",,"","","","",id,,,NONE,"",,,0,0,,0,"",,,,"2007-11-29 15:36:50","2026-07-25 14:10:37",
2207,1,the Christmas Bus,,,,,,,,,id,,,,,,,0,0,,0,,,,,"2007-11-29 15:36:50","2007-11-29 16:26:59",
2208,1,Jejak-Jejak Suci,,,,,,,,,id,,,,,,,0,0,,0,,,,,"2007-11-29 15:36:50","2007-11-29 16:26:59",
2209,1,D.A.R.E for Youth,,,,,,,,,id,,,,,,,0,0,,0,,,,,"2007-11-29 15:36:50","2007-11-29 16:26:59",
2210,1,Not Without Temptation,,,,,,,,,id,,,,,,,0,0,,0,,,,,"2007-11-29 15:36:50","2007-11-29 16:26:59",
2211,1,Harta Natal yang Terindah,,,,,,,,,id,,,,,,,0,0,,0,,,,,"2007-11-29 15:36:50","2007-11-29 16:26:59",
2212,1,Buku itu Pintu Kalbu,,,,,,,,,id,,,,,,,0,0,,0,,,,,"2007-11-29 15:36:50","2007-11-29 16:26:59",
2213,1,Come Thirsty,,,,,,,,,id,,,,,,,0,0,,0,,,,,"2007-11-29 15:36:50","2007-11-29 16:26:59",
2214,1,Palestina Milik Siapa ?,,,,,,,,,id,,,,,,,0,0,,0,,,,,"2007-11-29 15:36:50","2007-11-29 16:26:59",
2215,1,Mantap berperan Sebagai Orang tua,,,,,,,,,id,,,,,,,0,0,,0,,,,,"2007-11-29 15:36:50","2007-11-29 16:26:59",
2216,1,Utuh di Dalam Kristus,,,,,,,,,id,,,,,,,0,0,,0,,,,,"2007-11-29 15:36:50","2007-11-29 16:26:59",
2217,1,Hidup di Dalam Kristus,,,,,,,,,id,,,,,,,0,0,,0,,,,,"2007-11-29 15:36:50","2007-11-29 16:26:59",
2218,1,Dperbarui di Dalam Kristus,,,,,,,,,id,,,,,,,0,0,,0,,,,,"2007-11-29 15:36:50","2007-11-29 16:26:59",
2219,1,Seni Memahami Diri Sendiri,,,,,,,,,id,,,,,,,0,0,,0,,,,,"2007-11-29 15:36:50","2007-11-29 16:26:59",
2220,1,"99 cara untuk Mengencangkan anggaran rumah tangga anda",,,,,,,,,id,,,,,,,0,0,,0,,,,,"2007-11-29 15:36:50","2007-11-29 16:26:59",
2221,1,Sense and Sensuality,,,,,,,,,id,,,,,,,0,0,,0,,,,,"2007-11-29 15:36:50","2007-11-29 16:26:59",
2222,1,Seandainya Ia Tahu,,,,,,,,,id,,,,,,,0,0,,0,,,,,"2007-11-29 15:36:50","2007-11-29 16:26:59",
2223,1,if You Only Knew,,,,,,,,,id,,,,,,,0,0,,0,,,,,"2007-11-29 15:36:50","2007-11-29 16:26:59",
2224,1,Pertanyaan Penting untuk Seorang Anak,,,,,,,,,id,,,,,,,0,0,,0,,,,,"2007-11-29 15:36:50","2007-11-29 16:26:59",
2225,1,Serving My Best,,,,,,,,,id,,,,,,,0,0,,0,,,,,"2007-11-29 15:36:50","2007-11-29 16:26:59",
2226,1,Unggul Dalam Persaingan,,,,,,,,,id,,,,,,,0,0,,0,,,,,"2007-11-29 15:36:50","2007-11-29 16:26:59",
2227,1,kosong …,,,,,,,,,id,,,,,,,0,0,,0,,,,,"2007-11-29 15:36:50","2007-11-29 16:26:59",
2228,1,Sepuluh Kisah Alkitab 2,,,,,,,,,id,,,,,,,0,0,,0,,,,,"2007-11-29 15:36:50","2007-11-29 16:26:59",
2229,1,The Classic Edition A child's Garden of Bible Stories,,,,,,,,,id,,,,,,,0,0,,0,,,,,"2007-11-29 15:36:50","2007-11-29 16:26:59",
2230,1,Sepuluh Dongeng Binatang,,,,,,,,,id,,,,,,,0,0,,0,,,,,"2007-11-29 15:36:50","2007-11-29 16:26:59",
2231,1,Sepuluh Kisah Alkitab 1,,,,,,,,,id,,,,,,,0,0,,0,,,,,"2007-11-29 15:36:50","2007-11-29 16:26:59",
2232,1,Di Bawah Pohon Rindang,,,,,,,,,id,,,,,,,0,0,,0,,,,,"2007-11-29 15:36:50","2007-11-29 16:26:59",
2233,1,Kisah Kota Kusam,,,,,,,,,id,,,,,,,0,0,,0,,,,,"2007-11-29 15:36:50","2007-11-29 16:26:59",
2234,1,Buku Aktivitas Natal,,,,,,,,,id,,,,,,,0,0,,0,,,,,"2007-11-29 15:36:50","2007-11-29 16:26:59",
2235,1,"9 Kisah kasih dalam alkitab",,,,,,,,,id,,,,,,,0,0,,0,,,,,"2007-11-29 15:36:50","2007-11-29 16:26:59",
2236,1,I Promise You Forever,,,,,,,,,id,,,,,,,0,0,,0,,,,,"2007-11-29 15:36:50","2007-11-29 16:26:59",
2237,1,Menjelang Nikah,,,,,,,,,id,,,,,,,0,0,,0,,,,,"2007-11-29 15:36:50","2007-11-29 16:26:59",
2238,1,The Marriage You've Always Wanted,,,,,,,,,id,,,,,,,0,0,,0,,,,,"2007-11-29 15:36:50","2007-11-29 16:26:59",
2239,1,Mantap Berperan Sebagai Orangtua,,,,,,,,,id,,,,,,,0,0,,0,,,,,"2007-11-29 15:36:50","2007-11-29 16:26:59",
2240,1,Buku Pintar Mengasuh Anak,,,,,,,,,id,,,,,,,0,0,,0,,,,,"2007-11-29 15:36:50","2007-11-29 16:26:59",
2241,1,Effective Parenting In a Defective World,,,,,,,,,id,,,,,,,0,0,,0,,,,,"2007-11-29 15:36:50","2007-11-29 16:26:59",
2242,1,Laki-laki Seperti Kerang Wanita Seperti Linggis,,,,,,,,,id,,,,,,,0,0,,0,,,,,"2007-11-29 15:36:50","2007-11-29 16:26:59",
2243,1,Pdt. Kacamata,,,,,,,,,id,,,,,,,0,0,,0,,,,,"2007-11-29 15:36:50","2007-11-29 16:26:59",
2244,1,Hamba Tuhan Dan Jemaat Kristus Yang Melintasi Zaman,,,,,,,,,id,,,,,,,0,0,,0,,,,,"2007-11-29 15:36:50","2007-11-29 16:26:59",
2245,1,Bimbingan pranikah edisi 2,,,,,,,,,id,,,,,,,0,0,,0,,,,,"2007-11-29 15:36:50","2007-11-29 16:26:59",
2246,1,Sembunyi dan Tenggelam,,,,,,,,,id,,,,,,,0,0,,0,,,,,"2007-11-29 15:36:50","2007-11-29 16:26:59",
2247,1,Buku Doa Anak Laki-Laki,,,,,,,,,id,,,,,,,0,0,,0,,,,,"2007-11-29 15:36:50","2007-11-29 16:26:59",
2248,1,Kisah Tiga Pohon,,,,,,,,,id,,,,,,,0,0,,0,,,,,"2007-11-29 15:36:50","2007-11-29 16:26:59",
2249,1,Topeng Anak Srigala,,,,,,,,,id,,,,,,,0,0,,0,,,,,"2007-11-29 15:36:50","2007-11-29 16:26:59",
2250,1,The Action Bible 2,,,,,,,,,id,,,,,,,0,0,,0,,,,,"2007-11-29 15:36:50","2007-11-29 16:26:59",
2251,1,Natal yang Pertama,,,,,,,,,id,,,,,,,0,0,,0,,,,,"2007-11-29 15:36:50","2007-11-29 16:26:59",
2252,1,Menara Babel,,,,,,,,,id,,,,,,,0,0,,0,,,,,"2007-11-29 15:36:50","2007-11-29 16:26:59",
2253,1,Elia,,,,,,,,,id,,,,,,,0,0,,0,,,,,"2007-11-29 15:36:50","2007-11-29 16:26:59",
2254,1,Yunus: Nabi dalam Perut Ikan,,,,,,,,,id,,,,,,,0,0,,0,,,,,"2007-11-29 15:36:50","2007-11-29 16:26:59",
2255,1,Roh Kudus,,,,,,,,,id,,,,,,,0,0,,0,,,,,"2007-11-29 15:36:50","2007-11-29 16:26:59",
2256,1,Jero Marah,,,,,,,,,id,,,,,,,0,0,,0,,,,,"2007-11-29 15:36:50","2007-11-29 16:26:59",
2257,1,HUT GKY KE 60,,,,,,,,,id,,,,,,,0,0,,0,,,,,"2007-11-29 15:36:50","2007-11-29 16:26:59",
2258,1,"30000082",,,,,,,,,id,,,,,,,0,0,,0,,,,,"2007-11-29 15:36:50","2007-11-29 16:26:59",
2259,1,The Cross,,,,,,,,,id,,,,,,,0,0,,0,,,,,"2007-11-29 15:36:50","2007-11-29 16:26:59",
2260,1,"2012",,,,,,,,,id,,,,,,,0,0,,0,,,,,"2007-11-29 15:36:50","2007-11-29 16:26:59",
2261,1,Musim Dingin yang Panjang,,,,,,,,,id,,,,,,,0,0,,0,,,,,"2007-11-29 15:36:50","2007-11-29 16:26:59",
2262,1,The Purpose of Christmas (Tujuan Natal),,,,,,,,,id,,,,,,,0,0,,0,,,,,"2007-11-29 15:36:50","2007-11-29 16:26:59",
2263,1,Dalam Cengkeraman Kasih Karunia,,,,,,,,,id,,,,,,,0,0,,0,,,,,"2007-11-29 15:36:50","2007-11-29 16:26:59",
2264,1,Bebas dari Tujuh Dosa Maut,,,,,,,,,id,,,,,,,0,0,,0,,,,,"2007-11-29 15:36:50","2007-11-29 16:26:59",
2265,1,When Christmas Comes,,,,,,,,,id,,,,,,,0,0,,0,,,,,"2007-11-29 15:36:50","2007-11-29 16:26:59",
2266,1,When God whisper Your name,,,,,,,,,id,,,,,,,0,0,,0,,,,,"2007-11-29 15:36:50","2007-11-29 16:26:59",
2267,1,Pemulihan Ciptaan,,,,,,,,,id,,,,,,,0,0,,0,,,,,"2007-11-29 15:36:50","2007-11-29 16:26:59",
2268,1,Cries of the Heart (Jeritan Hati),"","","",,"","","","21000082",id,,,NONE,"",,,0,0,,0,"",,,,"2007-11-29 15:36:50","2026-08-08 14:34:24",
2269,1,Bone: Keluar Dari Boneville,,,,,,,,,id,,,,,,,0,0,,0,,,,,"2007-11-29 15:36:50","2007-11-29 16:26:59",
2270,1,Bone: Balapan Sapi Akbar,,,,,,,,,id,,,,,,,0,0,,0,,,,,"2007-11-29 15:36:50","2007-11-29 16:26:59",
2271,1,Bone: Mata Badai,,,,,,,,,id,,,,,,,0,0,,0,,,,,"2007-11-29 15:36:50","2007-11-29 16:26:59",
2272,1,Bone: Sang Pembasmi Naga,,,,,,,,,id,,,,,,,0,0,,0,,,,,"2007-11-29 15:36:50","2007-11-29 16:26:59",
2273,1,Light Generation,,,,,,,,,id,,,,,,,0,0,,0,,,,,"2007-11-29 15:36:50","2007-11-29 16:26:59",
2274,1,Manga Metamorfosis,,,,,,,,,id,,,,,,,0,0,,0,,,,,"2007-11-29 15:36:50","2007-11-29 16:26:59",
2275,1,Buku Saku untuk Orang tua,,,,,,,,,id,,,,,,,0,0,,0,,,,,"2007-11-29 15:36:50","2007-11-29 16:26:59",
2276,1,Hatiku TumpanganMu,,,,,,,,,id,,,,,,,0,0,,0,,,,,"2007-11-29 15:36:50","2007-11-29 16:26:59",
2277,1,Perjalanan Menuju Kekekalan,,,,,,,,,id,,,,,,,0,0,,0,,,,,"2007-11-29 15:36:50","2007-11-29 16:26:59",
2278,1,wanita,,,,,,,,,id,,,,,,,0,0,,0,,,,,"2007-11-29 15:36:50","2007-11-29 16:26:59",
2279,1,Doa yang Mengubahkan Hidup,,,,,,,,,id,,,,,,,0,0,,0,,,,,"2007-11-29 15:36:50","2007-11-29 16:26:59",
2280,1,Wired For Intimacy (Dirancang Untuk Keintiman),,,,,,,,,id,,,,,,,0,0,,0,,,,,"2007-11-29 15:36:50","2007-11-29 16:26:59",
2281,1,Melangkah dengan Berani Bersama Henri Nouwen,,,,,,,,,id,,,,,,,0,0,,0,,,,,"2007-11-29 15:36:50","2007-11-29 16:26:59",
2282,1,Bapa Surgawi Mengasihimu,,,,,,,,,id,,,,,,,0,0,,0,,,,,"2007-11-29 15:36:50","2007-11-29 16:26:59",
2283,1,Manusia Dan Sesamanya Di Dalam Dunia,"","","",,"","","","",id,,,NONE,"",,,0,0,,0,"",,,,"2007-11-29 15:36:50","2026-07-30 11:04:35",
2284,1,Kisah Para Rasul untuk Semua Orang,,,,,,,,,id,,,,,,,0,0,,0,,,,,"2007-11-29 15:36:50","2007-11-29 16:26:59",
2285,1,The Problem of Pain,,,,,,,,,id,,,,,,,0,0,,0,,,,,"2007-11-29 15:36:50","2007-11-29 16:26:59",
2286,1,Jurnal Amanat Agung,,,,,,,,,id,,,,,,,0,0,,0,,,,,"2007-11-29 15:36:50","2007-11-29 16:26:59",
2287,1,Drama Doktrin,,,,,,,,,id,,,,,,,0,0,,0,,,,,"2007-11-29 15:36:50","2007-11-29 16:26:59",
2288,1,"Feng Shui, Ramalan Cina & Alkitab",,,,,,,,,id,,,,,,,0,0,,0,,,,,"2007-11-29 15:36:50","2007-11-29 16:26:59",
2289,1,Hadiah Terindah,,,,,,,,,id,,,,,,,0,0,,0,,,,,"2007-11-29 15:36:50","2007-11-29 16:26:59",
2290,1,Simson Sang Putra Matahari,,,,,,,,,id,,,,,,,0,0,,0,,,,,"2007-11-29 15:36:50","2007-11-29 16:26:59",
2291,1,Yesus dan Awal dan Pelayanan-Nya,,,,,,,,,id,,,,,,,0,0,,0,,,,,"2007-11-29 15:36:50","2007-11-29 16:26:59",
2292,1,Khotbah Yesus,,,,,,,,,id,,,,,,,0,0,,0,,,,,"2007-11-29 15:36:50","2007-11-29 16:26:59",
2293,1,Pemata - Permata Di Dalam Debu,,,,,,,,,id,,,,,,,0,0,,0,,,,,"2007-11-29 15:36:50","2007-11-29 16:26:59",
2294,1,Kiasan Yesus,,,,,,,,,id,,,,,,,0,0,,0,,,,,"2007-11-29 15:36:50","2007-11-29 16:26:59",
2295,1,Menjadi Jemaat yang berkemenangan,,,,,,,,,id,,,,,,,0,0,,0,,,,,"2007-11-29 15:36:50","2007-11-29 16:26:59",
2296,1,Pola Doa Yesus,,,,,,,,,id,,,,,,,0,0,,0,,,,,"2007-11-29 15:36:50","2007-11-29 16:26:59",
2297,1,Mengapa hidup ini tidak adil?,,,,,,,,,id,,,,,,,0,0,,0,,,,,"2007-11-29 15:36:50","2007-11-29 16:26:59",
2298,1,Mengapa Terjadi Kekerasan Di Dunia?,,,,,,,,,id,,,,,,,0,0,,0,,,,,"2007-11-29 15:36:50","2007-11-29 16:26:59",
2299,1,Cerita Tuhan Yesus,,,,,,,,,id,,,,,,,0,0,,0,,,,,"2007-11-29 15:36:50","2007-11-29 16:26:59",
2300,1,Waktu bersama Allah,,,,,,,,,id,,,,,,,0,0,,0,,,,,"2007-11-29 15:36:50","2007-11-29 16:26:59",
2301,1,Apa Yang Dikatakan Alkitab Tentang Neraka,"","","",,"","","","13000194",id,,,NONE,"",,,0,0,,0,"",,,,"2007-11-29 15:36:50","2026-08-08 15:48:37",
2302,1,Sungguh merekalah umatku,,,,,,,,,id,,,,,,,0,0,,0,,,,,"2007-11-29 15:36:50","2007-11-29 16:26:59",
2303,1,Mengatasi Tantangan Hidup,,,,,,,,,id,,,,,,,0,0,,0,,,,,"2007-11-29 15:36:50","2007-11-29 16:26:59",
2304,1,Berbagi Keberuntungan,,,,,,,,,id,,,,,,,0,0,,0,,,,,"2007-11-29 15:36:50","2007-11-29 16:26:59",
2305,1,Kala Hidup Jadi Lenggang,,,,,,,,,id,,,,,,,0,0,,0,,,,,"2007-11-29 15:36:50","2007-11-29 16:26:59",
2306,1,Menang Dari Kekecewaan,,,,,,,,,id,,,,,,,0,0,,0,,,,,"2007-11-29 15:36:50","2007-11-29 16:26:59",
2307,1,Kala Pengharapan Hampir Sirna,,,,,,,,,id,,,,,,,0,0,,0,,,,,"2007-11-29 15:36:50","2007-11-29 16:26:59",
2308,1,Buku Doa untuk Batita Gadis Kecil,,,,,,,,,id,,,,,,,0,0,,0,,,,,"2007-11-29 15:36:50","2007-11-29 16:26:59",
2309,1,Paulus Memberitakan Injil,,,,,,,,,id,,,,,,,0,0,,0,,,,,"2007-11-29 15:36:50","2007-11-29 16:26:59",
2310,1,Buku Doa untuk Batita anak laki - laki,,,,,,,,,id,,,,,,,0,0,,0,,,,,"2007-11-29 15:36:50","2007-11-29 16:26:59",
2311,1,Nuh dan Air Bah,,,,,,,,,id,,,,,,,0,0,,0,,,,,"2007-11-29 15:36:50","2007-11-29 16:26:59",
2312,1,Yusuf Menjadi Penguasa,,,,,,,,,id,,,,,,,0,0,,0,,,,,"2007-11-29 15:36:50","2007-11-29 16:26:59",
2313,1,Daud Raja Israel Yang Termasyhur,,,,,,,,,id,,,,,,,0,0,,0,,,,,"2007-11-29 15:36:50","2007-11-29 16:26:59",
2314,1,Juruselamat yang berkuasa,,,,,,,,,id,,,,,,,0,0,,0,,,,,"2007-11-29 15:36:50","2007-11-29 16:26:59",
2315,1,Takdir yang mengubah sejarah,,,,,,,,,id,,,,,,,0,0,,0,,,,,"2007-11-29 15:36:50","2007-11-29 16:26:59",
2316,1,Nelayan yang termasyhur,,,,,,,,,id,,,,,,,0,0,,0,,,,,"2007-11-29 15:36:50","2007-11-29 16:26:59",
2317,1,Sahabat semua orang,,,,,,,,,id,,,,,,,0,0,,0,,,,,"2007-11-29 15:36:50","2007-11-29 16:26:59",
2318,1,Lahirnya sang RAJA,,,,,,,,,id,,,,,,,0,0,,0,,,,,"2007-11-29 15:36:50","2007-11-29 16:26:59",
2319,1,Utusan Allah Kisah Paulus,,,,,,,,,id,,,,,,,0,0,,0,,,,,"2007-11-29 15:36:50","2007-11-29 16:26:59",
2320,1,You Are Precious (engkau berharga),,,,,,,,,id,,,,,,,0,0,,0,,,,,"2007-11-29 15:36:50","2007-11-29 16:26:59",
2321,1,Rangkaian Visi Mutiara Kitab Yesaya,,,,,,,,,id,,,,,,,0,0,,0,,,,,"2007-11-29 15:36:50","2007-11-29 16:26:59",
2322,1,Daniel (kedaulatan dan kasih Allah berseri),,,,,,,,,id,,,,,,,0,0,,0,,,,,"2007-11-29 15:36:50","2007-11-29 16:26:59",
2323,1,Alkitab Bergambar (dalam bentuk komik berwarna),,,,,,,,,id,,,,,,,0,0,,0,,,,,"2007-11-29 15:36:50","2007-11-29 16:26:59",
2324,1,The Journey,,,,,,,,,id,,,,,,,0,0,,0,,,,,"2007-11-29 15:36:50","2007-11-29 16:26:59",
2325,1,TUHAN DI DALAM DUNIA USAHA,,,,,,,,,id,,,,,,,0,0,,0,,,,,"2007-11-29 15:36:50","2007-11-29 16:26:59",
2326,1,Tuhan Yesus dan pengikut-pengikutNya,,,,,,,,,id,,,,,,,0,0,,0,,,,,"2007-11-29 15:36:50","2007-11-29 16:26:59",
2327,1,Yesus Hidup Kembali,,,,,,,,,id,,,,,,,0,0,,0,,,,,"2007-11-29 15:36:50","2007-11-29 16:26:59",
2328,1,Badai di Danau,,,,,,,,,id,,,,,,,0,0,,0,,,,,"2007-11-29 15:36:50","2007-11-29 16:26:59",
2329,1,Keluar dari Mesir,,,,,,,,,id,,,,,,,0,0,,0,,,,,"2007-11-29 15:36:50","2007-11-29 16:26:59",
2330,1,Yakub dan Esau,,,,,,,,,id,,,,,,,0,0,,0,,,,,"2007-11-29 15:36:50","2007-11-29 16:26:59",
2331,1,Teaching with Heart,,,,,,,,,id,,,,,,,0,0,,0,,,,,"2007-11-29 15:36:50","2007-11-29 16:26:59",
2332,1,Doa dan Misi,,,,,,,,,id,,,,,,,0,0,,0,,,,,"2007-11-29 15:36:50","2007-11-29 16:26:59",
2333,1,Ambillah Hidupku,,,,,,,,,id,,,,,,,0,0,,0,,,,,"2007-11-29 15:36:50","2007-11-29 16:26:59",
2334,1,Natal yang indah,,,,,,,,,id,,,,,,,0,0,,0,,,,,"2007-11-29 15:36:50","2007-11-29 16:26:59",
2335,1,Alkitab : Fakta atau Fiksi?,,,,,,,,,id,,,,,,,0,0,,0,,,,,"2007-11-29 15:36:50","2007-11-29 16:26:59",
2336,1,Saulus,,,,,,,,,id,,,,,,,0,0,,0,,,,,"2007-11-29 15:36:50","2007-11-29 16:26:59",
2337,1,Pastoring with Passion,,,,,,,,,id,,,,,,,0,0,,0,,,,,"2007-11-29 15:36:50","2007-11-29 16:26:59",
2338,1,Pastoring with Passion,,,,,,,,,id,,,,,,,0,0,,0,,,,,"2007-11-29 15:36:50","2007-11-29 16:26:59",
2339,1,Restructuring youth worship in the church,,,,,,,,,id,,,,,,,0,0,,0,,,,,"2007-11-29 15:36:50","2007-11-29 16:26:59",
2340,1,Keberhasilan Pelayanan Kaum Muda,,,,,,,,,id,,,,,,,0,0,,0,,,,,"2007-11-29 15:36:50","2007-11-29 16:26:59",
2341,1,Pastoral Care for Youth,,,,,,,,,id,,,,,,,0,0,,0,,,,,"2007-11-29 15:36:50","2007-11-29 16:26:59",
2342,1,Learning Model For Youth,,,,,,,,,id,,,,,,,0,0,,0,,,,,"2007-11-29 15:36:50","2007-11-29 16:26:59",
2343,1,Music In Youth Ministry,,,,,,,,,id,,,,,,,0,0,,0,,,,,"2007-11-29 15:36:50","2007-11-29 16:26:59",
2344,1,Youth In Postmodern Context,,,,,,,,,id,,,,,,,0,0,,0,,,,,"2007-11-29 15:36:50","2007-11-29 16:26:59",
2345,1,Preaching For Youth,,,,,,,,,id,,,,,,,0,0,,0,,,,,"2007-11-29 15:36:50","2007-11-29 16:26:59",
2346,1,Theological Concept For Youth Ministry,,,,,,,,,id,,,,,,,0,0,,0,,,,,"2007-11-29 15:36:50","2007-11-29 16:26:59",
2347,1,Reframing The Spiritual Formation For Youth,,,,,,,,,id,,,,,,,0,0,,0,,,,,"2007-11-29 15:36:50","2007-11-29 16:26:59",
2348,1,Bunga Rampai Teologi perjanjian Lama,,,,,,,,,id,,,,,,,0,0,,0,,,,,"2007-11-29 15:36:50","2007-11-29 16:26:59",
2349,1,Kitab Nahum,,,,,,,,,id,,,,,,,0,0,,0,,,,,"2007-11-29 15:36:50","2007-11-29 16:26:59",
2350,1,Action Bible 3,,,,,,,,,id,,,,,,,0,0,,0,,,,,"2007-11-29 15:36:50","2007-11-29 16:26:59",
2351,1,Action Bible 4,,,,,,,,,id,,,,,,,0,0,,0,,,,,"2007-11-29 15:36:50","2007-11-29 16:26:59",
2352,1,MENELADANI JEJAK YESUS SEBAGAI PEMIMPIN,,,,,,,,,id,,,,,,,0,0,,0,,,,,"2007-11-29 15:36:50","2007-11-29 16:26:59",
2353,1,Pdt. Kacamata - Pendeta Juga Manusia,,,,,,,,,id,,,,,,,0,0,,0,,,,,"2007-11-29 15:36:50","2007-11-29 16:26:59",
2354,1,Smart Tips for Smart Teenagers,,,,,,,,,id,,,,,,,0,0,,0,,,,,"2007-11-29 15:36:50","2007-11-29 16:26:59",
2355,1,Garam & Terang for Youth Road to Transformation,,,,,,,,,id,,,,,,,0,0,,0,,,,,"2007-11-29 15:36:50","2007-11-29 16:26:59",
2356,1,Pacaran Asyik dan Cerdas,,,,,,,,,id,,,,,,,0,0,,0,,,,,"2007-11-29 15:36:50","2007-11-29 16:26:59",
2357,1,Kehendak Mu Jadi !,,,,,,,,,id,,,,,,,0,0,,0,,,,,"2007-11-29 15:36:50","2007-11-29 16:26:59",
2358,1,Creative Prayer,,,,,,,,,id,,,,,,,0,0,,0,,,,,"2007-11-29 15:36:50","2007-11-29 16:26:59",
2359,1,The Control Freak Menguasai Penguasa,,,,,,,,,id,,,,,,,0,0,,0,,,,,"2007-11-29 15:36:50","2007-11-29 16:26:59",
2360,1,The Kissed Girls & Made Them Cry,,,,,,,,,id,,,,,,,0,0,,0,,,,,"2007-11-29 15:36:50","2007-11-29 16:26:59",
2361,1,Dari Israel ke Asia,,,,,,,,,id,,,,,,,0,0,,0,,,,,"2007-11-29 15:36:50","2007-11-29 16:26:59",
2362,1,The Gospel for real life,,,,,,,,,id,,,,,,,0,0,,0,,,,,"2007-11-29 15:36:50","2007-11-29 16:26:59",
2363,1,Rumah Seratus Jendela,,,,,,,,,id,,,,,,,0,0,,0,,,,,"2007-11-29 15:36:50","2007-11-29 16:26:59",
2364,1,All Of Grace,,,,,,,,,id,,,,,,,0,0,,0,,,,,"2007-11-29 15:36:50","2007-11-29 16:26:59",
2365,1,KISAH INSPIRASIONAL U/ MENUMBUHKAN BENIH KEUNGGULAN 1,,,,,,,,,id,,,,,,,0,0,,0,,,,,"2007-11-29 15:36:50","2007-11-29 16:26:59",
2366,1,Jemaat Misioner,,,,,,,,,id,,,,,,,0,0,,0,,,,,"2007-11-29 15:36:50","2007-11-29 16:26:59",
2367,1,Menggeluti Misi Lintas-Budaya,,,,,,,,,id,,,,,,,0,0,,0,,,,,"2007-11-29 15:36:50","2007-11-29 16:26:59",
2368,1,Metode Penginjilan,,,,,,,,,id,,,,,,,0,0,,0,,,,,"2007-11-29 15:36:50","2007-11-29 16:26:59",
2369,1,Misi Menurut Perspektif Alkitab,,,,,,,,,id,,,,,,,0,0,,0,,,,,"2007-11-29 15:36:50","2007-11-29 16:26:59",
2370,1,Menjadi Gereja Misioner,,,,,,,,,id,,,,,,,0,0,,0,,,,,"2007-11-29 15:36:50","2007-11-29 16:26:59",
2371,1,"Keluar Dari Tempat Garam, Masuk Ke Dalam Dunia",,,,,,,,,id,,,,,,,0,0,,0,,,,,"2007-11-29 15:36:50","2007-11-29 16:26:59",
2372,1,Rindu Pulang,,,,,,,,,id,,,,,,,0,0,,0,,,,,"2007-11-29 15:36:50","2007-11-29 16:26:59",
2373,1,Alkitab Bergambarku,,,,,,,,,id,,,,,,,0,0,,0,,,,,"2007-11-29 15:36:50","2007-11-29 16:26:59",
2374,1,Paulus Dan Para Rasul Mengabarkan Kabar Baik,,,,,,,,,id,,,,,,,0,0,,0,,,,,"2007-11-29 15:36:50","2007-11-29 16:26:59",
2375,1,Elia Dan Nabi-Nabi Lainnya,,,,,,,,,id,,,,,,,0,0,,0,,,,,"2007-11-29 15:36:50","2007-11-29 16:26:59",
2376,1,Yosua Dan Tanah Perjanjian,,,,,,,,,id,,,,,,,0,0,,0,,,,,"2007-11-29 15:36:50","2007-11-29 16:26:59",
2377,1,Musa Dan Umat Pilihan Allah,,,,,,,,,id,,,,,,,0,0,,0,,,,,"2007-11-29 15:36:50","2007-11-29 16:26:59",
2378,1,"365 Story Bible",,,,,,,,,id,,,,,,,0,0,,0,,,,,"2007-11-29 15:36:50","2007-11-29 16:26:59",
2379,1,The Emotionally Healthy Leader,,,,,,,,,id,,,,,,,0,0,,0,,,,,"2007-11-29 15:36:50","2007-11-29 16:26:59",
2380,1,Lifetime Characters mengenal diri dan sesama dengan perspektif karakter,,,,,,,,,id,,,,,,,0,0,,0,,,,,"2007-11-29 15:36:50","2007-11-29 16:26:59",
2381,1,Kamus alkitab,,,,,,,,,id,,,,,,,0,0,,0,,,,,"2007-11-29 15:36:50","2007-11-29 16:26:59",
2382,1,Iman Dalam Kehidupan,,,,,,,,,id,,,,,,,0,0,,0,,,,,"2007-11-29 15:36:50","2007-11-29 16:26:59",
2383,1,How and When to tell your kids about sex,,,,,,,,,id,,,,,,,0,0,,0,,,,,"2007-11-29 15:36:50","2007-11-29 16:26:59",
2384,1,Maksimalkan Hidup Anda,,,,,,,,,id,,,,,,,0,0,,0,,,,,"2007-11-29 15:36:50","2007-11-29 16:26:59",
2385,1,Jemaat Yang Tertib,,,,,,,,,id,,,,,,,0,0,,0,,,,,"2007-11-29 15:36:50","2007-11-29 16:26:59",
2386,1,Percakapan Gerejawi & Visitasi,,,,,,,,,id,,,,,,,0,0,,0,,,,,"2007-11-29 15:36:50","2007-11-29 16:26:59",
2387,1,Gereja Perjanjian Baru Dahulu & Sekarang,,,,,,,,,id,,,,,,,0,0,,0,,,,,"2007-11-29 15:36:50","2007-11-29 16:26:59",
2388,1,Dalam Terang Kekekalan,,,,,,,,,id,,,,,,,0,0,,0,,,,,"2007-11-29 15:36:50","2007-11-29 16:26:59",
2389,1,Mari Berpikir tentang Alkitab Apa yang Tertulis di Dalamnya?,"","","9786029254068",,"","","","13000190",id,,,NONE,"",,,0,0,,0,"",,,,"2007-11-29 15:36:50","2026-08-08 16:20:53",
2390,1,Doa Yang Penuh Kuasa,,,,,,,,,id,,,,,,,0,0,,0,,,,,"2007-11-29 15:36:50","2007-11-29 16:26:59",
2391,1,Doa Bisakah Membuat Perubahan ?,,,,,,,,,id,,,,,,,0,0,,0,,,,,"2007-11-29 15:36:50","2007-11-29 16:26:59",
2392,1,Epos : Hidup Adalah Kisah Kepahlawanan Kerajaan Allah Yang Melibatkan Kita Untuk Berperan Di Dalamnya,,,,,,,,,id,,,,,,,0,0,,0,,,,,"2007-11-29 15:36:50","2007-11-29 16:26:59",
2393,1,Sejarah Gereja Asia,,,,,,,,,id,,,,,,,0,0,,0,,,,,"2007-11-29 15:36:50","2007-11-29 16:26:59",
2394,1,Sejarah Singkat Bidah,,,,,,,,,id,,,,,,,0,0,,0,,,,,"2007-11-29 15:36:50","2007-11-29 16:26:59",
2395,1,Kisah Rahasia Sang Supermom,,,,,,,,,id,,,,,,,0,0,,0,,,,,"2007-11-29 15:36:50","2007-11-29 16:26:59",
2396,1,Demon : A Memoir,,,,,,,,,id,,,,,,,0,0,,0,,,,,"2007-11-29 15:36:50","2007-11-29 16:26:59",
2397,1,Miryam Dari Magdala : Tiada Kata Terlambat Untuk Memulai Hidup Baru,,,,,,,,,id,,,,,,,0,0,,0,,,,,"2007-11-29 15:36:50","2007-11-29 16:26:59",
2398,1,Cinta Pahit Manis,,,,,,,,,id,,,,,,,0,0,,0,,,,,"2007-11-29 15:36:50","2007-11-29 16:26:59",
2399,1,KISAH INSPIRASIONAL U/ MENUMBUHKAN BENIH KEUNGGULAN 3,,,,,,,,,id,,,,,,,0,0,,0,,,,,"2007-11-29 15:36:50","2007-11-29 16:26:59",
2400,1,Dua Malam Bersama Lucifer,,,,,,,,,id,,,,,,,0,0,,0,,,,,"2007-11-29 15:36:50","2007-11-29 16:26:59",
2401,1,Gods & Kings,,,,,,,,,id,,,,,,,0,0,,0,,,,,"2007-11-29 15:36:50","2007-11-29 16:26:59",
2402,1,"Orangtua yang percaya diri, remaja yang luar biasa",,,,,,,,,id,,,,,,,0,0,,0,,,,,"2007-11-29 15:36:50","2007-11-29 16:26:59",
2403,1,A Fish Out Of Water,"","","",,"","","","",id,,,NONE,"",,,0,0,,0,"",,,,"2007-11-29 15:36:50","2026-07-23 14:22:50",
2404,1,Kekuatan dari KEBERSAMAAN dalam GEREJA,"","","",,"","","","",id,,,NONE,"",,,0,0,,0,"",,,,"2007-11-29 15:36:50","2026-07-23 14:24:49",
2405,1,Anda Luar Biasa,"","","",,"","","","",id,,,NONE,"",,,0,0,,0,"",,,,"2007-11-29 15:36:50","2026-07-23 14:26:55",
2406,1,Transparansi,"","","",,"","","","",id,,,NONE,"",,,0,0,,0,"",,,,"2007-11-29 15:36:50","2026-07-23 14:29:00",
4656,1,Psychology As Religion,"","","",,"","","","19000108",id,,,"19000108","",,,0,0,,0,"",,,,"2026-07-23 14:54:06","2026-07-23 14:54:06",1
2407,1,Improving Your Serve,"","","",,"","","","",id,,,NONE,"",,,0,0,,0,"",,,,"2007-11-29 15:36:50","2026-07-23 14:32:28",
2408,1,The Volunteer Revolution,,,,,,,,,id,,,,,,,0,0,,0,,,,,"2007-11-29 15:36:50","2007-11-29 16:26:59",
2409,1,A Fish Out Of Water,,,,,,,,,id,,,,,,,0,0,,0,,,,,"2007-11-29 15:36:50","2007-11-29 16:26:59",
2410,1,"10 Pertanyaan Yang Ditakuti Pendeta",,,,,,,,,id,,,,,,,0,0,,0,,,,,"2007-11-29 15:36:50","2007-11-29 16:26:59",
2411,1,Martha To The Max (Marta Yang Memisahkan Diri),,,,,,,,,id,,,,,,,0,0,,0,,,,,"2007-11-29 15:36:50","2007-11-29 16:26:59",
2412,1,Anti Kekristenan : Apa Sebenarnya Kekristenan Itu ?,,,,,,,,,id,,,,,,,0,0,,0,,,,,"2007-11-29 15:36:50","2007-11-29 16:26:59",
2413,1,The Purpose Driven Life,,,,,,,,,id,,,,,,,0,0,,0,,,,,"2007-11-29 15:36:50","2007-11-29 16:26:59",
2414,1,MOTHER TERESA UTUSAN PEMBAWA KASIH,,,,,,,,,id,,,,,,,0,0,,0,,,,,"2007-11-29 15:36:50","2007-11-29 16:26:59",
2415,1,The Call (Panggilan Allah),,,,,,,,,id,,,,,,,0,0,,0,,,,,"2007-11-29 15:36:50","2007-11-29 16:26:59",
2416,1,Raja Daud 1,,,,,,,,,id,,,,,,,0,0,,0,,,,,"2007-11-29 15:36:50","2007-11-29 16:26:59",
2417,1,Becoming a Woman of Faith (Menjadi Wanita yang Berjalan dalam Iman),,,,,,,,,id,,,,,,,0,0,,0,,,,,"2007-11-29 15:36:50","2007-11-29 16:26:59",
2418,1,Yang Tersisih Dipulihkan,,,,,,,,,id,,,,,,,0,0,,0,,,,,"2007-11-29 15:36:50","2007-11-29 16:26:59",
2419,1,Khotbah yang Transformatif,,,,,,,,,id,,,,,,,0,0,,0,,,,,"2007-11-29 15:36:50","2007-11-29 16:26:59",
2420,1,Menjadi Penulis,,,,,,,,,id,,,,,,,0,0,,0,,,,,"2007-11-29 15:36:50","2007-11-29 16:26:59",
2421,1,Strength in Weakness (Kekuatan dalam Kelemahan),,,,,,,,,id,,,,,,,0,0,,0,,,,,"2007-11-29 15:36:50","2007-11-29 16:26:59",
2422,1,Kawin Campur dan Campur Tangan Tuhan,,,,,,,,,id,,,,,,,0,0,,0,,,,,"2007-11-29 15:36:50","2007-11-29 16:26:59",
2423,1,The Full Life Study Bible - NIV The New Testament,,,,,,,,,id,,,,,,,0,0,,0,,,,,"2007-11-29 15:36:50","2007-11-29 16:26:59",
2424,1,Forgive to Live (Bagaimana Pengampunan Membuat Hidup Lebih Sehat),,,,,,,,,id,,,,,,,0,0,,0,,,,,"2007-11-29 15:36:50","2007-11-29 16:26:59",
2425,1,Peringatan Badai,,,,,,,,,id,,,,,,,0,0,,0,,,,,"2007-11-29 15:36:50","2007-11-29 16:26:59",
2426,1,Selamat Berpulih : 33 Renungan Tentang Pemulihan,,,,,,,,,id,,,,,,,0,0,,0,,,,,"2007-11-29 15:36:50","2007-11-29 16:26:59",
2427,1,Selamat Berkiprah : 33 Renungan Tentang Kesaksian,,,,,,,,,id,,,,,,,0,0,,0,,,,,"2007-11-29 15:36:50","2007-11-29 16:26:59",
2428,1,Selamat Berjuang,,,,,,,,,id,,,,,,,0,0,,0,,,,,"2007-11-29 15:36:50","2007-11-29 16:26:59",
2429,1,Selamat Berkarunia : 33 Renungan Tentang Hidup Majemuk,,,,,,,,,id,,,,,,,0,0,,0,,,,,"2007-11-29 15:36:50","2007-11-29 16:26:59",
2430,1,Selamat Berpelita : 33 Renungan Tentang Alkitab,,,,,,,,,id,,,,,,,0,0,,0,,,,,"2007-11-29 15:36:50","2007-11-29 16:26:59",
2431,1,Apakah Tuhan Dapat Berbicara Lewat Mimpi ?,,,,,,,,,id,,,,,,,0,0,,0,,,,,"2007-11-29 15:36:50","2007-11-29 16:26:59",
2432,1,Engkau Lebih Berharga Daripada Yang Kausangka,,,,,,,,,id,,,,,,,0,0,,0,,,,,"2007-11-29 15:36:50","2007-11-29 16:26:59",
2433,1,Stand- Sebuah panggilan akan ketekunan orang-orang kudus,,,,,,,,,id,,,,,,,0,0,,0,,,,,"2007-11-29 15:36:50","2007-11-29 16:26:59",
2434,1,Di Bawah Sinar Lampu Merkuri,,,,,,,,,id,,,,,,,0,0,,0,,,,,"2007-11-29 15:36:50","2007-11-29 16:26:59",
2435,1,Antusiasme,,,,,,,,,id,,,,,,,0,0,,0,,,,,"2007-11-29 15:36:50","2007-11-29 16:26:59",
2436,1,Tuhan (Tidak) Beserta Kita (?),,,,,,,,,id,,,,,,,0,0,,0,,,,,"2007-11-29 15:36:50","2007-11-29 16:26:59",
2437,1,"Ketika Semua Pintu Tertutup, Mukjizat Masih Ada",,,,,,,,,id,,,,,,,0,0,,0,,,,,"2007-11-29 15:36:50","2007-11-29 16:26:59",
2438,1,Mari Biacra tentang Surga,,,,,,,,,id,,,,,,,0,0,,0,,,,,"2007-11-29 15:36:50","2007-11-29 16:26:59",
2439,1,Buku Alktivitas Cerita Alkitab,,,,,,,,,id,,,,,,,0,0,,0,,,,,"2007-11-29 15:36:50","2007-11-29 16:26:59",
2440,1,Buku Aktivitas Paskah,,,,,,,,,id,,,,,,,0,0,,0,,,,,"2007-11-29 15:36:50","2007-11-29 16:26:59",
2441,1,Alkitab dalam Gambar,,,,,,,,,id,,,,,,,0,0,,0,,,,,"2007-11-29 15:36:50","2007-11-29 16:26:59",
2442,1,"7 Kebiasaan Anak Bahagia",,,,,,,,,id,,,,,,,0,0,,0,,,,,"2007-11-29 15:36:50","2007-11-29 16:26:59",
2443,1,Emeritus Memoar Seorang Pendeta,,,,,,,,,id,,,,,,,0,0,,0,,,,,"2007-11-29 15:36:50","2007-11-29 16:26:59",
2444,1,Lilin Pengharapan,,,,,,,,,id,,,,,,,0,0,,0,,,,,"2007-11-29 15:36:50","2007-11-29 16:26:59",
2445,1,Mata Keenam,,,,,,,,,id,,,,,,,0,0,,0,,,,,"2007-11-29 15:36:50","2007-11-29 16:26:59",
2446,1,Akhir Bahagia,,,,,,,,,id,,,,,,,0,0,,0,,,,,"2007-11-29 15:36:50","2007-11-29 16:26:59",
2447,1,Just Like Jesus (Persis Seperti Yesus),,,,,,,,,id,,,,,,,0,0,,0,,,,,"2007-11-29 15:36:50","2007-11-29 16:26:59",
2448,1,Reaching for the Invisible God (Mencari Tuhan yang Tidak Terlihat),,,,,,,,,id,,,,,,,0,0,,0,,,,,"2007-11-29 15:36:50","2007-11-29 16:26:59",
2449,1,"MENYEIMBANGKAN IMAN, KELUARGA, & KARIER",,,,,,,,,id,,,,,,,0,0,,0,,,,,"2007-11-29 15:36:50","2007-11-29 16:26:59",
2450,1,Ceritakan Padaku Rahasia Itu,,,,,,,,,id,,,,,,,0,0,,0,,,,,"2007-11-29 15:36:50","2007-11-29 16:26:59",
2451,1,"101 Kerangka Khotbah Populer",,,,,,,,,id,,,,,,,0,0,,0,,,,,"2007-11-29 15:36:50","2007-11-29 16:26:59",
2452,1,Kisah Rasul Petrus,,,,,,,,,id,,,,,,,0,0,,0,,,,,"2007-11-29 15:36:50","2007-11-29 16:26:59",
2453,1,Berjalan di Atas Air,,,,,,,,,id,,,,,,,0,0,,0,,,,,"2007-11-29 15:36:50","2007-11-29 16:26:59",
2454,1,Pangeran Yang Dicari-cari,,,,,,,,,id,,,,,,,0,0,,0,,,,,"2007-11-29 15:36:50","2007-11-29 16:26:59",
2455,1,"65 Cerita Alktiab Klasik",,,,,,,,,id,,,,,,,0,0,,0,,,,,"2007-11-29 15:36:50","2007-11-29 16:26:59",
2456,1,MENJAWAB TANTANGAN AMANAT AGUNG,,,,,,,,,id,,,,,,,0,0,,0,,,,,"2007-11-29 15:36:50","2007-11-29 16:26:59",
2457,1,Meningkatkan Pelayanan Anda,,,,,,,,,id,,,,,,,0,0,,0,,,,,"2007-11-29 15:36:50","2007-11-29 16:26:59",
2458,1,Jemaat Yang Hidup,,,,,,,,,id,,,,,,,0,0,,0,,,,,"2007-11-29 15:36:50","2007-11-29 16:26:59",
2459,1,Hidup Pasukan Allah (Gideon),,,,,,,,,id,,,,,,,0,0,,0,,,,,"2007-11-29 15:36:50","2007-11-29 16:26:59",
2460,1,Melalui Atap Rumah,,,,,,,,,id,,,,,,,0,0,,0,,,,,"2007-11-29 15:36:50","2007-11-29 16:26:59",
2461,1,ku,,,,,,,,,id,,,,,,,0,0,,0,,,,,"2007-11-29 15:36:50","2007-11-29 16:26:59",
2462,1,Maria Magdalena Teladan Iman dan Doa,,,,,,,,,id,,,,,,,0,0,,0,,,,,"2007-11-29 15:36:50","2007-11-29 16:26:59",
2463,1,Menghidupi Visi Allah,,,,,,,,,id,,,,,,,0,0,,0,,,,,"2007-11-29 15:36:50","2007-11-29 16:26:59",
2464,1,Kisah Injil dengan Pancake,,,,,,,,,id,,,,,,,0,0,,0,,,,,"2007-11-29 15:36:50","2007-11-29 16:26:59",
2465,1,Warisan John Calvin,"","","9786028165167",,"","","","13000275",id,,,NONE,"",,,0,0,,0,"",,,,"2007-11-29 15:36:50","2026-08-09 10:12:42",
2466,1,Trilogi Sang Biduan,,,,,,,,,id,,,,,,,0,0,,0,,,,,"2007-11-29 15:36:50","2007-11-29 16:26:59",
2467,1,Perlengkapan Seorang Konselor,"","","",,"","","","",id,,,NONE,"",,,0,0,,0,"",,,,"2007-11-29 15:36:50","2026-07-16 14:53:56",
2468,1,Badai di Danau,,,,,,,,,id,,,,,,,0,0,,0,,,,,"2007-11-29 15:36:50","2007-11-29 16:26:59",
2469,1,Yunus,,,,,,,,,id,,,,,,,0,0,,0,,,,,"2007-11-29 15:36:50","2007-11-29 16:26:59",
2470,1,Penyembuhan bagi Emosi yang Luka,,,,,,,,,id,,,,,,,0,0,,0,,,,,"2007-11-29 15:36:50","2007-11-29 16:26:59",
2471,1,Etika Kerajaan,,,,,,,,,id,,,,,,,0,0,,0,,,,,"2007-11-29 15:36:50","2007-11-29 16:26:59",
2472,1,Mengatasi Segala Kuasa Dunia,,,,,,,,,id,,,,,,,0,0,,0,,,,,"2007-11-29 15:36:50","2007-11-29 16:26:59",
2473,1,Kuasa Kata-Kata dan Keajaiban Allah,,,,,,,,,id,,,,,,,0,0,,0,,,,,"2007-11-29 15:36:50","2007-11-29 16:26:59",
2474,1,Seksualitas dan Pendidikan Seksual,,,,,,,,,id,,,,,,,0,0,,0,,,,,"2007-11-29 15:36:50","2007-11-29 16:26:59",
2475,1,Kerikil-Kerikil Tajam Pernikahan,,,,,,,,,id,,,,,,,0,0,,0,,,,,"2007-11-29 15:36:50","2007-11-29 16:26:59",
2476,1,Apa yang Anda Harapkan?,,,,,,,,,id,,,,,,,0,0,,0,,,,,"2007-11-29 15:36:50","2007-11-29 16:26:59",
2477,1,The Power Of A Praying Parent,,,,,,,,,id,,,,,,,0,0,,0,,,,,"2007-11-29 15:36:50","2007-11-29 16:26:59",
2478,1,Takhta Kristus dalam Keluarga,,,,,,,,,id,,,,,,,0,0,,0,,,,,"2007-11-29 15:36:50","2007-11-29 16:26:59",
2479,1,Anakku Buah Hatiku,,,,,,,,,id,,,,,,,0,0,,0,,,,,"2007-11-29 15:36:50","2007-11-29 16:26:59",
2480,1,Tanda Gereja yang Sehat,,,,,,,,,id,,,,,,,0,0,,0,,,,,"2007-11-29 15:36:50","2007-11-29 16:26:59",
2481,1,Tumbuh Kembang Bersama Anak,,,,,,,,,id,,,,,,,0,0,,0,,,,,"2007-11-29 15:36:50","2007-11-29 16:26:59",
2482,1,Sepuluh Kebohongan Tentang Allah (Ten Lies About God),,,,,,,,,id,,,,,,,0,0,,0,,,,,"2007-11-29 15:36:50","2007-11-29 16:26:59",
2483,1,The Best,,,,,,,,,id,,,,,,,0,0,,0,,,,,"2007-11-29 15:36:50","2007-11-29 16:26:59",
2484,1,Menemukan Kedamain dalam Badai Kehidupam,,,,,,,,,id,,,,,,,0,0,,0,,,,,"2007-11-29 15:36:50","2007-11-29 16:26:59",
2485,1,Imamat Yang Sempurna : Pemahaman Surat Ibrani Tentang Iman & Keimaman Yesus,,,,,,,,,id,,,,,,,0,0,,0,,,,,"2007-11-29 15:36:50","2007-11-29 16:26:59",
2486,1,Menyingkap Janji Tuhan,,,,,,,,,id,,,,,,,0,0,,0,,,,,"2007-11-29 15:36:50","2007-11-29 16:26:59",
2487,1,Menjadi Saksi Kristus : Pemahaman Kitab Kisah Para Rasul tentang Pekabaran Injil ke Seluruh Dunia,,,,,,,,,id,,,,,,,0,0,,0,,,,,"2007-11-29 15:36:50","2007-11-29 16:26:59",
2488,1,Merayakan Hidup,,,,,,,,,id,,,,,,,0,0,,0,,,,,"2007-11-29 15:36:50","2007-11-29 16:26:59",
2489,1,Membaca Alkitab Sebuah Pengantar,,,,,,,,,id,,,,,,,0,0,,0,,,,,"2007-11-29 15:36:50","2007-11-29 16:26:59",
2490,1,Apakah Gereja Reformed Itu?,"","","602-1603-24-9",2,"","","","13000101",id,,,"13000101","",,,0,0,,0,"",,,,"2007-11-29 15:36:50","2026-07-25 13:22:58",
2491,1,Kontekstualisasi,,,,,,,,,id,,,,,,,0,0,,0,,,,,"2007-11-29 15:36:50","2007-11-29 16:26:59",
2492,1,Senyum Itu Dosa Ketawa Masuk Surga,,,,,,,,,id,,,,,,,0,0,,0,,,,,"2007-11-29 15:36:50","2007-11-29 16:26:59",
2493,1,Hagar,,,,,,,,,id,,,,,,,0,0,,0,,,,,"2007-11-29 15:36:50","2007-11-29 16:26:59",
2494,1,Perbuatan Sederhana yang Mengubah Dunia,,,,,,,,,id,,,,,,,0,0,,0,,,,,"2007-11-29 15:36:50","2007-11-29 16:26:59",
2495,1,"Tambah Usia, Tambah Ceria",,,,,,,,,id,,,,,,,0,0,,0,,,,,"2007-11-29 15:36:50","2007-11-29 16:26:59",
2496,1,William Carey Pembuat Sepatu yang Mempelopori Pekabaran Injil Modern,,,,,,,,,id,,,,,,,0,0,,0,,,,,"2007-11-29 15:36:50","2007-11-29 16:26:59",
2497,1,Suara Yang Hilang,,,,,,,,,id,,,,,,,0,0,,0,,,,,"2007-11-29 15:36:50","2007-11-29 16:26:59",
2498,1,Menjadi Pelayan yang Memperkenan Hati Tuhan,,,,,,,,,id,,,,,,,0,0,,0,,,,,"2007-11-29 15:36:50","2007-11-29 16:26:59",
2499,1,"Kejujuran, Moral dan Hati Nurani",,,,,,,,,id,,,,,,,0,0,,0,,,,,"2007-11-29 15:36:50","2007-11-29 16:26:59",
2500,1,Raja Yang Menderita,,,,,,,,,id,,,,,,,0,0,,0,,,,,"2007-11-29 15:36:50","2007-11-29 16:26:59",
2501,1,Ajarlah Mereka Melakukan,,,,,,,,,id,,,,,,,0,0,,0,,,,,"2007-11-29 15:36:50","2007-11-29 16:26:59",
2502,1,The Art Of Mentoring,,,,,,,,,id,,,,,,,0,0,,0,,,,,"2007-11-29 15:36:50","2007-11-29 16:26:59",
2503,1,Pendidikan Kristiani Kontekstual,,,,,,,,,id,,,,,,,0,0,,0,,,,,"2007-11-29 15:36:50","2007-11-29 16:26:59",
2504,1,Aku,,,,,,,,,id,,,,,,,0,0,,0,,,,,"2007-11-29 15:36:50","2007-11-29 16:26:59",
2505,1,Kau Ubah Hidupku,,,,,,,,,id,,,,,,,0,0,,0,,,,,"2007-11-29 15:36:50","2007-11-29 16:26:59",
2506,1,Karakter Mutiara Allah,,,,,,,,,id,,,,,,,0,0,,0,,,,,"2007-11-29 15:36:50","2007-11-29 16:26:59",
2507,1,Selamat Berpadu : 33 Renungan Tentang Perbedaan,,,,,,,,,id,,,,,,,0,0,,0,,,,,"2007-11-29 15:36:50","2007-11-29 16:26:59",
2508,1,Tidak Ada Gagang pada Salib,,,,,,,,,id,,,,,,,0,0,,0,,,,,"2007-11-29 15:36:50","2007-11-29 16:26:59",
2509,1,"Setiap Hari Bersama Tuhan, Rajaku",,,,,,,,,id,,,,,,,0,0,,0,,,,,"2007-11-29 15:36:50","2007-11-29 16:26:59",
2510,1,Lily dam,,,,,,,,,id,,,,,,,0,0,,0,,,,,"2007-11-29 15:36:50","2007-11-29 16:26:59",
2511,1,"10 Tipe Orang Menyebalkan",,,,,,,,,id,,,,,,,0,0,,0,,,,,"2007-11-29 15:36:50","2007-11-29 16:26:59",
2512,1,Gereja Yang Hidup,,,,,,,,,id,,,,,,,0,0,,0,,,,,"2007-11-29 15:36:50","2007-11-29 16:26:59",
2513,1,Para Martir,,,,,,,,,id,,,,,,,0,0,,0,,,,,"2007-11-29 15:36:50","2007-11-29 16:26:59",
2514,1,Bercerai Boleh atau Tidak?,,,,,,,,,id,,,,,,,0,0,,0,,,,,"2007-11-29 15:36:50","2007-11-29 16:26:59",
2515,1,Hidupku Bagi Kristus,,,,,,,,,id,,,,,,,0,0,,0,,,,,"2007-11-29 15:36:50","2007-11-29 16:26:59",
2516,1,Memandang Sabit melalui mata salib,,,,,,,,,id,,,,,,,0,0,,0,,,,,"2007-11-29 15:36:50","2007-11-29 16:26:59",
2517,1,Life as a Vapor (Hidup adalah uap),,,,,,,,,id,,,,,,,0,0,,0,,,,,"2007-11-29 15:36:50","2007-11-29 16:26:59",
2518,1,Anak tikus Yang Ingin Menjadi aja,,,,,,,,,id,,,,,,,0,0,,0,,,,,"2007-11-29 15:36:50","2007-11-29 16:26:59",
2519,1,Dipilih untuk Memilih,,,,,,,,,id,,,,,,,0,0,,0,,,,,"2007-11-29 15:36:50","2007-11-29 16:26:59",
2520,1,Kehidupan Di balik Kubur,"","","",,"","","","",id,,,NONE,"",,,0,0,,0,"",,,,"2007-11-29 15:36:50","2026-07-26 11:40:51",
2521,1,Benarkah Injil Kabar Baik?,,,,,,,,,id,,,,,,,0,0,,0,,,,,"2007-11-29 15:36:50","2007-11-29 16:26:59",
2522,1,Survei Perjanjian Baru,,,,,,,,,id,,,,,,,0,0,,0,,,,,"2007-11-29 15:36:50","2007-11-29 16:26:59",
2523,1,Unstoppable,,,,,,,,,id,,,,,,,0,0,,0,,,,,"2007-11-29 15:36:50","2007-11-29 16:26:59",
2524,1,Cerita Alkitab Untuk Anak,,,,,,,,,id,,,,,,,0,0,,0,,,,,"2007-11-29 15:36:50","2007-11-29 16:26:59",
2525,1,Mengapa aku menderita?,,,,,,,,,id,,,,,,,0,0,,0,,,,,"2007-11-29 15:36:50","2007-11-29 16:26:59",
2526,1,Hutan Yang Damai 1,,,,,,,,,id,,,,,,,0,0,,0,,,,,"2007-11-29 15:36:50","2007-11-29 16:26:59",
2527,1,Terpanggil untuk Mengakui Iman,,,,,,,,,id,,,,,,,0,0,,0,,,,,"2007-11-29 15:36:50","2007-11-29 16:26:59",
2528,1,Wanita yang Dibentuk Allah (Teladan Bijak dari Para Wanita Perjanjian Lama),,,,,,,,,id,,,,,,,0,0,,0,,,,,"2007-11-29 15:36:50","2007-11-29 16:26:59",
2529,1,Sorotan Iman,,,,,,,,,id,,,,,,,0,0,,0,,,,,"2007-11-29 15:36:50","2007-11-29 16:26:59",
2530,1,Wanita Yang Dibimbing Yesus,,,,,,,,,id,,,,,,,0,0,,0,,,,,"2007-11-29 15:36:50","2007-11-29 16:26:59",
2531,1,Saat Segalanya Semakin Sulit,,,,,,,,,id,,,,,,,0,0,,0,,,,,"2007-11-29 15:36:50","2007-11-29 16:26:59",
2532,1,Petualangan Menjelajahi Perjanjian Baru,,,,,,,,,id,,,,,,,0,0,,0,,,,,"2007-11-29 15:36:50","2007-11-29 16:26:59",
2533,1,Knowing God Through Thessalonians,,,,,,,,,id,,,,,,,0,0,,0,,,,,"2007-11-29 15:36:50","2007-11-29 16:26:59",
2534,1,Knowign God Through Romans,,,,,,,,,id,,,,,,,0,0,,0,,,,,"2007-11-29 15:36:50","2007-11-29 16:26:59",
2535,1,Menjadi Sahabat Tuhan,,,,,,,,,id,,,,,,,0,0,,0,,,,,"2007-11-29 15:36:50","2007-11-29 16:26:59",
2536,1,The Passion of Christ,,,,,,,,,id,,,,,,,0,0,,0,,,,,"2007-11-29 15:36:50","2007-11-29 16:26:59",
2537,1,Hati Misi,,,,,,,,,id,,,,,,,0,0,,0,,,,,"2007-11-29 15:36:50","2007-11-29 16:26:59",
2538,1,Why Would a Good God Allow Suffering?,,,,,,,,,id,,,,,,,0,0,,0,,,,,"2007-11-29 15:36:50","2007-11-29 16:26:59",
2539,1,Pengabdian yang ternoda,,,,,,,,,id,,,,,,,0,0,,0,,,,,"2007-11-29 15:36:50","2007-11-29 16:26:59",
2540,1,Salju Gula,,,,,,,,,id,,,,,,,0,0,,0,,,,,"2007-11-29 15:36:50","2007-11-29 16:26:59",
2541,1,Kuasa Salib Kristus,,,,,,,,,id,,,,,,,0,0,,0,,,,,"2007-11-29 15:36:50","2007-11-29 16:26:59",
2542,1,Why Would Anyone Want To be Holy?,,,,,,,,,id,,,,,,,0,0,,0,,,,,"2007-11-29 15:36:50","2007-11-29 16:26:59",
2543,1,The Forgiveness of God,,,,,,,,,id,,,,,,,0,0,,0,,,,,"2007-11-29 15:36:50","2007-11-29 16:26:59",
2544,1,Simon Peter : A Rock Moved By God,,,,,,,,,id,,,,,,,0,0,,0,,,,,"2007-11-29 15:36:50","2007-11-29 16:26:59",
2545,1,EKSPOSISI KITAB PENGKHOTBAH 5 & 6 (2 CD) JOSHUA LIE,,,,,,,,,id,,,,,,,0,0,,0,,,,,"2007-11-29 15:36:50","2007-11-29 16:26:59",
2546,1,Battling Unbelief (Memerangi Ketidakpercayaan),,,,,,,,,id,,,,,,,0,0,,0,,,,,"2007-11-29 15:36:50","2007-11-29 16:26:59",
2547,1,EKSPOSISI KITAB PENGKHOTBAH 7 & 8 (2 CD) JOSHUA LIE,,,,,,,,,id,,,,,,,0,0,,0,,,,,"2007-11-29 15:36:50","2007-11-29 16:26:59",
2548,1,When Violence Comes Home,,,,,,,,,id,,,,,,,0,0,,0,,,,,"2007-11-29 15:36:50","2007-11-29 16:26:59",
2549,1,When Forgiveness Seems Impossible,,,,,,,,,id,,,,,,,0,0,,0,,,,,"2007-11-29 15:36:50","2007-11-29 16:26:59",
2550,1,Gideon Pada Masa Para Hakim,,,,,,,,,id,,,,,,,0,0,,0,,,,,"2007-11-29 15:36:50","2007-11-29 16:26:59",
2551,1,In My Father's House (Di Rumah Bapaku),,,,,,,,,id,,,,,,,0,0,,0,,,,,"2007-11-29 15:36:50","2007-11-29 16:26:59",
2552,1,The Wizard The Ugly And The Book Of Shame,,,,,,,,,id,,,,,,,0,0,,0,,,,,"2007-11-29 15:36:50","2007-11-29 16:26:59",
2553,1,Memahami Tentang Kutuk Menurut Alkitab,,,,,,,,,id,,,,,,,0,0,,0,,,,,"2007-11-29 15:36:50","2007-11-29 16:26:59",
2554,1,Cerita Alkitab Pengantar Tidur: Domba yang Hilang,,,,,,,,,id,,,,,,,0,0,,0,,,,,"2007-11-29 15:36:50","2007-11-29 16:26:59",
2555,1,Pria Dan Wanita Dalam Perspektif Alkitab,,,,,,,,,id,,,,,,,0,0,,0,,,,,"2007-11-29 15:36:50","2007-11-29 16:26:59",
2556,1,"5 Bahasa Apresiasi dalam Dunia Kerja",,,,,,,,,id,,,,,,,0,0,,0,,,,,"2007-11-29 15:36:50","2007-11-29 16:26:59",
2557,1,EKSPOSISI KITAB PENGKHOTBAH 9 & 10 (2 CD) JOSHUA LIE,,,,,,,,,id,,,,,,,0,0,,0,,,,,"2007-11-29 15:36:50","2007-11-29 16:26:59",
2558,1,Apakah Allah benar-benar memegang kendali?,,,,,,,,,id,,,,,,,0,0,,0,,,,,"2007-11-29 15:36:50","2007-11-29 16:26:59",
2559,1,h,,,,,,,,,id,,,,,,,0,0,,0,,,,,"2007-11-29 15:36:50","2007-11-29 16:26:59",
2560,1,Tafsiran Surat Filipi,,,,,,,,,id,,,,,,,0,0,,0,,,,,"2007-11-29 15:36:50","2007-11-29 16:26:59",
2561,1,Ini tidak adil!,,,,,,,,,id,,,,,,,0,0,,0,,,,,"2007-11-29 15:36:50","2007-11-29 16:26:59",
2562,1,Calvin's Commentaries Volume,,,,,,,,,id,,,,,,,0,0,,0,,,,,"2007-11-29 15:36:50","2007-11-29 16:26:59",
2563,1,Yesus Menolong Seorang Buta,,,,,,,,,id,,,,,,,0,0,,0,,,,,"2007-11-29 15:36:50","2007-11-29 16:26:59",
2564,1,Doraemon 15,,,,,,,,,id,,,,,,,0,0,,0,,,,,"2007-11-29 15:36:50","2007-11-29 16:26:59",
2565,1,Doraemon 21,,,,,,,,,id,,,,,,,0,0,,0,,,,,"2007-11-29 15:36:50","2007-11-29 16:26:59",
2566,1,Doraemon 38,,,,,,,,,id,,,,,,,0,0,,0,,,,,"2007-11-29 15:36:50","2007-11-29 16:26:59",
2567,1,Doraemon 1,,,,,,,,,id,,,,,,,0,0,,0,,,,,"2007-11-29 15:36:50","2007-11-29 16:26:59",
2568,1,Doraemon Petualangan 21,,,,,,,,,id,,,,,,,0,0,,0,,,,,"2007-11-29 15:36:50","2007-11-29 16:26:59",
2569,1,Doraemon 40,,,,,,,,,id,,,,,,,0,0,,0,,,,,"2007-11-29 15:36:50","2007-11-29 16:26:59",
2570,1,Doraemon 37,,,,,,,,,id,,,,,,,0,0,,0,,,,,"2007-11-29 15:36:50","2007-11-29 16:26:59",
2571,1,Doraemon 42,,,,,,,,,id,,,,,,,0,0,,0,,,,,"2007-11-29 15:36:50","2007-11-29 16:26:59",
2572,1,Doraemon Petualangan 2,,,,,,,,,id,,,,,,,0,0,,0,,,,,"2007-11-29 15:36:50","2007-11-29 16:26:59",
2573,1,Doraemon Petualangan 10,,,,,,,,,id,,,,,,,0,0,,0,,,,,"2007-11-29 15:36:50","2007-11-29 16:26:59",
2574,1,Doraemon Petualangan 11,,,,,,,,,id,,,,,,,0,0,,0,,,,,"2007-11-29 15:36:50","2007-11-29 16:26:59",
2575,1,Seri Pahlawan Iman: Petrus kenapa ragu?,,,,,,,,,id,,,,,,,0,0,,0,,,,,"2007-11-29 15:36:50","2007-11-29 16:26:59",
2576,1,All About Talent,,,,,,,,,id,,,,,,,0,0,,0,,,,,"2007-11-29 15:36:50","2007-11-29 16:26:59",
2577,1,A Gift of Love,,,,,,,,,id,,,,,,,0,0,,0,,,,,"2007-11-29 15:36:50","2007-11-29 16:26:59",
2578,1,Kebaikan Tuhan yang Sesungguhnya Tak Layak Bagi Kita,,,,,,,,,id,,,,,,,0,0,,0,,,,,"2007-11-29 15:36:50","2007-11-29 16:26:59",
2579,1,Eksposisi Surat Efesus,,,,,,,,,id,,,,,,,0,0,,0,,,,,"2007-11-29 15:36:50","2007-11-29 16:26:59",
2580,1,Seri Pahlawan Iman: Kisah Paulus,,,,,,,,,id,,,,,,,0,0,,0,,,,,"2007-11-29 15:36:50","2007-11-29 16:26:59",
2581,1,EKSPOSISI KITAB PENGKHOTBAH 11 & 12 (2 CD) JOSHUA LIE,,,,,,,,,id,,,,,,,0,0,,0,,,,,"2007-11-29 15:36:50","2007-11-29 16:26:59",
2582,1,Teologi Kucing & Anjing,,,,,,,,,id,,,,,,,0,0,,0,,,,,"2007-11-29 15:36:50","2007-11-29 16:26:59",
2583,1,The Challe,,,,,,,,,id,,,,,,,0,0,,0,,,,,"2007-11-29 15:36:50","2007-11-29 16:26:59",
2584,1,Who you are when No one's Looking,,,,,,,,,id,,,,,,,0,0,,0,,,,,"2007-11-29 15:36:50","2007-11-29 16:26:59",
2585,1,Tidak ada Ghetto,,,,,,,,,id,,,,,,,0,0,,0,,,,,"2007-11-29 15:36:50","2007-11-29 16:26:59",
2586,1,Tidak ada penumpang gelap,,,,,,,,,id,,,,,,,0,0,,0,,,,,"2007-11-29 15:36:50","2007-11-29 16:26:59",
2587,1,Etos kerja dalam bisnis,,,,,,,,,id,,,,,,,0,0,,0,,,,,"2007-11-29 15:36:50","2007-11-29 16:26:59",
2588,1,kamu juga bisa KENAL!,,,,,,,,,id,,,,,,,0,0,,0,,,,,"2007-11-29 15:36:50","2007-11-29 16:26:59",
2589,1,Surat-surat Screwtape,,,,,,,,,id,,,,,,,0,0,,0,,,,,"2007-11-29 15:36:50","2007-11-29 16:26:59",
2590,1,Awesome Animals in the Bible,,,,,,,,,id,,,,,,,0,0,,0,,,,,"2007-11-29 15:36:50","2007-11-29 16:26:59",
2591,1,Lepaskanlah Kami daripada yang Jahat,,,,,,,,,id,,,,,,,0,0,,0,,,,,"2007-11-29 15:36:50","2007-11-29 16:26:59",
2592,1,THE CASE FOR ANGELS 1 (2 CD) JOSHUA LIE,,,,,,,,,id,,,,,,,0,0,,0,,,,,"2007-11-29 15:36:50","2007-11-29 16:26:59",
2593,1,THE CASE FOR ANGELS 2 (2 CD) JOSHUA LIE,,,,,,,,,id,,,,,,,0,0,,0,,,,,"2007-11-29 15:36:50","2007-11-29 16:26:59",
2594,1,Simon & Mukjizat Paskah,,,,,,,,,id,,,,,,,0,0,,0,,,,,"2007-11-29 15:36:50","2007-11-29 16:26:59",
2595,1,THE CASE FOR ANGELS 3 (2 CD) JOSHUA LIE,,,,,,,,,id,,,,,,,0,0,,0,,,,,"2007-11-29 15:36:50","2007-11-29 16:26:59",
2596,1,Saat Teduh Anak - Level 3 Usia 9 - 10 tahun,,,,,,,,,id,,,,,,,0,0,,0,,,,,"2007-11-29 15:36:50","2007-11-29 16:26:59",
2597,1,Hidup melampaui batas-batas,,,,,,,,,id,,,,,,,0,0,,0,,,,,"2007-11-29 15:36:50","2007-11-29 16:26:59",
2598,1,Awesome Stories of Faith,,,,,,,,,id,,,,,,,0,0,,0,,,,,"2007-11-29 15:36:50","2007-11-29 16:26:59",
2599,1,LOVE & DIVINE 2 CD JOSHUA LIE,,,,,,,,,id,,,,,,,0,0,,0,,,,,"2007-11-29 15:36:50","2007-11-29 16:26:59",
2600,1,Tuhan Masih Menulis Cerita Cinta,,,,,,,,,id,,,,,,,0,0,,0,,,,,"2007-11-29 15:36:50","2007-11-29 16:26:59",
2601,1,Engaging The World,,,,,,,,,id,,,,,,,0,0,,0,,,,,"2007-11-29 15:36:50","2007-11-29 16:26:59",
2602,1,FAITH AND UNFAITH 2 CD JOSHUA LIE,,,,,,,,,id,,,,,,,0,0,,0,,,,,"2007-11-29 15:36:50","2007-11-29 16:26:59",
2603,1,Awesome Mysteries of the Bible,,,,,,,,,id,,,,,,,0,0,,0,,,,,"2007-11-29 15:36:50","2007-11-29 16:26:59",
2604,1,Mencari Tuhan yang tidak terlihat,,,,,,,,,id,,,,,,,0,0,,0,,,,,"2007-11-29 15:36:50","2007-11-29 16:26:59",
2605,1,Perampok-perampok Waktu,,,,,,,,,id,,,,,,,0,0,,0,,,,,"2007-11-29 15:36:50","2007-11-29 16:26:59",
2606,1,FAITH AND TRIUNE GOD 2 CD JOSHUA LIE,,,,,,,,,id,,,,,,,0,0,,0,,,,,"2007-11-29 15:36:50","2007-11-29 16:26:59",
2607,1,FAITH AND REASONS 2 CD JOSHUA LIE,,,,,,,,,id,,,,,,,0,0,,0,,,,,"2007-11-29 15:36:50","2007-11-29 16:26:59",
2608,1,FAITH AND SENSES 2 CD JOSHUA LIE,,,,,,,,,id,,,,,,,0,0,,0,,,,,"2007-11-29 15:36:50","2007-11-29 16:26:59",
2609,1,Awesome Heroes in the Bible,,,,,,,,,id,,,,,,,0,0,,0,,,,,"2007-11-29 15:36:50","2007-11-29 16:26:59",
2610,1,Apakah yang Diharapkan Allah dari seorang Wanita?,,,,,,,,,id,,,,,,,0,0,,0,,,,,"2007-11-29 15:36:50","2007-11-29 16:26:59",
2611,1,LOST IN TRANSLATION ALKITAB & WAWASA KRISTEN 2 CD JOSHUA LIE,,,,,,,,,id,,,,,,,0,0,,0,,,,,"2007-11-29 15:36:50","2007-11-29 16:26:59",
2612,1,Lima tanda keluarga yang mantap,,,,,,,,,id,,,,,,,0,0,,0,,,,,"2007-11-29 15:36:50","2007-11-29 16:26:59",
2613,1,Awesome Kids in the Bible,,,,,,,,,id,,,,,,,0,0,,0,,,,,"2007-11-29 15:36:50","2007-11-29 16:26:59",
2614,1,Hari-Hari Khusus Kristen,,,,,,,,,id,,,,,,,0,0,,0,,,,,"2007-11-29 15:36:50","2007-11-29 16:26:59",
2615,1,SCHOLA SCRIPTURA HOLINESS 2 CD JOSHUA LIE,,,,,,,,,id,,,,,,,0,0,,0,,,,,"2007-11-29 15:36:50","2007-11-29 16:26:59",
2616,1,Mempesona,,,,,,,,,id,,,,,,,0,0,,0,,,,,"2007-11-29 15:36:50","2007-11-29 16:26:59",
2617,1,Terlalu kecil untuk diabaikan,,,,,,,,,id,,,,,,,0,0,,0,,,,,"2007-11-29 15:36:50","2007-11-29 16:26:59",
2618,1,JESUS VICTIM OR SACRIFICE RESSURECTION & LIFE REASONING 2 CD JOSHUA LIE,,,,,,,,,id,,,,,,,0,0,,0,,,,,"2007-11-29 15:36:50","2007-11-29 16:26:59",
2619,1,Ibadah & Perayaan ULTAH ke-25 GKY Jemaat Palembang,,,,,,,,,id,,,,,,,0,0,,0,,,,,"2007-11-29 15:36:50","2007-11-29 16:26:59",
2620,1,"7 Rahasia pernikahan yang bahagia",,,,,,,,,id,,,,,,,0,0,,0,,,,,"2007-11-29 15:36:50","2007-11-29 16:26:59",
2621,1,Designed for Dignity,,,,,,,,,id,,,,,,,0,0,,0,,,,,"2007-11-29 15:36:50","2007-11-29 16:26:59",
2622,1,PENGINTERPRETASIAN KITAB PARA NABI,,,,,,,,,id,,,,,,,0,0,,0,,,,,"2007-11-29 15:36:50","2007-11-29 16:26:59",
2623,1,SAVED LO PIANO OFFERING  8,,,,,,,,,id,,,,,,,0,0,,0,,,,,"2007-11-29 15:36:50","2007-11-29 16:26:59",
2624,1,"8 Peraturan sederhana untuk mengencani putriku yang masih remaja",,,,,,,,,id,,,,,,,0,0,,0,,,,,"2007-11-29 15:36:50","2007-11-29 16:26:59",
2625,1,Saved Lo Heavenly Piano 104,,,,,,,,,id,,,,,,,0,0,,0,,,,,"2007-11-29 15:36:50","2007-11-29 16:26:59",
2626,1,SAVED LO PIANO OFFERING  9,,,,,,,,,id,,,,,,,0,0,,0,,,,,"2007-11-29 15:36:50","2007-11-29 16:26:59",
2627,1,SINGING HIGH PITCTH WITH EASY FOR FEMALE DISC 1,,,,,,,,,id,,,,,,,0,0,,0,,,,,"2007-11-29 15:36:50","2007-11-29 16:26:59",
2628,1,SINGING HIGH PITCTH WITH EASY FOR FEMALE DISC 2,,,,,,,,,id,,,,,,,0,0,,0,,,,,"2007-11-29 15:36:50","2007-11-29 16:26:59",
2629,1,SINGING IN TUNE DISC 2,,,,,,,,,id,,,,,,,0,0,,0,,,,,"2007-11-29 15:36:50","2007-11-29 16:26:59",
2630,1,SAVED LO HEAVENLY PIANO  9,,,,,,,,,id,,,,,,,0,0,,0,,,,,"2007-11-29 15:36:50","2007-11-29 16:26:59",
2631,1,MASTER CLASS SINGING SESSION 3 DISC 1,,,,,,,,,id,,,,,,,0,0,,0,,,,,"2007-11-29 15:36:50","2007-11-29 16:26:59",
2632,1,MASTER CLASS SINGING SESSION 3 DISC 2,,,,,,,,,id,,,,,,,0,0,,0,,,,,"2007-11-29 15:36:50","2007-11-29 16:26:59",
2633,1,SAVED LO PIANO OFFERING 10,,,,,,,,,id,,,,,,,0,0,,0,,,,,"2007-11-29 15:36:50","2007-11-29 16:26:59",
2634,1,SAVED LO HEAVENLY PIANO 10,,,,,,,,,id,,,,,,,0,0,,0,,,,,"2007-11-29 15:36:50","2007-11-29 16:26:59",
2635,1,Saved Lo Heavenly Piano,,,,,,,,,id,,,,,,,0,0,,0,,,,,"2007-11-29 15:36:50","2007-11-29 16:26:59",
2636,1,EVENING CONCERT AT KATHEDRAL DISC 1,,,,,,,,,id,,,,,,,0,0,,0,,,,,"2007-11-29 15:36:50","2007-11-29 16:26:59",
2637,1,Melejit di usia muda,,,,,,,,,id,,,,,,,0,0,,0,,,,,"2007-11-29 15:36:50","2007-11-29 16:26:59",
2638,1,SAVED LO HEAVENLY PIANO 11,,,,,,,,,id,,,,,,,0,0,,0,,,,,"2007-11-29 15:36:50","2007-11-29 16:26:59",
2639,1,EVENING CONCERT AT KATHEDRAL DISC 2,,,,,,,,,id,,,,,,,0,0,,0,,,,,"2007-11-29 15:36:50","2007-11-29 16:26:59",
2640,1,Saved Lo Heavenly Piano 109,,,,,,,,,id,,,,,,,0,0,,0,,,,,"2007-11-29 15:36:50","2007-11-29 16:26:59",
2641,1,AKU MENDIRIKAN JEMAATKU 11,,,,,,,,,id,,,,,,,0,0,,0,,,,,"2007-11-29 15:36:50","2007-11-29 16:26:59",
2642,1,Bahasa Cinta,,,,,,,,,id,,,,,,,0,0,,0,,,,,"2007-11-29 15:36:50","2007-11-29 16:26:59",
2643,1,TEACHING CHILDREAN TO SING 1 DISC 2,,,,,,,,,id,,,,,,,0,0,,0,,,,,"2007-11-29 15:36:50","2007-11-29 16:26:59",
2644,1,SAVED LO PIANO OFFERING 12,,,,,,,,,id,,,,,,,0,0,,0,,,,,"2007-11-29 15:36:50","2007-11-29 16:26:59",
2645,1,PREPARING YOUR REHERSAL DISC 1,,,,,,,,,id,,,,,,,0,0,,0,,,,,"2007-11-29 15:36:50","2007-11-29 16:26:59",
2646,1,PREPARING YOUR REHERSAL DISC 2,,,,,,,,,id,,,,,,,0,0,,0,,,,,"2007-11-29 15:36:50","2007-11-29 16:26:59",
2647,1,BUILDING EXPRESSIVE CONDUCTING DISC 1,,,,,,,,,id,,,,,,,0,0,,0,,,,,"2007-11-29 15:36:50","2007-11-29 16:26:59",
2648,1,Bersamamu selamanya,,,,,,,,,id,,,,,,,0,0,,0,,,,,"2007-11-29 15:36:50","2007-11-29 16:26:59",
2649,1,BUILDING EXPRESSIVE CONDUCTING DISC 2,,,,,,,,,id,,,,,,,0,0,,0,,,,,"2007-11-29 15:36:50","2007-11-29 16:26:59",
2650,1,SAVED LO PIANO OFFERING 13,,,,,,,,,id,,,,,,,0,0,,0,,,,,"2007-11-29 15:36:50","2007-11-29 16:26:59",
2651,1,AFTERNOON CONCERT KATEDRAL CD 1,,,,,,,,,id,,,,,,,0,0,,0,,,,,"2007-11-29 15:36:50","2007-11-29 16:26:59",
2652,1,SAVED LO PIANO OFFERING 14,,,,,,,,,id,,,,,,,0,0,,0,,,,,"2007-11-29 15:36:50","2007-11-29 16:26:59",
2653,1,SAAT KITA DITANTANG UNTUK BERTAHAN ATAU BERHENTI,,,,,,,,,id,,,,,,,0,0,,0,,,,,"2007-11-29 15:36:50","2007-11-29 16:26:59",
2654,1,"CLOSING CONCERT DETTINGEN TE DEUM, GF HANDEL",,,,,,,,,id,,,,,,,0,0,,0,,,,,"2007-11-29 15:36:50","2007-11-29 16:26:59",
2655,1,PERJALANAN SPIRITUAL SEORANG KRISTEN SEKULER,,,,,,,,,id,,,,,,,0,0,,0,,,,,"2007-11-29 15:36:50","2007-11-29 16:26:59",
2656,1,SAVED LO PIANO OFFERING 15,,,,,,,,,id,,,,,,,0,0,,0,,,,,"2007-11-29 15:36:50","2007-11-29 16:26:59",
2657,1,CLOSING CONCERT MAGNIFICAT A VIVALDI,,,,,,,,,id,,,,,,,0,0,,0,,,,,"2007-11-29 15:36:50","2007-11-29 16:26:59",
2658,1,"Intimacy, sex and God",,,,,,,,,id,,,,,,,0,0,,0,,,,,"2007-11-29 15:36:50","2007-11-29 16:26:59",
2659,1,Saved Lo Heavenly Piano 111,,,,,,,,,id,,,,,,,0,0,,0,,,,,"2007-11-29 15:36:50","2007-11-29 16:26:59",
2660,1,Anakku sayang,,,,,,,,,id,,,,,,,0,0,,0,,,,,"2007-11-29 15:36:50","2007-11-29 16:26:59",
2661,1,Saved Lo Heavenly Piano,,,,,,,,,id,,,,,,,0,0,,0,,,,,"2007-11-29 15:36:50","2007-11-29 16:26:59",
2662,1,Maksimal! Bukan dominan,,,,,,,,,id,,,,,,,0,0,,0,,,,,"2007-11-29 15:36:50","2007-11-29 16:26:59",
2663,1,Saved Lo Heavenly Piano 114,,,,,,,,,id,,,,,,,0,0,,0,,,,,"2007-11-29 15:36:50","2007-11-29 16:26:59",
2664,1,Teaching Your Children Healthy Sexualtiy,,,,,,,,,id,,,,,,,0,0,,0,,,,,"2007-11-29 15:36:50","2007-11-29 16:26:59",
2665,1,FORUM BIBLIKA NO. 23-2008 ALKITAB & KEKERASAN,,,,,,,,,id,,,,,,,0,0,,0,,,,,"2007-11-29 15:36:50","2007-11-29 16:26:59",
2666,1,FORUM BIBLIKA NO. 22-2007 ARTIKEL,,,,,,,,,id,,,,,,,0,0,,0,,,,,"2007-11-29 15:36:50","2007-11-29 16:26:59",
2667,1,Saved Lo Heavenly Piano 115,,,,,,,,,id,,,,,,,0,0,,0,,,,,"2007-11-29 15:36:50","2007-11-29 16:26:59",
2668,1,"NAMAKU STILTON, GERONIMO STILTON",,,,,,,,,id,,,,,,,0,0,,0,,,,,"2007-11-29 15:36:50","2007-11-29 16:26:59",
2669,1,KASUS ANEH DI OLIMPIADE,,,,,,,,,id,,,,,,,0,0,,0,,,,,"2007-11-29 15:36:50","2007-11-29 16:26:59",
2670,1,Memahami dan Melakukan Kehendak Allah,,,,,,,,,id,,,,,,,0,0,,0,,,,,"2007-11-29 15:36:50","2007-11-29 16:26:59",
2671,1,ALKITAB KECIL CERITA TENTANG YESUS,,,,,,,,,id,,,,,,,0,0,,0,,,,,"2007-11-29 15:36:50","2007-11-29 16:26:59",
2672,1,ALKITAB KECIL CERITA TENTANG BINATANG,,,,,,,,,id,,,,,,,0,0,,0,,,,,"2007-11-29 15:36:50","2007-11-29 16:26:59",
2673,1,Hari-Hari Terakhir Yesus,,,,,,,,,id,,,,,,,0,0,,0,,,,,"2007-11-29 15:36:50","2007-11-29 16:26:59",
2674,1,EMPAT CERITA ALKITAB,,,,,,,,,id,,,,,,,0,0,,0,,,,,"2007-11-29 15:36:50","2007-11-29 16:26:59",
2675,1,Buku Saku untuk Orang Tua,,,,,,,,,id,,,,,,,0,0,,0,,,,,"2007-11-29 15:36:50","2007-11-29 16:26:59",
2676,1,ALKITAB KECIL CERITA ALKITAB BERGAMBAR 1,,,,,,,,,id,,,,,,,0,0,,0,,,,,"2007-11-29 15:36:50","2007-11-29 16:26:59",
2677,1,Terpanggil Untuk Mengakui Iman,,,,,,,,,id,,,,,,,0,0,,0,,,,,"2007-11-29 15:36:50","2007-11-29 16:26:59",
2678,1,SAVED LO PIANO OFFERING 38,,,,,,,,,id,,,,,,,0,0,,0,,,,,"2007-11-29 15:36:50","2007-11-29 16:26:59",
2679,1,Faith Like Potatoes,,,,,,,,,id,,,,,,,0,0,,0,,,,,"2007-11-29 15:36:50","2007-11-29 16:26:59",
2680,1,The Power of Praying for Your Adult Childen,,,,,,,,,id,,,,,,,0,0,,0,,,,,"2007-11-29 15:36:50","2007-11-29 16:26:59",
2681,1,SAVED LO PIANO OFFERING 41,,,,,,,,,id,,,,,,,0,0,,0,,,,,"2007-11-29 15:36:50","2007-11-29 16:26:59",
2682,1,Misteri Dinosaurus,,,,,,,,,id,,,,,,,0,0,,0,,,,,"2007-11-29 15:36:50","2007-11-29 16:26:59",
2683,1,SAVED LO PIANO OFFERING 42,,,,,,,,,id,,,,,,,0,0,,0,,,,,"2007-11-29 15:36:50","2007-11-29 16:26:59",
2684,1,SAVED LO PIANO OFFERING 43,,,,,,,,,id,,,,,,,0,0,,0,,,,,"2007-11-29 15:36:50","2007-11-29 16:26:59",
2685,1,SAVED LO PIANO OFFERING 44,,,,,,,,,id,,,,,,,0,0,,0,,,,,"2007-11-29 15:36:50","2007-11-29 16:26:59",
2686,1,SAVED LO PIANO OFFERING 45,,,,,,,,,id,,,,,,,0,0,,0,,,,,"2007-11-29 15:36:50","2007-11-29 16:26:59",
2687,1,SAVED LO PIANO OFFERING 46,,,,,,,,,id,,,,,,,0,0,,0,,,,,"2007-11-29 15:36:50","2007-11-29 16:26:59",
2688,1,SAVED LO PIANO OFFERING 47,,,,,,,,,id,,,,,,,0,0,,0,,,,,"2007-11-29 15:36:50","2007-11-29 16:26:59",
2689,1,I love You But Why Are We So Different?,,,,,,,,,id,,,,,,,0,0,,0,,,,,"2007-11-29 15:36:50","2007-11-29 16:26:59",
2690,1,Passion & Purity,,,,,,,,,id,,,,,,,0,0,,0,,,,,"2007-11-29 15:36:50","2007-11-29 16:26:59",
2691,1,SAVED LO PIANO OFFERING 48,,,,,,,,,id,,,,,,,0,0,,0,,,,,"2007-11-29 15:36:50","2007-11-29 16:26:59",
2692,1,EDUCATING FOR LIFE / MENDIDIK UNTUK KEHIDUPAN,,,,,,,,,id,,,,,,,0,0,,0,,,,,"2007-11-29 15:36:50","2007-11-29 16:26:59",
2693,1,SAVED LO PIANO OFFERING 49,,,,,,,,,id,,,,,,,0,0,,0,,,,,"2007-11-29 15:36:50","2007-11-29 16:26:59",
2694,1,SAVED LO PIANO OFFERING 53,,,,,,,,,id,,,,,,,0,0,,0,,,,,"2007-11-29 15:36:50","2007-11-29 16:26:59",
2695,1,Kafe Etos Vol 1,,,,,,,,,id,,,,,,,0,0,,0,,,,,"2007-11-29 15:36:50","2007-11-29 16:26:59",
2696,1,SAVED LO PIANO OFFERING 55,,,,,,,,,id,,,,,,,0,0,,0,,,,,"2007-11-29 15:36:50","2007-11-29 16:26:59",
2697,1,Tafsiran Kitab Wahyu,,,,,,,,,id,,,,,,,0,0,,0,,,,,"2007-11-29 15:36:50","2007-11-29 16:26:59",
2698,1,SAVED LO PIANO OFFERING 57,,,,,,,,,id,,,,,,,0,0,,0,,,,,"2007-11-29 15:36:50","2007-11-29 16:26:59",
2699,1,SAVED LO PIANO OFFERING 60,,,,,,,,,id,,,,,,,0,0,,0,,,,,"2007-11-29 15:36:50","2007-11-29 16:26:59",
2700,1,"9 Kisah keberanian dalam alkitab",,,,,,,,,id,,,,,,,0,0,,0,,,,,"2007-11-29 15:36:50","2007-11-29 16:26:59",
2701,1,SAVED LO PIANO OFFERING 62,,,,,,,,,id,,,,,,,0,0,,0,,,,,"2007-11-29 15:36:50","2007-11-29 16:26:59",
2702,1,SAVED LO PIANO OFFERING 63,,,,,,,,,id,,,,,,,0,0,,0,,,,,"2007-11-29 15:36:50","2007-11-29 16:26:59",
2703,1,SAVED LO PIANO OFFERING 64,,,,,,,,,id,,,,,,,0,0,,0,,,,,"2007-11-29 15:36:50","2007-11-29 16:26:59",
2704,1,SAVED LO PIANO OFFERING 65,,,,,,,,,id,,,,,,,0,0,,0,,,,,"2007-11-29 15:36:50","2007-11-29 16:26:59",
2705,1,SAVED LO PIANO OFFERING 66,,,,,,,,,id,,,,,,,0,0,,0,,,,,"2007-11-29 15:36:50","2007-11-29 16:26:59",
2706,1,SAVED LO PIANO OFFERING 68,,,,,,,,,id,,,,,,,0,0,,0,,,,,"2007-11-29 15:36:50","2007-11-29 16:26:59",
2707,1,Wise Parenting,,,,,,,,,id,,,,,,,0,0,,0,,,,,"2007-11-29 15:36:50","2007-11-29 16:26:59",
2708,1,There's a Green Plastic Monkey in My Purse,,,,,,,,,id,,,,,,,0,0,,0,,,,,"2007-11-29 15:36:50","2007-11-29 16:26:59",
2709,1,SAVED LO PIANO OFFERING 78,,,,,,,,,id,,,,,,,0,0,,0,,,,,"2007-11-29 15:36:50","2007-11-29 16:26:59",
2710,1,SAVED LO PIANO OFFERING 79,,,,,,,,,id,,,,,,,0,0,,0,,,,,"2007-11-29 15:36:50","2007-11-29 16:26:59",
2711,1,SAVED LO PIANO OFFERING 80,,,,,,,,,id,,,,,,,0,0,,0,,,,,"2007-11-29 15:36:50","2007-11-29 16:26:59",
2712,1,SAVED LO PIANO OFFERING 81,,,,,,,,,id,,,,,,,0,0,,0,,,,,"2007-11-29 15:36:50","2007-11-29 16:26:59",
2713,1,SAVED LO PIANO OFFERING 82,,,,,,,,,id,,,,,,,0,0,,0,,,,,"2007-11-29 15:36:50","2007-11-29 16:26:59",
2714,1,SAVED LO PIANO OFFERING 83,,,,,,,,,id,,,,,,,0,0,,0,,,,,"2007-11-29 15:36:50","2007-11-29 16:26:59",
2715,1,"DESIRING A NOBLE TASK ""SPIRITUAL FORMATION FOR PASTORS/MINISTERS"" REV GIDEON ANG",,,,,,,,,id,,,,,,,0,0,,0,,,,,"2007-11-29 15:36:50","2007-11-29 16:26:59",
2716,1,"DESIRING A NOBLE TASK ""INTERRELATIONSHIP AMONG PASTORS/MINISTERS"" REV. MESAKH KRISETYA",,,,,,,,,id,,,,,,,0,0,,0,,,,,"2007-11-29 15:36:50","2007-11-29 16:26:59",
2717,1,"DESIRING A NOBLE TASK ""VISION, COURAGE & EDURANCE"" REV. CALEB SOO + DAVID CHIU",,,,,,,,,id,,,,,,,0,0,,0,,,,,"2007-11-29 15:36:50","2007-11-29 16:26:59",
2718,1,"DESIRING A NOBLE TASK ""PASTOR : SHEPHERD OR CEO"" REV. CALEB SOO + DAVID CHIU",,,,,,,,,id,,,,,,,0,0,,0,,,,,"2007-11-29 15:36:50","2007-11-29 16:26:59",
2719,1,"DESIRING A NOBLE TASK ""PASTOR'S PRAYER LIFE & THE CHURCH'S PRAYER LIFE"" REV. GIDEON ANG",,,,,,,,,id,,,,,,,0,0,,0,,,,,"2007-11-29 15:36:50","2007-11-29 16:26:59",
2720,1,Rumah Kecil di Lereng Bukit,,,,,,,,,id,,,,,,,0,0,,0,,,,,"2007-11-29 15:36:50","2007-11-29 16:26:59",
2721,1,"DESIRING A NOBLE TASK ""PASTORAL CARE: CLOSING THE BACK DOOR"" REV. MESAKH KRISETYA",,,,,,,,,id,,,,,,,0,0,,0,,,,,"2007-11-29 15:36:50","2007-11-29 16:26:59",
2722,1,Di Puncak Bukit Concord,,,,,,,,,id,,,,,,,0,0,,0,,,,,"2007-11-29 15:36:50","2007-11-29 16:26:59",
2723,1,"DESIRING A NOBLE TASK ""THE DEVELOPMENT OF PASTORS' HOLISTIC LIFE"" REV. CALEB SOO + DAVID CHIU",,,,,,,,,id,,,,,,,0,0,,0,,,,,"2007-11-29 15:36:50","2007-11-29 16:26:59",
2724,1,Rumah Kecil di Hutan,,,,,,,,,id,,,,,,,0,0,,0,,,,,"2007-11-29 15:36:50","2007-11-29 16:26:59",
2725,1,Kota Kecil di Persimpangan,,,,,,,,,id,,,,,,,0,0,,0,,,,,"2007-11-29 15:36:50","2007-11-29 16:26:59",
2726,1,Rumah Kecil di Brookfield,,,,,,,,,id,,,,,,,0,0,,0,,,,,"2007-11-29 15:36:50","2007-11-29 16:26:59",
2727,1,God Created All the Animals,,,,,,,,,id,,,,,,,0,0,,0,,,,,"2007-11-29 15:36:50","2007-11-29 16:26:59",
2728,1,Jauh di Seberang Danau,,,,,,,,,id,,,,,,,0,0,,0,,,,,"2007-11-29 15:36:50","2007-11-29 16:26:59",
2729,1,Rumah Kecil di Dataran Tinggi,,,,,,,,,id,,,,,,,0,0,,0,,,,,"2007-11-29 15:36:50","2007-11-29 16:26:59",
2730,1,Di Daerah Tide Mill Lane,,,,,,,,,id,,,,,,,0,0,,0,,,,,"2007-11-29 15:36:50","2007-11-29 16:26:59",
2731,1,Fajar Baru di Lereng Bukit,,,,,,,,,id,,,,,,,0,0,,0,,,,,"2007-11-29 15:36:50","2007-11-29 16:26:59",
2732,1,Menjelajah ke Seberang Bukit,,,,,,,,,id,,,,,,,0,0,,0,,,,,"2007-11-29 15:36:50","2007-11-29 16:26:59",
2733,1,Di manakah Yesus? (Kisah Paskah),,,,,,,,,id,,,,,,,0,0,,0,,,,,"2007-11-29 15:36:50","2007-11-29 16:26:59",
2734,1,Tik… tik… tik… (Bahtera Nuh),,,,,,,,,id,,,,,,,0,0,,0,,,,,"2007-11-29 15:36:50","2007-11-29 16:26:59",
2735,1,Berikanlah Seorang Bayi (Kelahiran Yohanes Pembaptis),,,,,,,,,id,,,,,,,0,0,,0,,,,,"2007-11-29 15:36:50","2007-11-29 16:26:59",
2736,1,Yusuf,,,,,,,,,id,,,,,,,0,0,,0,,,,,"2007-11-29 15:36:50","2007-11-29 16:26:59",
2737,1,"Terlalu Tinggi, Terlalu Pendek",,,,,,,,,id,,,,,,,0,0,,0,,,,,"2007-11-29 15:36:50","2007-11-29 16:26:59",
2738,1,Rut,,,,,,,,,id,,,,,,,0,0,,0,,,,,"2007-11-29 15:36:50","2007-11-29 16:26:59",
2739,1,Zakheus,,,,,,,,,id,,,,,,,0,0,,0,,,,,"2007-11-29 15:36:50","2007-11-29 16:26:59",
2740,1,Aku Mendirikan JemaatKu 10,,,,,,,,,id,,,,,,,0,0,,0,,,,,"2007-11-29 15:36:50","2007-11-29 16:26:59",
2741,1,What Is Faith?,,,,,,,,,id,,,,,,,0,0,,0,,,,,"2007-11-29 15:36:50","2007-11-29 16:26:59",
2742,1,Ups!  Yunus dan Seekor Ikan,,,,,,,,,id,,,,,,,0,0,,0,,,,,"2007-11-29 15:36:50","2007-11-29 16:26:59",
2743,1,"Don't Do That, Dexter!",,,,,,,,,id,,,,,,,0,0,,0,,,,,"2007-11-29 15:36:50","2007-11-29 16:26:59",
2744,1,Ikuti Bintang Itu,,,,,,,,,id,,,,,,,0,0,,0,,,,,"2007-11-29 15:36:50","2007-11-29 16:26:59",
2745,1,The All-Loving God,,,,,,,,,id,,,,,,,0,0,,0,,,,,"2007-11-29 15:36:50","2007-11-29 16:26:59",
2746,1,Rahasia Umur Panjanga,,,,,,,,,id,,,,,,,0,0,,0,,,,,"2007-11-29 15:36:50","2007-11-29 16:26:59",
2747,1,Alkitab,,,,,,,,,id,,,,,,,0,0,,0,,,,,"2007-11-29 15:36:50","2007-11-29 16:26:59",
2748,1,The World's Religions,,,,,,,,,id,,,,,,,0,0,,0,,,,,"2007-11-29 15:36:50","2007-11-29 16:26:59",
2749,1,Kematian yang Menghidupkan,,,,,,,,,id,,,,,,,0,0,,0,,,,,"2007-11-29 15:36:50","2007-11-29 16:26:59",
2750,1,Christian Belief,,,,,,,,,id,,,,,,,0,0,,0,,,,,"2007-11-29 15:36:50","2007-11-29 16:26:59",
2751,1,Berpola Pikir Rohani,,,,,,,,,id,,,,,,,0,0,,0,,,,,"2007-11-29 15:36:50","2007-11-29 16:26:59",
2752,1,Lawatan yang Memulihkan,,,,,,,,,id,,,,,,,0,0,,0,,,,,"2007-11-29 15:36:50","2007-11-29 16:26:59",
2753,1,Bagaimana Mengatasi Depresi,,,,,,,,,id,,,,,,,0,0,,0,,,,,"2007-11-29 15:36:50","2007-11-29 16:26:59",
2754,1,Bermimpi Satu Menit Seri 3 - Perubahan,,,,,,,,,id,,,,,,,0,0,,0,,,,,"2007-11-29 15:36:50","2007-11-29 16:26:59",
2755,1,The Children's Bible,,,,,,,,,id,,,,,,,0,0,,0,,,,,"2007-11-29 15:36:50","2007-11-29 16:26:59",
2756,1,Pengantar konseling Alkitabiah,,,,,,,,,id,,,,,,,0,0,,0,,,,,"2007-11-29 15:36:50","2007-11-29 16:26:59",
2757,1,Bermimpi Satu Menit Seri 4 - Mengapa Tidak,,,,,,,,,id,,,,,,,0,0,,0,,,,,"2007-11-29 15:36:50","2007-11-29 16:26:59",
2758,1,Sejarah Filsafat Cina,,,,,,,,,id,,,,,,,0,0,,0,,,,,"2007-11-29 15:36:50","2007-11-29 16:26:59",
2759,1,Sejarah Filsafat Barat,,,,,,,,,id,,,,,,,0,0,,0,,,,,"2007-11-29 15:36:50","2007-11-29 16:26:59",
2760,1,Bermimpi Satu Menit Seri 1 - Bermimpi,,,,,,,,,id,,,,,,,0,0,,0,,,,,"2007-11-29 15:36:50","2007-11-29 16:26:59",
2761,1,Heaven Better By Bar,,,,,,,,,id,,,,,,,0,0,,0,,,,,"2007-11-29 15:36:50","2007-11-29 16:26:59",
2762,1,Santapan Rohani Jurnalita,,,,,,,,,id,,,,,,,0,0,,0,,,,,"2007-11-29 15:36:50","2007-11-29 16:26:59",
2763,1,"Sahabat, harta yang paling berharga",,,,,,,,,id,,,,,,,0,0,,0,,,,,"2007-11-29 15:36:50","2007-11-29 16:26:59",
2764,1,Mengenal dan Bergaul dengan Allah,"","","979-8131-27-4",,"","","","13000226",id,,,NONE,"",,,0,0,,0,"",,,,"2007-11-29 15:36:50","2026-08-09 11:43:26",
2765,1,Yang Lemah di Tanah Moni,,,,,,,,,id,,,,,,,0,0,,0,,,,,"2007-11-29 15:36:50","2007-11-29 16:26:59",
2766,1,Politik Kristen di Indonesia,,,,,,,,,id,,,,,,,0,0,,0,,,,,"2007-11-29 15:36:50","2007-11-29 16:26:59",
2767,1,Agama Kristen dan Demokrasi,,,,,,,,,id,,,,,,,0,0,,0,,,,,"2007-11-29 15:36:50","2007-11-29 16:26:59",
2768,1,Bermimpi Satu Menit Seri 2 - Mengepakkan Sayap,,,,,,,,,id,,,,,,,0,0,,0,,,,,"2007-11-29 15:36:50","2007-11-29 16:26:59",
2769,1,God and Culture,,,,,,,,,id,,,,,,,0,0,,0,,,,,"2007-11-29 15:36:50","2007-11-29 16:26:59",
2770,1,Gerakan Reformed Injili,,,,,,,,,id,,,,,,,0,0,,0,,,,,"2007-11-29 15:36:50","2007-11-29 16:26:59",
2771,1,Pergulatan Kehadiran Kristen di Indonesia,,,,,,,,,id,,,,,,,0,0,,0,,,,,"2007-11-29 15:36:50","2007-11-29 16:26:59",
2772,1,Sinners in Hands of an Angry God,,,,,,,,,id,,,,,,,0,0,,0,,,,,"2007-11-29 15:36:50","2007-11-29 16:26:59",
2773,1,Struggling in Hope,,,,,,,,,id,,,,,,,0,0,,0,,,,,"2007-11-29 15:36:50","2007-11-29 16:26:59",
2774,1,The Soul Search,,,,,,,,,id,,,,,,,0,0,,0,,,,,"2007-11-29 15:36:50","2007-11-29 16:26:59",
2775,1,Tafsiran Alkitab Kitab Keluaran,,,,,,,,,id,,,,,,,0,0,,0,,,,,"2007-11-29 15:36:50","2007-11-29 16:26:59",
2776,1,Tafsiran Alkitab Surat Efesus,,,,,,,,,id,,,,,,,0,0,,0,,,,,"2007-11-29 15:36:50","2007-11-29 16:26:59",
2777,1,Membentengi Pernikahan,,,,,,,,,id,,,,,,,0,0,,0,,,,,"2007-11-29 15:36:50","2007-11-29 16:26:59",
2778,1,Markus: Injil Menurut Petrus,,,,,,,,,id,,,,,,,0,0,,0,,,,,"2007-11-29 15:36:50","2007-11-29 16:26:59",
2779,1,Yesus Tidak bangkit?,,,,,,,,,id,,,,,,,0,0,,0,,,,,"2007-11-29 15:36:50","2007-11-29 16:26:59",
2780,1,Tafsiran Alkitab Surat Paulus Kepada Filemon,,,,,,,,,id,,,,,,,0,0,,0,,,,,"2007-11-29 15:36:50","2007-11-29 16:26:59",
2781,1,Naskah Laut Mati,,,,,,,,,id,,,,,,,0,0,,0,,,,,"2007-11-29 15:36:50","2007-11-29 16:26:59",
2782,1,Tafsiran Alkitab Kitab Filipi,,,,,,,,,id,,,,,,,0,0,,0,,,,,"2007-11-29 15:36:50","2007-11-29 16:26:59",
2783,1,Diakah Pasangan Hidupku ?,,,,,,,,,id,,,,,,,0,0,,0,,,,,"2007-11-29 15:36:50","2007-11-29 16:26:59",
2784,1,Tafsiran Alkitab Kitab Daniel,,,,,,,,,id,,,,,,,0,0,,0,,,,,"2007-11-29 15:36:50","2007-11-29 16:26:59",
2785,1,Foxe's Book of Martyrs,,,,,,,,,id,,,,,,,0,0,,0,,,,,"2007-11-29 15:36:50","2007-11-29 16:26:59",
2786,1,China's Book of Martyrs,,,,,,,,,id,,,,,,,0,0,,0,,,,,"2007-11-29 15:36:50","2007-11-29 16:26:59",
2787,1,Cinta Yang Hilang Setelah Pernikahan,,,,,,,,,id,,,,,,,0,0,,0,,,,,"2007-11-29 15:36:50","2007-11-29 16:26:59",
2788,1,Kisah Menarik Orang-Orang yang Terlupakan,,,,,,,,,id,,,,,,,0,0,,0,,,,,"2007-11-29 15:36:50","2007-11-29 16:26:59",
2789,1,Double Action Double Result,,,,,,,,,id,,,,,,,0,0,,0,,,,,"2007-11-29 15:36:50","2007-11-29 16:26:59",
2790,1,Tafsiran Alkitab Kitab Amos,,,,,,,,,id,,,,,,,0,0,,0,,,,,"2007-11-29 15:36:50","2007-11-29 16:26:59",
2791,1,Ayub,,,,,,,,,id,,,,,,,0,0,,0,,,,,"2007-11-29 15:36:50","2007-11-29 16:26:59",
2792,1,Eksposisi Kitab kejadian,,,,,,,,,id,,,,,,,0,0,,0,,,,,"2007-11-29 15:36:50","2007-11-29 16:26:59",
2793,1,Kash Sejati,,,,,,,,,id,,,,,,,0,0,,0,,,,,"2007-11-29 15:36:50","2007-11-29 16:26:59",
2794,1,Pedoman Penafsiran Alkitab: Kisah Rasul-Rasul,,,,,,,,,id,,,,,,,0,0,,0,,,,,"2007-11-29 15:36:50","2007-11-29 16:26:59",
2795,1,Paulus,,,,,,,,,id,,,,,,,0,0,,0,,,,,"2007-11-29 15:36:50","2007-11-29 16:26:59",
2796,1,Mengambil Keputusan Sesuai Firman Tuhan,,,,,,,,,id,,,,,,,0,0,,0,,,,,"2007-11-29 15:36:50","2007-11-29 16:26:59",
2797,1,Mengapa kita tidak dapat membicarakannya?,,,,,,,,,id,,,,,,,0,0,,0,,,,,"2007-11-29 15:36:50","2007-11-29 16:26:59",
2798,1,Aku Datang Segera Tafsiran Kitab Wahyu,,,,,,,,,id,,,,,,,0,0,,0,,,,,"2007-11-29 15:36:50","2007-11-29 16:26:59",
2799,1,Musa,,,,,,,,,id,,,,,,,0,0,,0,,,,,"2007-11-29 15:36:50","2007-11-29 16:26:59",
2800,1,Yesus,,,,,,,,,id,,,,,,,0,0,,0,,,,,"2007-11-29 15:36:50","2007-11-29 16:26:59",
2801,1,Ester,,,,,,,,,id,,,,,,,0,0,,0,,,,,"2007-11-29 15:36:50","2007-11-29 16:26:59",
2802,1,Mazmur Akrab Dengan Allah,,,,,,,,,id,,,,,,,0,0,,0,,,,,"2007-11-29 15:36:50","2007-11-29 16:26:59",
2803,1,Menyampaikan Firman Allah dengan efektif,,,,,,,,,id,,,,,,,0,0,,0,,,,,"2007-11-29 15:36:50","2007-11-29 16:26:59",
2804,1,Kisah Tiga Martir dari Poso,,,,,,,,,id,,,,,,,0,0,,0,,,,,"2007-11-29 15:36:50","2007-11-29 16:26:59",
2805,1,Hikmat bagi Pria,,,,,,,,,id,,,,,,,0,0,,0,,,,,"2007-11-29 15:36:50","2007-11-29 16:26:59",
2806,1,Gereja Dalam Era PostModeren,,,,,,,,,id,,,,,,,0,0,,0,,,,,"2007-11-29 15:36:50","2007-11-29 16:26:59",
2807,1,Cahaya Cinta Mengungkap Makna Kitab Kidung Agung,,,,,,,,,id,,,,,,,0,0,,0,,,,,"2007-11-29 15:36:50","2007-11-29 16:26:59",
2808,1,Manusia Surgawi,,,,,,,,,id,,,,,,,0,0,,0,,,,,"2007-11-29 15:36:50","2007-11-29 16:26:59",
2809,1,Tafsiran Alkitab Surat Roma,,,,,,,,,id,,,,,,,0,0,,0,,,,,"2007-11-29 15:36:50","2007-11-29 16:26:59",
2810,1,Liku-liku perjalanan hidup,,,,,,,,,id,,,,,,,0,0,,0,,,,,"2007-11-29 15:36:50","2007-11-29 16:26:59",
2811,1,Mutiara Cinta,,,,,,,,,id,,,,,,,0,0,,0,,,,,"2007-11-29 15:36:50","2007-11-29 16:26:59",
2812,1,Calvin - Asal Usul dan Perkembangan Pemikiran Religusnya,,,,,,,,,id,,,,,,,0,0,,0,,,,,"2007-11-29 15:36:50","2007-11-29 16:26:59",
2813,1,Pergumulan Seorang Pelayan,,,,,,,,,id,,,,,,,0,0,,0,,,,,"2007-11-29 15:36:50","2007-11-29 16:26:59",
2814,1,Cara Barnabas,,,,,,,,,id,,,,,,,0,0,,0,,,,,"2007-11-29 15:36:50","2007-11-29 16:26:59",
2815,1,Memiliki iman yang menyentuh surga,,,,,,,,,id,,,,,,,0,0,,0,,,,,"2007-11-29 15:36:50","2007-11-29 16:26:59",
2816,1,Otniel,,,,,,,,,id,,,,,,,0,0,,0,,,,,"2007-11-29 15:36:50","2007-11-29 16:26:59",
2817,1,Pelayan Yang Berdukacita,,,,,,,,,id,,,,,,,0,0,,0,,,,,"2007-11-29 15:36:50","2007-11-29 16:26:59",
2818,1,"1 & 2 Tesalonika : Hidup Di Zaman Akhir",,,,,,,,,id,,,,,,,0,0,,0,,,,,"2007-11-29 15:36:50","2007-11-29 16:26:59",
2819,1,Bagai Terang di Hati,,,,,,,,,id,,,,,,,0,0,,0,,,,,"2007-11-29 15:36:50","2007-11-29 16:26:59",
2820,1,Mengenal Allah secara pribadi,,,,,,,,,id,,,,,,,0,0,,0,,,,,"2007-11-29 15:36:50","2007-11-29 16:26:59",
2821,1,John Calvin,,,,,,,,,id,,,,,,,0,0,,0,,,,,"2007-11-29 15:36:50","2007-11-29 16:26:59",
2822,1,Yunus : Gagalnya Sebuah Keberhasilan,,,,,,,,,id,,,,,,,0,0,,0,,,,,"2007-11-29 15:36:50","2007-11-29 16:26:59",
2823,1,"Ayub, Korban Masyarakatnya",,,,,,,,,id,,,,,,,0,0,,0,,,,,"2007-11-29 15:36:50","2007-11-29 16:26:59",
2824,1,Berani Menggali Lebih Dalam,,,,,,,,,id,,,,,,,0,0,,0,,,,,"2007-11-29 15:36:50","2007-11-29 16:26:59",
2825,1,Pembentukan Seorang Pelayan,,,,,,,,,id,,,,,,,0,0,,0,,,,,"2007-11-29 15:36:50","2007-11-29 16:26:59",
2826,1,understanding Teenage Sexuality,,,,,,,,,id,,,,,,,0,0,,0,,,,,"2007-11-29 15:36:50","2007-11-29 16:26:59",
2827,1,John Bunyan,,,,,,,,,id,,,,,,,0,0,,0,,,,,"2007-11-29 15:36:50","2007-11-29 16:26:59",
2828,1,"25 Pelajaran Tentang Doktrin Kristen",,,,,,,,,id,,,,,,,0,0,,0,,,,,"2007-11-29 15:36:50","2007-11-29 16:26:59",
2829,1,Yesus Dari Nazaret,,,,,,,,,id,,,,,,,0,0,,0,,,,,"2007-11-29 15:36:50","2007-11-29 16:26:59",
2830,1,"Menjadi murid Kristus, seri Pembina",,,,,,,,,id,,,,,,,0,0,,0,,,,,"2007-11-29 15:36:50","2007-11-29 16:26:59",
2831,1,Melihat Kecocokan Waktu Berpacaran,,,,,,,,,id,,,,,,,0,0,,0,,,,,"2007-11-29 15:36:50","2007-11-29 16:26:59",
2832,1,Pembinan Dasar,,,,,,,,,id,,,,,,,0,0,,0,,,,,"2007-11-29 15:36:50","2007-11-29 16:26:59",
2833,1,Dari Aleksander Agung Sampai Barkhoba,,,,,,,,,id,,,,,,,0,0,,0,,,,,"2007-11-29 15:36:50","2007-11-29 16:26:59",
2834,1,"Menjadi murid Kristus, seri peserta",,,,,,,,,id,,,,,,,0,0,,0,,,,,"2007-11-29 15:36:50","2007-11-29 16:26:59",
2835,1,Mukjizat Yesus,,,,,,,,,id,,,,,,,0,0,,0,,,,,"2007-11-29 15:36:50","2007-11-29 16:26:59",
2836,1,Mengasihi Anak denga Kasih Allah,,,,,,,,,id,,,,,,,0,0,,0,,,,,"2007-11-29 15:36:50","2007-11-29 16:26:59",
2837,1,Metode pemahaman Alkitab yang dinamis,,,,,,,,,id,,,,,,,0,0,,0,,,,,"2007-11-29 15:36:50","2007-11-29 16:26:59",
2838,1,Apakah Alkitab Dapat Dipercaya ?,,,,,,,,,id,,,,,,,0,0,,0,,,,,"2007-11-29 15:36:50","2007-11-29 16:26:59",
2839,1,Dasar Dasar Iman Kristen,,,,,,,,,id,,,,,,,0,0,,0,,,,,"2007-11-29 15:36:50","2007-11-29 16:26:59",
2840,1,Meneladani Tokoh-Tokoh Perjanjian Lama,,,,,,,,,id,,,,,,,0,0,,0,,,,,"2007-11-29 15:36:50","2007-11-29 16:26:59",
2841,1,Pedoman lengkap pendalaman Alkitab tentang uang dan harta milik,,,,,,,,,id,,,,,,,0,0,,0,,,,,"2007-11-29 15:36:50","2007-11-29 16:26:59",
2842,1,Tanya Jawab Mengenai Iman Kristen,,,,,,,,,id,,,,,,,0,0,,0,,,,,"2007-11-29 15:36:50","2007-11-29 16:26:59",
2843,1,Yosua - Kuasa Janji Allah,,,,,,,,,id,,,,,,,0,0,,0,,,,,"2007-11-29 15:36:50","2007-11-29 16:26:59",
2844,1,Dapatkah Arkeologi Membuktikan Kebenaran Perjanjian Lama ?,,,,,,,,,id,,,,,,,0,0,,0,,,,,"2007-11-29 15:36:50","2007-11-29 16:26:59",
2845,1,Jadilah yang terbaik,,,,,,,,,id,,,,,,,0,0,,0,,,,,"2007-11-29 15:36:50","2007-11-29 16:26:59",
2846,1,Spirit Warriors (Pejuang-pejuan Roh),,,,,,,,,id,,,,,,,0,0,,0,,,,,"2007-11-29 15:36:50","2007-11-29 16:26:59",
2847,1,Kotbah Kristosentris,,,,,,,,,id,,,,,,,0,0,,0,,,,,"2007-11-29 15:36:50","2007-11-29 16:26:59",
2848,1,Kisah-kisah penggugah hati tentang kasih,,,,,,,,,id,,,,,,,0,0,,0,,,,,"2007-11-29 15:36:50","2007-11-29 16:26:59",
2849,1,Sexy Girls,,,,,,,,,id,,,,,,,0,0,,0,,,,,"2007-11-29 15:36:50","2007-11-29 16:26:59",
2850,1,Studi & Pelayanan,,,,,,,,,id,,,,,,,0,0,,0,,,,,"2007-11-29 15:36:50","2007-11-29 16:26:59",
2851,1,Membatasi Keintiman Selama Berpacaran,,,,,,,,,id,,,,,,,0,0,,0,,,,,"2007-11-29 15:36:50","2007-11-29 16:26:59",
2852,1,"Kudengar SuaraMu, Bapa",,,,,,,,,id,,,,,,,0,0,,0,,,,,"2007-11-29 15:36:50","2007-11-29 16:26:59",
2853,1,Obat surgawi,,,,,,,,,id,,,,,,,0,0,,0,,,,,"2007-11-29 15:36:50","2007-11-29 16:26:59",
2854,1,Allah Hanya Sejauh Doa,,,,,,,,,id,,,,,,,0,0,,0,,,,,"2007-11-29 15:36:50","2007-11-29 16:26:59",
2855,1,Pertengkaran Bumbu atau Racun Dalam Keluarga ?,,,,,,,,,id,,,,,,,0,0,,0,,,,,"2007-11-29 15:36:50","2007-11-29 16:26:59",
2856,1,Love Sex Dating,,,,,,,,,id,,,,,,,0,0,,0,,,,,"2007-11-29 15:36:50","2007-11-29 16:26:59",
2857,1,Nuh Janji Penyelamatan Allah,,,,,,,,,id,,,,,,,0,0,,0,,,,,"2007-11-29 15:36:50","2007-11-29 16:26:59",
2858,1,Drama: Berkat Tuhan dibalik Penderitaan,,,,,,,,,id,,,,,,,0,0,,0,,,,,"2007-11-29 15:36:50","2007-11-29 16:26:59",
2859,1,The Davinci Code - Memisahkan Fakta dari Fiksi,,,,,,,,,id,,,,,,,0,0,,0,,,,,"2007-11-29 15:36:50","2007-11-29 16:26:59",
2860,1,Inikah Jodohku?,,,,,,,,,id,,,,,,,0,0,,0,,,,,"2007-11-29 15:36:50","2007-11-29 16:26:59",
2861,1,Patung-Patung Bicara (Kumpulan drama natal),,,,,,,,,id,,,,,,,0,0,,0,,,,,"2007-11-29 15:36:50","2007-11-29 16:26:59",
2862,1,Mengapa Hidup Begitu Tidak Adil?,,,,,,,,,id,,,,,,,0,0,,0,,,,,"2007-11-29 15:36:50","2007-11-29 16:26:59",
2863,1,Wanita Yang Meninggalkan Karier,,,,,,,,,id,,,,,,,0,0,,0,,,,,"2007-11-29 15:36:50","2007-11-29 16:26:59",
2864,1,"Tuhan,Apakah Engkau Peduli?",,,,,,,,,id,,,,,,,0,0,,0,,,,,"2007-11-29 15:36:50","2007-11-29 16:26:59",
2865,1,Prayer Power Unlimited,,,,,,,,,id,,,,,,,0,0,,0,,,,,"2007-11-29 15:36:50","2007-11-29 16:26:59",
2866,1,A Different Kind of Strength,,,,,,,,,id,,,,,,,0,0,,0,,,,,"2007-11-29 15:36:50","2007-11-29 16:26:59",
2867,1,Kesabaran Menurut Alkitab,,,,,,,,,id,,,,,,,0,0,,0,,,,,"2007-11-29 15:36:50","2007-11-29 16:26:59",
2868,1,Alkitab Kecil,,,,,,,,,id,,,,,,,0,0,,0,,,,,"2007-11-29 15:36:50","2007-11-29 16:26:59",
2869,1,Memulai dan Membangun Keluarga Bersama,,,,,,,,,id,,,,,,,0,0,,0,,,,,"2007-11-29 15:36:50","2007-11-29 16:26:59",
2870,1,Opera Duka Anak Bangsa (Kumpulan drama Paskah),,,,,,,,,id,,,,,,,0,0,,0,,,,,"2007-11-29 15:36:50","2007-11-29 16:26:59",
2871,1,Ketetapan Hati dan Nasihat bagi Petobat Muda,,,,,,,,,id,,,,,,,0,0,,0,,,,,"2007-11-29 15:36:50","2007-11-29 16:26:59",
2872,1,Forgiveness,,,,,,,,,id,,,,,,,0,0,,0,,,,,"2007-11-29 15:36:50","2007-11-29 16:26:59",
2873,1,Apakah Dia Mencintaiku?,,,,,,,,,id,,,,,,,0,0,,0,,,,,"2007-11-29 15:36:50","2007-11-29 16:26:59",
2874,1,Menemukan Penghiburan Sejati,,,,,,,,,id,,,,,,,0,0,,0,,,,,"2007-11-29 15:36:50","2007-11-29 16:26:59",
2875,1,Kasih Tuhan,,,,,,,,,id,,,,,,,0,0,,0,,,,,"2007-11-29 15:36:50","2007-11-29 16:26:59",
2876,1,Bintang 2 : Sahabatku,,,,,,,,,id,,,,,,,0,0,,0,,,,,"2007-11-29 15:36:50","2007-11-29 16:26:59",
2877,1,"40 Garis Besar Khotbah",,,,,,,,,id,,,,,,,0,0,,0,,,,,"2007-11-29 15:36:50","2007-11-29 16:26:59",
2878,1,the Lost Art of Praying Together,,,,,,,,,id,,,,,,,0,0,,0,,,,,"2007-11-29 15:36:50","2007-11-29 16:26:59",
2879,1,Pagi  Kebangkitan,,,,,,,,,id,,,,,,,0,0,,0,,,,,"2007-11-29 15:36:50","2007-11-29 16:26:59",
2880,1,Garam dan Terang Bagi Keluarga,,,,,,,,,id,,,,,,,0,0,,0,,,,,"2007-11-29 15:36:50","2007-11-29 16:26:59",
2881,1,Psikologi Untuk Muda-Mudi,,,,,,,,,id,,,,,,,0,0,,0,,,,,"2007-11-29 15:36:50","2007-11-29 16:26:59",
2882,1,Baptisan Anak,,,,,,,,,id,,,,,,,0,0,,0,,,,,"2007-11-29 15:36:50","2007-11-29 16:26:59",
2883,1,Asas-Asas Psikologi,,,,,,,,,id,,,,,,,0,0,,0,,,,,"2007-11-29 15:36:50","2007-11-29 16:26:59",
2884,1,Kesukaan Alaah,,,,,,,,,id,,,,,,,0,0,,0,,,,,"2007-11-29 15:36:50","2007-11-29 16:26:59",
2885,1,Following Bible Instruction,,,,,,,,,id,,,,,,,0,0,,0,,,,,"2007-11-29 15:36:50","2007-11-29 16:26:59",
2886,1,Sex & Dating,,,,,,,,,id,,,,,,,0,0,,0,,,,,"2007-11-29 15:36:50","2007-11-29 16:26:59",
2887,1,Touching Hearts,,,,,,,,,id,,,,,,,0,0,,0,,,,,"2007-11-29 15:36:50","2007-11-29 16:26:59",
2888,1,Bintang 3 : Gaya Hidupku,,,,,,,,,id,,,,,,,0,0,,0,,,,,"2007-11-29 15:36:50","2007-11-29 16:26:59",
2889,1,Apakah Alkitab Meramalkan Masa Depan ?,,,,,,,,,id,,,,,,,0,0,,0,,,,,"2007-11-29 15:36:50","2007-11-29 16:26:59",
2890,1,Power Bible comic 10,,,,,,,,,id,,,,,,,0,0,,0,,,,,"2007-11-29 15:36:50","2007-11-29 16:26:59",
2891,1,You Can Be a World Changer,,,,,,,,,id,,,,,,,0,0,,0,,,,,"2007-11-29 15:36:50","2007-11-29 16:26:59",
2892,1,Christians Inner Life,,,,,,,,,id,,,,,,,0,0,,0,,,,,"2007-11-29 15:36:50","2007-11-29 16:26:59",
2893,1,Bintang 4 : Pertumbuhan,,,,,,,,,id,,,,,,,0,0,,0,,,,,"2007-11-29 15:36:50","2007-11-29 16:26:59",
2894,1,So You're Getting Married,,,,,,,,,id,,,,,,,0,0,,0,,,,,"2007-11-29 15:36:50","2007-11-29 16:26:59",
2895,1,Bintang 5 : Kutau yang kupercaya 1,,,,,,,,,id,,,,,,,0,0,,0,,,,,"2007-11-29 15:36:50","2007-11-29 16:26:59",
2896,1,Jejak Sang Juara,,,,,,,,,id,,,,,,,0,0,,0,,,,,"2007-11-29 15:36:50","2007-11-29 16:26:59",
2897,1,Kekristenan Di Mata Orang Bukan Kristen,,,,,,,,,id,,,,,,,0,0,,0,,,,,"2007-11-29 15:36:50","2007-11-29 16:26:59",
2898,1,Night Light For Parents,,,,,,,,,id,,,,,,,0,0,,0,,,,,"2007-11-29 15:36:50","2007-11-29 16:26:59",
2899,1,Kristen Kharismatik,,,,,,,,,id,,,,,,,0,0,,0,,,,,"2007-11-29 15:36:50","2007-11-29 16:26:59",
2900,1,Bintang 6 : Kutau yang kupercaya 2,,,,,,,,,id,,,,,,,0,0,,0,,,,,"2007-11-29 15:36:50","2007-11-29 16:26:59",
2901,1,"17 Hal Yang Diajarkan Anakku Tentang Allah",,,,,,,,,id,,,,,,,0,0,,0,,,,,"2007-11-29 15:36:50","2007-11-29 16:26:59",
2902,1,Bintang 7 : Karakter,,,,,,,,,id,,,,,,,0,0,,0,,,,,"2007-11-29 15:36:50","2007-11-29 16:26:59",
2903,1,Keranjang Paskah,,,,,,,,,id,,,,,,,0,0,,0,,,,,"2007-11-29 15:36:50","2007-11-29 16:26:59",
2904,1,"3 Dimensi Keesaan Dalam Pembangunan Jemaat",,,,,,,,,id,,,,,,,0,0,,0,,,,,"2007-11-29 15:36:50","2007-11-29 16:26:59",
2905,1,"70 Garis Besar Khotbah Biografi",,,,,,,,,id,,,,,,,0,0,,0,,,,,"2007-11-29 15:36:50","2007-11-29 16:26:59",
2906,1,Jemaat Yang Diakonal,,,,,,,,,id,,,,,,,0,0,,0,,,,,"2007-11-29 15:36:50","2007-11-29 16:26:59",
2907,1,Bintang 8 : Masa Depanku,,,,,,,,,id,,,,,,,0,0,,0,,,,,"2007-11-29 15:36:50","2007-11-29 16:26:59",
2908,1,"7 Pilar Jemaat Yang Dewasa",,,,,,,,,id,,,,,,,0,0,,0,,,,,"2007-11-29 15:36:50","2007-11-29 16:26:59",
2909,1,Berpetualang dalam Kerajaan Allah,,,,,,,,,id,,,,,,,0,0,,0,,,,,"2007-11-29 15:36:50","2007-11-29 16:26:59",
2910,1,Penghiburan yang Menyenangkan Jiwa,,,,,,,,,id,,,,,,,0,0,,0,,,,,"2007-11-29 15:36:50","2007-11-29 16:26:59",
2911,1,Jemaat Yang Pastoral,,,,,,,,,id,,,,,,,0,0,,0,,,,,"2007-11-29 15:36:50","2007-11-29 16:26:59",
2912,1,Bintang 9 : Kumau ikut Dia,,,,,,,,,id,,,,,,,0,0,,0,,,,,"2007-11-29 15:36:50","2007-11-29 16:26:59",
2913,1,Bermain Dengan Api,,,,,,,,,id,,,,,,,0,0,,0,,,,,"2007-11-29 15:36:50","2007-11-29 16:26:59",
2914,1,kisah kota kota dalam alkitab,,,,,,,,,id,,,,,,,0,0,,0,,,,,"2007-11-29 15:36:50","2007-11-29 16:26:59",
2915,1,Theologia Penggembalaan,,,,,,,,,id,,,,,,,0,0,,0,,,,,"2007-11-29 15:36:50","2007-11-29 16:26:59",
2916,1,Berni Bersedih Hati,,,,,,,,,id,,,,,,,0,0,,0,,,,,"2007-11-29 15:36:50","2007-11-29 16:26:59",
2917,1,Kristus Yang Hidup Di Dalam Hati Orang Korea,,,,,,,,,id,,,,,,,0,0,,0,,,,,"2007-11-29 15:36:50","2007-11-29 16:26:59",
2918,1,Bintang 10 : Misi & Pelayanan,,,,,,,,,id,,,,,,,0,0,,0,,,,,"2007-11-29 15:36:50","2007-11-29 16:26:59",
2919,1,Jemaat Yang Presbiteral,,,,,,,,,id,,,,,,,0,0,,0,,,,,"2007-11-29 15:36:50","2007-11-29 16:26:59",
2920,1,Yesus Sang Titik Temu dan Titik Tengkar,,,,,,,,,id,,,,,,,0,0,,0,,,,,"2007-11-29 15:36:50","2007-11-29 16:26:59",
2921,1,Jemaat Yang Hidup,,,,,,,,,id,,,,,,,0,0,,0,,,,,"2007-11-29 15:36:50","2007-11-29 16:26:59",
2922,1,Rasul Paulus Sang Misionaris,,,,,,,,,id,,,,,,,0,0,,0,,,,,"2007-11-29 15:36:50","2007-11-29 16:26:59",
2923,1,Sepuluh Pemikiran Besar Dari Sejarah Gereja,,,,,,,,,id,,,,,,,0,0,,0,,,,,"2007-11-29 15:36:50","2007-11-29 16:26:59",
2924,1,Bintang 11 : Dinamika Hidup Kristiani,,,,,,,,,id,,,,,,,0,0,,0,,,,,"2007-11-29 15:36:50","2007-11-29 16:26:59",
2925,1,Menggembalakan Dengan Hati,,,,,,,,,id,,,,,,,0,0,,0,,,,,"2007-11-29 15:36:50","2007-11-29 16:26:59",
2926,1,The Church As Learning Community,,,,,,,,,id,,,,,,,0,0,,0,,,,,"2007-11-29 15:36:50","2007-11-29 16:26:59",
2927,1,Burung Layang-layang sahabat Tuhan Yesus,,,,,,,,,id,,,,,,,0,0,,0,,,,,"2007-11-29 15:36:50","2007-11-29 16:26:59",
2928,1,Kebutuhan Gereja Saat Ini (Kerajaan Allah Dan KuasaNya),,,,,,,,,id,,,,,,,0,0,,0,,,,,"2007-11-29 15:36:50","2007-11-29 16:26:59",
2929,1,The Parables - Understanding what Jesus Meant,,,,,,,,,id,,,,,,,0,0,,0,,,,,"2007-11-29 15:36:50","2007-11-29 16:26:59",
2930,1,Mengenal Yesus Kristus,,,,,,,,,id,,,,,,,0,0,,0,,,,,"2007-11-29 15:36:50","2007-11-29 16:26:59",
2931,1,Sewaktuku di Surga,,,,,,,,,id,,,,,,,0,0,,0,,,,,"2007-11-29 15:36:50","2007-11-29 16:26:59",
2932,1,Seri Pemahaman dan Penerapan Amanat Alkitab Masa Kini Pengkhotbah,,,,,,,,,id,,,,,,,0,0,,0,,,,,"2007-11-29 15:36:50","2007-11-29 16:26:59",
2933,1,Malaikat dan Burung Merpati,,,,,,,,,id,,,,,,,0,0,,0,,,,,"2007-11-29 15:36:50","2007-11-29 16:26:59",
2934,1,Authority to Heal,,,,,,,,,id,,,,,,,0,0,,0,,,,,"2007-11-29 15:36:50","2007-11-29 16:26:59",
2935,1,Seri Pemahaman dan Penerapan Amanat Alkitab Masa Kini Yeremia,,,,,,,,,id,,,,,,,0,0,,0,,,,,"2007-11-29 15:36:50","2007-11-29 16:26:59",
2936,1,The Mom Factor (Faktor Ibu),,,,,,,,,id,,,,,,,0,0,,0,,,,,"2007-11-29 15:36:50","2007-11-29 16:26:59",
2937,1,Is This All There Is to Life ?,,,,,,,,,id,,,,,,,0,0,,0,,,,,"2007-11-29 15:36:50","2007-11-29 16:26:59",
2938,1,Seri Pemahaman dan Penerapan Amanat Alkitab Masa Kini Hosea,,,,,,,,,id,,,,,,,0,0,,0,,,,,"2007-11-29 15:36:50","2007-11-29 16:26:59",
2939,1,"100 Teka-Teki dalam alkitab",,,,,,,,,id,,,,,,,0,0,,0,,,,,"2007-11-29 15:36:50","2007-11-29 16:26:59",
2940,1,Bible Mini 4,,,,,,,,,id,,,,,,,0,0,,0,,,,,"2007-11-29 15:36:50","2007-11-29 16:26:59",
2941,1,Kisah-Kisah Cerita Alkitab,,,,,,,,,id,,,,,,,0,0,,0,,,,,"2007-11-29 15:36:50","2007-11-29 16:26:59",
2942,1,Dasar Iman Kepercayaan Kristen,,,,,,,,,id,,,,,,,0,0,,0,,,,,"2007-11-29 15:36:50","2007-11-29 16:26:59",
2943,1,"5 Menit Teologi",,,,,,,,,id,,,,,,,0,0,,0,,,,,"2007-11-29 15:36:50","2007-11-29 16:26:59",
2944,1,Kumpulan Ilustrasi untuk Sekolah Minggu,,,,,,,,,id,,,,,,,0,0,,0,,,,,"2007-11-29 15:36:50","2007-11-29 16:26:59",
2945,1,Seri Pemahaman dan Penerapan Amanat Alkitab Masa Kini Ruth,,,,,,,,,id,,,,,,,0,0,,0,,,,,"2007-11-29 15:36:50","2007-11-29 16:26:59",
2946,1,Anak Hiperaktif,,,,,,,,,id,,,,,,,0,0,,0,,,,,"2007-11-29 15:36:50","2007-11-29 16:26:59",
2947,1,Seri Pemahaman dan Penerapan Amanat Alkitab Masa Kini Kejadian 1-11,,,,,,,,,id,,,,,,,0,0,,0,,,,,"2007-11-29 15:36:50","2007-11-29 16:26:59",
2948,1,Bible mini 5,,,,,,,,,id,,,,,,,0,0,,0,,,,,"2007-11-29 15:36:50","2007-11-29 16:26:59",
2949,1,Strategi-Strategi Kehidupan,,,,,,,,,id,,,,,,,0,0,,0,,,,,"2007-11-29 15:36:50","2007-11-29 16:26:59",
2950,1,Tanya Jawab Alkitab,,,,,,,,,id,,,,,,,0,0,,0,,,,,"2007-11-29 15:36:50","2007-11-29 16:26:59",
2951,1,Kisah Kelahiran Yesus,,,,,,,,,id,,,,,,,0,0,,0,,,,,"2007-11-29 15:36:50","2007-11-29 16:26:59",
2952,1,Penyelidikan alkitab secara Induktif,,,,,,,,,id,,,,,,,0,0,,0,,,,,"2007-11-29 15:36:50","2007-11-29 16:26:59",
2953,1,The Living Church,,,,,,,,,id,,,,,,,0,0,,0,,,,,"2007-11-29 15:36:50","2007-11-29 16:26:59",
2954,1,Kitab Yesaya Pasal 1 - 39,,,,,,,,,id,,,,,,,0,0,,0,,,,,"2007-11-29 15:36:50","2007-11-29 16:26:59",
2955,1,Kitab Yesaya Pasal 56 - 66,,,,,,,,,id,,,,,,,0,0,,0,,,,,"2007-11-29 15:36:50","2007-11-29 16:26:59",
2956,1,Kitab Yesaya Pasal 40 - 55,,,,,,,,,id,,,,,,,0,0,,0,,,,,"2007-11-29 15:36:50","2007-11-29 16:26:59",
2957,1,The Busy Christmas Stable,,,,,,,,,id,,,,,,,0,0,,0,,,,,"2007-11-29 15:36:50","2007-11-29 16:26:59",
2958,1,Warrior in Pink,,,,,,,,,id,,,,,,,0,0,,0,,,,,"2007-11-29 15:36:50","2007-11-29 16:26:59",
2959,1,Cermin Injil - Ilmu Liturgi,,,,,,,,,id,,,,,,,0,0,,0,,,,,"2007-11-29 15:36:50","2007-11-29 16:26:59",
2960,1,Life Without Limits,,,,,,,,,id,,,,,,,0,0,,0,,,,,"2007-11-29 15:36:50","2007-11-29 16:26:59",
2961,1,Woman of Wisdom,,,,,,,,,id,,,,,,,0,0,,0,,,,,"2007-11-29 15:36:50","2007-11-29 16:26:59",
2962,1,Apa Itu Misi? Suatu Penelusuran Teologis,"","","",,"","","","",id,,,NONE,"",,,0,0,,0,"",,,,"2007-11-29 15:36:50","2026-07-12 11:22:20",
2963,1,Kamus Lengkap Janji-janji Alkitab,,,,,,,,,id,,,,,,,0,0,,0,,,,,"2007-11-29 15:36:50","2007-11-29 16:26:59",
2964,1,Bersama Calvin di dalam Teater Allah,"","","",2,"","","","13000057",id,,,"13000057","",,,0,0,,0,"",,,,"2007-11-29 15:36:50","2026-07-26 10:30:38",
2965,1,Inti alkitab untuk para pemula,,,,,,,,,id,,,,,,,0,0,,0,,,,,"2007-11-29 15:36:50","2007-11-29 16:26:59",
2966,1,Kitab Roma Rancangan allah yang Sempurna,,,,,,,,,id,,,,,,,0,0,,0,,,,,"2007-11-29 15:36:50","2007-11-29 16:26:59",
2967,1,The Love Dare,,,,,,,,,id,,,,,,,0,0,,0,,,,,"2007-11-29 15:36:50","2007-11-29 16:26:59",
2968,1,Menaklukkan Segala Pikiran kepada Kristus,"","","",8,"","","","13000056",id,,,"13000056","",,,0,0,,0,"",,,,"2007-11-29 15:36:50","2026-07-26 10:27:51",
2969,1,Kitab Kolose & Filemon,,,,,,,,,id,,,,,,,0,0,,0,,,,,"2007-11-29 15:36:50","2007-11-29 16:26:59",
2970,1,In Quietness and Confidence,,,,,,,,,id,,,,,,,0,0,,0,,,,,"2007-11-29 15:36:50","2007-11-29 16:26:59",
2971,1,Batas-Batas untuk Anak-Anak,,,,,,,,,id,,,,,,,0,0,,0,,,,,"2007-11-29 15:36:50","2007-11-29 16:26:59",
2972,1,Power Bible Comic 1,,,,,,,,,id,,,,,,,0,0,,0,,,,,"2007-11-29 15:36:50","2007-11-29 16:26:59",
2973,1,"10 Hal Terbodoph yang Dilakukan Orang Kristiani",,,,,,,,,id,,,,,,,0,0,,0,,,,,"2007-11-29 15:36:50","2007-11-29 16:26:59",
2974,1,The God Who Walks Beside Us,,,,,,,,,id,,,,,,,0,0,,0,,,,,"2007-11-29 15:36:50","2007-11-29 16:26:59",
2975,1,Power Bible Comic 4,,,,,,,,,id,,,,,,,0,0,,0,,,,,"2007-11-29 15:36:50","2007-11-29 16:26:59",
2976,1,Our Daily Journey Vol 6,,,,,,,,,id,,,,,,,0,0,,0,,,,,"2007-11-29 15:36:50","2007-11-29 16:26:59",
2977,1,Selamatkan Pernikahan Anda Sebelum Pernikahan  Itu Dimulai,,,,,,,,,id,,,,,,,0,0,,0,,,,,"2007-11-29 15:36:50","2007-11-29 16:26:59",
2978,1,Power Bible Comic 5,,,,,,,,,id,,,,,,,0,0,,0,,,,,"2007-11-29 15:36:50","2007-11-29 16:26:59",
2979,1,Improving Your Serve,,,,,,,,,id,,,,,,,0,0,,0,,,,,"2007-11-29 15:36:50","2007-11-29 16:26:59",
2980,1,The Last Enemy,,,,,,,,,id,,,,,,,0,0,,0,,,,,"2007-11-29 15:36:50","2007-11-29 16:26:59",
2981,1,Menjadi Orang Tua yang Bijaksana,,,,,,,,,id,,,,,,,0,0,,0,,,,,"2007-11-29 15:36:50","2007-11-29 16:26:59",
2982,1,Spiritual Chek Up,,,,,,,,,id,,,,,,,0,0,,0,,,,,"2007-11-29 15:36:50","2007-11-29 16:26:59",
2983,1,"Gender, Bahasa dan Kekuasaan",,,,,,,,,id,,,,,,,0,0,,0,,,,,"2007-11-29 15:36:50","2007-11-29 16:26:59",
2984,1,Seks Bukan Masalahnya (Hawa Nafsu masalahnya),,,,,,,,,id,,,,,,,0,0,,0,,,,,"2007-11-29 15:36:50","2007-11-29 16:26:59",
2985,1,Komunikasi Keluarga,,,,,,,,,id,,,,,,,0,0,,0,,,,,"2007-11-29 15:36:50","2007-11-29 16:26:59",
2986,1,Hatiku Rumah Kristus,,,,,,,,,id,,,,,,,0,0,,0,,,,,"2007-11-29 15:36:50","2007-11-29 16:26:59",
2987,1,Kisah Kasih Allah,,,,,,,,,id,,,,,,,0,0,,0,,,,,"2007-11-29 15:36:50","2007-11-29 16:26:59",
2988,1,Allah Tidak Marah Kepada Anda,,,,,,,,,id,,,,,,,0,0,,0,,,,,"2007-11-29 15:36:50","2007-11-29 16:26:59",
2989,1,Saat Sukacita untuk Pasangan,,,,,,,,,id,,,,,,,0,0,,0,,,,,"2007-11-29 15:36:50","2007-11-29 16:26:59",
2990,1,Apa yang Tak Berani Diceritakan Anak Perempuan Anda,,,,,,,,,id,,,,,,,0,0,,0,,,,,"2007-11-29 15:36:50","2007-11-29 16:26:59",
2991,1,Pemahaman Alkitab setiap hari : Wahyu kepada Yohanes Pasal 1 - 5,,,,,,,,,id,,,,,,,0,0,,0,,,,,"2007-11-29 15:36:50","2007-11-29 16:26:59",
2992,1,Buku Pertamaku tentang Yesus,,,,,,,,,id,,,,,,,0,0,,0,,,,,"2007-11-29 15:36:50","2007-11-29 16:26:59",
2993,1,Pemahaman Alkitab setaip hari : Injil Markus,,,,,,,,,id,,,,,,,0,0,,0,,,,,"2007-11-29 15:36:50","2007-11-29 16:26:59",
2994,1,Bentara Kristus,,,,,,,,,id,,,,,,,0,0,,0,,,,,"2007-11-29 15:36:50","2007-11-29 16:26:59",
2995,1,Pemahaman Alkitab setiap hari : Injil Matius pasal 1 - 10,,,,,,,,,id,,,,,,,0,0,,0,,,,,"2007-11-29 15:36:50","2007-11-29 16:26:59",
2996,1,From Good Man to Valiant Man,,,,,,,,,id,,,,,,,0,0,,0,,,,,"2007-11-29 15:36:50","2007-11-29 16:26:59",
2997,1,Binatang-binatang dalam Alkitab,,,,,,,,,id,,,,,,,0,0,,0,,,,,"2007-11-29 15:36:50","2007-11-29 16:26:59",
2998,1,Ubahlah Hidup Anda,,,,,,,,,id,,,,,,,0,0,,0,,,,,"2007-11-29 15:36:50","2007-11-29 16:26:59",
2999,1,Jaminan Keselamatan Kristen,,,,,,,,,id,,,,,,,0,0,,0,,,,,"2007-11-29 15:36:50","2007-11-29 16:26:59",
3000,1,Serenity 4,,,,,,,,,id,,,,,,,0,0,,0,,,,,"2007-11-29 15:36:50","2007-11-29 16:26:59",
3001,1,The Explorer Bible,,,,,,,,,id,,,,,,,0,0,,0,,,,,"2007-11-29 15:36:50","2007-11-29 16:26:59",
3002,1,The Psychology of Consciousness,"","","",,"","","","",id,,,NONE,"",,,0,0,,0,"",,,,"2007-11-29 15:36:50","2026-07-16 14:41:13",
3003,1,The Dad in the Mirror,,,,,,,,,id,,,,,,,0,0,,0,,,,,"2007-11-29 15:36:50","2007-11-29 16:26:59",
3004,1,Pemahaman Aklitab setiap hari : Surat-Surat Yohanes & Yudas,,,,,,,,,id,,,,,,,0,0,,0,,,,,"2007-11-29 15:36:50","2007-11-29 16:26:59",
3005,1,"David Livingstone: Misionaris yang ""Menemukan"" Afrika",,,,,,,,,id,,,,,,,0,0,,0,,,,,"2007-11-29 15:36:50","2007-11-29 16:26:59",
3006,1,"Pemahaman Alkitab setiap hari : Surat Filipi, Kolose, 1&2 Tesalonika",,,,,,,,,id,,,,,,,0,0,,0,,,,,"2007-11-29 15:36:50","2007-11-29 16:26:59",
3007,1,Lady in Waiting,,,,,,,,,id,,,,,,,0,0,,0,,,,,"2007-11-29 15:36:50","2007-11-29 16:26:59",
3008,1,"5 Tips Untuk Orangtua dalam Mengasuh Remaja",,,,,,,,,id,,,,,,,0,0,,0,,,,,"2007-11-29 15:36:50","2007-11-29 16:26:59",
3009,1,Santapan Rohani Vol 12,,,,,,,,,id,,,,,,,0,0,,0,,,,,"2007-11-29 15:36:50","2007-11-29 16:26:59",
3010,1,Paradigma Mentoring,,,,,,,,,id,,,,,,,0,0,,0,,,,,"2007-11-29 15:36:50","2007-11-29 16:26:59",
3011,1,The purpose Driven Life,,,,,,,,,id,,,,,,,0,0,,0,,,,,"2007-11-29 15:36:50","2007-11-29 16:26:59",
3012,1,Kafe Etos Vol. 1,,,,,,,,,id,,,,,,,0,0,,0,,,,,"2007-11-29 15:36:50","2007-11-29 16:26:59",
3013,1,Firman Menjadi Daging,,,,,,,,,id,,,,,,,0,0,,0,,,,,"2007-11-29 15:36:50","2007-11-29 16:26:59",
3014,1,Kisah Kasih Dalam Alkitab,,,,,,,,,id,,,,,,,0,0,,0,,,,,"2007-11-29 15:36:50","2007-11-29 16:26:59",
3015,1,Jerusalem,,,,,,,,,id,,,,,,,0,0,,0,,,,,"2007-11-29 15:36:50","2007-11-29 16:26:59",
3016,1,Memetakan Pendidikan Kristiani,,,,,,,,,id,,,,,,,0,0,,0,,,,,"2007-11-29 15:36:50","2007-11-29 16:26:59",
3017,1,The choice is YOURS,,,,,,,,,id,,,,,,,0,0,,0,,,,,"2007-11-29 15:36:50","2007-11-29 16:26:59",
3018,1,Galatia Dibenarkan oleh Iman,,,,,,,,,id,,,,,,,0,0,,0,,,,,"2007-11-29 15:36:50","2007-11-29 16:26:59",
3019,1,Wordliness,,,,,,,,,id,,,,,,,0,0,,0,,,,,"2007-11-29 15:36:50","2007-11-29 16:26:59",
3020,1,Memelihara Kedekatan Dengan Allah,,,,,,,,,id,,,,,,,0,0,,0,,,,,"2007-11-29 15:36:50","2007-11-29 16:26:59",
3021,1,Rising to The Call,,,,,,,,,id,,,,,,,0,0,,0,,,,,"2007-11-29 15:36:50","2007-11-29 16:26:59",
3022,1,All About Money,,,,,,,,,id,,,,,,,0,0,,0,,,,,"2007-11-29 15:36:50","2007-11-29 16:26:59",
3023,1,Your Mind Matters,,,,,,,,,id,,,,,,,0,0,,0,,,,,"2007-11-29 15:36:50","2007-11-29 16:26:59",
3024,1,Superioritas dan Keistimewaan,,,,,,,,,id,,,,,,,0,0,,0,,,,,"2007-11-29 15:36:50","2007-11-29 16:26:59",
3025,1,Martha to the MAX,,,,,,,,,id,,,,,,,0,0,,0,,,,,"2007-11-29 15:36:50","2007-11-29 16:26:59",
3026,1,Bertumbuh Dalam Iman,,,,,,,,,id,,,,,,,0,0,,0,,,,,"2007-11-29 15:36:50","2007-11-29 16:26:59",
3027,1,Orang buta yang Membawa Lentera,,,,,,,,,id,,,,,,,0,0,,0,,,,,"2007-11-29 15:36:50","2007-11-29 16:26:59",
3028,1,Love Sex and Relationship,,,,,,,,,id,,,,,,,0,0,,0,,,,,"2007-11-29 15:36:50","2007-11-29 16:26:59",
3029,1,Mari Berpikir tentang Pandangan Dunia Bagaimana Orang Orang Memandang Tuhan,"","","9786029254075",,"","","","13000188",id,,,NONE,"",,,0,0,,0,"",,,,"2007-11-29 15:36:50","2026-08-08 16:24:46",
3030,1,Pembelajaran Atraktif dan 100 Permainan Kreatif,,,,,,,,,id,,,,,,,0,0,,0,,,,,"2007-11-29 15:36:50","2007-11-29 16:26:59",
3031,1,Supremasi Allah Dalam Khotbah,,,,,,,,,id,,,,,,,0,0,,0,,,,,"2007-11-29 15:36:50","2007-11-29 16:26:59",
3032,1,Yunus: Gagalnya sebuah keberhasilan,,,,,,,,,id,,,,,,,0,0,,0,,,,,"2007-11-29 15:36:50","2007-11-29 16:26:59",
3033,1,Maximizing Your Impact,,,,,,,,,id,,,,,,,0,0,,0,,,,,"2007-11-29 15:36:50","2007-11-29 16:26:59",
3034,1,Lebih Banyak Lagi Teologi Kedai Kopi,,,,,,,,,id,,,,,,,0,0,,0,,,,,"2007-11-29 15:36:50","2007-11-29 16:26:59",
3035,1,Konseling dan Kondisi Manusia melalui Lensa Alkitab: Memandang dengan Perspektif Baru,"","","",,"","","","",id,,,NONE,"",,,0,0,,0,"",,,,"2007-11-29 15:36:50","2026-07-16 14:47:39",
3036,1,Silsih Di Kitab Kejadian,,,,,,,,,id,,,,,,,0,0,,0,,,,,"2007-11-29 15:36:50","2007-11-29 16:26:59",
3037,1,Dinamis di Dalam Kristus,,,,,,,,,id,,,,,,,0,0,,0,,,,,"2007-11-29 15:36:50","2007-11-29 16:26:59",
3038,1,Every Young Man's Battle,,,,,,,,,id,,,,,,,0,0,,0,,,,,"2007-11-29 15:36:50","2007-11-29 16:26:59",
3039,1,Berani di Dalama Kristus,,,,,,,,,id,,,,,,,0,0,,0,,,,,"2007-11-29 15:36:50","2007-11-29 16:26:59",
3040,1,Pertemuan Yang Terlupakan,,,,,,,,,id,,,,,,,0,0,,0,,,,,"2007-11-29 15:36:50","2007-11-29 16:26:59",
3041,1,Mengdalikan Emosi-Emosi Anda,,,,,,,,,id,,,,,,,0,0,,0,,,,,"2007-11-29 15:36:50","2007-11-29 16:26:59",
3042,1,Kuat di Dalam Kristus,,,,,,,,,id,,,,,,,0,0,,0,,,,,"2007-11-29 15:36:50","2007-11-29 16:26:59",
3043,1,Generasi Pembaru,,,,,,,,,id,,,,,,,0,0,,0,,,,,"2007-11-29 15:36:50","2007-11-29 16:26:59",
3044,1,Yakin di Dalam Kristus,,,,,,,,,id,,,,,,,0,0,,0,,,,,"2007-11-29 15:36:50","2007-11-29 16:26:59",
3045,1,Kisah Nabi Nuh,,,,,,,,,id,,,,,,,0,0,,0,,,,,"2007-11-29 15:36:50","2007-11-29 16:26:59",
3046,1,Membongkar Rahasia Berpacaran,,,,,,,,,id,,,,,,,0,0,,0,,,,,"2007-11-29 15:36:50","2007-11-29 16:26:59",
3047,1,Alkitab Komik,,,,,,,,,id,,,,,,,0,0,,0,,,,,"2007-11-29 15:36:50","2007-11-29 16:26:59",
3048,1,Building a Five Stars Marriage,,,,,,,,,id,,,,,,,0,0,,0,,,,,"2007-11-29 15:36:50","2007-11-29 16:26:59",
3049,1,Fool's Talk,,,,,,,,,id,,,,,,,0,0,,0,,,,,"2007-11-29 15:36:50","2007-11-29 16:26:59",
3050,1,Ayah Segala Musim,,,,,,,,,id,,,,,,,0,0,,0,,,,,"2007-11-29 15:36:50","2007-11-29 16:26:59",
3051,1,All About Time,,,,,,,,,id,,,,,,,0,0,,0,,,,,"2007-11-29 15:36:50","2007-11-29 16:26:59",
3052,1,Pelita Umat,,,,,,,,,id,,,,,,,0,0,,0,,,,,"2007-11-29 15:36:50","2007-11-29 16:26:59",
3053,1,Seni Bergaul,,,,,,,,,id,,,,,,,0,0,,0,,,,,"2007-11-29 15:36:50","2007-11-29 16:26:59",
3054,1,Batas batas Iman,,,,,,,,,id,,,,,,,0,0,,0,,,,,"2007-11-29 15:36:50","2007-11-29 16:26:59",
3055,1,Kosong,,,,,,,,,id,,,,,,,0,0,,0,,,,,"2007-11-29 15:36:50","2007-11-29 16:26:59",
3056,1,Menikah adalah Bunuh Diri,,,,,,,,,id,,,,,,,0,0,,0,,,,,"2007-11-29 15:36:50","2007-11-29 16:26:59",
3057,1,"His need,Her needs",,,,,,,,,id,,,,,,,0,0,,0,,,,,"2007-11-29 15:36:50","2007-11-29 16:26:59",
3058,1,marriage Enrichment,,,,,,,,,id,,,,,,,0,0,,0,,,,,"2007-11-29 15:36:50","2007-11-29 16:26:59",
3059,1,Sejauh Mana Allah Mengontrol Kehidupan?,,,,,,,,,id,,,,,,,0,0,,0,,,,,"2007-11-29 15:36:50","2007-11-29 16:26:59",
3060,1,He Said She said,,,,,,,,,id,,,,,,,0,0,,0,,,,,"2007-11-29 15:36:50","2007-11-29 16:26:59",
3061,1,Pengabdianku untuk KemuliaanNya,,,,,,,,,id,,,,,,,0,0,,0,,,,,"2007-11-29 15:36:50","2007-11-29 16:26:59",
3062,1,Tanya Jawab tentang Injil,,,,,,,,,id,,,,,,,0,0,,0,,,,,"2007-11-29 15:36:50","2007-11-29 16:26:59",
3063,1,Bangkitlah,,,,,,,,,id,,,,,,,0,0,,0,,,,,"2007-11-29 15:36:50","2007-11-29 16:26:59",
3064,1,Pernikahan: sebuah Surga Dunia,,,,,,,,,id,,,,,,,0,0,,0,,,,,"2007-11-29 15:36:50","2007-11-29 16:26:59",
3065,1,Ayub,,,,,,,,,id,,,,,,,0,0,,0,,,,,"2007-11-29 15:36:50","2007-11-29 16:26:59",
3066,1,Children's Ministry Resources Bible,,,,,,,,,id,,,,,,,0,0,,0,,,,,"2007-11-29 15:36:50","2007-11-29 16:26:59",
3067,1,Seluk Beluk Sihir,,,,,,,,,id,,,,,,,0,0,,0,,,,,"2007-11-29 15:36:50","2007-11-29 16:26:59",
3068,1,Mengapa Wanita Tidak Dapat Memahami Pria ?,,,,,,,,,id,,,,,,,0,0,,0,,,,,"2007-11-29 15:36:50","2007-11-29 16:26:59",
3069,1,Dua Perbedaan dalam Satu Tujuan,,,,,,,,,id,,,,,,,0,0,,0,,,,,"2007-11-29 15:36:50","2007-11-29 16:26:59",
3070,1,Loving Solutions,,,,,,,,,id,,,,,,,0,0,,0,,,,,"2007-11-29 15:36:50","2007-11-29 16:26:59",
3071,1,"40 Kencan yang Tak Terlupakan",,,,,,,,,id,,,,,,,0,0,,0,,,,,"2007-11-29 15:36:50","2007-11-29 16:26:59",
3072,1,Buku Kelompok Kecil Remaja,,,,,,,,,id,,,,,,,0,0,,0,,,,,"2007-11-29 15:36:50","2007-11-29 16:26:59",
3073,1,Jika Suami Anda Berselingkuh..,,,,,,,,,id,,,,,,,0,0,,0,,,,,"2007-11-29 15:36:50","2007-11-29 16:26:59",
3074,1,the Volunteer revolution,,,,,,,,,id,,,,,,,0,0,,0,,,,,"2007-11-29 15:36:50","2007-11-29 16:26:59",
3075,1,Selamat Sehati,,,,,,,,,id,,,,,,,0,0,,0,,,,,"2007-11-29 15:36:50","2007-11-29 16:26:59",
3076,1,"101 Hymn Stories",,,,,,,,,id,,,,,,,0,0,,0,,,,,"2007-11-29 15:36:50","2007-11-29 16:26:59",
3077,1,Setetes Embun Bagi Jiwa,,,,,,,,,id,,,,,,,0,0,,0,,,,,"2007-11-29 15:36:50","2007-11-29 16:26:59",
3078,1,Created in God's Image,"","","",13,"","","","1300050",id,,,"1300050","",,,0,0,,0,"",,,,"2007-11-29 15:36:50","2026-07-26 10:07:07",
3079,1,Enam Jam di Suatu Hari Jumat,,,,,,,,,id,,,,,,,0,0,,0,,,,,"2007-11-29 15:36:50","2007-11-29 16:26:59",
3080,1,Daniel,,,,,,,,,id,,,,,,,0,0,,0,,,,,"2007-11-29 15:36:50","2007-11-29 16:26:59",
3081,1,Cerita Alkitab pilihan untuk anak anak,,,,,,,,,id,,,,,,,0,0,,0,,,,,"2007-11-29 15:36:50","2007-11-29 16:26:59",
3082,1,Orang Tua Abad Ke - 21,,,,,,,,,id,,,,,,,0,0,,0,,,,,"2007-11-29 15:36:50","2007-11-29 16:26:59",
3083,1,Pembalasan Dendam Seorang Pelarian,,,,,,,,,id,,,,,,,0,0,,0,,,,,"2007-11-29 15:36:50","2007-11-29 16:26:59",
3084,1,Genk Matahari: Funky but Holy,,,,,,,,,id,,,,,,,0,0,,0,,,,,"2007-11-29 15:36:50","2007-11-29 16:26:59",
3085,1,Duta Bagi Kristus,,,,,,,,,id,,,,,,,0,0,,0,,,,,"2007-11-29 15:36:50","2007-11-29 16:26:59",
3086,1,Daud,,,,,,,,,id,,,,,,,0,0,,0,,,,,"2007-11-29 15:36:50","2007-11-29 16:26:59",
3087,1,Toyohiko Kagawa,,,,,,,,,id,,,,,,,0,0,,0,,,,,"2007-11-29 15:36:50","2007-11-29 16:26:59",
3088,1,Burung Pipit yang Selalu Cemas,,,,,,,,,id,,,,,,,0,0,,0,,,,,"2007-11-29 15:36:50","2007-11-29 16:26:59",
3089,1,Kamus Gambaran Alkitab,,,,,,,,,id,,,,,,,0,0,,0,,,,,"2007-11-29 15:36:50","2007-11-29 16:26:59",
3090,1,Surga dalam Keluarga,,,,,,,,,id,,,,,,,0,0,,0,,,,,"2007-11-29 15:36:50","2007-11-29 16:26:59",
3091,1,The Acdtion Bible 1,,,,,,,,,id,,,,,,,0,0,,0,,,,,"2007-11-29 15:36:50","2007-11-29 16:26:59",
3092,1,Nuh dan Para Pahlawan Iman,,,,,,,,,id,,,,,,,0,0,,0,,,,,"2007-11-29 15:36:50","2007-11-29 16:26:59",
3093,1,Allah ada di dalam perkara perkara kecil,,,,,,,,,id,,,,,,,0,0,,0,,,,,"2007-11-29 15:36:50","2007-11-29 16:26:59",
3094,1,Kesalehan John Calvin,,,,,,,,,id,,,,,,,0,0,,0,,,,,"2007-11-29 15:36:50","2007-11-29 16:26:59",
3095,1,I Do,,,,,,,,,id,,,,,,,0,0,,0,,,,,"2007-11-29 15:36:50","2007-11-29 16:26:59",
3096,1,Choosing To Love Again,,,,,,,,,id,,,,,,,0,0,,0,,,,,"2007-11-29 15:36:50","2007-11-29 16:26:59",
3097,1,The 7 Habits Of Happy Kids,,,,,,,,,id,,,,,,,0,0,,0,,,,,"2007-11-29 15:36:50","2007-11-29 16:26:59",
3098,1,Your Mind Matters,,,,,,,,,id,,,,,,,0,0,,0,,,,,"2007-11-29 15:36:50","2007-11-29 16:26:59",
3099,1,Bone: Rock Jaw (Penguasa Perbatasan Timur),,,,,,,,,id,,,,,,,0,0,,0,,,,,"2007-11-29 15:36:50","2007-11-29 16:26:59",
3100,1,Buku Doa Gadis kecil,,,,,,,,,id,,,,,,,0,0,,0,,,,,"2007-11-29 15:36:50","2007-11-29 16:26:59",
3101,1,Bone: Gua Orang Tua,,,,,,,,,id,,,,,,,0,0,,0,,,,,"2007-11-29 15:36:50","2007-11-29 16:26:59",
3102,1,Parent or Friend,,,,,,,,,id,,,,,,,0,0,,0,,,,,"2007-11-29 15:36:50","2007-11-29 16:26:59",
3103,1,Daniel Dalam Gua Singa,,,,,,,,,id,,,,,,,0,0,,0,,,,,"2007-11-29 15:36:50","2007-11-29 16:26:59",
3104,1,Bone: Lingkaran Setan,,,,,,,,,id,,,,,,,0,0,,0,,,,,"2007-11-29 15:36:50","2007-11-29 16:26:59",
3105,1,Kuda Nil yang Manis dan Masam,,,,,,,,,id,,,,,,,0,0,,0,,,,,"2007-11-29 15:36:50","2007-11-29 16:26:59",
3106,1,Cerita Tuhan Yesus,,,,,,,,,id,,,,,,,0,0,,0,,,,,"2007-11-29 15:36:50","2007-11-29 16:26:59",
3107,1,Bone: Pemburu Harta Karun,,,,,,,,,id,,,,,,,0,0,,0,,,,,"2007-11-29 15:36:50","2007-11-29 16:26:59",
3108,1,Berpetualang Dalam Kerajaan Allah 4,,,,,,,,,id,,,,,,,0,0,,0,,,,,"2007-11-29 15:36:50","2007-11-29 16:26:59",
3109,1,Bone: Mahkota Tanduk,,,,,,,,,id,,,,,,,0,0,,0,,,,,"2007-11-29 15:36:50","2007-11-29 16:26:59",
3110,1,Bone: Ekor Monster Tikus Bodoh,,,,,,,,,id,,,,,,,0,0,,0,,,,,"2007-11-29 15:36:50","2007-11-29 16:26:59",
3111,1,Coki - Periksa Lagi,,,,,,,,,id,,,,,,,0,0,,0,,,,,"2007-11-29 15:36:50","2007-11-29 16:26:59",
3112,1,Ayo temukan janji-janji Allah bagiMu,,,,,,,,,id,,,,,,,0,0,,0,,,,,"2007-11-29 15:36:50","2007-11-29 16:26:59",
3113,1,Pantang Menyerah (kemustahilan keok),,,,,,,,,id,,,,,,,0,0,,0,,,,,"2007-11-29 15:36:50","2007-11-29 16:26:59",
3114,1,"105 Cerita Alkitab Anak Kecil",,,,,,,,,id,,,,,,,0,0,,0,,,,,"2007-11-29 15:36:50","2007-11-29 16:26:59",
3115,1,Coki - Mengambil Risiko,,,,,,,,,id,,,,,,,0,0,,0,,,,,"2007-11-29 15:36:50","2007-11-29 16:26:59",
3116,1,When Disappointment Deceives,,,,,,,,,id,,,,,,,0,0,,0,,,,,"2007-11-29 15:36:50","2007-11-29 16:26:59",
3117,1,"101 Cerita Alkitab Balita",,,,,,,,,id,,,,,,,0,0,,0,,,,,"2007-11-29 15:36:50","2007-11-29 16:26:59",
3118,1,Do Christians Believe in Three Gods ?,,,,,,,,,id,,,,,,,0,0,,0,,,,,"2007-11-29 15:36:50","2007-11-29 16:26:59",
3119,1,Intisari cerita Alkitab Perjanjian Baru,,,,,,,,,id,,,,,,,0,0,,0,,,,,"2007-11-29 15:36:50","2007-11-29 16:26:59",
3120,1,Beruang dan Raksasa,,,,,,,,,id,,,,,,,0,0,,0,,,,,"2007-11-29 15:36:50","2007-11-29 16:26:59",
3121,1,Marta Sibuk Sekali,,,,,,,,,id,,,,,,,0,0,,0,,,,,"2007-11-29 15:36:50","2007-11-29 16:26:59",
3122,1,Berpetualang Dalam Kerajaan Allah 10,,,,,,,,,id,,,,,,,0,0,,0,,,,,"2007-11-29 15:36:50","2007-11-29 16:26:59",
3123,1,Rose,,,,,,,,,id,,,,,,,0,0,,0,,,,,"2007-11-29 15:36:50","2007-11-29 16:26:59",
3124,1,When Tragedy Strikes,,,,,,,,,id,,,,,,,0,0,,0,,,,,"2007-11-29 15:36:50","2007-11-29 16:26:59",
3125,1,Chicken Soup for the Christian Family Soul Vol 1,,,,,,,,,id,,,,,,,0,0,,0,,,,,"2007-11-29 15:36:50","2007-11-29 16:26:59",
3126,1,"100 Ide Doa Kreatif untuk anak-anak",,,,,,,,,id,,,,,,,0,0,,0,,,,,"2007-11-29 15:36:50","2007-11-29 16:26:59",
3127,1,Aku Anak Terang,,,,,,,,,id,,,,,,,0,0,,0,,,,,"2007-11-29 15:36:50","2007-11-29 16:26:59",
3128,1,Si Putih,,,,,,,,,id,,,,,,,0,0,,0,,,,,"2007-11-29 15:36:50","2007-11-29 16:26:59",
3129,1,Why We Believe - Evidences For Christian Faith,,,,,,,,,id,,,,,,,0,0,,0,,,,,"2007-11-29 15:36:50","2007-11-29 16:26:59",
3130,1,Anak yang hilang,,,,,,,,,id,,,,,,,0,0,,0,,,,,"2007-11-29 15:36:50","2007-11-29 16:26:59",
3131,1,Hi! I Am Peter,,,,,,,,,id,,,,,,,0,0,,0,,,,,"2007-11-29 15:36:50","2007-11-29 16:26:59",
3132,1,Celebrating the Wonder of Creation,,,,,,,,,id,,,,,,,0,0,,0,,,,,"2007-11-29 15:36:50","2007-11-29 16:26:59",
3133,1,Joseph Overcoming Life's Challenges,,,,,,,,,id,,,,,,,0,0,,0,,,,,"2007-11-29 15:36:50","2007-11-29 16:26:59",
3134,1,Daud melawan Goliat,,,,,,,,,id,,,,,,,0,0,,0,,,,,"2007-11-29 15:36:50","2007-11-29 16:26:59",
3135,1,Perang Maut antar Saudara Sekandung,,,,,,,,,id,,,,,,,0,0,,0,,,,,"2007-11-29 15:36:50","2007-11-29 16:26:59",
3136,1,Misionaris Lokal,,,,,,,,,id,,,,,,,0,0,,0,,,,,"2007-11-29 15:36:50","2007-11-29 16:26:59",
3137,1,Hi! I Am Noah,,,,,,,,,id,,,,,,,0,0,,0,,,,,"2007-11-29 15:36:50","2007-11-29 16:26:59",
3138,1,Srikandi Iman,,,,,,,,,id,,,,,,,0,0,,0,,,,,"2007-11-29 15:36:50","2007-11-29 16:26:59",
3139,1,The Savior,,,,,,,,,id,,,,,,,0,0,,0,,,,,"2007-11-29 15:36:50","2007-11-29 16:26:59",
3140,1,Jubah Kuning,,,,,,,,,id,,,,,,,0,0,,0,,,,,"2007-11-29 15:36:50","2007-11-29 16:26:59",
3141,1,Hi! I Am Mary,,,,,,,,,id,,,,,,,0,0,,0,,,,,"2007-11-29 15:36:50","2007-11-29 16:26:59",
3142,1,Kelahiran Yesus,,,,,,,,,id,,,,,,,0,0,,0,,,,,"2007-11-29 15:36:50","2007-11-29 16:26:59",
3143,1,Gadis Pejuang Iman,,,,,,,,,id,,,,,,,0,0,,0,,,,,"2007-11-29 15:36:50","2007-11-29 16:26:59",
3144,1,The Action bible (kisah Penebusan Tuhan),,,,,,,,,id,,,,,,,0,0,,0,,,,,"2007-11-29 15:36:50","2007-11-29 16:26:59",
3145,1,Hi! I Am Moses,,,,,,,,,id,,,,,,,0,0,,0,,,,,"2007-11-29 15:36:50","2007-11-29 16:26:59",
3146,1,Berpetualang dalam Kerajaan Allah 11,,,,,,,,,id,,,,,,,0,0,,0,,,,,"2007-11-29 15:36:50","2007-11-29 16:26:59",
3147,1,Jesus Prables about Money,,,,,,,,,id,,,,,,,0,0,,0,,,,,"2007-11-29 15:36:50","2007-11-29 16:26:59",
3148,1,Janji Yesus Bagimu?,,,,,,,,,id,,,,,,,0,0,,0,,,,,"2007-11-29 15:36:50","2007-11-29 16:26:59",
3149,1,Pakailah tanganku,,,,,,,,,id,,,,,,,0,0,,0,,,,,"2007-11-29 15:36:50","2007-11-29 16:26:59",
3150,1,My Life's Purpose,,,,,,,,,id,,,,,,,0,0,,0,,,,,"2007-11-29 15:36:50","2007-11-29 16:26:59",
3151,1,Ester,,,,,,,,,id,,,,,,,0,0,,0,,,,,"2007-11-29 15:36:50","2007-11-29 16:26:59",
3152,1,Tuhan Adalah Gembalaku,,,,,,,,,id,,,,,,,0,0,,0,,,,,"2007-11-29 15:36:50","2007-11-29 16:26:59",
3153,1,Apa Kata Yesus tentang Doa?,,,,,,,,,id,,,,,,,0,0,,0,,,,,"2007-11-29 15:36:50","2007-11-29 16:26:59",
3154,1,Kamus Ibrani-Indonesia,,,,,,,,,id,,,,,,,0,0,,0,,,,,"2007-11-29 15:36:50","2007-11-29 16:26:59",
3155,1,Allah ada di dalam perkara-perkara kecil,,,,,,,,,id,,,,,,,0,0,,0,,,,,"2007-11-29 15:36:50","2007-11-29 16:26:59",
3156,1,Menuju Pesta Paskah,,,,,,,,,id,,,,,,,0,0,,0,,,,,"2007-11-29 15:36:50","2007-11-29 16:26:59",
3157,1,Ester Menyelamatkan Bangsanya,,,,,,,,,id,,,,,,,0,0,,0,,,,,"2007-11-29 15:36:50","2007-11-29 16:26:59",
3158,1,When We Love Too Much,,,,,,,,,id,,,,,,,0,0,,0,,,,,"2007-11-29 15:36:50","2007-11-29 16:26:59",
3159,1,Petualangan Menjelajahi Perjanjian Lama,,,,,,,,,id,,,,,,,0,0,,0,,,,,"2007-11-29 15:36:50","2007-11-29 16:26:59",
3160,1,Bangkit Dari Debu : Kehadiran Tuhan Dalam Derita Ayub,,,,,,,,,id,,,,,,,0,0,,0,,,,,"2007-11-29 15:36:50","2007-11-29 16:26:59",
3161,1,Mengapa kita tidak dapat membicarakannya?,,,,,,,,,id,,,,,,,0,0,,0,,,,,"2007-11-29 15:36:50","2007-11-29 16:26:59",
3162,1,Coki - Bisa Apa?,,,,,,,,,id,,,,,,,0,0,,0,,,,,"2007-11-29 15:36:50","2007-11-29 16:26:59",
3163,1,Berdoa Untuk Anak Anak Anda,,,,,,,,,id,,,,,,,0,0,,0,,,,,"2007-11-29 15:36:50","2007-11-29 16:26:59",
3164,1,Sacred Parenting - Tanggung Jawab Mengasuh Anak Membentuk Hati Para Orangtua,,,,,,,,,id,,,,,,,0,0,,0,,,,,"2007-11-29 15:36:50","2007-11-29 16:26:59",
3165,1,Celebrating The Wonder Of Soil,,,,,,,,,id,,,,,,,0,0,,0,,,,,"2007-11-29 15:36:50","2007-11-29 16:26:59",
3166,1,Benih yang jatuh ke dalam tanah,,,,,,,,,id,,,,,,,0,0,,0,,,,,"2007-11-29 15:36:50","2007-11-29 16:26:59",
3167,1,Elisa,,,,,,,,,id,,,,,,,0,0,,0,,,,,"2007-11-29 15:36:50","2007-11-29 16:26:59",
3168,1,Anak Belia Khusyuk berdoa,,,,,,,,,id,,,,,,,0,0,,0,,,,,"2007-11-29 15:36:50","2007-11-29 16:26:59",
3169,1,Yusuf,,,,,,,,,id,,,,,,,0,0,,0,,,,,"2007-11-29 15:36:50","2007-11-29 16:26:59",
3170,1,Mengalami Hadirat Tuhan,,,,,,,,,id,,,,,,,0,0,,0,,,,,"2007-11-29 15:36:50","2007-11-29 16:26:59",
3171,1,Pesta kawin di Kana,,,,,,,,,id,,,,,,,0,0,,0,,,,,"2007-11-29 15:36:50","2007-11-29 16:26:59",
3172,1,Apa Yang Tidak Berani diceritakan anak,,,,,,,,,id,,,,,,,0,0,,0,,,,,"2007-11-29 15:36:50","2007-11-29 16:26:59",
3173,1,Abraham,,,,,,,,,id,,,,,,,0,0,,0,,,,,"2007-11-29 15:36:50","2007-11-29 16:26:59",
3174,1,Hakim - Hakim,,,,,,,,,id,,,,,,,0,0,,0,,,,,"2007-11-29 15:36:50","2007-11-29 16:26:59",
3175,1,Napak Tilas,,,,,,,,,id,,,,,,,0,0,,0,,,,,"2007-11-29 15:36:50","2007-11-29 16:26:59",
3176,1,Mengembangkan Talenta  Kepemimpinan,,,,,,,,,id,,,,,,,0,0,,0,,,,,"2007-11-29 15:36:50","2007-11-29 16:26:59",
3177,1,Dosa Yang Tak Terampuni,,,,,,,,,id,,,,,,,0,0,,0,,,,,"2007-11-29 15:36:50","2007-11-29 16:26:59",
3178,1,Berdoa Dengan Keyakinan Teguh,,,,,,,,,id,,,,,,,0,0,,0,,,,,"2007-11-29 15:36:50","2007-11-29 16:26:59",
3179,1,Pastoring with Passion (Plenary Session),,,,,,,,,id,,,,,,,0,0,,0,,,,,"2007-11-29 15:36:50","2007-11-29 16:26:59",
3180,1,Ketika Pasangan Tidak Setia,,,,,,,,,id,,,,,,,0,0,,0,,,,,"2007-11-29 15:36:50","2007-11-29 16:26:59",
3181,1,A New Vision for Dating,,,,,,,,,id,,,,,,,0,0,,0,,,,,"2007-11-29 15:36:50","2007-11-29 16:26:59",
3182,1,Bila Kata-kata Melukai Hati,,,,,,,,,id,,,,,,,0,0,,0,,,,,"2007-11-29 15:36:50","2007-11-29 16:26:59",
3183,1,Kala Daya telah Tiada,,,,,,,,,id,,,,,,,0,0,,0,,,,,"2007-11-29 15:36:50","2007-11-29 16:26:59",
3184,1,Injil Lukas 13-24,,,,,,,,,id,,,,,,,0,0,,0,,,,,"2007-11-29 15:36:50","2007-11-29 16:26:59",
3185,1,William C. Burns (Misionaris Awal Ke Cina),,,,,,,,,id,,,,,,,0,0,,0,,,,,"2007-11-29 15:36:50","2007-11-29 16:26:59",
3186,1,Tafsiran Kitab Wahyu,,,,,,,,,id,,,,,,,0,0,,0,,,,,"2007-11-29 15:36:50","2007-11-29 16:26:59",
3187,1,Emotionally Healthy Spirituality,"","","",,"","","","",id,,,NONE,"",,,0,0,,0,"",,,,"2007-11-29 15:36:50","2026-07-23 14:13:08",
3188,1,Seruan Hikmat - Hidup Bijak Menurut Amsal 31,,,,,,,,,id,,,,,,,0,0,,0,,,,,"2007-11-29 15:36:50","2007-11-29 16:26:59",
3189,1,Living An Authentic Christian Life,,,,,,,,,id,,,,,,,0,0,,0,,,,,"2007-11-29 15:36:50","2007-11-29 16:26:59",
3190,1,Kitab Imamat,,,,,,,,,id,,,,,,,0,0,,0,,,,,"2007-11-29 15:36:50","2007-11-29 16:26:59",
3191,1,Lepas Dari Belenggu Ketakutan,,,,,,,,,id,,,,,,,0,0,,0,,,,,"2007-11-29 15:36:50","2007-11-29 16:26:59",
3192,1,Karier: Panggilan atau Pilihan?,,,,,,,,,id,,,,,,,0,0,,0,,,,,"2007-11-29 15:36:50","2007-11-29 16:26:59",
3193,1,Tafsiran Alkitab Masa  Kini,,,,,,,,,id,,,,,,,0,0,,0,,,,,"2007-11-29 15:36:50","2007-11-29 16:26:59",
3194,1,Daniel,,,,,,,,,id,,,,,,,0,0,,0,,,,,"2007-11-29 15:36:50","2007-11-29 16:26:59",
3195,1,Kidung Agung,,,,,,,,,id,,,,,,,0,0,,0,,,,,"2007-11-29 15:36:50","2007-11-29 16:26:59",
3196,1,Love Without Limits,,,,,,,,,id,,,,,,,0,0,,0,,,,,"2007-11-29 15:36:50","2007-11-29 16:26:59",
3197,1,Pemahaman Alkitab - Surat Roma,,,,,,,,,id,,,,,,,0,0,,0,,,,,"2007-11-29 15:36:50","2007-11-29 16:26:59",
3198,1,Pemahaman Alkitab - Surat Ibrani,,,,,,,,,id,,,,,,,0,0,,0,,,,,"2007-11-29 15:36:50","2007-11-29 16:26:59",
3199,1,Why Christian Kids Leave the Faith,,,,,,,,,id,,,,,,,0,0,,0,,,,,"2007-11-29 15:36:50","2007-11-29 16:26:59",
3200,1,Amsal,,,,,,,,,id,,,,,,,0,0,,0,,,,,"2007-11-29 15:36:50","2007-11-29 16:26:59",
3201,1,Teologi Kontemporer,,,,,,,,,id,,,,,,,0,0,,0,,,,,"2007-11-29 15:36:50","2007-11-29 16:26:59",
3202,1,Pola Hidup Kristen,,,,,,,,,id,,,,,,,0,0,,0,,,,,"2007-11-29 15:36:50","2007-11-29 16:26:59",
3203,1,Talent Is Never Enough,"","","",,"","","","",id,,,NONE,"",,,0,0,,0,"",,,,"2007-11-29 15:36:50","2026-07-23 14:19:54",
3204,1,The Calling,,,,,,,,,id,,,,,,,0,0,,0,,,,,"2007-11-29 15:36:50","2007-11-29 16:26:59",
3205,1,Pemahaman Alkitab Surat 1 dan 2 Korintus,,,,,,,,,id,,,,,,,0,0,,0,,,,,"2007-11-29 15:36:50","2007-11-29 16:26:59",
3206,1,Kitab Ulangan,,,,,,,,,id,,,,,,,0,0,,0,,,,,"2007-11-29 15:36:50","2007-11-29 16:26:59",
3207,1,Yusuf,,,,,,,,,id,,,,,,,0,0,,0,,,,,"2007-11-29 15:36:50","2007-11-29 16:26:59",
3208,1,A Lifelong Love - Kasih Yang Abadi,,,,,,,,,id,,,,,,,0,0,,0,,,,,"2007-11-29 15:36:50","2007-11-29 16:26:59",
3209,1,What is True Forgiveness,,,,,,,,,id,,,,,,,0,0,,0,,,,,"2007-11-29 15:36:50","2007-11-29 16:26:59",
3210,1,Ketika Harapan Atas Pernikahan Memudar,,,,,,,,,id,,,,,,,0,0,,0,,,,,"2007-11-29 15:36:50","2007-11-29 16:26:59",
3211,1,Kenistaan Dan Kemuliaan Kalvari,,,,,,,,,id,,,,,,,0,0,,0,,,,,"2007-11-29 15:36:50","2007-11-29 16:26:59",
3212,1,Khotbah di Bukit,,,,,,,,,id,,,,,,,0,0,,0,,,,,"2007-11-29 15:36:50","2007-11-29 16:26:59",
3213,1,Kitab Kejadian,,,,,,,,,id,,,,,,,0,0,,0,,,,,"2007-11-29 15:36:50","2007-11-29 16:26:59",
3214,1,Belajar Teologi Sistematika,,,,,,,,,id,,,,,,,0,0,,0,,,,,"2007-11-29 15:36:50","2007-11-29 16:26:59",
3215,1,Si Lurik,,,,,,,,,id,,,,,,,0,0,,0,,,,,"2007-11-29 15:36:50","2007-11-29 16:26:59",
3216,1,Kitab Obaja,,,,,,,,,id,,,,,,,0,0,,0,,,,,"2007-11-29 15:36:50","2007-11-29 16:26:59",
3217,1,Saul,,,,,,,,,id,,,,,,,0,0,,0,,,,,"2007-11-29 15:36:50","2007-11-29 16:26:59",
3218,1,Mengikuti Jejak Leijdecker Jilid 1,,,,,,,,,id,,,,,,,0,0,,0,,,,,"2007-11-29 15:36:50","2007-11-29 16:26:59",
3219,1,Berpetualang Dalam Kerajaan Allah 5,,,,,,,,,id,,,,,,,0,0,,0,,,,,"2007-11-29 15:36:50","2007-11-29 16:26:59",
3220,1,Taking A Second Look,,,,,,,,,id,,,,,,,0,0,,0,,,,,"2007-11-29 15:36:50","2007-11-29 16:26:59",
3221,1,Jangan gugurkan aku!,,,,,,,,,id,,,,,,,0,0,,0,,,,,"2007-11-29 15:36:50","2007-11-29 16:26:59",
3222,1,Aiko di Tokyo,,,,,,,,,id,,,,,,,0,0,,0,,,,,"2007-11-29 15:36:50","2007-11-29 16:26:59",
3223,1,Penginterpretasian Kitab Para Nabi,,,,,,,,,id,,,,,,,0,0,,0,,,,,"2007-11-29 15:36:50","2007-11-29 16:26:59",
3224,1,Ketika Tuhan Berbisik,,,,,,,,,id,,,,,,,0,0,,0,,,,,"2007-11-29 15:36:50","2007-11-29 16:26:59",
3225,1,Tertikam oleh karena pemberontakan kita,,,,,,,,,id,,,,,,,0,0,,0,,,,,"2007-11-29 15:36:50","2007-11-29 16:26:59",
3226,1,Kitab Yunus,,,,,,,,,id,,,,,,,0,0,,0,,,,,"2007-11-29 15:36:50","2007-11-29 16:26:59",
3227,1,Berpetualang Dalam Kerajaan Allah 6,,,,,,,,,id,,,,,,,0,0,,0,,,,,"2007-11-29 15:36:50","2007-11-29 16:26:59",
3228,1,Converstation evangelism,,,,,,,,,id,,,,,,,0,0,,0,,,,,"2007-11-29 15:36:50","2007-11-29 16:26:59",
3229,1,Cerita Alkitab langkah Pertama,,,,,,,,,id,,,,,,,0,0,,0,,,,,"2007-11-29 15:36:50","2007-11-29 16:26:59",
3230,1,"Aku, Dia, & Sahabatku",,,,,,,,,id,,,,,,,0,0,,0,,,,,"2007-11-29 15:36:50","2007-11-29 16:26:59",
3231,1,Simon Petrus : Batu Karang Yang Digerakkan Allah,,,,,,,,,id,,,,,,,0,0,,0,,,,,"2007-11-29 15:36:50","2007-11-29 16:26:59",
3232,1,Kitab Yoel,,,,,,,,,id,,,,,,,0,0,,0,,,,,"2007-11-29 15:36:50","2007-11-29 16:26:59",
3233,1,Reinventing Jesus,,,,,,,,,id,,,,,,,0,0,,0,,,,,"2007-11-29 15:36:50","2007-11-29 16:26:59",
3234,1,Hati & Wajah Kristen,,,,,,,,,id,,,,,,,0,0,,0,,,,,"2007-11-29 15:36:50","2007-11-29 16:26:59",
3235,1,Berpetualang Dalam Kerajaan Allah 7,,,,,,,,,id,,,,,,,0,0,,0,,,,,"2007-11-29 15:36:50","2007-11-29 16:26:59",
3236,1,Memaksimalkan Karier Anda,,,,,,,,,id,,,,,,,0,0,,0,,,,,"2007-11-29 15:36:50","2007-11-29 16:26:59",
3237,1,Menerbangi Terowongan Cahaya,,,,,,,,,id,,,,,,,0,0,,0,,,,,"2007-11-29 15:36:50","2007-11-29 16:26:59",
3238,1,Appreciating God's Loving Anger,,,,,,,,,id,,,,,,,0,0,,0,,,,,"2007-11-29 15:36:50","2007-11-29 16:26:59",
3239,1,Top Tips buat remaja yang gaul n open Minded,,,,,,,,,id,,,,,,,0,0,,0,,,,,"2007-11-29 15:36:50","2007-11-29 16:26:59",
3240,1,Kitab Hosea,,,,,,,,,id,,,,,,,0,0,,0,,,,,"2007-11-29 15:36:50","2007-11-29 16:26:59",
3241,1,"Tuhan, Apakah Engkau Peduli ?",,,,,,,,,id,,,,,,,0,0,,0,,,,,"2007-11-29 15:36:50","2007-11-29 16:26:59",
3242,1,After The Storm,,,,,,,,,id,,,,,,,0,0,,0,,,,,"2007-11-29 15:36:50","2007-11-29 16:26:59",
3243,1,Berpetualang Dalam Kerajaan Allah 8,,,,,,,,,id,,,,,,,0,0,,0,,,,,"2007-11-29 15:36:50","2007-11-29 16:26:59",
3244,1,"8 Pilihan Hidup Bahagia",,,,,,,,,id,,,,,,,0,0,,0,,,,,"2007-11-29 15:36:50","2007-11-29 16:26:59",
3245,1,House,,,,,,,,,id,,,,,,,0,0,,0,,,,,"2007-11-29 15:36:50","2007-11-29 16:26:59",
3246,1,"25 pelajaran tentang doktrin kristen",,,,,,,,,id,,,,,,,0,0,,0,,,,,"2007-11-29 15:36:50","2007-11-29 16:26:59",
3247,1,HalfTime,,,,,,,,,id,,,,,,,0,0,,0,,,,,"2007-11-29 15:36:50","2007-11-29 16:26:59",
3248,1,Ketika Tuhan Berkata Lompat!,,,,,,,,,id,,,,,,,0,0,,0,,,,,"2007-11-29 15:36:50","2007-11-29 16:26:59",
3249,1,Bible Mini 2 : Yosua - 2 Raja Raja,,,,,,,,,id,,,,,,,0,0,,0,,,,,"2007-11-29 15:36:50","2007-11-29 16:26:59",
3250,1,Yesus Dan Pemerintahan Allah,,,,,,,,,id,,,,,,,0,0,,0,,,,,"2007-11-29 15:36:50","2007-11-29 16:26:59",
3251,1,Mendambakan Allah,,,,,,,,,id,,,,,,,0,0,,0,,,,,"2007-11-29 15:36:50","2007-11-29 16:26:59",
3252,1,Worldliness,,,,,,,,,id,,,,,,,0,0,,0,,,,,"2007-11-29 15:36:50","2007-11-29 16:26:59",
3253,1,Growing Your Faith,,,,,,,,,id,,,,,,,0,0,,0,,,,,"2007-11-29 15:36:50","2007-11-29 16:26:59",
3254,1,Don't Give Up !,,,,,,,,,id,,,,,,,0,0,,0,,,,,"2007-11-29 15:36:50","2007-11-29 16:26:59",
3255,1,Respectable Sins,,,,,,,,,id,,,,,,,0,0,,0,,,,,"2007-11-29 15:36:50","2007-11-29 16:26:59",
3256,1,Kristen Helikopter Kristen Kapal Selam,,,,,,,,,id,,,,,,,0,0,,0,,,,,"2007-11-29 15:36:50","2007-11-29 16:26:59",
3257,1,"Mengenal Agama Hindu, Budha, Khong Hu Cu",,,,,,,,,id,,,,,,,0,0,,0,,,,,"2007-11-29 15:36:50","2007-11-29 16:26:59",
3258,1,Dua Umat Dan Yesus,,,,,,,,,id,,,,,,,0,0,,0,,,,,"2007-11-29 15:36:50","2007-11-29 16:26:59",
3259,1,The Pilgrim's Progress 2,,,,,,,,,id,,,,,,,0,0,,0,,,,,"2007-11-29 15:36:50","2007-11-29 16:26:59",
3260,1,The Pilgrim's Progress 1,,,,,,,,,id,,,,,,,0,0,,0,,,,,"2007-11-29 15:36:50","2007-11-29 16:26:59",
3261,1,Bible Questions & Answers : 2001 Pertanyaan Untuk Mengasah Pengetahuan Alkitab Anda,,,,,,,,,id,,,,,,,0,0,,0,,,,,"2007-11-29 15:36:50","2007-11-29 16:26:59",
3262,1,Daud Dan Kerajaan Israel,,,,,,,,,id,,,,,,,0,0,,0,,,,,"2007-11-29 15:36:50","2007-11-29 16:26:59",
3263,1,Unsur-Unsur Liturgia,,,,,,,,,id,,,,,,,0,0,,0,,,,,"2007-11-29 15:36:50","2007-11-29 16:26:59",
3264,1,Doa Mengetuk Hati Allah,,,,,,,,,id,,,,,,,0,0,,0,,,,,"2007-11-29 15:36:50","2007-11-29 16:26:59",
3265,1,Pertolongan Di Tengah Badai,,,,,,,,,id,,,,,,,0,0,,0,,,,,"2007-11-29 15:36:50","2007-11-29 16:26:59",
3266,1,Ajaran Dua Kerajaan Luther,,,,,,,,,id,,,,,,,0,0,,0,,,,,"2007-11-29 15:36:50","2007-11-29 16:26:59",
3267,1,Mengapa Ada Penderitaan,,,,,,,,,id,,,,,,,0,0,,0,,,,,"2007-11-29 15:36:50","2007-11-29 16:26:59",
3268,1,Kosong,,,,,,,,,id,,,,,,,0,0,,0,,,,,"2007-11-29 15:36:50","2007-11-29 16:26:59",
3269,1,School Of Life,,,,,,,,,id,,,,,,,0,0,,0,,,,,"2007-11-29 15:36:50","2007-11-29 16:26:59",
3270,1,A Leader's Heart,,,,,,,,,id,,,,,,,0,0,,0,,,,,"2007-11-29 15:36:50","2007-11-29 16:26:59",
3271,1,Give Me A Hug (Beri Aku Pelukan),,,,,,,,,id,,,,,,,0,0,,0,,,,,"2007-11-29 15:36:50","2007-11-29 16:26:59",
3272,1,Sepanjang Tahun Menelusuri Alkitab,,,,,,,,,id,,,,,,,0,0,,0,,,,,"2007-11-29 15:36:50","2007-11-29 16:26:59",
3273,1,"Petani Yang Kaya, Mutiara Yang Berharga",,,,,,,,,id,,,,,,,0,0,,0,,,,,"2007-11-29 15:36:50","2007-11-29 16:26:59",
3274,1,"Dua Anak Laki-laki, Rumah Di Atas Batu",,,,,,,,,id,,,,,,,0,0,,0,,,,,"2007-11-29 15:36:50","2007-11-29 16:26:59",
3275,1,The Marriage You've Always Wanted (Pernikahan Yang Selalu Anda Dambakan,,,,,,,,,id,,,,,,,0,0,,0,,,,,"2007-11-29 15:36:50","2007-11-29 16:26:59",
3276,1,as,,,,,,,,,id,,,,,,,0,0,,0,,,,,"2007-11-29 15:36:50","2007-11-29 16:26:59",
3277,1,Family Shepherds (Gembala-Gembala Keluarga),,,,,,,,,id,,,,,,,0,0,,0,,,,,"2007-11-29 15:36:50","2007-11-29 16:26:59",
3278,1,Be Different : Janganlah Kamu Menjadi Serupa Dengan Dunia Ini,,,,,,,,,id,,,,,,,0,0,,0,,,,,"2007-11-29 15:36:50","2007-11-29 16:26:59",
3279,1,Growing Up ! : Bertumbuh Di Dalam Segala Hal Ke Arah Kristus,,,,,,,,,id,,,,,,,0,0,,0,,,,,"2007-11-29 15:36:50","2007-11-29 16:26:59",
3280,1,as,,,,,,,,,id,,,,,,,0,0,,0,,,,,"2007-11-29 15:36:50","2007-11-29 16:26:59",
3281,1,Impact : Kamu Adalah Garam Dan Terang Dunia,,,,,,,,,id,,,,,,,0,0,,0,,,,,"2007-11-29 15:36:50","2007-11-29 16:26:59",
3282,1,"101 Ide Jitu Membangun Kekompakan Dalam Kelompok Kecil",,,,,,,,,id,,,,,,,0,0,,0,,,,,"2007-11-29 15:36:50","2007-11-29 16:26:59",
3283,1,Ti,,,,,,,,,id,,,,,,,0,0,,0,,,,,"2007-11-29 15:36:50","2007-11-29 16:26:59",
3284,1,Jemaat Bertanya Pendeta Menjawab,,,,,,,,,id,,,,,,,0,0,,0,,,,,"2007-11-29 15:36:50","2007-11-29 16:26:59",
3285,1,Il,,,,,,,,,id,,,,,,,0,0,,0,,,,,"2007-11-29 15:36:50","2007-11-29 16:26:59",
3286,1,Tantangan Dalam Berkhotbah,,,,,,,,,id,,,,,,,0,0,,0,,,,,"2007-11-29 15:36:50","2007-11-29 16:26:59",
3287,1,I Am A Difference Maker : Generasi Pembawa Perubahan,,,,,,,,,id,,,,,,,0,0,,0,,,,,"2007-11-29 15:36:50","2007-11-29 16:26:59",
3288,1,Merintis & Mengembangkan Kelas Bayi (0-2 tahun) di Sekolah Minggu,,,,,,,,,id,,,,,,,0,0,,0,,,,,"2007-11-29 15:36:50","2007-11-29 16:26:59",
3289,1,Pansus' Membongkar Surat Petrus (1 Petrus),,,,,,,,,id,,,,,,,0,0,,0,,,,,"2007-11-29 15:36:50","2007-11-29 16:26:59",
3290,1,Mencari Allah :Pemahaman Kitab Amos Tentang Mencintai Keadilan Dan Kebenaran,,,,,,,,,id,,,,,,,0,0,,0,,,,,"2007-11-29 15:36:50","2007-11-29 16:26:59",
3291,1,Soul Harvest (Panen Jiwa) : Dunia Menentukan Sikap,,,,,,,,,id,,,,,,,0,0,,0,,,,,"2007-11-29 15:36:50","2007-11-29 16:26:59",
3292,1,Kisah Para Rasul Untuk Semua Orang 2,,,,,,,,,id,,,,,,,0,0,,0,,,,,"2007-11-29 15:36:50","2007-11-29 16:26:59",
3293,1,Sang Penghancur Dilepaskan,,,,,,,,,id,,,,,,,0,0,,0,,,,,"2007-11-29 15:36:50","2007-11-29 16:26:59",
3294,1,Tribulation Force (Laskar Kristus Di Masa Siksaan),,,,,,,,,id,,,,,,,0,0,,0,,,,,"2007-11-29 15:36:50","2007-11-29 16:26:59",
3295,1,Acts : What A Doctor Found When He Examined Christ's Body,,,,,,,,,id,,,,,,,0,0,,0,,,,,"2007-11-29 15:36:50","2007-11-29 16:26:59",
3296,1,Filipi : Surat Cinta Dari Orang Yang Tua,,,,,,,,,id,,,,,,,0,0,,0,,,,,"2007-11-29 15:36:50","2007-11-29 16:26:59",
3297,1,Bangkitnya Sang Antikristus Nicolae : Buku Tiga,,,,,,,,,id,,,,,,,0,0,,0,,,,,"2007-11-29 15:36:50","2007-11-29 16:26:59",
3298,1,'Pansus' Membongkar Surat Filemon & Yudas,,,,,,,,,id,,,,,,,0,0,,0,,,,,"2007-11-29 15:36:50","2007-11-29 16:26:59",
3299,1,Berani Menembus Badai,,,,,,,,,id,,,,,,,0,0,,0,,,,,"2007-11-29 15:36:50","2007-11-29 16:26:59",
3300,1,The Shack : Tragedi Yang Menyingkap Misteri Tentang Tuhan,,,,,,,,,id,,,,,,,0,0,,0,,,,,"2007-11-29 15:36:50","2007-11-29 16:26:59",
3301,1,Tafsiran Alkitab Injil Matius Pasal 1 -22,,,,,,,,,id,,,,,,,0,0,,0,,,,,"2007-11-29 15:36:50","2007-11-29 16:26:59",
3302,1,Hadassah : Satu malam Bersama Sang Raja,,,,,,,,,id,,,,,,,0,0,,0,,,,,"2007-11-29 15:36:50","2007-11-29 16:26:59",
3303,1,Berjalan Dalam Kabut : Above The Line Series,,,,,,,,,id,,,,,,,0,0,,0,,,,,"2007-11-29 15:36:50","2007-11-29 16:26:59",
3304,1,Miracle Man,,,,,,,,,id,,,,,,,0,0,,0,,,,,"2007-11-29 15:36:50","2007-11-29 16:26:59",
3305,1,"100 Renungan Hidup Berkemenangan",,,,,,,,,id,,,,,,,0,0,,0,,,,,"2007-11-29 15:36:50","2007-11-29 16:26:59",
3306,1,What He Must Be,,,,,,,,,id,,,,,,,0,0,,0,,,,,"2007-11-29 15:36:50","2007-11-29 16:26:59",
3307,1,Now You're Speaking My Language,,,,,,,,,id,,,,,,,0,0,,0,,,,,"2007-11-29 15:36:50","2007-11-29 16:26:59",
3308,1,Raising Motivated Kids : Membesarkan Anak-Anak Yang Memiliki Motivasi,,,,,,,,,id,,,,,,,0,0,,0,,,,,"2007-11-29 15:36:50","2007-11-29 16:26:59",
3309,1,Perceraian & Perkawinan Kembali,,,,,,,,,id,,,,,,,0,0,,0,,,,,"2007-11-29 15:36:50","2007-11-29 16:26:59",
3310,1,Cyber Smart Parenting,,,,,,,,,id,,,,,,,0,0,,0,,,,,"2007-11-29 15:36:50","2007-11-29 16:26:59",
3311,1,Lost In Translation : Bagaimana Laki-Laki Dan Perempuan Bisa Saling Memahami,,,,,,,,,id,,,,,,,0,0,,0,,,,,"2007-11-29 15:36:50","2007-11-29 16:26:59",
3312,1,Harmony In Midlife Marriage,,,,,,,,,id,,,,,,,0,0,,0,,,,,"2007-11-29 15:36:50","2007-11-29 16:26:59",
3313,1,"12 Pertanyaan Yang Harus Diajukan Sebelum Anda Menikah",,,,,,,,,id,,,,,,,0,0,,0,,,,,"2007-11-29 15:36:50","2007-11-29 16:26:59",
3314,1,Kabar Burung Tentang Dunia Lain (Rumours Of Another World),,,,,,,,,id,,,,,,,0,0,,0,,,,,"2007-11-29 15:36:50","2007-11-29 16:26:59",
3315,1,When Dreams Come True,,,,,,,,,id,,,,,,,0,0,,0,,,,,"2007-11-29 15:36:50","2007-11-29 16:26:59",
3316,1,Beautiful In His Time,,,,,,,,,id,,,,,,,0,0,,0,,,,,"2007-11-29 15:36:50","2007-11-29 16:26:59",
3317,1,Pertolongan Tuhan Atas Persoalan Saya,,,,,,,,,id,,,,,,,0,0,,0,,,,,"2007-11-29 15:36:50","2007-11-29 16:26:59",
3318,1,"31 Hari Pujian",,,,,,,,,id,,,,,,,0,0,,0,,,,,"2007-11-29 15:36:50","2007-11-29 16:26:59",
3319,1,Usah Kau Lara Sendiri,,,,,,,,,id,,,,,,,0,0,,0,,,,,"2007-11-29 15:36:50","2007-11-29 16:26:59",
3320,1,Hadapilah Dengan Senyum,,,,,,,,,id,,,,,,,0,0,,0,,,,,"2007-11-29 15:36:50","2007-11-29 16:26:59",
3321,1,"77 Permainan Asyik",,,,,,,,,id,,,,,,,0,0,,0,,,,,"2007-11-29 15:36:50","2007-11-29 16:26:59",
3322,1,Lima Bahasa Kasih Untuk Kaum Lajang,,,,,,,,,id,,,,,,,0,0,,0,,,,,"2007-11-29 15:36:50","2007-11-29 16:26:59",
3323,1,Apa Salahnya Musik Gaul ?,,,,,,,,,id,,,,,,,0,0,,0,,,,,"2007-11-29 15:36:50","2007-11-29 16:26:59",
3324,1,Ilmuwan Untuk Rakyat,,,,,,,,,id,,,,,,,0,0,,0,,,,,"2007-11-29 15:36:50","2007-11-29 16:26:59",
3325,1,Kepemimpinan Gereja Masa Mendatang,,,,,,,,,id,,,,,,,0,0,,0,,,,,"2007-11-29 15:36:50","2007-11-29 16:26:59",
3326,1,How To Lead & Still Have A Life,,,,,,,,,id,,,,,,,0,0,,0,,,,,"2007-11-29 15:36:50","2007-11-29 16:26:59",
3327,1,Katekismus Singkat Westminster 2,"","","979-8131-22-3",,"","","","13000065",id,,,"13000065","",,,0,0,,0,"",,,,"2007-11-29 15:36:50","2026-07-25 12:04:35",
3328,1,Firman Hidup,"","","",,"","","","",id,,,NONE,"",,,0,0,,0,"",,,,"2007-11-29 15:36:50","2026-07-26 11:42:09",
3329,1,Spiritual Warrior (Ksatria Rohani),,,,,,,,,id,,,,,,,0,0,,0,,,,,"2007-11-29 15:36:50","2007-11-29 16:26:59",
3330,1,Berlayar Di Antara Bintang-Bintang,,,,,,,,,id,,,,,,,0,0,,0,,,,,"2007-11-29 15:36:50","2007-11-29 16:26:59",
3331,1,Hidup Yang Berbuah (The Fruitful Life),,,,,,,,,id,,,,,,,0,0,,0,,,,,"2007-11-29 15:36:50","2007-11-29 16:26:59",
3332,1,"Jika Allah Sudah Tahu, Mengapa Masih Berdoa ?",,,,,,,,,id,,,,,,,0,0,,0,,,,,"2007-11-29 15:36:50","2007-11-29 16:26:59",
3333,1,Shine : 5 Prinsip Untuk Membuat Usaha Dan Karier Anda Melejit,,,,,,,,,id,,,,,,,0,0,,0,,,,,"2007-11-29 15:36:50","2007-11-29 16:26:59",
3334,1,Tuhankulah Gembalaku : Refleksi Mazmur 23,,,,,,,,,id,,,,,,,0,0,,0,,,,,"2007-11-29 15:36:50","2007-11-29 16:26:59",
3335,1,Esensi Dari Lima Bahasa Kasih,,,,,,,,,id,,,,,,,0,0,,0,,,,,"2007-11-29 15:36:50","2007-11-29 16:26:59",
3336,1,Love Is A Verb,,,,,,,,,id,,,,,,,0,0,,0,,,,,"2007-11-29 15:36:50","2007-11-29 16:26:59",
3337,1,Marriage Under Fire,,,,,,,,,id,,,,,,,0,0,,0,,,,,"2007-11-29 15:36:50","2007-11-29 16:26:59",
3338,1,They Lived Happily,,,,,,,,,id,,,,,,,0,0,,0,,,,,"2007-11-29 15:36:50","2007-11-29 16:26:59",
3339,1,Memahami Remaja dan Pergumulannya,,,,,,,,,id,,,,,,,0,0,,0,,,,,"2007-11-29 15:36:50","2007-11-29 16:26:59",
3340,1,Agama Israel Kuno,"","","",,"","","","",id,,,NONE,"",,,0,0,,0,"",,,,"2007-11-29 15:36:50","2026-07-26 11:39:20",
3341,1,"Putraku, Kebanggaanku!",,,,,,,,,id,,,,,,,0,0,,0,,,,,"2007-11-29 15:36:50","2007-11-29 16:26:59",
3342,1,Kinza,,,,,,,,,id,,,,,,,0,0,,0,,,,,"2007-11-29 15:36:50","2007-11-29 16:26:59",
3343,1,Doa Sang Katak,,,,,,,,,id,,,,,,,0,0,,0,,,,,"2007-11-29 15:36:50","2007-11-29 16:26:59",
3344,1,The Impact (Kisah Orang-orang Biasa yang Berdampak Luar Biasa),,,,,,,,,id,,,,,,,0,0,,0,,,,,"2007-11-29 15:36:50","2007-11-29 16:26:59",
3345,1,Kisah Tokoh-Tokoh Unik Dalam Alkitab,,,,,,,,,id,,,,,,,0,0,,0,,,,,"2007-11-29 15:36:50","2007-11-29 16:26:59",
3346,1,Selamat Berkembang : 33 Renungan Tentang Spiritualitas,,,,,,,,,id,,,,,,,0,0,,0,,,,,"2007-11-29 15:36:50","2007-11-29 16:26:59",
3347,1,Jangan Minta Beban Ringan Mintalah Bahu Kuat,,,,,,,,,id,,,,,,,0,0,,0,,,,,"2007-11-29 15:36:50","2007-11-29 16:26:59",
3348,1,Selamat Natal : 33 Renungan Tentang Natal,,,,,,,,,id,,,,,,,0,0,,0,,,,,"2007-11-29 15:36:50","2007-11-29 16:26:59",
3349,1,Hidup Benar Dalam Budaya Sekuler : Teladan Saleh Dari Hidup Daniel,,,,,,,,,id,,,,,,,0,0,,0,,,,,"2007-11-29 15:36:50","2007-11-29 16:26:59",
3350,1,Panduan Pelayanan Gerejawi,,,,,,,,,id,,,,,,,0,0,,0,,,,,"2007-11-29 15:36:50","2007-11-29 16:26:59",
3351,1,Questions Skeptics Ask About The God Of The Old Testament,,,,,,,,,id,,,,,,,0,0,,0,,,,,"2007-11-29 15:36:50","2007-11-29 16:26:59",
3352,1,Selamat Berkembang : 33 Renungan Tentang Spiritualitas,,,,,,,,,id,,,,,,,0,0,,0,,,,,"2007-11-29 15:36:50","2007-11-29 16:26:59",
3353,1,Teilhard De Chardin,,,,,,,,,id,,,,,,,0,0,,0,,,,,"2007-11-29 15:36:50","2007-11-29 16:26:59",
3354,1,Selamat Sejahtera : 33 Renungan Tentang Kedamaian,,,,,,,,,id,,,,,,,0,0,,0,,,,,"2007-11-29 15:36:50","2007-11-29 16:26:59",
3355,1,Selamat Berkerabat : 33 Renungan Tentang Kebersamaan,,,,,,,,,id,,,,,,,0,0,,0,,,,,"2007-11-29 15:36:50","2007-11-29 16:26:59",
3356,1,Kebun Pelangi,,,,,,,,,id,,,,,,,0,0,,0,,,,,"2007-11-29 15:36:50","2007-11-29 16:26:59",
3357,1,Selamat Bergumul : 33 Renungan Tentang Iman,,,,,,,,,id,,,,,,,0,0,,0,,,,,"2007-11-29 15:36:50","2007-11-29 16:26:59",
3358,1,Engkau Diciptakan Begitu Indah,,,,,,,,,id,,,,,,,0,0,,0,,,,,"2007-11-29 15:36:50","2007-11-29 16:26:59",
3359,1,Anders Nygren,,,,,,,,,id,,,,,,,0,0,,0,,,,,"2007-11-29 15:36:50","2007-11-29 16:26:59",
3360,1,Selamat Paskah : 33 Renungan Paskah,,,,,,,,,id,,,,,,,0,0,,0,,,,,"2007-11-29 15:36:50","2007-11-29 16:26:59",
3361,1,"Selamat Pagi, Tuhan ! : 33 Renungan Tentang Doa",,,,,,,,,id,,,,,,,0,0,,0,,,,,"2007-11-29 15:36:50","2007-11-29 16:26:59",
3362,1,Anda Luar Biasa ! Kisah Orang-Orang Biasa Yang Menginspirasi Anda Jadi Luar Biasa,,,,,,,,,id,,,,,,,0,0,,0,,,,,"2007-11-29 15:36:50","2007-11-29 16:26:59",
3363,1,Gambaran Besar Kisah Alkitab,,,,,,,,,id,,,,,,,0,0,,0,,,,,"2007-11-29 15:36:50","2007-11-29 16:26:59",
3364,1,"Bergereja, Berteologi, dan Bermasyarakat",,,,,,,,,id,,,,,,,0,0,,0,,,,,"2007-11-29 15:36:50","2007-11-29 16:26:59",
3365,1,Emil Brunner,,,,,,,,,id,,,,,,,0,0,,0,,,,,"2007-11-29 15:36:50","2007-11-29 16:26:59",
3366,1,Mau Bangkit Tetapi Tidak Mau Ikut Mati,,,,,,,,,id,,,,,,,0,0,,0,,,,,"2007-11-29 15:36:50","2007-11-29 16:26:59",
3367,1,Selamat Berbakti : 33 Renungan Tentang Ibadah,,,,,,,,,id,,,,,,,0,0,,0,,,,,"2007-11-29 15:36:50","2007-11-29 16:26:59",
3368,1,Cinta Dan Sukacita,,,,,,,,,id,,,,,,,0,0,,0,,,,,"2007-11-29 15:36:50","2007-11-29 16:26:59",
3369,1,Charles Hartshorne,,,,,,,,,id,,,,,,,0,0,,0,,,,,"2007-11-29 15:36:50","2007-11-29 16:26:59",
3370,1,Filsafat Pelayanan Berdasarkan Alkitab,,,,,,,,,id,,,,,,,0,0,,0,,,,,"2007-11-29 15:36:50","2007-11-29 16:26:59",
3371,1,Renungan Satu Tahun Untuk Anak-Anak Prasekolah,,,,,,,,,id,,,,,,,0,0,,0,,,,,"2007-11-29 15:36:50","2007-11-29 16:26:59",
3372,1,Perjalanan Seorang Musafir (Little Pilgrim's Progress),,,,,,,,,id,,,,,,,0,0,,0,,,,,"2007-11-29 15:36:50","2007-11-29 16:26:59",
3373,1,Sebelum Terlambat Ubahlah Sikapku Tuhan,,,,,,,,,id,,,,,,,0,0,,0,,,,,"2007-11-29 15:36:50","2007-11-29 16:26:59",
3374,1,Renungan Satu Tahun Untuk Anak-Anak Prasekolah 2,,,,,,,,,id,,,,,,,0,0,,0,,,,,"2007-11-29 15:36:50","2007-11-29 16:26:59",
3375,1,Pansus Membongkar Surat Tesalonika,,,,,,,,,id,,,,,,,0,0,,0,,,,,"2007-11-29 15:36:50","2007-11-29 16:26:59",
3376,1,Tomo 1 - I Was an Eight-Grade Ninja,,,,,,,,,id,,,,,,,0,0,,0,,,,,"2007-11-29 15:36:50","2007-11-29 16:26:59",
3377,1,Perjalanan Musafir,,,,,,,,,id,,,,,,,0,0,,0,,,,,"2007-11-29 15:36:50","2007-11-29 16:26:59",
3378,1,Efesus : Mewujudkan Masyarakat Baru Di Dalam Dan Melalui Yesus Kristus,,,,,,,,,id,,,,,,,0,0,,0,,,,,"2007-11-29 15:36:50","2007-11-29 16:26:59",
3379,1,The Puzzle of Teenage Life,,,,,,,,,id,,,,,,,0,0,,0,,,,,"2007-11-29 15:36:50","2007-11-29 16:26:59",
3380,1,Renovation Of The Heart  (Pembaharuan Hati),,,,,,,,,id,,,,,,,0,0,,0,,,,,"2007-11-29 15:36:50","2007-11-29 16:26:59",
3381,1,Didakhe - Pengajaran Kedua Belas Rasul,,,,,,,,,id,,,,,,,0,0,,0,,,,,"2007-11-29 15:36:50","2007-11-29 16:26:59",
3382,1,Alkitab Untuk Balita,,,,,,,,,id,,,,,,,0,0,,0,,,,,"2007-11-29 15:36:50","2007-11-29 16:26:59",
3383,1,God Made Dinosaurs,,,,,,,,,id,,,,,,,0,0,,0,,,,,"2007-11-29 15:36:50","2007-11-29 16:26:59",
3384,1,Alkitab Anak Sehari-hari,,,,,,,,,id,,,,,,,0,0,,0,,,,,"2007-11-29 15:36:50","2007-11-29 16:26:59",
3385,1,Komik Manga Sejarah Kristen,,,,,,,,,id,,,,,,,0,0,,0,,,,,"2007-11-29 15:36:50","2007-11-29 16:26:59",
3386,1,God Made The Ocean,,,,,,,,,id,,,,,,,0,0,,0,,,,,"2007-11-29 15:36:50","2007-11-29 16:26:59",
3387,1,Breakthrough Seorang Jomblo,,,,,,,,,id,,,,,,,0,0,,0,,,,,"2007-11-29 15:36:50","2007-11-29 16:26:59",
3388,1,David's Mighty Men,,,,,,,,,id,,,,,,,0,0,,0,,,,,"2007-11-29 15:36:50","2007-11-29 16:26:59",
3389,1,Augustinus dari Hippo,,,,,,,,,id,,,,,,,0,0,,0,,,,,"2007-11-29 15:36:50","2007-11-29 16:26:59",
3390,1,Habits Of The Mind (Kebiasaan Akal Budi),,,,,,,,,id,,,,,,,0,0,,0,,,,,"2007-11-29 15:36:50","2007-11-29 16:26:59",
3391,1,Menjadi Murid Sejati Abad XXI,,,,,,,,,id,,,,,,,0,0,,0,,,,,"2007-11-29 15:36:50","2007-11-29 16:26:59",
3392,1,The All-Faithful God,,,,,,,,,id,,,,,,,0,0,,0,,,,,"2007-11-29 15:36:50","2007-11-29 16:26:59",
3393,1,Athanasius,,,,,,,,,id,,,,,,,0,0,,0,,,,,"2007-11-29 15:36:50","2007-11-29 16:26:59",
3394,1,Pyramid Peril,,,,,,,,,id,,,,,,,0,0,,0,,,,,"2007-11-29 15:36:50","2007-11-29 16:26:59",
3395,1,Samuel,,,,,,,,,id,,,,,,,0,0,,0,,,,,"2007-11-29 15:36:50","2007-11-29 16:26:59",
3396,1,Berpetualang dalam Kerajaan Allah 9,,,,,,,,,id,,,,,,,0,0,,0,,,,,"2007-11-29 15:36:50","2007-11-29 16:26:59",
3397,1,Alkitab Aktivitasku,,,,,,,,,id,,,,,,,0,0,,0,,,,,"2007-11-29 15:36:50","2007-11-29 16:26:59",
3398,1,Tomo 2 - My Double-Edged Life,,,,,,,,,id,,,,,,,0,0,,0,,,,,"2007-11-29 15:36:50","2007-11-29 16:26:59",
3399,1,My Baby-Sitter & I (Aku & Pengasuhku),,,,,,,,,id,,,,,,,0,0,,0,,,,,"2007-11-29 15:36:50","2007-11-29 16:26:59",
3400,1,"Letting God Be Judge (Menghakimi Sesama, Menghakimi Diri Sendiri)",,,,,,,,,id,,,,,,,0,0,,0,,,,,"2007-11-29 15:36:50","2007-11-29 16:26:59",
3401,1,John Owen,,,,,,,,,id,,,,,,,0,0,,0,,,,,"2007-11-29 15:36:50","2007-11-29 16:26:59",
3402,1,"66 Cerita Alkitab Pertamaku",,,,,,,,,id,,,,,,,0,0,,0,,,,,"2007-11-29 15:36:50","2007-11-29 16:26:59",
3403,1,Menebus Sains (Pendekatan Yang Berpusat Kepada Allah),,,,,,,,,id,,,,,,,0,0,,0,,,,,"2007-11-29 15:36:50","2007-11-29 16:26:59",
3404,1,Bagaimana Menganalisa Kitab Mazmur,,,,,,,,,id,,,,,,,0,0,,0,,,,,"2007-11-29 15:36:50","2007-11-29 16:26:59",
3405,1,Roh Kudus Penolong Kita,,,,,,,,,id,,,,,,,0,0,,0,,,,,"2007-11-29 15:36:50","2007-11-29 16:26:59",
3406,1,Iman Dalam Perbuatan,,,,,,,,,id,,,,,,,0,0,,0,,,,,"2007-11-29 15:36:50","2007-11-29 16:26:59",
3407,1,Menyelidiki Kesejarahan Yesus,"","","9786028009522",,"","","","13000248",id,,,NONE,"",,,0,0,,0,"",,,,"2007-11-29 15:36:50","2026-08-09 11:01:38",
3408,1,Perumpamaan Perumpamaan Yesus,,,,,,,,,id,,,,,,,0,0,,0,,,,,"2007-11-29 15:36:50","2007-11-29 16:26:59",
3409,1,Kisah Perjanjian Lama 1,,,,,,,,,id,,,,,,,0,0,,0,,,,,"2007-11-29 15:36:50","2007-11-29 16:26:59",
3410,1,The Birth of Jesus Christ,,,,,,,,,id,,,,,,,0,0,,0,,,,,"2007-11-29 15:36:50","2007-11-29 16:26:59",
3411,1,Perangkap Cinta,,,,,,,,,id,,,,,,,0,0,,0,,,,,"2007-11-29 15:36:50","2007-11-29 16:26:59",
3412,1,Mukjizat Di Rumah Yairus,,,,,,,,,id,,,,,,,0,0,,0,,,,,"2007-11-29 15:36:50","2007-11-29 16:26:59",
3413,1,Bidat Kristen Dari Masa Ke Masa,,,,,,,,,id,,,,,,,0,0,,0,,,,,"2007-11-29 15:36:50","2007-11-29 16:26:59",
3414,1,Jubah Baru Yusuf,,,,,,,,,id,,,,,,,0,0,,0,,,,,"2007-11-29 15:36:50","2007-11-29 16:26:59",
3415,1,Aku Takkan Menyerah,,,,,,,,,id,,,,,,,0,0,,0,,,,,"2007-11-29 15:36:50","2007-11-29 16:26:59",
3416,1,Rut Yang Baik Hati,,,,,,,,,id,,,,,,,0,0,,0,,,,,"2007-11-29 15:36:50","2007-11-29 16:26:59",
3417,1,Ruth,,,,,,,,,id,,,,,,,0,0,,0,,,,,"2007-11-29 15:36:50","2007-11-29 16:26:59",
3418,1,"33: Grace upon Grace (Anugerah demi Anugerah)",,,,,,,,,id,,,,,,,0,0,,0,,,,,"2007-11-29 15:36:50","2007-11-29 16:26:59",
3419,1,Kehidupan Sehari-hari pada Zaman Yesus,,,,,,,,,id,,,,,,,0,0,,0,,,,,"2007-11-29 15:36:50","2007-11-29 16:26:59",
3420,1,Ensiklopedi Alkitab Masa Kini Jilid I (A-L),,,,,,,,,id,,,,,,,0,0,,0,,,,,"2007-11-29 15:36:50","2007-11-29 16:26:59",
3421,1,Ensiklopedi Alkitab Masa Kini Jilid II (M-Z),,,,,,,,,id,,,,,,,0,0,,0,,,,,"2007-11-29 15:36:50","2007-11-29 16:26:59",
3422,1,Kitab Kejadian,,,,,,,,,id,,,,,,,0,0,,0,,,,,"2007-11-29 15:36:50","2007-11-29 16:26:59",
3423,1,Kitab Mazmur 1-50,,,,,,,,,id,,,,,,,0,0,,0,,,,,"2007-11-29 15:36:50","2007-11-29 16:26:59",
3424,1,Kitab Mazmur 51-100,,,,,,,,,id,,,,,,,0,0,,0,,,,,"2007-11-29 15:36:50","2007-11-29 16:26:59",
3425,1,Kitab Mazmur 101-150,,,,,,,,,id,,,,,,,0,0,,0,,,,,"2007-11-29 15:36:50","2007-11-29 16:26:59",
3426,1,Ucapan Yesus Yang Sulit,,,,,,,,,id,,,,,,,0,0,,0,,,,,"2007-11-29 15:36:50","2007-11-29 16:26:59",
3427,1,Menemukan Allah Dalam Badai Hidup,,,,,,,,,id,,,,,,,0,0,,0,,,,,"2007-11-29 15:36:50","2007-11-29 16:26:59",
3428,1,Kitab Amsal,,,,,,,,,id,,,,,,,0,0,,0,,,,,"2007-11-29 15:36:50","2007-11-29 16:26:59",
3429,1,Ajarlah Kami Bergumul,,,,,,,,,id,,,,,,,0,0,,0,,,,,"2007-11-29 15:36:50","2007-11-29 16:26:59",
3430,1,Injil Matius 1-14,,,,,,,,,id,,,,,,,0,0,,0,,,,,"2007-11-29 15:36:50","2007-11-29 16:26:59",
3431,1,"40 Hari Menjadi Wanita Yang Dimampukan Tuhan",,,,,,,,,id,,,,,,,0,0,,0,,,,,"2007-11-29 15:36:50","2007-11-29 16:26:59",
3432,1,Injil Matius 15-28,,,,,,,,,id,,,,,,,0,0,,0,,,,,"2007-11-29 15:36:50","2007-11-29 16:26:59",
3433,1,Dogmatika Reformed : Prolegomena,"","","9789793292854",,"","","","13000221",id,,,NONE,"",,,0,0,,0,"",,,,"2007-11-29 15:36:50","2026-08-09 10:28:39",
3434,1,Injil Lukas 1-12,,,,,,,,,id,,,,,,,0,0,,0,,,,,"2007-11-29 15:36:50","2007-11-29 16:26:59",
3435,1,Dogmatika Reformed : Allah dan Penciptaan,"","","978-979-3292-86-1",,"","","","13000222",id,,,NONE,"",,,0,0,,0,"",,,,"2007-11-29 15:36:50","2026-08-09 10:24:12",
3436,1,Injil Yohanes 1-11,,,,,,,,,id,,,,,,,0,0,,0,,,,,"2007-11-29 15:36:50","2007-11-29 16:26:59",
3437,1,Diciptakan Untuk Membuat Perbedaan,,,,,,,,,id,,,,,,,0,0,,0,,,,,"2007-11-29 15:36:50","2007-11-29 16:26:59",
3438,1,Injil Yohanes 12-21,,,,,,,,,id,,,,,,,0,0,,0,,,,,"2007-11-29 15:36:50","2007-11-29 16:26:59",
3439,1,"365 Anak Tangga Menuju Hidup Berkemenangan",,,,,,,,,id,,,,,,,0,0,,0,,,,,"2007-11-29 15:36:50","2007-11-29 16:26:59",
3440,1,Kitab Kisah Para Rasul,,,,,,,,,id,,,,,,,0,0,,0,,,,,"2007-11-29 15:36:50","2007-11-29 16:26:59",
3441,1,Injil Yohanes - Suatu Tafsiran Theologis,,,,,,,,,id,,,,,,,0,0,,0,,,,,"2007-11-29 15:36:50","2007-11-29 16:26:59",
3442,1,Allah Trinitas,,,,,,,,,id,,,,,,,0,0,,0,,,,,"2007-11-29 15:36:50","2007-11-29 16:26:59",
3443,1,Kabar Burung Tentang Dunia Lain (Rumours of Another World),,,,,,,,,id,,,,,,,0,0,,0,,,,,"2007-11-29 15:36:50","2007-11-29 16:26:59",
3444,1,Penghargaan Kepada John Calvin,,,,,,,,,id,,,,,,,0,0,,0,,,,,"2007-11-29 15:36:50","2007-11-29 16:26:59",
3445,1,"1500 Ceritera Bermakna",,,,,,,,,id,,,,,,,0,0,,0,,,,,"2007-11-29 15:36:50","2007-11-29 16:26:59",
3446,1,Bagaimana Dan Kapan Memberi Tahu Anak Anda Mengenai Seks,,,,,,,,,id,,,,,,,0,0,,0,,,,,"2007-11-29 15:36:50","2007-11-29 16:26:59",
3447,1,Tritunggal yang Esa,"","","",,"","","","13000206",id,,,NONE,"",,,0,0,,0,"",,,,"2007-11-29 15:36:50","2026-08-08 14:53:29",
3448,1,"8 Peraturan Sederhana Untuk Mengencani Putriku Yang Masih Remaja",,,,,,,,,id,,,,,,,0,0,,0,,,,,"2007-11-29 15:36:50","2007-11-29 16:26:59",
3449,1,John Calvin - Sebuah Hati untuk Ketaatan,,,,,,,,,id,,,,,,,0,0,,0,,,,,"2007-11-29 15:36:50","2007-11-29 16:26:59",
3450,1,Pesta Bunga,,,,,,,,,id,,,,,,,0,0,,0,,,,,"2007-11-29 15:36:50","2007-11-29 16:26:59",
3451,1,Strength Weakness,,,,,,,,,id,,,,,,,0,0,,0,,,,,"2007-11-29 15:36:50","2007-11-29 16:26:59",
3452,1,Tuntunan Praktis untuk Mengenal Allah,,,,,,,,,id,,,,,,,0,0,,0,,,,,"2007-11-29 15:36:50","2007-11-29 16:26:59",
3453,1,Melatih Anak Percaya Diri,,,,,,,,,id,,,,,,,0,0,,0,,,,,"2007-11-29 15:36:50","2007-11-29 16:26:59",
3454,1,Merpati Yang Bersahabat,,,,,,,,,id,,,,,,,0,0,,0,,,,,"2007-11-29 15:36:50","2007-11-29 16:26:59",
3455,1,Karl Barth,,,,,,,,,id,,,,,,,0,0,,0,,,,,"2007-11-29 15:36:50","2007-11-29 16:26:59",
3456,1,Buku Kecil Renungan dari Tuhan,,,,,,,,,id,,,,,,,0,0,,0,,,,,"2007-11-29 15:36:50","2007-11-29 16:26:59",
3457,1,Kado Ulang Tahun Belo,,,,,,,,,id,,,,,,,0,0,,0,,,,,"2007-11-29 15:36:50","2007-11-29 16:26:59",
3458,1,Biji Jagung Berubah Menjadi Kangkung,,,,,,,,,id,,,,,,,0,0,,0,,,,,"2007-11-29 15:36:50","2007-11-29 16:26:59",
3459,1,Destiny - Kisah Nyata Samuel Saputra,,,,,,,,,id,,,,,,,0,0,,0,,,,,"2007-11-29 15:36:50","2007-11-29 16:26:59",
3460,1,Experiencing God (Mengalami Tuhan),,,,,,,,,id,,,,,,,0,0,,0,,,,,"2007-11-29 15:36:50","2007-11-29 16:26:59",
3461,1,Cula,,,,,,,,,id,,,,,,,0,0,,0,,,,,"2007-11-29 15:36:50","2007-11-29 16:26:59",
3462,1,Meong,,,,,,,,,id,,,,,,,0,0,,0,,,,,"2007-11-29 15:36:50","2007-11-29 16:26:59",
3463,1,Created to be God's Friend (Diciptakan Menjadi Sahabat Allah),,,,,,,,,id,,,,,,,0,0,,0,,,,,"2007-11-29 15:36:50","2007-11-29 16:26:59",
3464,1,Petapa Palsu,,,,,,,,,id,,,,,,,0,0,,0,,,,,"2007-11-29 15:36:50","2007-11-29 16:26:59",
3465,1,"Kambing Sombong, Kambing Malang",,,,,,,,,id,,,,,,,0,0,,0,,,,,"2007-11-29 15:36:50","2007-11-29 16:26:59",
3466,1,"3:16 Angka Pengharapan",,,,,,,,,id,,,,,,,0,0,,0,,,,,"2007-11-29 15:36:50","2007-11-29 16:26:59",
3467,1,Ahli Jungkir Balik,,,,,,,,,id,,,,,,,0,0,,0,,,,,"2007-11-29 15:36:50","2007-11-29 16:26:59",
3468,1,Jangkrik Dan Semut,,,,,,,,,id,,,,,,,0,0,,0,,,,,"2007-11-29 15:36:50","2007-11-29 16:26:59",
3469,1,Pertualangan di Rimba Belantara,,,,,,,,,id,,,,,,,0,0,,0,,,,,"2007-11-29 15:36:50","2007-11-29 16:26:59",
3470,1,Kura-Kura Bisa Menang,,,,,,,,,id,,,,,,,0,0,,0,,,,,"2007-11-29 15:36:50","2007-11-29 16:26:59",
3471,1,Pencuri Keju Misterius,,,,,,,,,id,,,,,,,0,0,,0,,,,,"2007-11-29 15:36:50","2007-11-29 16:26:59",
3472,1,Enyahlah Tikus Gadungan,,,,,,,,,id,,,,,,,0,0,,0,,,,,"2007-11-29 15:36:50","2007-11-29 16:26:59",
3473,1,God's Plans for You (Rencana Allah bagi Anda),,,,,,,,,id,,,,,,,0,0,,0,,,,,"2007-11-29 15:36:50","2007-11-29 16:26:59",
3474,1,Hantu Terowongan Bawah Tanah,,,,,,,,,id,,,,,,,0,0,,0,,,,,"2007-11-29 15:36:50","2007-11-29 16:26:59",
3475,1,Awam & Pendeta Mitra Membina Gereja,,,,,,,,,id,,,,,,,0,0,,0,,,,,"2007-11-29 15:36:50","2007-11-29 16:26:59",
3476,1,He Chose the Nails (Ia Berkorban untuk Kita),,,,,,,,,id,,,,,,,0,0,,0,,,,,"2007-11-29 15:36:50","2007-11-29 16:26:59",
3477,1,Lembah Tulang Raksasa,,,,,,,,,id,,,,,,,0,0,,0,,,,,"2007-11-29 15:36:50","2007-11-29 16:26:59",
3478,1,Pesta Dansa Di Puri Tua,,,,,,,,,id,,,,,,,0,0,,0,,,,,"2007-11-29 15:36:50","2007-11-29 16:26:59",
3479,1,Akhir Pekan yang Mendebarkan,,,,,,,,,id,,,,,,,0,0,,0,,,,,"2007-11-29 15:36:50","2007-11-29 16:26:59",
3480,1,The Applause of Heaven (Tepuk Tangan dari Sorga),,,,,,,,,id,,,,,,,0,0,,0,,,,,"2007-11-29 15:36:50","2007-11-29 16:26:59",
3481,1,Kode Monakusa,,,,,,,,,id,,,,,,,0,0,,0,,,,,"2007-11-29 15:36:50","2007-11-29 16:26:59",
3482,1,Mumi Tanpa Nama,,,,,,,,,id,,,,,,,0,0,,0,,,,,"2007-11-29 15:36:50","2007-11-29 16:26:59",
3483,1,Penatua,,,,,,,,,id,,,,,,,0,0,,0,,,,,"2007-11-29 15:36:50","2007-11-29 16:26:59",
3484,1,Menyembah dalam Roh & Kebenaran,,,,,,,,,id,,,,,,,0,0,,0,,,,,"2007-11-29 15:36:50","2007-11-29 16:26:59",
3485,1,Disandera Yeti,,,,,,,,,id,,,,,,,0,0,,0,,,,,"2007-11-29 15:36:50","2007-11-29 16:26:59",
3486,1,Kunjungan Rumah,,,,,,,,,id,,,,,,,0,0,,0,,,,,"2007-11-29 15:36:50","2007-11-29 16:26:59",
3487,1,Administrasi Gereja,,,,,,,,,id,,,,,,,0,0,,0,,,,,"2007-11-29 15:36:50","2007-11-29 16:26:59",
3488,1,Spiritualitas Siap Juang,,,,,,,,,id,,,,,,,0,0,,0,,,,,"2007-11-29 15:36:50","2007-11-29 16:26:59",
3489,1,"10 Dongeng Binatang",,,,,,,,,id,,,,,,,0,0,,0,,,,,"2007-11-29 15:36:50","2007-11-29 16:26:59",
3490,1,"Jalan Kematian, Jalan Kehidupan",,,,,,,,,id,,,,,,,0,0,,0,,,,,"2007-11-29 15:36:50","2007-11-29 16:26:59",
3491,1,Gadis Mandiri,,,,,,,,,id,,,,,,,0,0,,0,,,,,"2007-11-29 15:36:50","2007-11-29 16:26:59",
3492,1,Power Bible Comic 5,,,,,,,,,id,,,,,,,0,0,,0,,,,,"2007-11-29 15:36:50","2007-11-29 16:26:59",
3493,1,Tatkala Allah Melawat Umat-Nya,,,,,,,,,id,,,,,,,0,0,,0,,,,,"2007-11-29 15:36:50","2007-11-29 16:26:59",
3494,1,Power Bible Comic 6,,,,,,,,,id,,,,,,,0,0,,0,,,,,"2007-11-29 15:36:50","2007-11-29 16:26:59",
3495,1,Power Bible Comic 8,,,,,,,,,id,,,,,,,0,0,,0,,,,,"2007-11-29 15:36:50","2007-11-29 16:26:59",
3496,1,Hidup yang Bermakna,,,,,,,,,id,,,,,,,0,0,,0,,,,,"2007-11-29 15:36:50","2007-11-29 16:26:59",
3497,1,Power Bible Comic 9,,,,,,,,,id,,,,,,,0,0,,0,,,,,"2007-11-29 15:36:50","2007-11-29 16:26:59",
3498,1,Kota Kecil di Tepi Danau,,,,,,,,,id,,,,,,,0,0,,0,,,,,"2007-11-29 15:36:50","2007-11-29 16:26:59",
3499,1,Power Bible Comic 10,,,,,,,,,id,,,,,,,0,0,,0,,,,,"2007-11-29 15:36:50","2007-11-29 16:26:59",
3500,1,Pengelana Rumah Kecil,,,,,,,,,id,,,,,,,0,0,,0,,,,,"2007-11-29 15:36:50","2007-11-29 16:26:59",
3501,1,Menguji Roh,,,,,,,,,id,,,,,,,0,0,,0,,,,,"2007-11-29 15:36:50","2007-11-29 16:26:59",
3502,1,Next Door Savior,,,,,,,,,id,,,,,,,0,0,,0,,,,,"2007-11-29 15:36:50","2007-11-29 16:26:59",
3503,1,Di Pantai Danau Perak,,,,,,,,,id,,,,,,,0,0,,0,,,,,"2007-11-29 15:36:50","2007-11-29 16:26:59",
3504,1,Tips,,,,,,,,,id,,,,,,,0,0,,0,,,,,"2007-11-29 15:36:50","2007-11-29 16:26:59",
3505,1,Di Seberang Sungai,,,,,,,,,id,,,,,,,0,0,,0,,,,,"2007-11-29 15:36:50","2007-11-29 16:26:59",
3506,1,Alat di Tangan Sang Penebus,,,,,,,,,id,,,,,,,0,0,,0,,,,,"2007-11-29 15:36:50","2007-11-29 16:26:59",
3507,1,Wibawa Sepeda Ontel,,,,,,,,,id,,,,,,,0,0,,0,,,,,"2007-11-29 15:36:50","2007-11-29 16:26:59",
3508,1,Relasi Kekusutan yang Layak Dihadapi,,,,,,,,,id,,,,,,,0,0,,0,,,,,"2007-11-29 15:36:50","2007-11-29 16:26:59",
3509,1,Psychology & Christianity,"","","",,"","","","",id,,,NONE,"",,,0,0,,0,"",,,,"2007-11-29 15:36:50","2026-07-19 13:30:17",
3510,1,Just Like Jesus (Persis Seperti Yesus),,,,,,,,,id,,,,,,,0,0,,0,,,,,"2007-11-29 15:36:50","2007-11-29 16:26:59",
3511,1,Dinosaurus Beraksi!,,,,,,,,,id,,,,,,,0,0,,0,,,,,"2007-11-29 15:36:50","2007-11-29 16:26:59",
3512,1,Menemukan Tuhan di Tempat yang Tidak Terduga,,,,,,,,,id,,,,,,,0,0,,0,,,,,"2007-11-29 15:36:50","2007-11-29 16:26:59",
3513,1,Menyelamatkan Patung Sphinx,,,,,,,,,id,,,,,,,0,0,,0,,,,,"2007-11-29 15:36:50","2007-11-29 16:26:59",
3514,1,Mengikuti Jejak Marcopolo,,,,,,,,,id,,,,,,,0,0,,0,,,,,"2007-11-29 15:36:50","2007-11-29 16:26:59",
3515,1,Terdampar Di Zaman Es,,,,,,,,,id,,,,,,,0,0,,0,,,,,"2007-11-29 15:36:50","2007-11-29 16:26:59",
3516,1,Pergi Ke Kota,,,,,,,,,id,,,,,,,0,0,,0,,,,,"2007-11-29 15:36:50","2007-11-29 16:26:59",
3517,1,Rumah Kecil Di Padang Rumput,,,,,,,,,id,,,,,,,0,0,,0,,,,,"2007-11-29 15:36:50","2007-11-29 16:26:59",
3518,1,The Bible Jesus Read (Kitab Suci yang Dibaca Yesus),,,,,,,,,id,,,,,,,0,0,,0,,,,,"2007-11-29 15:36:50","2007-11-29 16:26:59",
3519,1,Natal Di Rimba Besar,,,,,,,,,id,,,,,,,0,0,,0,,,,,"2007-11-29 15:36:50","2007-11-29 16:26:59",
3520,1,Musim Panas Di Rimba Besar,,,,,,,,,id,,,,,,,0,0,,0,,,,,"2007-11-29 15:36:50","2007-11-29 16:26:59",
3521,1,Keajaiban Kasih Karunia (What's So Amazing About Grace?),,,,,,,,,id,,,,,,,0,0,,0,,,,,"2007-11-29 15:36:50","2007-11-29 16:26:59",
3522,1,Musim Dingin Di Pertanian,,,,,,,,,id,,,,,,,0,0,,0,,,,,"2007-11-29 15:36:50","2007-11-29 16:26:59",
3523,1,Rusa Di Rimba,,,,,,,,,id,,,,,,,0,0,,0,,,,,"2007-11-29 15:36:50","2007-11-29 16:26:59",
3524,1,Pekan Raya,,,,,,,,,id,,,,,,,0,0,,0,,,,,"2007-11-29 15:36:50","2007-11-29 16:26:59",
3525,1,Berdansa Di Rumah Kakek,,,,,,,,,id,,,,,,,0,0,,0,,,,,"2007-11-29 15:36:50","2007-11-29 16:26:59",
3526,1,"Tegak, Sebab Didirikan di Atas Batu",,,,,,,,,id,,,,,,,0,0,,0,,,,,"2007-11-29 15:36:50","2007-11-29 16:26:59",
3527,1,Suatu Hari Di Padang Rumput,,,,,,,,,id,,,,,,,0,0,,0,,,,,"2007-11-29 15:36:50","2007-11-29 16:26:59",
3528,1,Ulang Tahun Anak Petani,,,,,,,,,id,,,,,,,0,0,,0,,,,,"2007-11-29 15:36:50","2007-11-29 16:26:59",
3529,1,Dengan Mata Menatap ke Yesus,,,,,,,,,id,,,,,,,0,0,,0,,,,,"2007-11-29 15:36:50","2007-11-29 16:26:59",
3530,1,Menuju Daerah Barat,,,,,,,,,id,,,,,,,0,0,,0,,,,,"2007-11-29 15:36:50","2007-11-29 16:26:59",
3531,1,Musim Dingin Di Rimba Besar,,,,,,,,,id,,,,,,,0,0,,0,,,,,"2007-11-29 15:36:50","2007-11-29 16:26:59",
3532,1,"10 Dogeng Sebelum Tidur",,,,,,,,,id,,,,,,,0,0,,0,,,,,"2007-11-29 15:36:50","2007-11-29 16:26:59",
3533,1,Cerita-cerita Alkitab Perjanjian Lama,,,,,,,,,id,,,,,,,0,0,,0,,,,,"2007-11-29 15:36:50","2007-11-29 16:26:59",
3534,1,Saat Teduh Anak Yesus Sahabatku,,,,,,,,,id,,,,,,,0,0,,0,,,,,"2007-11-29 15:36:50","2007-11-29 16:26:59",
3535,1,Langkah Demi Langkah Menelusuri Alkitab,,,,,,,,,id,,,,,,,0,0,,0,,,,,"2007-11-29 15:36:50","2007-11-29 16:26:59",
3536,1,"1A Aku Dan Penciptaku",,,,,,,,,id,,,,,,,0,0,,0,,,,,"2007-11-29 15:36:50","2007-11-29 16:26:59",
3537,1,"1B Aku Dan Penolongku",,,,,,,,,id,,,,,,,0,0,,0,,,,,"2007-11-29 15:36:50","2007-11-29 16:26:59",
3538,1,"1C Aku Dan Kasih Tuhanku",,,,,,,,,id,,,,,,,0,0,,0,,,,,"2007-11-29 15:36:50","2007-11-29 16:26:59",
3539,1,Pelampung Hati,,,,,,,,,id,,,,,,,0,0,,0,,,,,"2007-11-29 15:36:50","2007-11-29 16:26:59",
3540,1,"365 Renungan dari Dunia Musik",,,,,,,,,id,,,,,,,0,0,,0,,,,,"2007-11-29 15:36:50","2007-11-29 16:26:59",
3541,1,John Eliot Rasul Bagi Orang Indian,,,,,,,,,id,,,,,,,0,0,,0,,,,,"2007-11-29 15:36:50","2007-11-29 16:26:59",
3542,1,Henry Martyn Saksi Kristus Di Tanah Arab,,,,,,,,,id,,,,,,,0,0,,0,,,,,"2007-11-29 15:36:50","2007-11-29 16:26:59",
3543,1,Dari Subuh Hingga Malam,,,,,,,,,id,,,,,,,0,0,,0,,,,,"2007-11-29 15:36:50","2007-11-29 16:26:59",
3544,1,The One Year Life Lessons from the Bible,,,,,,,,,id,,,,,,,0,0,,0,,,,,"2007-11-29 15:36:50","2007-11-29 16:26:59",
3545,1,The Radical Disciple (Murid yang Radikal),,,,,,,,,id,,,,,,,0,0,,0,,,,,"2007-11-29 15:36:50","2007-11-29 16:26:59",
3546,1,Pastoral dan kebutuhan dasar Konseling,"","","",,"","","","",id,,,NONE,"",,,0,0,,0,"",,,,"2007-11-29 15:36:50","2026-07-16 14:50:26",
3547,1,Mengatasi masalah hidup,"","","",,"","","","",id,,,NONE,"",,,0,0,,0,"",,,,"2007-11-29 15:36:50","2026-07-16 14:49:49",
3548,1,"The Psychology of Coaching, Mentoring, and Learning","","","",,"","","","",id,,,NONE,"",,,0,0,,0,"",,,,"2007-11-29 15:36:50","2026-07-19 10:41:20",
3549,1,People Are Never The Problem,,,,,,,,,id,,,,,,,0,0,,0,,,,,"2007-11-29 15:36:50","2007-11-29 16:26:59",
3550,1,Bukan Lagi Dua Melainkan Satu,,,,,,,,,id,,,,,,,0,0,,0,,,,,"2007-11-29 15:36:50","2007-11-29 16:26:59",
3551,1,Sex and Relationship,,,,,,,,,id,,,,,,,0,0,,0,,,,,"2007-11-29 15:36:50","2007-11-29 16:26:59",
3552,1,Ketika Kebenaran Dipertanyakan,,,,,,,,,id,,,,,,,0,0,,0,,,,,"2007-11-29 15:36:50","2007-11-29 16:26:59",
3553,1,Panduan Penyambutan Jemaat,,,,,,,,,id,,,,,,,0,0,,0,,,,,"2007-11-29 15:36:50","2007-11-29 16:26:59",
3554,1,Panduan Kebaktian Doa,,,,,,,,,id,,,,,,,0,0,,0,,,,,"2007-11-29 15:36:50","2007-11-29 16:26:59",
3555,1,Pencobaan,,,,,,,,,id,,,,,,,0,0,,0,,,,,"2007-11-29 15:36:50","2007-11-29 16:26:59",
3556,1,Mematikan Dosa,,,,,,,,,id,,,,,,,0,0,,0,,,,,"2007-11-29 15:36:50","2007-11-29 16:26:59",
3557,1,Kidung Rohani Yang Dicintai Anak-anak Vol 2,,,,,,,,,id,,,,,,,0,0,,0,,,,,"2007-11-29 15:36:50","2007-11-29 16:26:59",
3558,1,Kidung Natal Yang Dicintai Anak-anak,,,,,,,,,id,,,,,,,0,0,,0,,,,,"2007-11-29 15:36:50","2007-11-29 16:26:59",
3559,1,Solitude & Silence,,,,,,,,,id,,,,,,,0,0,,0,,,,,"2007-11-29 15:36:50","2007-11-29 16:26:59",
3560,1,Worship & Celebration,,,,,,,,,id,,,,,,,0,0,,0,,,,,"2007-11-29 15:36:50","2007-11-29 16:26:59",
3561,1,Service & Secrecy,,,,,,,,,id,,,,,,,0,0,,0,,,,,"2007-11-29 15:36:50","2007-11-29 16:26:59",
3562,1,Prayer & Listening,,,,,,,,,id,,,,,,,0,0,,0,,,,,"2007-11-29 15:36:50","2007-11-29 16:26:59",
3563,1,Reflection & Confession,,,,,,,,,id,,,,,,,0,0,,0,,,,,"2007-11-29 15:36:50","2007-11-29 16:26:59",
3564,1,Study & Meditation,,,,,,,,,id,,,,,,,0,0,,0,,,,,"2007-11-29 15:36:50","2007-11-29 16:26:59",
3565,1,Community & Submission,,,,,,,,,id,,,,,,,0,0,,0,,,,,"2007-11-29 15:36:50","2007-11-29 16:26:59",
3566,1,Mendekat Kepada Allah,,,,,,,,,id,,,,,,,0,0,,0,,,,,"2007-11-29 15:36:50","2007-11-29 16:26:59",
3567,1,Jaminan Iman,,,,,,,,,id,,,,,,,0,0,,0,,,,,"2007-11-29 15:36:50","2007-11-29 16:26:59",
3568,1,Semak Duri Jadi Raja,,,,,,,,,id,,,,,,,0,0,,0,,,,,"2007-11-29 15:36:50","2007-11-29 16:26:59",
3569,1,Musa Amarahnya dan Harga yang Harus Dibayarnya,,,,,,,,,id,,,,,,,0,0,,0,,,,,"2007-11-29 15:36:50","2007-11-29 16:26:59",
3570,1,Kasih Karunia,,,,,,,,,id,,,,,,,0,0,,0,,,,,"2007-11-29 15:36:50","2007-11-29 16:26:59",
3571,1,Momen Inspirasi 50 Hikmat Agar Hidup Menjadi Berkat,,,,,,,,,id,,,,,,,0,0,,0,,,,,"2007-11-29 15:36:50","2007-11-29 16:26:59",
3572,1,Yesus Mengajar Murid-Murid-Nya,,,,,,,,,id,,,,,,,0,0,,0,,,,,"2007-11-29 15:36:50","2007-11-29 16:26:59",
3573,1,Konseling Pranikah,"","","",,"","","","",id,,,NONE,"",,,0,0,,0,"",,,,"2007-11-29 15:36:50","2026-07-19 13:34:26",
3574,1,Apakah Trinitas Itu?,,,,,,,,,id,,,,,,,0,0,,0,,,,,"2007-11-29 15:36:50","2007-11-29 16:26:59",
3575,1,Apakah Pemilihan dan Predestinasi itu?,,,,,,,,,id,,,,,,,0,0,,0,,,,,"2007-11-29 15:36:50","2007-11-29 16:26:59",
3576,1,Apakah Pendamaian Itu?,,,,,,,,,id,,,,,,,0,0,,0,,,,,"2007-11-29 15:36:50","2007-11-29 16:26:59",
3577,1,Apakah Anugerah Itu?,,,,,,,,,id,,,,,,,0,0,,0,,,,,"2007-11-29 15:36:50","2007-11-29 16:26:59",
3578,1,Apakah Calvinis Sejati Itu?,,,,,,,,,id,,,,,,,0,0,,0,,,,,"2007-11-29 15:36:50","2007-11-29 16:26:59",
3579,1,Not Guilty,,,,,,,,,id,,,,,,,0,0,,0,,,,,"2007-11-29 15:36:50","2007-11-29 16:26:59",
3580,1,Dosa-Dosa Spektakuler,,,,,,,,,id,,,,,,,0,0,,0,,,,,"2007-11-29 15:36:50","2007-11-29 16:26:59",
3581,1,Allah telah berfirman jilid dua,"","","",,"","","","",id,,,NONE,"",,,0,0,,0,"",,,,"2007-11-29 15:36:50","2026-08-04 17:37:54",
3582,1,Allah telah berfirman Jilid satu,"","","",,"","","","",id,,,NONE,"",,,0,0,,0,"",,,,"2007-11-29 15:36:50","2026-08-04 17:36:41",
3583,1,Supremasi Kristus dalam dunia Postmodern,,,,,,,,,id,,,,,,,0,0,,0,,,,,"2007-11-29 15:36:50","2007-11-29 16:26:59",
3584,1,"Tidak Miskin, Tetapi juga Tidak Kaya",,,,,,,,,id,,,,,,,0,0,,0,,,,,"2007-11-29 15:36:50","2007-11-29 16:26:59",
3585,1,Ecclesia Reformata Semper Reformanda,,,,,,,,,id,,,,,,,0,0,,0,,,,,"2007-11-29 15:36:50","2007-11-29 16:26:59",
3586,1,Dasar Kepercayaan Orang Kristen,"","","",,"","","","13000210",id,,,NONE,"",,,0,0,,0,"",,,,"2007-11-29 15:36:50","2026-08-08 14:39:02",
3587,1,The Prodigal God Allah Yang Maha Pemurah,,,,,,,,,id,,,,,,,0,0,,0,,,,,"2007-11-29 15:36:50","2007-11-29 16:26:59",
3588,1,Apakah Iman Itu?,,,,,,,,,id,,,,,,,0,0,,0,,,,,"2007-11-29 15:36:50","2007-11-29 16:26:59",
3589,1,Dukaku Tempat Kudus-Mu,,,,,,,,,id,,,,,,,0,0,,0,,,,,"2007-11-29 15:36:50","2007-11-29 16:26:59",
3590,1,Comfort for Christians,,,,,,,,,id,,,,,,,0,0,,0,,,,,"2007-11-29 15:36:50","2007-11-29 16:26:59",
3591,1,Pemuda Dan Krisis Zaman,,,,,,,,,id,,,,,,,0,0,,0,,,,,"2007-11-29 15:36:50","2007-11-29 16:26:59",
3592,1,Mari Berdoa,,,,,,,,,id,,,,,,,0,0,,0,,,,,"2007-11-29 15:36:50","2007-11-29 16:26:59",
3593,1,Hidup Yang Terancam,,,,,,,,,id,,,,,,,0,0,,0,,,,,"2007-11-29 15:36:50","2007-11-29 16:26:59",
3594,1,The Christian Mind,,,,,,,,,id,,,,,,,0,0,,0,,,,,"2007-11-29 15:36:50","2007-11-29 16:26:59",
3595,1,Apakah Iman Itu,"","","602-1603-56-7",9,"","","","13000100",id,,,"13000100","",,,0,0,,0,"",,,,"2007-11-29 15:36:50","2026-07-25 13:18:15",
3596,1,Hutan yang damai 2,,,,,,,,,id,,,,,,,0,0,,0,,,,,"2007-11-29 15:36:50","2007-11-29 16:26:59",
3597,1,Gembalakanlah Gembala-gembalaku,,,,,,,,,id,,,,,,,0,0,,0,,,,,"2007-11-29 15:36:50","2007-11-29 16:26:59",
3598,1,Perangkap,,,,,,,,,id,,,,,,,0,0,,0,,,,,"2007-11-29 15:36:50","2007-11-29 16:26:59",
3599,1,Transparansi,,,,,,,,,id,,,,,,,0,0,,0,,,,,"2007-11-29 15:36:50","2007-11-29 16:26:59",
3600,1,Alasan Tersembunyi Mengapa Pria Berperilaku Tertentu,,,,,,,,,id,,,,,,,0,0,,0,,,,,"2007-11-29 15:36:50","2007-11-29 16:26:59",
3601,1,Chichken Soup for the Christian Family Soul Vol. 2,,,,,,,,,id,,,,,,,0,0,,0,,,,,"2007-11-29 15:36:50","2007-11-29 16:26:59",
3602,1,Perceraian di Persimpangan Jalan,,,,,,,,,id,,,,,,,0,0,,0,,,,,"2007-11-29 15:36:50","2007-11-29 16:26:59",
3603,1,Melakukan Hal-Hal Sulit,,,,,,,,,id,,,,,,,0,0,,0,,,,,"2007-11-29 15:36:50","2007-11-29 16:26:59",
3604,1,Pokok Pokok Penting dari Iman Kristen,,,,,,,,,id,,,,,,,0,0,,0,,,,,"2007-11-29 15:36:50","2007-11-29 16:26:59",
3605,1,Calvin Dan Perdagangan,,,,,,,,,id,,,,,,,0,0,,0,,,,,"2007-11-29 15:36:50","2007-11-29 16:26:59",
3606,1,Penderitaan dan Kedaulatan Allah,,,,,,,,,id,,,,,,,0,0,,0,,,,,"2007-11-29 15:36:50","2007-11-29 16:26:59",
3607,1,Perempuan Di Perbataasan,,,,,,,,,id,,,,,,,0,0,,0,,,,,"2007-11-29 15:36:50","2007-11-29 16:26:59",
3608,1,Apa Itu Teologi,,,,,,,,,id,,,,,,,0,0,,0,,,,,"2007-11-29 15:36:50","2007-11-29 16:26:59",
3609,1,"7 Model Kristologi Sosial",,,,,,,,,id,,,,,,,0,0,,0,,,,,"2007-11-29 15:36:50","2007-11-29 16:26:59",
3610,1,Verbum Dei(Alkitab: Firman Allah),,,,,,,,,id,,,,,,,0,0,,0,,,,,"2007-11-29 15:36:50","2007-11-29 16:26:59",
3611,1,Pengajaran Agama Kristen,,,,,,,,,id,,,,,,,0,0,,0,,,,,"2007-11-29 15:36:50","2007-11-29 16:26:59",
3612,1,Pemahaman Alkitab Setiap Hari : Kitab Kisah Para Rasul,,,,,,,,,id,,,,,,,0,0,,0,,,,,"2007-11-29 15:36:50","2007-11-29 16:26:59",
3613,1,Secret Power,,,,,,,,,id,,,,,,,0,0,,0,,,,,"2007-11-29 15:36:50","2007-11-29 16:26:59",
3614,1,Is god a Moral Monster?,,,,,,,,,id,,,,,,,0,0,,0,,,,,"2007-11-29 15:36:50","2007-11-29 16:26:59",
3615,1,Jalan Yang Lebih Utama Lagi,,,,,,,,,id,,,,,,,0,0,,0,,,,,"2007-11-29 15:36:50","2007-11-29 16:26:59",
3616,1,Katekismus Besar Martin Luther,,,,,,,,,id,,,,,,,0,0,,0,,,,,"2007-11-29 15:36:50","2007-11-29 16:26:59",
3617,1,Gerakan Nama Suci,,,,,,,,,id,,,,,,,0,0,,0,,,,,"2007-11-29 15:36:50","2007-11-29 16:26:59",
3618,1,Intisari agama-agama sedunia,,,,,,,,,id,,,,,,,0,0,,0,,,,,"2007-11-29 15:36:50","2007-11-29 16:26:59",
3619,1,Filsafat & Agama,"","","",,"","","","",id,,,NONE,"",,,0,0,,0,"",,,,"2007-11-29 15:36:50","2026-07-15 16:53:19",
3620,1,Kisah Sosiologi,,,,,,,,,id,,,,,,,0,0,,0,,,,,"2007-11-29 15:36:50","2007-11-29 16:26:59",
3621,1,"Ilmu, Teknologi dan Etika",,,,,,,,,id,,,,,,,0,0,,0,,,,,"2007-11-29 15:36:50","2007-11-29 16:26:59",
3622,1,Daniel Spiritual Living in a Secular World,,,,,,,,,id,,,,,,,0,0,,0,,,,,"2007-11-29 15:36:50","2007-11-29 16:26:59",
3623,1,"Sidi Nikah, Peneguhan & Pemberkatannya",,,,,,,,,id,,,,,,,0,0,,0,,,,,"2007-11-29 15:36:50","2007-11-29 16:26:59",
3624,1,Sekitar Katekese Gerejawi Pedoman Guru,,,,,,,,,id,,,,,,,0,0,,0,,,,,"2007-11-29 15:36:50","2007-11-29 16:26:59",
3625,1,Pendidikan Agama Kristen,,,,,,,,,id,,,,,,,0,0,,0,,,,,"2007-11-29 15:36:50","2007-11-29 16:26:59",
3626,1,Dasar-Dasar Khotbah,,,,,,,,,id,,,,,,,0,0,,0,,,,,"2007-11-29 15:36:50","2007-11-29 16:26:59",
3627,1,The Essential Commandment,,,,,,,,,id,,,,,,,0,0,,0,,,,,"2007-11-29 15:36:50","2007-11-29 16:26:59",
3628,1,Gereja Misioner,,,,,,,,,id,,,,,,,0,0,,0,,,,,"2007-11-29 15:36:50","2007-11-29 16:26:59",
3629,1,Gereja Mencari Jawab,,,,,,,,,id,,,,,,,0,0,,0,,,,,"2007-11-29 15:36:50","2007-11-29 16:26:59",
3630,1,Gereja Menyikapi Perubahan,,,,,,,,,id,,,,,,,0,0,,0,,,,,"2007-11-29 15:36:50","2007-11-29 16:26:59",
3631,1,Tempat Terindah Di Belantara Kota,,,,,,,,,id,,,,,,,0,0,,0,,,,,"2007-11-29 15:36:50","2007-11-29 16:26:59",
3632,1,Apakah Engkau Mengasihi Aku,,,,,,,,,id,,,,,,,0,0,,0,,,,,"2007-11-29 15:36:50","2007-11-29 16:26:59",
3633,1,Apakah Penggembalaan Itu?,,,,,,,,,id,,,,,,,0,0,,0,,,,,"2007-11-29 15:36:50","2007-11-29 16:26:59",
3634,1,Operasi Humor Gana,,,,,,,,,id,,,,,,,0,0,,0,,,,,"2007-11-29 15:36:50","2007-11-29 16:26:59",
3635,1,Kuatir,,,,,,,,,id,,,,,,,0,0,,0,,,,,"2007-11-29 15:36:50","2007-11-29 16:26:59",
3636,1,Kekristenan Tanpa Kristus,,,,,,,,,id,,,,,,,0,0,,0,,,,,"2007-11-29 15:36:50","2007-11-29 16:26:59",
3637,1,"Dietrich Bonhoeffer Pendeta yang ""Memikul Salib Kristus"" Hingga Ke Tiang Gantungan",,,,,,,,,id,,,,,,,0,0,,0,,,,,"2007-11-29 15:36:50","2007-11-29 16:26:59",
3638,1,Berjaga-jaga dalam Doa,,,,,,,,,id,,,,,,,0,0,,0,,,,,"2007-11-29 15:36:50","2007-11-29 16:26:59",
3639,1,Fransiskus dari Asisi Laki-Laki yang Memberikan Segalanya untuk Mengikut Yesus,,,,,,,,,id,,,,,,,0,0,,0,,,,,"2007-11-29 15:36:50","2007-11-29 16:26:59",
3640,1,Alkitab Sebagai Dasar Khotbah,,,,,,,,,id,,,,,,,0,0,,0,,,,,"2007-11-29 15:36:50","2007-11-29 16:26:59",
3641,1,"Martin Luther King, Jr. Pendeta yang Berani Bermimpi",,,,,,,,,id,,,,,,,0,0,,0,,,,,"2007-11-29 15:36:50","2007-11-29 16:26:59",
3642,1,"Aku, Diriku, dan Kebajikan",,,,,,,,,id,,,,,,,0,0,,0,,,,,"2007-11-29 15:36:50","2007-11-29 16:26:59",
3643,1,Martin Luther Biarawan Jerman yang Menjadi Reformator Gereja,,,,,,,,,id,,,,,,,0,0,,0,,,,,"2007-11-29 15:36:50","2007-11-29 16:26:59",
3644,1,"Meninggalkan Kenyamanan, Meraih Kemenangan",,,,,,,,,id,,,,,,,0,0,,0,,,,,"2007-11-29 15:36:50","2007-11-29 16:26:59",
3645,1,"Tuhan, Mengapa Aku Keguguran?",,,,,,,,,id,,,,,,,0,0,,0,,,,,"2007-11-29 15:36:50","2007-11-29 16:26:59",
3646,1,Pandangan Kristen Tentang Kematian,,,,,,,,,id,,,,,,,0,0,,0,,,,,"2007-11-29 15:36:50","2007-11-29 16:26:59",
3647,1,Dasar & Teori Perkembangan Anak,,,,,,,,,id,,,,,,,0,0,,0,,,,,"2007-11-29 15:36:50","2007-11-29 16:26:59",
3648,1,"Engkau Hebat, Istriku!",,,,,,,,,id,,,,,,,0,0,,0,,,,,"2007-11-29 15:36:50","2007-11-29 16:26:59",
3649,1,Dinamika Pendidikan Kristen,,,,,,,,,id,,,,,,,0,0,,0,,,,,"2007-11-29 15:36:50","2007-11-29 16:26:59",
3650,1,Elia Sang Reformator,,,,,,,,,id,,,,,,,0,0,,0,,,,,"2007-11-29 15:36:50","2007-11-29 16:26:59",
3651,1,Kaya Dalam Hal-Hal Berharga,,,,,,,,,id,,,,,,,0,0,,0,,,,,"2007-11-29 15:36:50","2007-11-29 16:26:59",
3652,1,Rex,,,,,,,,,id,,,,,,,0,0,,0,,,,,"2007-11-29 15:36:50","2007-11-29 16:26:59",
3653,1,Mengatakan Kebenaran dalam Kasih,,,,,,,,,id,,,,,,,0,0,,0,,,,,"2007-11-29 15:36:50","2007-11-29 16:26:59",
3654,1,Iman Tidak Pernah Amin,,,,,,,,,id,,,,,,,0,0,,0,,,,,"2007-11-29 15:36:50","2007-11-29 16:26:59",
3655,1,Injil Dan Kebudayaan,,,,,,,,,id,,,,,,,0,0,,0,,,,,"2007-11-29 15:36:50","2007-11-29 16:26:59",
3656,1,Pelayanan Pastoral kepada Orang Berduka,,,,,,,,,id,,,,,,,0,0,,0,,,,,"2007-11-29 15:36:50","2007-11-29 16:26:59",
3657,1,Pelayanan Pastoral Kepada Orang Sakit,,,,,,,,,id,,,,,,,0,0,,0,,,,,"2007-11-29 15:36:50","2007-11-29 16:26:59",
3658,1,God is the Gospel,,,,,,,,,id,,,,,,,0,0,,0,,,,,"2007-11-29 15:36:50","2007-11-29 16:26:59",
3659,1,Kenalkan Yesus Pada Mereka,,,,,,,,,id,,,,,,,0,0,,0,,,,,"2007-11-29 15:36:50","2007-11-29 16:26:59",
3660,1,Hidup Sebagai Umat Allah,,,,,,,,,id,,,,,,,0,0,,0,,,,,"2007-11-29 15:36:50","2007-11-29 16:26:59",
3661,1,Mencinta Hingga Terluka - Pemulihan Trauma Relasi dan Luka Batin,"","","",,"","","","",id,,,NONE,"",,,0,0,,0,"",,,,"2007-11-29 15:36:50","2026-07-16 14:54:43",
3662,1,Kitab Suci Agama-agama Sedunia,"","","",,"","","","",id,,,NONE,"",,,0,0,,0,"",,,,"2007-11-29 15:36:50","2026-07-12 11:24:22",
3663,1,Bangkit Setiap Hari,,,,,,,,,id,,,,,,,0,0,,0,,,,,"2007-11-29 15:36:50","2007-11-29 16:26:59",
3664,1,Leading Across Cultures,,,,,,,,,id,,,,,,,0,0,,0,,,,,"2007-11-29 15:36:50","2007-11-29 16:26:59",
3665,1,Tipe-tipe dasar pendampingan dan Konseling Pastoral,"","","",,"","","","",id,,,NONE,"",,,0,0,,0,"",,,,"2007-11-29 15:36:50","2026-07-16 14:58:41",
3666,1,Encountering Religiuos Pluralism,,,,,,,,,id,,,,,,,0,0,,0,,,,,"2007-11-29 15:36:50","2007-11-29 16:26:59",
3667,1,Menilai tanpa Menghakimi,,,,,,,,,id,,,,,,,0,0,,0,,,,,"2007-11-29 15:36:50","2007-11-29 16:26:59",
3668,1,Seni Merayakan Hidup yang Sulit,"","","",,"","","","",id,,,NONE,"",,,0,0,,0,"",,,,"2007-11-29 15:36:50","2026-07-16 15:00:12",
3669,1,Memberi Air Sejuk Bagi Yang Kecil,,,,,,,,,id,,,,,,,0,0,,0,,,,,"2007-11-29 15:36:50","2007-11-29 16:26:59",
3670,1,Anda Merasa Ditolak!?,,,,,,,,,id,,,,,,,0,0,,0,,,,,"2007-11-29 15:36:50","2007-11-29 16:26:59",
3671,1,Tanggung Jawab Etis Pelayan Jemaat,,,,,,,,,id,,,,,,,0,0,,0,,,,,"2007-11-29 15:36:50","2007-11-29 16:26:59",
3672,1,Personality Puzzle,"","","",,"","","","",id,,,NONE,"",,,0,0,,0,"",,,,"2007-11-29 15:36:50","2026-07-19 10:45:20",
3673,1,Peti Perhartaan Bagi Tuhan,,,,,,,,,id,,,,,,,0,0,,0,,,,,"2007-11-29 15:36:50","2007-11-29 16:26:59",
3674,1,Perempuan Kok Naik Ke Atap?,,,,,,,,,id,,,,,,,0,0,,0,,,,,"2007-11-29 15:36:50","2007-11-29 16:26:59",
3675,1,Mutiara Kebenaran 1 (Seri Ilustrasi),,,,,,,,,id,,,,,,,0,0,,0,,,,,"2007-11-29 15:36:50","2007-11-29 16:26:59",
3676,1,Etika Pelayan Gereja,,,,,,,,,id,,,,,,,0,0,,0,,,,,"2007-11-29 15:36:50","2007-11-29 16:26:59",
3677,1,Selamat Berbuah,,,,,,,,,id,,,,,,,0,0,,0,,,,,"2007-11-29 15:36:50","2007-11-29 16:26:59",
3678,1,Making Sense of It All,,,,,,,,,id,,,,,,,0,0,,0,,,,,"2007-11-29 15:36:50","2007-11-29 16:26:59",
3679,1,Segenggam Mutiara Kehidupan,,,,,,,,,id,,,,,,,0,0,,0,,,,,"2007-11-29 15:36:50","2007-11-29 16:26:59",
3680,1,Perang dengan Kata-Kata,,,,,,,,,id,,,,,,,0,0,,0,,,,,"2007-11-29 15:36:50","2007-11-29 16:26:59",
3681,1,Think,,,,,,,,,id,,,,,,,0,0,,0,,,,,"2007-11-29 15:36:50","2007-11-29 16:26:59",
3682,1,Menyambut Kristus,,,,,,,,,id,,,,,,,0,0,,0,,,,,"2007-11-29 15:36:50","2007-11-29 16:26:59",
3683,1,Mengapa Kamu Menengadah Ke Langit?,,,,,,,,,id,,,,,,,0,0,,0,,,,,"2007-11-29 15:36:50","2007-11-29 16:26:59",
3684,1,Penggenapan Pengharapan,,,,,,,,,id,,,,,,,0,0,,0,,,,,"2007-11-29 15:36:50","2007-11-29 16:26:59",
3685,1,Bagaimana Orang Berubah,,,,,,,,,id,,,,,,,0,0,,0,,,,,"2007-11-29 15:36:50","2007-11-29 16:26:59",
3686,1,Kita & Doa-doa Kita,,,,,,,,,id,,,,,,,0,0,,0,,,,,"2007-11-29 15:36:50","2007-11-29 16:26:59",
3687,1,Rukun Itu Indah,,,,,,,,,id,,,,,,,0,0,,0,,,,,"2007-11-29 15:36:50","2007-11-29 16:26:59",
3688,1,Diaken Diakonia dan Diakonat Gereja,,,,,,,,,id,,,,,,,0,0,,0,,,,,"2007-11-29 15:36:50","2007-11-29 16:26:59",
3689,1,Hidup Bersama Firman (Pasal demi Pasal Seluruh Alkitab Roma - Wahyu),,,,,,,,,id,,,,,,,0,0,,0,,,,,"2007-11-29 15:36:50","2007-11-29 16:26:59",
3690,1,Cold-Case Christianity,,,,,,,,,id,,,,,,,0,0,,0,,,,,"2007-11-29 15:36:50","2007-11-29 16:26:59",
3691,1,Rasio Bagi Allah,,,,,,,,,id,,,,,,,0,0,,0,,,,,"2007-11-29 15:36:50","2007-11-29 16:26:59",
3692,1,Balancing Your Life,,,,,,,,,id,,,,,,,0,0,,0,,,,,"2007-11-29 15:36:50","2007-11-29 16:26:59",
3693,1,Doa yang Dikabulkan,,,,,,,,,id,,,,,,,0,0,,0,,,,,"2007-11-29 15:36:50","2007-11-29 16:26:59",
3694,1,Iman Sesamaku dan Imanku,,,,,,,,,id,,,,,,,0,0,,0,,,,,"2007-11-29 15:36:50","2007-11-29 16:26:59",
3695,1,Anugerah yang Hilang,,,,,,,,,id,,,,,,,0,0,,0,,,,,"2007-11-29 15:36:50","2007-11-29 16:26:59",
3696,1,Faith is Powerful,,,,,,,,,id,,,,,,,0,0,,0,,,,,"2007-11-29 15:36:50","2007-11-29 16:26:59",
3697,1,Iman Dan Kebudayaan,,,,,,,,,id,,,,,,,0,0,,0,,,,,"2007-11-29 15:36:50","2007-11-29 16:26:59",
3698,1,Firman Hidup 65,,,,,,,,,id,,,,,,,0,0,,0,,,,,"2007-11-29 15:36:50","2007-11-29 16:26:59",
3699,1,Ti,,,,,,,,,id,,,,,,,0,0,,0,,,,,"2007-11-29 15:36:50","2007-11-29 16:26:59",
3700,1,Firman Hidup 68,,,,,,,,,id,,,,,,,0,0,,0,,,,,"2007-11-29 15:36:50","2007-11-29 16:26:59",
3701,1,Keadilan & Perdamaian,,,,,,,,,id,,,,,,,0,0,,0,,,,,"2007-11-29 15:36:50","2007-11-29 16:26:59",
3702,1,Tactics,,,,,,,,,id,,,,,,,0,0,,0,,,,,"2007-11-29 15:36:50","2007-11-29 16:26:59",
3703,1,Memberi dengan Sukacita,,,,,,,,,id,,,,,,,0,0,,0,,,,,"2007-11-29 15:36:50","2007-11-29 16:26:59",
3704,1,Kala Segalanya Tidak Oke,,,,,,,,,id,,,,,,,0,0,,0,,,,,"2007-11-29 15:36:50","2007-11-29 16:26:59",
3705,1,Teologi & Ekologi,,,,,,,,,id,,,,,,,0,0,,0,,,,,"2007-11-29 15:36:50","2007-11-29 16:26:59",
3706,1,Kebenaran Allah Lawan Kebenaran Sendiri,,,,,,,,,id,,,,,,,0,0,,0,,,,,"2007-11-29 15:36:50","2007-11-29 16:26:59",
3707,1,Life Expedition,,,,,,,,,id,,,,,,,0,0,,0,,,,,"2007-11-29 15:36:50","2007-11-29 16:26:59",
3708,1,Berkat yang Melimpah,,,,,,,,,id,,,,,,,0,0,,0,,,,,"2007-11-29 15:36:50","2007-11-29 16:26:59",
3709,1,Khotbah Pilihan Yang Membawa Berkat,,,,,,,,,id,,,,,,,0,0,,0,,,,,"2007-11-29 15:36:50","2007-11-29 16:26:59",
3710,1,Firman Hidup 69,,,,,,,,,id,,,,,,,0,0,,0,,,,,"2007-11-29 15:36:50","2007-11-29 16:26:59",
3711,1,"Penerjemah, Penerjemahan Alkitab & Pembina Penerjemahan",,,,,,,,,id,,,,,,,0,0,,0,,,,,"2007-11-29 15:36:50","2007-11-29 16:26:59",
3712,1,Mengungkap Segi Pujian & Penyembahan,,,,,,,,,id,,,,,,,0,0,,0,,,,,"2007-11-29 15:36:50","2007-11-29 16:26:59",
3713,1,The Integrated Life,,,,,,,,,id,,,,,,,0,0,,0,,,,,"2007-11-29 15:36:50","2007-11-29 16:26:59",
3714,1,Pelayan Yang Mengabarkan Injil,,,,,,,,,id,,,,,,,0,0,,0,,,,,"2007-11-29 15:36:50","2007-11-29 16:26:59",
3715,1,Kebahagiaan Yudas,,,,,,,,,id,,,,,,,0,0,,0,,,,,"2007-11-29 15:36:50","2007-11-29 16:26:59",
3716,1,Kala Pengampunan Terasa Mustahil,,,,,,,,,id,,,,,,,0,0,,0,,,,,"2007-11-29 15:36:50","2007-11-29 16:26:59",
3717,1,Harta Seorang Pelayan,,,,,,,,,id,,,,,,,0,0,,0,,,,,"2007-11-29 15:36:50","2007-11-29 16:26:59",
3718,1,Kebangunan Rohani Pribadi,,,,,,,,,id,,,,,,,0,0,,0,,,,,"2007-11-29 15:36:50","2007-11-29 16:26:59",
3719,1,Diriku Seperti Apa Adanya,,,,,,,,,id,,,,,,,0,0,,0,,,,,"2007-11-29 15:36:50","2007-11-29 16:26:59",
3720,1,Gairah Allah Bagi Kemuliaan-Nya,"","","",,"","","","",id,,,NONE,"",,,0,0,,0,"",,,,"2007-11-29 15:36:50","2026-07-25 13:32:23",
3721,1,When God Isn't Answering Your Prayer,,,,,,,,,id,,,,,,,0,0,,0,,,,,"2007-11-29 15:36:50","2007-11-29 16:26:59",
3722,1,Bila Aku Tumbuh Dewasa,,,,,,,,,id,,,,,,,0,0,,0,,,,,"2007-11-29 15:36:50","2007-11-29 16:26:59",
3723,1,Lolos Dari Jebakan,,,,,,,,,id,,,,,,,0,0,,0,,,,,"2007-11-29 15:36:50","2007-11-29 16:26:59",
3724,1,Tempat Untuk Segala Sesuatu,,,,,,,,,id,,,,,,,0,0,,0,,,,,"2007-11-29 15:36:50","2007-11-29 16:26:59",
3725,1,Theologi Yohanes,,,,,,,,,id,,,,,,,0,0,,0,,,,,"2007-11-29 15:36:50","2007-11-29 16:26:59",
3726,1,Memahami Nubuatan,,,,,,,,,id,,,,,,,0,0,,0,,,,,"2007-11-29 15:36:50","2007-11-29 16:26:59",
3727,1,Sammy dan Kue Pai Kenari,,,,,,,,,id,,,,,,,0,0,,0,,,,,"2007-11-29 15:36:50","2007-11-29 16:26:59",
3728,1,He Still Moves Stones,,,,,,,,,id,,,,,,,0,0,,0,,,,,"2007-11-29 15:36:50","2007-11-29 16:26:59",
3729,1,Mendisiplinkan Anak Dengan Kasih Sayang,,,,,,,,,id,,,,,,,0,0,,0,,,,,"2007-11-29 15:36:50","2007-11-29 16:26:59",
3730,1,Foundations of Christian Education,,,,,,,,,id,,,,,,,0,0,,0,,,,,"2007-11-29 15:36:50","2007-11-29 16:26:59",
3731,1,Lily dan Kue Yang Tidak Enak,,,,,,,,,id,,,,,,,0,0,,0,,,,,"2007-11-29 15:36:50","2007-11-29 16:26:59",
3732,1,Sophie dan Puisi Sempurna,,,,,,,,,id,,,,,,,0,0,,0,,,,,"2007-11-29 15:36:50","2007-11-29 16:26:59",
3733,1,Goob dan Kakeknya,,,,,,,,,id,,,,,,,0,0,,0,,,,,"2007-11-29 15:36:50","2007-11-29 16:26:59",
3734,1,Simplify Your Life,,,,,,,,,id,,,,,,,0,0,,0,,,,,"2007-11-29 15:36:50","2007-11-29 16:26:59",
3735,1,Sebuah Cara Baru Untuk Hidup,,,,,,,,,id,,,,,,,0,0,,0,,,,,"2007-11-29 15:36:50","2007-11-29 16:26:59",
3736,1,Cahaya Lentera Kehidupan,,,,,,,,,id,,,,,,,0,0,,0,,,,,"2007-11-29 15:36:50","2007-11-29 16:26:59",
3737,1,Augustinus Bapa Gereja Dari Hippo,,,,,,,,,id,,,,,,,0,0,,0,,,,,"2007-11-29 15:36:50","2007-11-29 16:26:59",
3738,1,Florence Nightingale Perempuan Dengan Lentera Dalam Perang,,,,,,,,,id,,,,,,,0,0,,0,,,,,"2007-11-29 15:36:50","2007-11-29 16:26:59",
3739,1,Hudson Taylor Misionaris Yang Memenangkan Suatu Bangsa Melalui Doa,,,,,,,,,id,,,,,,,0,0,,0,,,,,"2007-11-29 15:36:50","2007-11-29 16:26:59",
3740,1,Overcoming The Dark Side Of Leadership,,,,,,,,,id,,,,,,,0,0,,0,,,,,"2007-11-29 15:36:50","2007-11-29 16:26:59",
3741,1,The Holidays Of God  - The Fall Feasts,,,,,,,,,id,,,,,,,0,0,,0,,,,,"2007-11-29 15:36:50","2007-11-29 16:26:59",
3742,1,Bagaimana Menemukan Kepuasan Dalam Pekerjaan ?,,,,,,,,,id,,,,,,,0,0,,0,,,,,"2007-11-29 15:36:50","2007-11-29 16:26:59",
3743,1,Survei Perjanjian Lama,,,,,,,,,id,,,,,,,0,0,,0,,,,,"2007-11-29 15:36:50","2007-11-29 16:26:59",
3744,1,Free In The Spirit,,,,,,,,,id,,,,,,,0,0,,0,,,,,"2007-11-29 15:36:50","2007-11-29 16:26:59",
3745,1,Kehidupan di Timur Tengah Kuno 3100-332 SM,,,,,,,,,id,,,,,,,0,0,,0,,,,,"2007-11-29 15:36:50","2007-11-29 16:26:59",
3746,1,Adat Istiadat Alkitab & Keunikannya dalam Gambar,,,,,,,,,id,,,,,,,0,0,,0,,,,,"2007-11-29 15:36:50","2007-11-29 16:26:59",
3747,1,Ia Berikan Kita Kisah-Nya (He Gave Us Stories),,,,,,,,,id,,,,,,,0,0,,0,,,,,"2007-11-29 15:36:50","2007-11-29 16:26:59",
3748,1,Good News from the Lamb - Bible Animal Tales 4,,,,,,,,,id,,,,,,,0,0,,0,,,,,"2007-11-29 15:36:50","2007-11-29 16:26:59",
3749,1,The Talking Donkey - Bible Animal Tales 1,,,,,,,,,id,,,,,,,0,0,,0,,,,,"2007-11-29 15:36:50","2007-11-29 16:26:59",
3750,1,Food Delivered by Ravens - Bible Animal Tales 2,,,,,,,,,id,,,,,,,0,0,,0,,,,,"2007-11-29 15:36:50","2007-11-29 16:26:59",
3751,1,Lion's Mouths Are Sealed - Bible Animal Tales 3,,,,,,,,,id,,,,,,,0,0,,0,,,,,"2007-11-29 15:36:50","2007-11-29 16:26:59",
3752,1,Membuka Topeng Gerakan Zaman Baru,,,,,,,,,id,,,,,,,0,0,,0,,,,,"2007-11-29 15:36:50","2007-11-29 16:26:59",
3753,1,Honor for the Little Donkey - Bible Animal Tales 5,,,,,,,,,id,,,,,,,0,0,,0,,,,,"2007-11-29 15:36:50","2007-11-29 16:26:59",
3754,1,"Alkitab - Sejarah, Proses Terbentuk, dan Pengaruhnya",,,,,,,,,id,,,,,,,0,0,,0,,,,,"2007-11-29 15:36:50","2007-11-29 16:26:59",
3755,1,Agama-agama Dunia,,,,,,,,,id,,,,,,,0,0,,0,,,,,"2007-11-29 15:36:50","2007-11-29 16:26:59",
3756,1,Kebenaran Diungkapkan - Pandangan Seorang Arab Kristen tentang Islam,,,,,,,,,id,,,,,,,0,0,,0,,,,,"2007-11-29 15:36:50","2007-11-29 16:26:59",
3757,1,"10",,,,,,,,,id,,,,,,,0,0,,0,,,,,"2007-11-29 15:36:50","2007-11-29 16:26:59",
3758,1,Dari Yerusalem sampai Tanah Papua,,,,,,,,,id,,,,,,,0,0,,0,,,,,"2007-11-29 15:36:50","2007-11-29 16:26:59",
3759,1,"10",,,,,,,,,id,,,,,,,0,0,,0,,,,,"2007-11-29 15:36:50","2007-11-29 16:26:59",
3760,1,C,,,,,,,,,id,,,,,,,0,0,,0,,,,,"2007-11-29 15:36:50","2007-11-29 16:26:59",
3761,1,Jangan Takut! (Drama Musikal),,,,,,,,,id,,,,,,,0,0,,0,,,,,"2007-11-29 15:36:50","2007-11-29 16:26:59",
3762,1,Stand Strong,,,,,,,,,id,,,,,,,0,0,,0,,,,,"2007-11-29 15:36:50","2007-11-29 16:26:59",
3763,1,Sejarah Hymne dari Kidung Puji-Pujian Kristen (KPPK),,,,,,,,,id,,,,,,,0,0,,0,,,,,"2007-11-29 15:36:50","2007-11-29 16:26:59",
3764,1,Timeless Stories,,,,,,,,,id,,,,,,,0,0,,0,,,,,"2007-11-29 15:36:50","2007-11-29 16:26:59",
3765,1,Thunder Dog,,,,,,,,,id,,,,,,,0,0,,0,,,,,"2007-11-29 15:36:50","2007-11-29 16:26:59",
3766,1,Menatap Maut Menggenggam Tangan Allah,,,,,,,,,id,,,,,,,0,0,,0,,,,,"2007-11-29 15:36:50","2007-11-29 16:26:59",
3767,1,Bangkit dari Kegagalan,,,,,,,,,id,,,,,,,0,0,,0,,,,,"2007-11-29 15:36:50","2007-11-29 16:26:59",
3768,1,Alasan Pengharapan Saya,,,,,,,,,id,,,,,,,0,0,,0,,,,,"2007-11-29 15:36:50","2007-11-29 16:26:59",
3769,1,Ahok untuk Indonesia,,,,,,,,,id,,,,,,,0,0,,0,,,,,"2007-11-29 15:36:50","2007-11-29 16:26:59",
3770,1,Pendewasaan Manusia Dewasa,,,,,,,,,id,,,,,,,0,0,,0,,,,,"2007-11-29 15:36:50","2007-11-29 16:26:59",
3771,1,Untuk Apa Aku Ada di Dunia Ini?,,,,,,,,,id,,,,,,,0,0,,0,,,,,"2007-11-29 15:36:50","2007-11-29 16:26:59",
3772,1,Bahaya Postmodernisme dan Peranan Kredo Reformed,,,,,,,,,id,,,,,,,0,0,,0,,,,,"2007-11-29 15:36:50","2007-11-29 16:26:59",
3773,1,Good Enough Parenting,,,,,,,,,id,,,,,,,0,0,,0,,,,,"2007-11-29 15:36:50","2007-11-29 16:26:59",
3774,1,"I Love You, Mom",,,,,,,,,id,,,,,,,0,0,,0,,,,,"2007-11-29 15:36:50","2007-11-29 16:26:59",
3775,1,Cerita alkitab Bertumbuh & Bersukacita Bersama Tuhan,,,,,,,,,id,,,,,,,0,0,,0,,,,,"2007-11-29 15:36:50","2007-11-29 16:26:59",
3776,1,Manusia dan Peradaban dalam Alkitab,,,,,,,,,id,,,,,,,0,0,,0,,,,,"2007-11-29 15:36:50","2007-11-29 16:26:59",
3777,1,What is the Bible?,,,,,,,,,id,,,,,,,0,0,,0,,,,,"2007-11-29 15:36:50","2007-11-29 16:26:59",
3778,1,Rut Wanita Moab Yang Setia,,,,,,,,,id,,,,,,,0,0,,0,,,,,"2007-11-29 15:36:50","2007-11-29 16:26:59",
3779,1,What Does God Expect of a man ?,,,,,,,,,id,,,,,,,0,0,,0,,,,,"2007-11-29 15:36:50","2007-11-29 16:26:59",
3780,1,Knowing God Through Job,,,,,,,,,id,,,,,,,0,0,,0,,,,,"2007-11-29 15:36:50","2007-11-29 16:26:59",
3781,1,Manasye Sang Raja Insaf,,,,,,,,,id,,,,,,,0,0,,0,,,,,"2007-11-29 15:36:50","2007-11-29 16:26:59",
3782,1,Your Pastor & You,,,,,,,,,id,,,,,,,0,0,,0,,,,,"2007-11-29 15:36:50","2007-11-29 16:26:59",
3783,1,The Bible Explorer,,,,,,,,,id,,,,,,,0,0,,0,,,,,"2007-11-29 15:36:50","2007-11-29 16:26:59",
3784,1,What Does God Expect of a Woman ?,,,,,,,,,id,,,,,,,0,0,,0,,,,,"2007-11-29 15:36:50","2007-11-29 16:26:59",
3785,1,I choose Us,,,,,,,,,id,,,,,,,0,0,,0,,,,,"2007-11-29 15:36:50","2007-11-29 16:26:59",
3786,1,Sang Pemenang Kisah Yusuf,,,,,,,,,id,,,,,,,0,0,,0,,,,,"2007-11-29 15:36:50","2007-11-29 16:26:59",
3787,1,Knowing God Through Exodus,,,,,,,,,id,,,,,,,0,0,,0,,,,,"2007-11-29 15:36:50","2007-11-29 16:26:59",
3788,1,My First Bible God's Creation,,,,,,,,,id,,,,,,,0,0,,0,,,,,"2007-11-29 15:36:50","2007-11-29 16:26:59",
3789,1,The Compassion of Jesus,,,,,,,,,id,,,,,,,0,0,,0,,,,,"2007-11-29 15:36:50","2007-11-29 16:26:59",
3790,1,Sparx Waktu Bersama Yesus,,,,,,,,,id,,,,,,,0,0,,0,,,,,"2007-11-29 15:36:50","2007-11-29 16:26:59",
3791,1,When You Don't Know what to Say,,,,,,,,,id,,,,,,,0,0,,0,,,,,"2007-11-29 15:36:50","2007-11-29 16:26:59",
3792,1,What Do We Owe the Government ?,,,,,,,,,id,,,,,,,0,0,,0,,,,,"2007-11-29 15:36:50","2007-11-29 16:26:59",
3793,1,Miriam dan Putri Raja,,,,,,,,,id,,,,,,,0,0,,0,,,,,"2007-11-29 15:36:50","2007-11-29 16:26:59",
3794,1,Knowing God Through The Old Testament,,,,,,,,,id,,,,,,,0,0,,0,,,,,"2007-11-29 15:36:50","2007-11-29 16:26:59",
3795,1,The Lord Is My Sheperd,,,,,,,,,id,,,,,,,0,0,,0,,,,,"2007-11-29 15:36:50","2007-11-29 16:26:59",
3796,1,Hope for the World from Eve to Mary,,,,,,,,,id,,,,,,,0,0,,0,,,,,"2007-11-29 15:36:50","2007-11-29 16:26:59",
3797,1,How Can I Break the Silence ?,,,,,,,,,id,,,,,,,0,0,,0,,,,,"2007-11-29 15:36:50","2007-11-29 16:26:59",
3798,1,Moses : His Anger And What It Cost Him,,,,,,,,,id,,,,,,,0,0,,0,,,,,"2007-11-29 15:36:50","2007-11-29 16:26:59",
3799,1,Knowing God Through Acts,,,,,,,,,id,,,,,,,0,0,,0,,,,,"2007-11-29 15:36:50","2007-11-29 16:26:59",
3800,1,Are We Alone In the Cosmos?,,,,,,,,,id,,,,,,,0,0,,0,,,,,"2007-11-29 15:36:50","2007-11-29 16:26:59",
3801,1,Knowing God Through Isaiah,,,,,,,,,id,,,,,,,0,0,,0,,,,,"2007-11-29 15:36:50","2007-11-29 16:26:59",
3802,1,Knowing God Through Zechariah,,,,,,,,,id,,,,,,,0,0,,0,,,,,"2007-11-29 15:36:50","2007-11-29 16:26:59",
3803,1,Daniel : Spiritual Living In a Secular Culture,,,,,,,,,id,,,,,,,0,0,,0,,,,,"2007-11-29 15:36:50","2007-11-29 16:26:59",
3804,1,Knowing God Through Revelation,,,,,,,,,id,,,,,,,0,0,,0,,,,,"2007-11-29 15:36:50","2007-11-29 16:26:59",
3805,1,How To Have a Revival,,,,,,,,,id,,,,,,,0,0,,0,,,,,"2007-11-29 15:36:50","2007-11-29 16:26:59",
3806,1,Knowing God Through The New Testament,,,,,,,,,id,,,,,,,0,0,,0,,,,,"2007-11-29 15:36:50","2007-11-29 16:26:59",
3807,1,When A Spouse Is Unfaithful,,,,,,,,,id,,,,,,,0,0,,0,,,,,"2007-11-29 15:36:50","2007-11-29 16:26:59",
3808,1,When Fear Seems Overwhelming,,,,,,,,,id,,,,,,,0,0,,0,,,,,"2007-11-29 15:36:50","2007-11-29 16:26:59",
3809,1,Knowing God Through Genesis,,,,,,,,,id,,,,,,,0,0,,0,,,,,"2007-11-29 15:36:50","2007-11-29 16:26:59",
3810,1,When You're Left Behind,,,,,,,,,id,,,,,,,0,0,,0,,,,,"2007-11-29 15:36:50","2007-11-29 16:26:59",
3811,1,Keeping Our Appointments With God,,,,,,,,,id,,,,,,,0,0,,0,,,,,"2007-11-29 15:36:50","2007-11-29 16:26:59",
3812,1,What We Believe,,,,,,,,,id,,,,,,,0,0,,0,,,,,"2007-11-29 15:36:50","2007-11-29 16:26:59",
3813,1,Finishing Well Gracefully Living With Life's Changes,,,,,,,,,id,,,,,,,0,0,,0,,,,,"2007-11-29 15:36:50","2007-11-29 16:26:59",
3814,1,A Message For All Time,,,,,,,,,id,,,,,,,0,0,,0,,,,,"2007-11-29 15:36:50","2007-11-29 16:26:59",
3815,1,Right & Wrong - A case for Moral Absolutes,,,,,,,,,id,,,,,,,0,0,,0,,,,,"2007-11-29 15:36:50","2007-11-29 16:26:59",
3816,1,What is Real Love ?,,,,,,,,,id,,,,,,,0,0,,0,,,,,"2007-11-29 15:36:50","2007-11-29 16:26:59",
3817,1,How Can I Share My Faith Without an Argument ?,,,,,,,,,id,,,,,,,0,0,,0,,,,,"2007-11-29 15:36:50","2007-11-29 16:26:59",
3818,1,The Call of Wisdom,,,,,,,,,id,,,,,,,0,0,,0,,,,,"2007-11-29 15:36:50","2007-11-29 16:26:59",
3819,1,How Can I Feel Good About Myself ?,,,,,,,,,id,,,,,,,0,0,,0,,,,,"2007-11-29 15:36:50","2007-11-29 16:26:59",
3820,1,How Can A Parent Find Peace Of Mind?,,,,,,,,,id,,,,,,,0,0,,0,,,,,"2007-11-29 15:36:50","2007-11-29 16:26:59",
3821,1,Who Is This Man Who Says He's God?,,,,,,,,,id,,,,,,,0,0,,0,,,,,"2007-11-29 15:36:50","2007-11-29 16:26:59",
3822,1,How Has God Loved Us?,,,,,,,,,id,,,,,,,0,0,,0,,,,,"2007-11-29 15:36:50","2007-11-29 16:26:59",
3823,1,What About Those Who Have Never Heard ?,,,,,,,,,id,,,,,,,0,0,,0,,,,,"2007-11-29 15:36:50","2007-11-29 16:26:59",
3824,1,What Can We Learn From Angels ?,,,,,,,,,id,,,,,,,0,0,,0,,,,,"2007-11-29 15:36:50","2007-11-29 16:26:59",
3825,1,How Can I be Filled with The Holy spirit?,,,,,,,,,id,,,,,,,0,0,,0,,,,,"2007-11-29 15:36:50","2007-11-29 16:26:59",
3826,1,Time With God,,,,,,,,,id,,,,,,,0,0,,0,,,,,"2007-11-29 15:36:50","2007-11-29 16:26:59",
3827,1,What Does The Bible Say About Hell?,,,,,,,,,id,,,,,,,0,0,,0,,,,,"2007-11-29 15:36:50","2007-11-29 16:26:59",
3828,1,Jesus' Blueprint For Prayer,,,,,,,,,id,,,,,,,0,0,,0,,,,,"2007-11-29 15:36:50","2007-11-29 16:26:59",
3829,1,The Real Gift of Christmast,,,,,,,,,id,,,,,,,0,0,,0,,,,,"2007-11-29 15:36:50","2007-11-29 16:26:59",
3830,1,Discipled by Jesus : Mary Magdalene's Walk of Faith,,,,,,,,,id,,,,,,,0,0,,0,,,,,"2007-11-29 15:36:50","2007-11-29 16:26:59",
3831,1,Out of the Ashes : God's Presence in job's Pain,,,,,,,,,id,,,,,,,0,0,,0,,,,,"2007-11-29 15:36:50","2007-11-29 16:26:59",
3832,1,David & Manasseh : Overcoming Failure,,,,,,,,,id,,,,,,,0,0,,0,,,,,"2007-11-29 15:36:50","2007-11-29 16:26:59",
3833,1,When Help Is Needed,,,,,,,,,id,,,,,,,0,0,,0,,,,,"2007-11-29 15:36:50","2007-11-29 16:26:59",
3834,1,Eve & Rahab : Learning To Make Better Choices,,,,,,,,,id,,,,,,,0,0,,0,,,,,"2007-11-29 15:36:50","2007-11-29 16:26:59",
3835,1,When You Feel Like Running Away,,,,,,,,,id,,,,,,,0,0,,0,,,,,"2007-11-29 15:36:50","2007-11-29 16:26:59",
3836,1,Dimuridkan Oleh Yesus - Perjalanan Iman Maria Magdalena,,,,,,,,,id,,,,,,,0,0,,0,,,,,"2007-11-29 15:36:50","2007-11-29 16:26:59",
3837,1,Questions Skeptics Ask About Messianic Prophecy,,,,,,,,,id,,,,,,,0,0,,0,,,,,"2007-11-29 15:36:50","2007-11-29 16:26:59",
3838,1,Selamat Bercinta - 33 Renungan Tentang Komitmen,,,,,,,,,id,,,,,,,0,0,,0,,,,,"2007-11-29 15:36:50","2007-11-29 16:26:59",
3839,1,What Does The Bible Really Say About Slavery ?,,,,,,,,,id,,,,,,,0,0,,0,,,,,"2007-11-29 15:36:50","2007-11-29 16:26:59",
3840,1,Mari Berdoa - Berbicara Kepada Allah Dengan Firman-Nya,,,,,,,,,id,,,,,,,0,0,,0,,,,,"2007-11-29 15:36:50","2007-11-29 16:26:59",
3841,1,Is There Life After Death ?,,,,,,,,,id,,,,,,,0,0,,0,,,,,"2007-11-29 15:36:50","2007-11-29 16:26:59",
3842,1,What Do You Do With A Broken Relationship ?,,,,,,,,,id,,,,,,,0,0,,0,,,,,"2007-11-29 15:36:50","2007-11-29 16:26:59",
3843,1,Kabar Baik Bagi Segala Zaman - Memahami & Menerapkan Alkitab,,,,,,,,,id,,,,,,,0,0,,0,,,,,"2007-11-29 15:36:50","2007-11-29 16:26:59",
3844,1,Praying With Confidence - Overcoming Disappointment In Prayer,,,,,,,,,id,,,,,,,0,0,,0,,,,,"2007-11-29 15:36:50","2007-11-29 16:26:59",
3845,1,Do I Have The Right Kind Of Faith ?,,,,,,,,,id,,,,,,,0,0,,0,,,,,"2007-11-29 15:36:50","2007-11-29 16:26:59",
3846,1,Baptisan - Apakah Yang Dapat Menyatukan Kita ?,,,,,,,,,id,,,,,,,0,0,,0,,,,,"2007-11-29 15:36:50","2007-11-29 16:26:59",
3847,1,Baptism And The Lord's Supper,,,,,,,,,id,,,,,,,0,0,,0,,,,,"2007-11-29 15:36:50","2007-11-29 16:26:59",
3848,1,Our Eternal Home,,,,,,,,,id,,,,,,,0,0,,0,,,,,"2007-11-29 15:36:50","2007-11-29 16:26:59",
3849,1,What Does It Take To Follow Christ ?,,,,,,,,,id,,,,,,,0,0,,0,,,,,"2007-11-29 15:36:50","2007-11-29 16:26:59",
3850,1,Just Before Heaven : The Judgment Seat Of Christ,,,,,,,,,id,,,,,,,0,0,,0,,,,,"2007-11-29 15:36:50","2007-11-29 16:26:59",
3851,1,Does God Want Me Well ?,,,,,,,,,id,,,,,,,0,0,,0,,,,,"2007-11-29 15:36:50","2007-11-29 16:26:59",
3852,1,God's Good Earth,,,,,,,,,id,,,,,,,0,0,,0,,,,,"2007-11-29 15:36:50","2007-11-29 16:26:59",
3853,1,Knowing God Through Ezekiel,,,,,,,,,id,,,,,,,0,0,,0,,,,,"2007-11-29 15:36:50","2007-11-29 16:26:59",
3854,1,Developing The Art Of Gracious Disagreement,,,,,,,,,id,,,,,,,0,0,,0,,,,,"2007-11-29 15:36:50","2007-11-29 16:26:59",
3855,1,Israel : The Apple Of God's Eye,,,,,,,,,id,,,,,,,0,0,,0,,,,,"2007-11-29 15:36:50","2007-11-29 16:26:59",
3856,1,The Church We Need,,,,,,,,,id,,,,,,,0,0,,0,,,,,"2007-11-29 15:36:50","2007-11-29 16:26:59",
3857,1,Let's Pray - Talking To God With The Words Of The Bible,,,,,,,,,id,,,,,,,0,0,,0,,,,,"2007-11-29 15:36:50","2007-11-29 16:26:59",
3858,1,The Jewish Tradition Of Two Messiahs,,,,,,,,,id,,,,,,,0,0,,0,,,,,"2007-11-29 15:36:50","2007-11-29 16:26:59",
3859,1,Did Christ Really Rise From The Dead ?,,,,,,,,,id,,,,,,,0,0,,0,,,,,"2007-11-29 15:36:50","2007-11-29 16:26:59",
3860,1,After The Tsunami,,,,,,,,,id,,,,,,,0,0,,0,,,,,"2007-11-29 15:36:50","2007-11-29 16:26:59",
3861,1,Life-Changing Messages From The Risen Lord,,,,,,,,,id,,,,,,,0,0,,0,,,,,"2007-11-29 15:36:50","2007-11-29 16:26:59",
3862,1,Does the Bible Contradict Itself ?,,,,,,,,,id,,,,,,,0,0,,0,,,,,"2007-11-29 15:36:50","2007-11-29 16:26:59",
3863,1,Safe & Secure - The Permanence Of Salvation,,,,,,,,,id,,,,,,,0,0,,0,,,,,"2007-11-29 15:36:50","2007-11-29 16:26:59",
3864,1,What Does The Bible Say About Patience ?,,,,,,,,,id,,,,,,,0,0,,0,,,,,"2007-11-29 15:36:50","2007-11-29 16:26:59",
3865,1,When Anger Burns,,,,,,,,,id,,,,,,,0,0,,0,,,,,"2007-11-29 15:36:50","2007-11-29 16:26:59",
3866,1,Why Christians Doubt,,,,,,,,,id,,,,,,,0,0,,0,,,,,"2007-11-29 15:36:50","2007-11-29 16:26:59",
3867,1,When A Man's Eye Wanders,,,,,,,,,id,,,,,,,0,0,,0,,,,,"2007-11-29 15:36:50","2007-11-29 16:26:59",
3868,1,Baptism - What Can We Agree On ?,,,,,,,,,id,,,,,,,0,0,,0,,,,,"2007-11-29 15:36:50","2007-11-29 16:26:59",
3869,1,Poor Choices And Missed Opportunities - The Mistakes Of King Saul,,,,,,,,,id,,,,,,,0,0,,0,,,,,"2007-11-29 15:36:50","2007-11-29 16:26:59",
3870,1,When We Don't Measure Up - Escaping The Grip Of Guilt,,,,,,,,,id,,,,,,,0,0,,0,,,,,"2007-11-29 15:36:50","2007-11-29 16:26:59",
3871,1,Avoiding The Dangers Of Superficial Forgiveness,,,,,,,,,id,,,,,,,0,0,,0,,,,,"2007-11-29 15:36:50","2007-11-29 16:26:59",
3872,1,Abigail & Leah - Living In A Difficult Marriage,,,,,,,,,id,,,,,,,0,0,,0,,,,,"2007-11-29 15:36:50","2007-11-29 16:26:59",
3873,1,Jaminan Seumur Hidup - Lifetime Guarantee,,,,,,,,,id,,,,,,,0,0,,0,,,,,"2007-11-29 15:36:50","2007-11-29 16:26:59",
3874,1,When The Flame Flickers - Rekindling Intimacy In Your Marriage,,,,,,,,,id,,,,,,,0,0,,0,,,,,"2007-11-29 15:36:50","2007-11-29 16:26:59",
3875,1,When Hope Is Lost - Dealing With Depression,,,,,,,,,id,,,,,,,0,0,,0,,,,,"2007-11-29 15:36:50","2007-11-29 16:26:59",
3876,1,The Mind Of Christ - Experiencing The Joy Of The Christlike Difference,,,,,,,,,id,,,,,,,0,0,,0,,,,,"2007-11-29 15:36:50","2007-11-29 16:26:59",
3877,1,How Can I Live With My Loss ?,,,,,,,,,id,,,,,,,0,0,,0,,,,,"2007-11-29 15:36:50","2007-11-29 16:26:59",
3878,1,Abraham,,,,,,,,,id,,,,,,,0,0,,0,,,,,"2007-11-29 15:36:50","2007-11-29 16:26:59",
3879,1,Yakub,,,,,,,,,id,,,,,,,0,0,,0,,,,,"2007-11-29 15:36:50","2007-11-29 16:26:59",
3880,1,Belum ada judul,,,,,,,,,id,,,,,,,0,0,,0,,,,,"2007-11-29 15:36:50","2007-11-29 16:26:59",
3881,1,Yosua,,,,,,,,,id,,,,,,,0,0,,0,,,,,"2007-11-29 15:36:50","2007-11-29 16:26:59",
3882,1,Santapan Rohani - Hadiah Terindah,,,,,,,,,id,,,,,,,0,0,,0,,,,,"2007-11-29 15:36:50","2007-11-29 16:26:59",
3883,1,Maximized ManHood,,,,,,,,,id,,,,,,,0,0,,0,,,,,"2007-11-29 15:36:50","2007-11-29 16:26:59",
3884,1,Apa kata Tuhan tentang Orang TUA,,,,,,,,,id,,,,,,,0,0,,0,,,,,"2007-11-29 15:36:50","2007-11-29 16:26:59",
3885,1,Selamat Datang Dalam Keluarga Allah,,,,,,,,,id,,,,,,,0,0,,0,,,,,"2007-11-29 15:36:50","2007-11-29 16:26:59",
3886,1,Buku Saku Para Sarjana,,,,,,,,,id,,,,,,,0,0,,0,,,,,"2007-11-29 15:36:50","2007-11-29 16:26:59",
3887,1,Apa Kata Tuhan tentang DOA,,,,,,,,,id,,,,,,,0,0,,0,,,,,"2007-11-29 15:36:50","2007-11-29 16:26:59",
3888,1,Apa kata Tuhan tentang Karakter,,,,,,,,,id,,,,,,,0,0,,0,,,,,"2007-11-29 15:36:50","2007-11-29 16:26:59",
3889,1,Mari Mengenal Yesus,,,,,,,,,id,,,,,,,0,0,,0,,,,,"2007-11-29 15:36:50","2007-11-29 16:26:59",
3890,1,Treasure For A Childs' Heart,,,,,,,,,id,,,,,,,0,0,,0,,,,,"2007-11-29 15:36:50","2007-11-29 16:26:59",
3891,1,Tuhan apakah saya tamak ?,,,,,,,,,id,,,,,,,0,0,,0,,,,,"2007-11-29 15:36:50","2007-11-29 16:26:59",
3892,1,Amarah Anda Membawa Bencana ?,,,,,,,,,id,,,,,,,0,0,,0,,,,,"2007-11-29 15:36:50","2007-11-29 16:26:59",
3893,1,Bagaimana Bersaksi ?,,,,,,,,,id,,,,,,,0,0,,0,,,,,"2007-11-29 15:36:50","2007-11-29 16:26:59",
3894,1,Saya Terlalu Benci Dengan Dia,,,,,,,,,id,,,,,,,0,0,,0,,,,,"2007-11-29 15:36:50","2007-11-29 16:26:59",
3895,1,The Da Vinci Code : Memisahkan Fakta Dari Fiksi,,,,,,,,,id,,,,,,,0,0,,0,,,,,"2007-11-29 15:36:50","2007-11-29 16:26:59",
3896,1,Langkah-Langkah Menuju Pertumbuhan Rohani,,,,,,,,,id,,,,,,,0,0,,0,,,,,"2007-11-29 15:36:50","2007-11-29 16:26:59",
3897,1,Langkah-Langkah Menuju Pertumbuhan Rohani Bagi Orang Yang Baru Percaya,,,,,,,,,id,,,,,,,0,0,,0,,,,,"2007-11-29 15:36:50","2007-11-29 16:26:59",
3898,1,Mujizat - Makna Dan Isu-Isu Kontemporernya,,,,,,,,,id,,,,,,,0,0,,0,,,,,"2007-11-29 15:36:50","2007-11-29 16:26:59",
3899,1,Penciptaan vs Evolusi - Creation vs Evolution,,,,,,,,,id,,,,,,,0,0,,0,,,,,"2007-11-29 15:36:50","2007-11-29 16:26:59",
3900,1,Menabur Angin Menuai Tofan,,,,,,,,,id,,,,,,,0,0,,0,,,,,"2007-11-29 15:36:50","2007-11-29 16:26:59",
3901,1,Merenung Sejenak Di Kaki Kristus,,,,,,,,,id,,,,,,,0,0,,0,,,,,"2007-11-29 15:36:50","2007-11-29 16:26:59",
3902,1,Anda Sungguh Berarti,,,,,,,,,id,,,,,,,0,0,,0,,,,,"2007-11-29 15:36:50","2007-11-29 16:26:59",
3903,1,Janji Allah Dalam Buku Kecil-Nya,,,,,,,,,id,,,,,,,0,0,,0,,,,,"2007-11-29 15:36:50","2007-11-29 16:26:59",
3904,1,Membangun Mezbah Keluarga,,,,,,,,,id,,,,,,,0,0,,0,,,,,"2007-11-29 15:36:50","2007-11-29 16:26:59",
3905,1,Handbook in the Bible,,,,,,,,,id,,,,,,,0,0,,0,,,,,"2007-11-29 15:36:50","2007-11-29 16:26:59",
3906,1,Roots And Wings (Berakar Dan Bersayap),,,,,,,,,id,,,,,,,0,0,,0,,,,,"2007-11-29 15:36:50","2007-11-29 16:26:59",
3907,1,Bersahabat Dengan Remaja,"","","",,"","","","",id,,,NONE,"",,,0,0,,0,"",,,,"2007-11-29 15:36:50","2026-07-19 11:11:40",
3908,1,Siapakah Yesus ?,,,,,,,,,id,,,,,,,0,0,,0,,,,,"2007-11-29 15:36:50","2007-11-29 16:26:59",
3909,1,A Certain Kind (Yang Tertentu),,,,,,,,,id,,,,,,,0,0,,0,,,,,"2007-11-29 15:36:50","2007-11-29 16:26:59",
3910,1,Unforgettable Jomblo,,,,,,,,,id,,,,,,,0,0,,0,,,,,"2007-11-29 15:36:50","2007-11-29 16:26:59",
3911,1,Depresi dan Penyembuhannya,"","","",,"","","","",id,,,NONE,"",,,0,0,,0,"",,,,"2007-11-29 15:36:50","2026-07-19 11:13:54",
3912,1,Di mana aku berada,,,,,,,,,id,,,,,,,0,0,,0,,,,,"2007-11-29 15:36:50","2007-11-29 16:26:59",
3913,1,Enjoying God's Presence,,,,,,,,,id,,,,,,,0,0,,0,,,,,"2007-11-29 15:36:50","2007-11-29 16:26:59",
3914,1,Musa dan Tulah untuk mesir,,,,,,,,,id,,,,,,,0,0,,0,,,,,"2007-11-29 15:36:50","2007-11-29 16:26:59",
3915,1,Berdoa bagi Dunia,,,,,,,,,id,,,,,,,0,0,,0,,,,,"2007-11-29 15:36:50","2007-11-29 16:26:59",
3916,1,Experiencing God's Power,,,,,,,,,id,,,,,,,0,0,,0,,,,,"2007-11-29 15:36:50","2007-11-29 16:26:59",
3917,1,Devotions For Sacred Parenting,,,,,,,,,id,,,,,,,0,0,,0,,,,,"2007-11-29 15:36:50","2007-11-29 16:26:59",
3918,1,Yusuf si penasihat raja,,,,,,,,,id,,,,,,,0,0,,0,,,,,"2007-11-29 15:36:50","2007-11-29 16:26:59",
3919,1,Memimpin Kelompok Kecil Dengan Tujuan,,,,,,,,,id,,,,,,,0,0,,0,,,,,"2007-11-29 15:36:50","2007-11-29 16:26:59",
3920,1,Roots and Wings (Berakar dan Bersayap) - Facilitator,,,,,,,,,id,,,,,,,0,0,,0,,,,,"2007-11-29 15:36:50","2007-11-29 16:26:59",
3921,1,"Commands of Christ, series One",,,,,,,,,id,,,,,,,0,0,,0,,,,,"2007-11-29 15:36:50","2007-11-29 16:26:59",
3922,1,Kritik,"","","",,"","","","",id,,,NONE,"",,,0,0,,0,"",,,,"2007-11-29 15:36:50","2026-07-19 11:12:54",
3923,1,The 21 Most Powerful Minutes in a Leader's Day,,,,,,,,,id,,,,,,,0,0,,0,,,,,"2007-11-29 15:36:50","2007-11-29 16:26:59",
3924,1,Konseling Pastoral,"","","",,"","","","",id,,,NONE,"",,,0,0,,0,"",,,,"2007-11-29 15:36:50","2026-07-19 11:18:56",
3925,1,Bagaimana Memahami Karunia-Karunia Rohani,,,,,,,,,id,,,,,,,0,0,,0,,,,,"2007-11-29 15:36:50","2007-11-29 16:26:59",
3926,1,Bileam,,,,,,,,,id,,,,,,,0,0,,0,,,,,"2007-11-29 15:36:50","2007-11-29 16:26:59",
3927,1,Rahasia Sukses,,,,,,,,,id,,,,,,,0,0,,0,,,,,"2007-11-29 15:36:50","2007-11-29 16:26:59",
3928,1,Apolo - Rasul Uganda,,,,,,,,,id,,,,,,,0,0,,0,,,,,"2007-11-29 15:36:50","2007-11-29 16:26:59",
3929,1,Guard Your Heart,,,,,,,,,id,,,,,,,0,0,,0,,,,,"2007-11-29 15:36:50","2007-11-29 16:26:59",
3930,1,Melewati Masa Kehamilan Dengan doa,,,,,,,,,id,,,,,,,0,0,,0,,,,,"2007-11-29 15:36:50","2007-11-29 16:26:59",
3931,1,Esau dan Yakub,,,,,,,,,id,,,,,,,0,0,,0,,,,,"2007-11-29 15:36:50","2007-11-29 16:26:59",
3932,1,Musuh Tak Terduga bagi Keadilan dan Kemurahan,,,,,,,,,id,,,,,,,0,0,,0,,,,,"2007-11-29 15:36:50","2007-11-29 16:26:59",
3933,1,The Exceeding Great Power Of God's Grace,,,,,,,,,id,,,,,,,0,0,,0,,,,,"2007-11-29 15:36:50","2007-11-29 16:26:59",
3934,1,Glory Days,,,,,,,,,id,,,,,,,0,0,,0,,,,,"2007-11-29 15:36:50","2007-11-29 16:26:59",
3935,1,Kerendahan Hai dan Takut akan Tuhan,,,,,,,,,id,,,,,,,0,0,,0,,,,,"2007-11-29 15:36:50","2007-11-29 16:26:59",
3936,1,Lifetime Characters,,,,,,,,,id,,,,,,,0,0,,0,,,,,"2007-11-29 15:36:50","2007-11-29 16:26:59",
3937,1,Yosua,,,,,,,,,id,,,,,,,0,0,,0,,,,,"2007-11-29 15:36:50","2007-11-29 16:26:59",
3938,1,Navigasi - Bagaimana Alkitab Dapat Membantu Anda Dalam Setiap Aspek Hidup Anda,,,,,,,,,id,,,,,,,0,0,,0,,,,,"2007-11-29 15:36:50","2007-11-29 16:26:59",
3939,1,Kamu juga bisa belajar dari mereka,,,,,,,,,id,,,,,,,0,0,,0,,,,,"2007-11-29 15:36:50","2007-11-29 16:26:59",
3940,1,Memahami Dasar Dasar yang Alkitabiah bagi Pernikahan,,,,,,,,,id,,,,,,,0,0,,0,,,,,"2007-11-29 15:36:50","2007-11-29 16:26:59",
3941,1,Answering Hard Questions,,,,,,,,,id,,,,,,,0,0,,0,,,,,"2007-11-29 15:36:50","2007-11-29 16:26:59",
3942,1,Demensia,,,,,,,,,id,,,,,,,0,0,,0,,,,,"2007-11-29 15:36:50","2007-11-29 16:26:59",
3943,1,Meraih Sukses Sejati,,,,,,,,,id,,,,,,,0,0,,0,,,,,"2007-11-29 15:36:50","2007-11-29 16:26:59",
3944,1,Why Did God Let It Happen,,,,,,,,,id,,,,,,,0,0,,0,,,,,"2007-11-29 15:36:50","2007-11-29 16:26:59",
3945,1,Daud dan Goliat,,,,,,,,,id,,,,,,,0,0,,0,,,,,"2007-11-29 15:36:50","2007-11-29 16:26:59",
3946,1,The End Of me,,,,,,,,,id,,,,,,,0,0,,0,,,,,"2007-11-29 15:36:50","2007-11-29 16:26:59",
3947,1,Whatever Happened To Worship ?,,,,,,,,,id,,,,,,,0,0,,0,,,,,"2007-11-29 15:36:50","2007-11-29 16:26:59",
3948,1,Salomo raja yang bijaksana,,,,,,,,,id,,,,,,,0,0,,0,,,,,"2007-11-29 15:36:50","2007-11-29 16:26:59",
3949,1,How To Conquer Habits And Addictions,,,,,,,,,id,,,,,,,0,0,,0,,,,,"2007-11-29 15:36:50","2007-11-29 16:26:59",
3950,1,Samuel dipanggil Tuhan,,,,,,,,,id,,,,,,,0,0,,0,,,,,"2007-11-29 15:36:50","2007-11-29 16:26:59",
3951,1,Soul Keeping (Menjaga Jiwa),,,,,,,,,id,,,,,,,0,0,,0,,,,,"2007-11-29 15:36:50","2007-11-29 16:26:59",
3952,1,Gideon mengalahkan bangsa midian,,,,,,,,,id,,,,,,,0,0,,0,,,,,"2007-11-29 15:36:50","2007-11-29 16:26:59",
3953,1,Revolusi Uang,,,,,,,,,id,,,,,,,0,0,,0,,,,,"2007-11-29 15:36:50","2007-11-29 16:26:59",
3954,1,Menghidupi hari bersama (Dietrich Bonhoeffer),,,,,,,,,id,,,,,,,0,0,,0,,,,,"2007-11-29 15:36:50","2007-11-29 16:26:59",
3955,1,Six Hours One Friday,,,,,,,,,id,,,,,,,0,0,,0,,,,,"2007-11-29 15:36:50","2007-11-29 16:26:59",
3956,1,Paradigma Mentoring,,,,,,,,,id,,,,,,,0,0,,0,,,,,"2007-11-29 15:36:50","2007-11-29 16:26:59",
3957,1,Ishak di negeri filistin,,,,,,,,,id,,,,,,,0,0,,0,,,,,"2007-11-29 15:36:50","2007-11-29 16:26:59",
3958,1,Daniel menaklukkan singa,,,,,,,,,id,,,,,,,0,0,,0,,,,,"2007-11-29 15:36:50","2007-11-29 16:26:59",
3959,1,Bagaimana mengembangkan karakter jujur,,,,,,,,,id,,,,,,,0,0,,0,,,,,"2007-11-29 15:36:50","2007-11-29 16:26:59",
3960,1,Saul raja pertama israel,,,,,,,,,id,,,,,,,0,0,,0,,,,,"2007-11-29 15:36:50","2007-11-29 16:26:59",
3961,1,Bagaimana mengembangkan karakter taa,,,,,,,,,id,,,,,,,0,0,,0,,,,,"2007-11-29 15:36:50","2007-11-29 16:26:59",
3962,1,Ratu Ester,,,,,,,,,id,,,,,,,0,0,,0,,,,,"2007-11-29 15:36:50","2007-11-29 16:26:59",
3963,1,Raja Yosia,,,,,,,,,id,,,,,,,0,0,,0,,,,,"2007-11-29 15:36:50","2007-11-29 16:26:59",
3964,1,Bagaimana mengembangkan karakter Penuh perhatian,,,,,,,,,id,,,,,,,0,0,,0,,,,,"2007-11-29 15:36:50","2007-11-29 16:26:59",
3965,1,Elia mengalahkan nabi-nabi baal,,,,,,,,,id,,,,,,,0,0,,0,,,,,"2007-11-29 15:36:50","2007-11-29 16:26:59",
3966,1,Bagaimana mengembangkan karakter tertib,,,,,,,,,id,,,,,,,0,0,,0,,,,,"2007-11-29 15:36:50","2007-11-29 16:26:59",
3967,1,Ayub hamba yang setia,,,,,,,,,id,,,,,,,0,0,,0,,,,,"2007-11-29 15:36:50","2007-11-29 16:26:59",
3968,1,Nuh dan air bah,,,,,,,,,id,,,,,,,0,0,,0,,,,,"2007-11-29 15:36:50","2007-11-29 16:26:59",
3969,1,Bagaimana mengembangkan karakter tahu berterima kasih,,,,,,,,,id,,,,,,,0,0,,0,,,,,"2007-11-29 15:36:50","2007-11-29 16:26:59",
3970,1,Adam dan hawa,,,,,,,,,id,,,,,,,0,0,,0,,,,,"2007-11-29 15:36:50","2007-11-29 16:26:59",
3971,1,Bagaimana mengembangkan karakter rajin,,,,,,,,,id,,,,,,,0,0,,0,,,,,"2007-11-29 15:36:50","2007-11-29 16:26:59",
3972,1,Abraham sahabat Allah,,,,,,,,,id,,,,,,,0,0,,0,,,,,"2007-11-29 15:36:50","2007-11-29 16:26:59",
3973,1,Tuhan mengasihi lot,,,,,,,,,id,,,,,,,0,0,,0,,,,,"2007-11-29 15:36:50","2007-11-29 16:26:59",
3974,1,Xi Li - Baptis,,,,,,,,,id,,,,,,,0,0,,0,,,,,"2007-11-29 15:36:50","2007-11-29 16:26:59",
3975,1,Siapakah yang menciptakan dunia?,,,,,,,,,id,,,,,,,0,0,,0,,,,,"2007-11-29 15:36:50","2007-11-29 16:26:59",
3976,1,Seperti apakah Allah?,,,,,,,,,id,,,,,,,0,0,,0,,,,,"2007-11-29 15:36:50","2007-11-29 16:26:59",
3977,1,Jie Hou Yu Po - Sisa Setelah Badai Berlalu,,,,,,,,,id,,,,,,,0,0,,0,,,,,"2007-11-29 15:36:50","2007-11-29 16:26:59",
3978,1,Elia Teladan kepemimpinan dalam Alkitab,,,,,,,,,id,,,,,,,0,0,,0,,,,,"2007-11-29 15:36:50","2007-11-29 16:26:59",
3979,1,In pursuit of the enemy,,,,,,,,,id,,,,,,,0,0,,0,,,,,"2007-11-29 15:36:50","2007-11-29 16:26:59",
3980,1,Xin Jiao Yu Xin Ji Du Yu He Ten Bie - Bagaimana Membedakan Keagamaan dan Kristen,,,,,,,,,id,,,,,,,0,0,,0,,,,,"2007-11-29 15:36:50","2007-11-29 16:26:59",
3981,1,Escape from jungle island,,,,,,,,,id,,,,,,,0,0,,0,,,,,"2007-11-29 15:36:50","2007-11-29 16:26:59",
3982,1,Caged Rivalry,,,,,,,,,id,,,,,,,0,0,,0,,,,,"2007-11-29 15:36:50","2007-11-29 16:26:59",
3983,1,Shi Zi Jia De Da Neng - Kekuatan Salib,,,,,,,,,id,,,,,,,0,0,,0,,,,,"2007-11-29 15:36:50","2007-11-29 16:26:59",
3984,1,Zou Chu Liu Lei Gu - Jalan Keluar Dari Lembah Air Mata,,,,,,,,,id,,,,,,,0,0,,0,,,,,"2007-11-29 15:36:50","2007-11-29 16:26:59",
3985,1,Shi Ren De Xi Wang - Harapan Semua Orang,,,,,,,,,id,,,,,,,0,0,,0,,,,,"2007-11-29 15:36:50","2007-11-29 16:26:59",
3986,1,Jing Zheng Shi Jie Zhong De Xin Xin Sheng Huo - Keyakinan Hidup Dalam Dunia Persaingan,,,,,,,,,id,,,,,,,0,0,,0,,,,,"2007-11-29 15:36:50","2007-11-29 16:26:59",
3987,1,Le Zai Gong Zuo Zhong - Senang Dalam Kerja,,,,,,,,,id,,,,,,,0,0,,0,,,,,"2007-11-29 15:36:50","2007-11-29 16:26:59",
3988,1,Ru He Mian Dui Yu Lu? - Bagaimana Menghadapi Masalah?,,,,,,,,,id,,,,,,,0,0,,0,,,,,"2007-11-29 15:36:50","2007-11-29 16:26:59",
3989,1,Ji Yao Zhen Li - Pentingnya Kebenaran,,,,,,,,,id,,,,,,,0,0,,0,,,,,"2007-11-29 15:36:50","2007-11-29 16:26:59",
3990,1,Mu Shi Yu Ni - Pendeta dan Kamu,,,,,,,,,id,,,,,,,0,0,,0,,,,,"2007-11-29 15:36:50","2007-11-29 16:26:59",
3991,1,Pernikahan yang Berkomitmen,,,,,,,,,id,,,,,,,0,0,,0,,,,,"2007-11-29 15:36:50","2007-11-29 16:26:59",
3992,1,Seks and Supremasi Kristus,,,,,,,,,id,,,,,,,0,0,,0,,,,,"2007-11-29 15:36:50","2007-11-29 16:26:59",
3993,1,Shang Di Yan Zhong De Wo? - Aku Dimata Tuhan,,,,,,,,,id,,,,,,,0,0,,0,,,,,"2007-11-29 15:36:50","2007-11-29 16:26:59",
3994,1,Fokus Yang Jelas,,,,,,,,,id,,,,,,,0,0,,0,,,,,"2007-11-29 15:36:50","2007-11-29 16:26:59",
3995,1,Pernikahan yang Bergairah,,,,,,,,,id,,,,,,,0,0,,0,,,,,"2007-11-29 15:36:50","2007-11-29 16:26:59",
3996,1,Ru He Ming Bai Shang Di De Zhi Yi? - Bagaimana Mengetahui Amanah Tuhan?,,,,,,,,,id,,,,,,,0,0,,0,,,,,"2007-11-29 15:36:50","2007-11-29 16:26:59",
3997,1,Ye Su De Dao Gao Lan Tu - Gambaran Doa Yesus,,,,,,,,,id,,,,,,,0,0,,0,,,,,"2007-11-29 15:36:50","2007-11-29 16:26:59",
3998,1,Kejutan dalam Pernikahan,,,,,,,,,id,,,,,,,0,0,,0,,,,,"2007-11-29 15:36:50","2007-11-29 16:26:59",
3999,1,Pendewasaan Manusia Dewasa,,,,,,,,,id,,,,,,,0,0,,0,,,,,"2007-11-29 15:36:50","2007-11-29 16:26:59",
4000,1,Xi Men Bi De - Simon Petrus,,,,,,,,,id,,,,,,,0,0,,0,,,,,"2007-11-29 15:36:50","2007-11-29 16:26:59",
4001,1,Pernikahan yang menjadi Model,,,,,,,,,id,,,,,,,0,0,,0,,,,,"2007-11-29 15:36:50","2007-11-29 16:26:59",
4002,1,Xin Xin De Dao Gao - Keyakinan Akan Doa,,,,,,,,,id,,,,,,,0,0,,0,,,,,"2007-11-29 15:36:50","2007-11-29 16:26:59",
4003,1,Panduan Lengkap Pemuridan,,,,,,,,,id,,,,,,,0,0,,0,,,,,"2007-11-29 15:36:50","2007-11-29 16:26:59",
4004,1,Chuan Yue Ren Sheng De Feng Bao - Melewati Badai Kehidupan,,,,,,,,,id,,,,,,,0,0,,0,,,,,"2007-11-29 15:36:50","2007-11-29 16:26:59",
4005,1,Mengatasi Konflik dalam Pernikahan,,,,,,,,,id,,,,,,,0,0,,0,,,,,"2007-11-29 15:36:50","2007-11-29 16:26:59",
4006,1,Wei Shi Mo Liang Shan De Shang Di Rong Xu Ku Nan Cun Zai? - Mengapa Tuhan yang Murah Hati Membiarkan Adanya Kesengsaraan?,,,,,,,,,id,,,,,,,0,0,,0,,,,,"2007-11-29 15:36:50","2007-11-29 16:26:59",
4007,1,Pernikahan yang Berkelimpahan,,,,,,,,,id,,,,,,,0,0,,0,,,,,"2007-11-29 15:36:50","2007-11-29 16:26:59",
4008,1,Ru He Liao Jie Sheng Jing - Bagaimana Mengenal Alkitab,,,,,,,,,id,,,,,,,0,0,,0,,,,,"2007-11-29 15:36:50","2007-11-29 16:26:59",
4009,1,Simply Jesus,,,,,,,,,id,,,,,,,0,0,,0,,,,,"2007-11-29 15:36:50","2007-11-29 16:26:59",
4010,1,Zhi Zu Chang Le - Selalu Merasa Cukup Selalu Senang,,,,,,,,,id,,,,,,,0,0,,0,,,,,"2007-11-29 15:36:50","2007-11-29 16:26:59",
4011,1,Pernikahan sebagai Mahakarya,,,,,,,,,id,,,,,,,0,0,,0,,,,,"2007-11-29 15:36:50","2007-11-29 16:26:59",
4012,1,Huo Zai Shang Di De Guo Do (Yi) - Hidup Dalam Tuhan (1),,,,,,,,,id,,,,,,,0,0,,0,,,,,"2007-11-29 15:36:50","2007-11-29 16:26:59",
4013,1,Move,,,,,,,,,id,,,,,,,0,0,,0,,,,,"2007-11-29 15:36:50","2007-11-29 16:26:59",
4014,1,You Da - Yudas,,,,,,,,,id,,,,,,,0,0,,0,,,,,"2007-11-29 15:36:50","2007-11-29 16:26:59",
4015,1,Pernikahan yang Memberi,,,,,,,,,id,,,,,,,0,0,,0,,,,,"2007-11-29 15:36:50","2007-11-29 16:26:59",
4016,1,Bao Teng Yu Zhong De Mao - Jangkar Disaat Badai,,,,,,,,,id,,,,,,,0,0,,0,,,,,"2007-11-29 15:36:50","2007-11-29 16:26:59",
4017,1,Ling Ren Jing Gi De shang di - Tuhan yang menakjubkan,,,,,,,,,id,,,,,,,0,0,,0,,,,,"2007-11-29 15:36:50","2007-11-29 16:26:59",
4018,1,Air Mata Membeningkan Jiwa,,,,,,,,,id,,,,,,,0,0,,0,,,,,"2007-11-29 15:36:50","2007-11-29 16:26:59",
4019,1,Pernikahan Anda: Sebuah Maha Karya,,,,,,,,,id,,,,,,,0,0,,0,,,,,"2007-11-29 15:36:50","2007-11-29 16:26:59",
4020,1,Huo Zai Shang Di De Guo Du Er - Hidup di dalam Tuhan,,,,,,,,,id,,,,,,,0,0,,0,,,,,"2007-11-29 15:36:50","2007-11-29 16:26:59",
4021,1,Enam Metode Pemahaman Alkitab Andragogis,,,,,,,,,id,,,,,,,0,0,,0,,,,,"2007-11-29 15:36:50","2007-11-29 16:26:59",
4022,1,You Da - Yudas,,,,,,,,,id,,,,,,,0,0,,0,,,,,"2007-11-29 15:36:50","2007-11-29 16:26:59",
4023,1,Jalan serta Yesus,,,,,,,,,id,,,,,,,0,0,,0,,,,,"2007-11-29 15:36:50","2007-11-29 16:26:59",
4024,1,Bae Feng Yu Zhong De Mao - Jangkar di saat badai,,,,,,,,,id,,,,,,,0,0,,0,,,,,"2007-11-29 15:36:50","2007-11-29 16:26:59",
4025,1,Anugerah Bagi Sesama,,,,,,,,,id,,,,,,,0,0,,0,,,,,"2007-11-29 15:36:50","2007-11-29 16:26:59",
4026,1,Shang Di De Rao Shu - Pengampunan dari Tuhan,,,,,,,,,id,,,,,,,0,0,,0,,,,,"2007-11-29 15:36:50","2007-11-29 16:26:59",
4027,1,"Bunda, Bolehkah Aku Menukar Adikku?",,,,,,,,,id,,,,,,,0,0,,0,,,,,"2007-11-29 15:36:50","2007-11-29 16:26:59",
4028,1,Shang Di De Jie Qi,,,,,,,,,id,,,,,,,0,0,,0,,,,,"2007-11-29 15:36:50","2007-11-29 16:26:59",
4029,1,Budaya Kerja Kristiani,,,,,,,,,id,,,,,,,0,0,,0,,,,,"2007-11-29 15:36:50","2007-11-29 16:26:59",
4030,1,Tou Guo Yi Sai Ya Shu Ren She Shang Di - Mengenal Tuhan lewat kitab Yesaya,,,,,,,,,id,,,,,,,0,0,,0,,,,,"2007-11-29 15:36:50","2007-11-29 16:26:59",
4031,1,Sola Scriptura,,,,,,,,,id,,,,,,,0,0,,0,,,,,"2007-11-29 15:36:50","2007-11-29 16:26:59",
4032,1,Dao Gao Wei Meng Ying Yun Shi,,,,,,,,,id,,,,,,,0,0,,0,,,,,"2007-11-29 15:36:50","2007-11-29 16:26:59",
4033,1,A Wonderful Journey Of Dedication,,,,,,,,,id,,,,,,,0,0,,0,,,,,"2007-11-29 15:36:50","2007-11-29 16:26:59",
4034,1,Sheng Ming Wei He Ru Ci Bu Gong - Hidup mengapa begitu tidak adil,,,,,,,,,id,,,,,,,0,0,,0,,,,,"2007-11-29 15:36:50","2007-11-29 16:26:59",
4035,1,Ru He Da Po Chen MO - Bagaimana memecahkan kebisuan,,,,,,,,,id,,,,,,,0,0,,0,,,,,"2007-11-29 15:36:50","2007-11-29 16:26:59",
4036,1,Dang Ni Xin Xiang Tao Bi Shi - Disaat kamu pikir mau melarikan diri,,,,,,,,,id,,,,,,,0,0,,0,,,,,"2007-11-29 15:36:50","2007-11-29 16:26:59",
4037,1,Revolutionary Parenting,,,,,,,,,id,,,,,,,0,0,,0,,,,,"2007-11-29 15:36:50","2007-11-29 16:26:59",
4038,1,Huo Chu Ji Du De Sheng Ming - Hidup Dalam Kristus,,,,,,,,,id,,,,,,,0,0,,0,,,,,"2007-11-29 15:36:50","2007-11-29 16:26:59",
4039,1,Fondasi Pendidikan Kristen,,,,,,,,,id,,,,,,,0,0,,0,,,,,"2007-11-29 15:36:50","2007-11-29 16:26:59",
4040,1,Jia Lue Shan De Chao Nong Yu Wei Yan - Ejekan dan keagungan di Kalvari,,,,,,,,,id,,,,,,,0,0,,0,,,,,"2007-11-29 15:36:50","2007-11-29 16:26:59",
4041,1,MO Xi - Musa,,,,,,,,,id,,,,,,,0,0,,0,,,,,"2007-11-29 15:36:50","2007-11-29 16:26:59",
4042,1,"Anakku Autis, Aku Harus Bagaimana?",,,,,,,,,id,,,,,,,0,0,,0,,,,,"2007-11-29 15:36:50","2007-11-29 16:26:59",
4043,1,Chong Chu Ya Li De Dhong Wei - Menerobos pagar tekanan,,,,,,,,,id,,,,,,,0,0,,0,,,,,"2007-11-29 15:36:50","2007-11-29 16:26:59",
4044,1,Ye Su De Men Tu Xun Luan - Latihan Murid Yesus,,,,,,,,,id,,,,,,,0,0,,0,,,,,"2007-11-29 15:36:50","2007-11-29 16:26:59",
4045,1,Menjadi Orang Tua Kristen,,,,,,,,,id,,,,,,,0,0,,0,,,,,"2007-11-29 15:36:50","2007-11-29 16:26:59",
4046,1,Jemaat Bertanya Pendeta Menjawab 2,,,,,,,,,id,,,,,,,0,0,,0,,,,,"2007-11-29 15:36:50","2007-11-29 16:26:59",
4047,1,Selamat Ribut Rukun,,,,,,,,,id,,,,,,,0,0,,0,,,,,"2007-11-29 15:36:50","2007-11-29 16:26:59",
4048,1,Gambaran Gereja Dalam Misi,,,,,,,,,id,,,,,,,0,0,,0,,,,,"2007-11-29 15:36:50","2007-11-29 16:26:59",
4049,1,Allah Menciptakan Dunia,,,,,,,,,id,,,,,,,0,0,,0,,,,,"2007-11-29 15:36:50","2007-11-29 16:26:59",
4050,1,"Maria, Yusuf, dan Malaikat",,,,,,,,,id,,,,,,,0,0,,0,,,,,"2007-11-29 15:36:50","2007-11-29 16:26:59",
4051,1,Gembala dan Malaikat,,,,,,,,,id,,,,,,,0,0,,0,,,,,"2007-11-29 15:36:50","2007-11-29 16:26:59",
4052,1,Laki-Laki yang Menolong,,,,,,,,,id,,,,,,,0,0,,0,,,,,"2007-11-29 15:36:50","2007-11-29 16:26:59",
4053,1,Hari yang Sedih & Hari yang Gembira,,,,,,,,,id,,,,,,,0,0,,0,,,,,"2007-11-29 15:36:50","2007-11-29 16:26:59",
4054,1,Anak Laki-Laki yang Membagi Makan Siangnya,,,,,,,,,id,,,,,,,0,0,,0,,,,,"2007-11-29 15:36:50","2007-11-29 16:26:59",
4055,1,"Anak Laki-Laki, Anak Perempuan, dan Yesus",,,,,,,,,id,,,,,,,0,0,,0,,,,,"2007-11-29 15:36:50","2007-11-29 16:26:59",
4056,1,Laki-Laki yang Sangat Pendek,,,,,,,,,id,,,,,,,0,0,,0,,,,,"2007-11-29 15:36:50","2007-11-29 16:26:59",
4057,1,Simon & Perahunya,,,,,,,,,id,,,,,,,0,0,,0,,,,,"2007-11-29 15:36:50","2007-11-29 16:26:59",
4058,1,Cerita Paskah Batita,,,,,,,,,id,,,,,,,0,0,,0,,,,,"2007-11-29 15:36:50","2007-11-29 16:26:59",
4059,1,Kidung Rohani yang dicintai Anak-Anak Vol 1,,,,,,,,,id,,,,,,,0,0,,0,,,,,"2007-11-29 15:36:50","2007-11-29 16:26:59",
4060,1,Terpanggil Menjadi Pendidik Kristen yang berhati Gembala,,,,,,,,,id,,,,,,,0,0,,0,,,,,"2007-11-29 15:36:50","2007-11-29 16:26:59",
4061,1,Radical Reliance,,,,,,,,,id,,,,,,,0,0,,0,,,,,"2007-11-29 15:36:50","2007-11-29 16:26:59",
4062,1,Peprangan Kaum Pria,,,,,,,,,id,,,,,,,0,0,,0,,,,,"2007-11-29 15:36:50","2007-11-29 16:26:59",
4063,1,Petualangan Di Pulau Penguin,,,,,,,,,id,,,,,,,0,0,,0,,,,,"2007-11-29 15:36:50","2007-11-29 16:26:59",
4064,1,Spiritual Warfare,,,,,,,,,id,,,,,,,0,0,,0,,,,,"2007-11-29 15:36:50","2007-11-29 16:26:59",
4065,1,Talking With My Father,,,,,,,,,id,,,,,,,0,0,,0,,,,,"2007-11-29 15:36:50","2007-11-29 16:26:59",
4066,1,Let's Talk,,,,,,,,,id,,,,,,,0,0,,0,,,,,"2007-11-29 15:36:50","2007-11-29 16:26:59",
4067,1,Ten (how the commandments) set us free,,,,,,,,,id,,,,,,,0,0,,0,,,,,"2007-11-29 15:36:50","2007-11-29 16:26:59",
4068,1,Conformed to His Image the servant as his Lord,,,,,,,,,id,,,,,,,0,0,,0,,,,,"2007-11-29 15:36:50","2007-11-29 16:26:59",
4069,1,Christian Displines,,,,,,,,,id,,,,,,,0,0,,0,,,,,"2007-11-29 15:36:50","2007-11-29 16:26:59",
4070,1,Faithful To The End,,,,,,,,,id,,,,,,,0,0,,0,,,,,"2007-11-29 15:36:50","2007-11-29 16:26:59",
4071,1,Our Daily Bread,,,,,,,,,id,,,,,,,0,0,,0,,,,,"2007-11-29 15:36:50","2007-11-29 16:26:59",
4072,1,When You Don't Know what to say,,,,,,,,,id,,,,,,,0,0,,0,,,,,"2007-11-29 15:36:50","2007-11-29 16:26:59",
4073,1,pelangi perjanjian Allah,,,,,,,,,id,,,,,,,0,0,,0,,,,,"2007-11-29 15:36:50","2007-11-29 16:26:59",
4074,1,MULAILAH DI SINI,,,,,,,,,id,,,,,,,0,0,,0,,,,,"2007-11-29 15:36:50","2007-11-29 16:26:59",
4075,1,Kemenangan Sejati,,,,,,,,,id,,,,,,,0,0,,0,,,,,"2007-11-29 15:36:50","2007-11-29 16:26:59",
4076,1,Defining Moments When Choices Matter Most,,,,,,,,,id,,,,,,,0,0,,0,,,,,"2007-11-29 15:36:50","2007-11-29 16:26:59",
4077,1,Joy & Peace,,,,,,,,,id,,,,,,,0,0,,0,,,,,"2007-11-29 15:36:50","2007-11-29 16:26:59",
4078,1,Grace & Truth,,,,,,,,,id,,,,,,,0,0,,0,,,,,"2007-11-29 15:36:50","2007-11-29 16:26:59",
4079,1,Hope,,,,,,,,,id,,,,,,,0,0,,0,,,,,"2007-11-29 15:36:50","2007-11-29 16:26:59",
4080,1,DYNAMIC SPIRITUAL LEADERSHIP - Leading Like Paul,,,,,,,,,id,,,,,,,0,0,,0,,,,,"2007-11-29 15:36:50","2007-11-29 16:26:59",
4081,1,Santapan Rohani,,,,,,,,,id,,,,,,,0,0,,0,,,,,"2007-11-29 15:36:50","2007-11-29 16:26:59",
4082,1,Santapan Rohani Vol 11,,,,,,,,,id,,,,,,,0,0,,0,,,,,"2007-11-29 15:36:50","2007-11-29 16:26:59",
4083,1,SHARING the truth IN LOVE - How to Relate to People of Other Faiths,,,,,,,,,id,,,,,,,0,0,,0,,,,,"2007-11-29 15:36:50","2007-11-29 16:26:59",
4084,1,Memdobrak Zaman Mengubah Jiwa,,,,,,,,,id,,,,,,,0,0,,0,,,,,"2007-11-29 15:36:50","2007-11-29 16:26:59",
4085,1,Manger King,,,,,,,,,id,,,,,,,0,0,,0,,,,,"2007-11-29 15:36:50","2007-11-29 16:26:59",
4086,1,Seasoned with Salt,,,,,,,,,id,,,,,,,0,0,,0,,,,,"2007-11-29 15:36:50","2007-11-29 16:26:59",
4087,1,"FRIEND OF GOD - The Legacy of Abraham, Man of Faith",,,,,,,,,id,,,,,,,0,0,,0,,,,,"2007-11-29 15:36:50","2007-11-29 16:26:59",
4088,1,Mereformasi Gereja,,,,,,,,,id,,,,,,,0,0,,0,,,,,"2007-11-29 15:36:50","2007-11-29 16:26:59",
4089,1,Simon Petrus Sang Batu Karang,,,,,,,,,id,,,,,,,0,0,,0,,,,,"2007-11-29 15:36:50","2007-11-29 16:26:59",
4090,1,Our Daily Bread for Kids - 365 Meaningful Moments with God,,,,,,,,,id,,,,,,,0,0,,0,,,,,"2007-11-29 15:36:50","2007-11-29 16:26:59",
4091,1,The Popular Handbook on the Rapture,,,,,,,,,id,,,,,,,0,0,,0,,,,,"2007-11-29 15:36:50","2007-11-29 16:26:59",
4092,1,Injil Bagi Orang Kaya?,,,,,,,,,id,,,,,,,0,0,,0,,,,,"2007-11-29 15:36:50","2007-11-29 16:26:59",
4093,1,Berani Melawan Kanker,,,,,,,,,id,,,,,,,0,0,,0,,,,,"2007-11-29 15:36:50","2007-11-29 16:26:59",
4094,1,Menabur Firman,,,,,,,,,id,,,,,,,0,0,,0,,,,,"2007-11-29 15:36:50","2007-11-29 16:26:59",
4095,1,FIL,,,,,,,,,id,,,,,,,0,0,,0,,,,,"2007-11-29 15:36:50","2007-11-29 16:26:59",
4096,1,"Minta, Cari, & Pencetlah Bel",,,,,,,,,id,,,,,,,0,0,,0,,,,,"2007-11-29 15:36:50","2007-11-29 16:26:59",
4097,1,Daniel dan Penyebar Berita Bohong,,,,,,,,,id,,,,,,,0,0,,0,,,,,"2007-11-29 15:36:50","2007-11-29 16:26:59",
4098,1,E-mail dari Allah untuk anak-anak,,,,,,,,,id,,,,,,,0,0,,0,,,,,"2007-11-29 15:36:50","2007-11-29 16:26:59",
4099,1,"Raja yang Berkata, ""Tidak!""",,,,,,,,,id,,,,,,,0,0,,0,,,,,"2007-11-29 15:36:50","2007-11-29 16:26:59",
4100,1,Pembinaan Keluarga Kristen (Marriage Encounter),"","","",,"","","","",id,,,NONE,"",,,0,0,,0,"",,,,"2007-11-29 15:36:50","2026-07-22 15:22:12",
4101,1,"Terima Kasih, Yesus",,,,,,,,,id,,,,,,,0,0,,0,,,,,"2007-11-29 15:36:50","2007-11-29 16:26:59",
4102,1,"1&2 Raja-Raja",,,,,,,,,id,,,,,,,0,0,,0,,,,,"2007-11-29 15:36:50","2007-11-29 16:26:59",
4103,1,"Hai Dunia, Gembiralah",,,,,,,,,id,,,,,,,0,0,,0,,,,,"2007-11-29 15:36:50","2007-11-29 16:26:59",
4104,1,Mengajar Untuk Mengubah Hidup,,,,,,,,,id,,,,,,,0,0,,0,,,,,"2007-11-29 15:36:50","2007-11-29 16:26:59",
4105,1,"Bukan Aku, Bu",,,,,,,,,id,,,,,,,0,0,,0,,,,,"2007-11-29 15:36:50","2007-11-29 16:26:59",
4106,1,Bulan Purnama di Rumah Mak Ijah,,,,,,,,,id,,,,,,,0,0,,0,,,,,"2007-11-29 15:36:50","2007-11-29 16:26:59",
4107,1,Pemuridan dengan prinsip Timotius,,,,,,,,,id,,,,,,,0,0,,0,,,,,"2007-11-29 15:36:50","2007-11-29 16:26:59",
4108,1,Dunia Binatang di Dalam Alkitab,,,,,,,,,id,,,,,,,0,0,,0,,,,,"2007-11-29 15:36:50","2007-11-29 16:26:59",
4109,1,Membimbing Kelompok Kecil untuk Mengubah Hidup,,,,,,,,,id,,,,,,,0,0,,0,,,,,"2007-11-29 15:36:50","2007-11-29 16:26:59",
4110,1,Menghayati Kalam dalam hening,,,,,,,,,id,,,,,,,0,0,,0,,,,,"2007-11-29 15:36:50","2007-11-29 16:26:59",
4111,1,Menjadi Pribadi yang Dikehendaki Tuhan,,,,,,,,,id,,,,,,,0,0,,0,,,,,"2007-11-29 15:36:50","2007-11-29 16:26:59",
4112,1,Mengenali Alkitab,"","","",,"","","","",id,,,NONE,"",,,0,0,,0,"",,,,"2007-11-29 15:36:50","2026-08-05 16:51:54",
4113,1,God Calling,,,,,,,,,id,,,,,,,0,0,,0,,,,,"2007-11-29 15:36:50","2007-11-29 16:26:59",
4114,1,Khotbah yang menyentuh kaum perempuan,,,,,,,,,id,,,,,,,0,0,,0,,,,,"2007-11-29 15:36:50","2007-11-29 16:26:59",
4115,1,Pemuridan Seni yang Hilang,,,,,,,,,id,,,,,,,0,0,,0,,,,,"2007-11-29 15:36:50","2007-11-29 16:26:59",
4116,1,Murid Sejati,,,,,,,,,id,,,,,,,0,0,,0,,,,,"2007-11-29 15:36:50","2007-11-29 16:26:59",
4117,1,Ketika Alkitab Dipertanyakan,,,,,,,,,id,,,,,,,0,0,,0,,,,,"2007-11-29 15:36:50","2007-11-29 16:26:59",
4118,1,What Jesus Meant,,,,,,,,,id,,,,,,,0,0,,0,,,,,"2007-11-29 15:36:50","2007-11-29 16:26:59",
4119,1,Rahasia Hidup Bahagia,,,,,,,,,id,,,,,,,0,0,,0,,,,,"2007-11-29 15:36:50","2007-11-29 16:26:59",
4120,1,Ledakan Kelompok Sel,,,,,,,,,id,,,,,,,0,0,,0,,,,,"2007-11-29 15:36:50","2007-11-29 16:26:59",
4121,1,Seperti Besi Menajamkan besi,"","","",,"","","","",id,,,NONE,"",,,0,0,,0,"",,,,"2007-11-29 15:36:50","2026-07-19 11:26:14",
4122,1,Faith Alone,"","","",,"","","","",id,,,NONE,"",,,0,0,,0,"",,,,"2007-11-29 15:36:50","2026-08-05 16:54:59",
4123,1,Bina Diri,,,,,,,,,id,,,,,,,0,0,,0,,,,,"2007-11-29 15:36:50","2007-11-29 16:26:59",
4124,1,Firman Allah dan Akal Budi Manusia,,,,,,,,,id,,,,,,,0,0,,0,,,,,"2007-11-29 15:36:50","2007-11-29 16:26:59",
4125,1,Angelogi (Doktrin Malaikat) & Daimonologi (Doktrin Setan),"","","",,"","","","",id,,,NONE,"",,,0,0,,0,"",,,,"2007-11-29 15:36:50","2026-08-05 16:59:09",
4126,1,Atlas dan Sejarah Alkitab,,,,,,,,,id,,,,,,,0,0,,0,,,,,"2007-11-29 15:36:50","2007-11-29 16:26:59",
4127,1,Bertumbuh Dan masuk surga,,,,,,,,,id,,,,,,,0,0,,0,,,,,"2007-11-29 15:36:50","2007-11-29 16:26:59",
4128,1,Enyahlah Tikus Gadungan,,,,,,,,,id,,,,,,,0,0,,0,,,,,"2007-11-29 15:36:50","2007-11-29 16:26:59",
4129,1,Kaleb,,,,,,,,,id,,,,,,,0,0,,0,,,,,"2007-11-29 15:36:50","2007-11-29 16:26:59",
4130,1,Doraemon Petualangan Lengenda Raja Matahari 20,,,,,,,,,id,,,,,,,0,0,,0,,,,,"2007-11-29 15:36:50","2007-11-29 16:26:59",
4131,1,AKU SELALU MENGASIHIMU,,,,,,,,,id,,,,,,,0,0,,0,,,,,"2007-11-29 15:36:50","2007-11-29 16:26:59",
4132,1,Sacred Marriage,,,,,,,,,id,,,,,,,0,0,,0,,,,,"2007-11-29 15:36:50","2007-11-29 16:26:59",
4133,1,Organic Discipleship (Pemuridan Organik),,,,,,,,,id,,,,,,,0,0,,0,,,,,"2007-11-29 15:36:50","2007-11-29 16:26:59",
4134,1,SAMPAI BERJUMPA LAGI,,,,,,,,,id,,,,,,,0,0,,0,,,,,"2007-11-29 15:36:50","2007-11-29 16:26:59",
4135,1,Membangun Pernikahan Yang Rohani,,,,,,,,,id,,,,,,,0,0,,0,,,,,"2007-11-29 15:36:50","2007-11-29 16:26:59",
4136,1,Sacred Influence,,,,,,,,,id,,,,,,,0,0,,0,,,,,"2007-11-29 15:36:50","2007-11-29 16:26:59",
4137,1,SAAT AKU MERINDUKANMU,,,,,,,,,id,,,,,,,0,0,,0,,,,,"2007-11-29 15:36:50","2007-11-29 16:26:59",
4138,1,My First Bible: Mengenal Yesus,,,,,,,,,id,,,,,,,0,0,,0,,,,,"2007-11-29 15:36:50","2007-11-29 16:26:59",
4139,1,Berpetualang Dengan Tokoh-Tokoh Alkitab Perjanjian Baru,,,,,,,,,id,,,,,,,0,0,,0,,,,,"2007-11-29 15:36:50","2007-11-29 16:26:59",
4140,1,Doraemon Petualangan 8,"","","",,"","","","",id,,,NONE,"",,,0,0,,0,"",,,,"2007-11-29 15:36:50","2026-08-13 10:54:29",
4141,1,Berpetualang Dengan Tokoh-Tokoh Alkitab Perjanjian Lama,,,,,,,,,id,,,,,,,0,0,,0,,,,,"2007-11-29 15:36:50","2007-11-29 16:26:59",
4142,1,Menjadi Gereja pembuat murid,,,,,,,,,id,,,,,,,0,0,,0,,,,,"2007-11-29 15:36:50","2007-11-29 16:26:59",
4143,1,The Life And Teaching Of Jesus,"","","",,"","","","",id,,,NONE,"",,,0,0,,0,"",,,,"2007-11-29 15:36:50","2026-08-05 17:07:05",
4144,1,Buku Komik Daniel,,,,,,,,,id,,,,,,,0,0,,0,,,,,"2007-11-29 15:36:50","2007-11-29 16:26:59",
4145,1,Hidup Bersama dalam Kristus,,,,,,,,,id,,,,,,,0,0,,0,,,,,"2007-11-29 15:36:50","2007-11-29 16:26:59",
4146,1,Hidup Bersama Firman,,,,,,,,,id,,,,,,,0,0,,0,,,,,"2007-11-29 15:36:50","2007-11-29 16:26:59",
4147,1,Finding Differences Jesus,,,,,,,,,id,,,,,,,0,0,,0,,,,,"2007-11-29 15:36:50","2007-11-29 16:26:59",
4148,1,Doraemon Petualangan 13,,,,,,,,,id,,,,,,,0,0,,0,,,,,"2007-11-29 15:36:50","2007-11-29 16:26:59",
4149,1,Hidup Bersama Firman (Matius - kisah Para Rasul),,,,,,,,,id,,,,,,,0,0,,0,,,,,"2007-11-29 15:36:50","2007-11-29 16:26:59",
4150,1,A Bethlehem Christmas,,,,,,,,,id,,,,,,,0,0,,0,,,,,"2007-11-29 15:36:50","2007-11-29 16:26:59",
4151,1,"Here's the Church, Here's the Steeple",,,,,,,,,id,,,,,,,0,0,,0,,,,,"2007-11-29 15:36:50","2007-11-29 16:26:59",
4152,1,Hidup bersama Firman (Yesaya - Maleakhi),,,,,,,,,id,,,,,,,0,0,,0,,,,,"2007-11-29 15:36:50","2007-11-29 16:26:59",
4153,1,When The Kingdom Comes,"","","",,"","","","",id,,,NONE,"",,,0,0,,0,"",,,,"2007-11-29 15:36:50","2026-08-05 17:13:02",
4154,1,Harry Potter dan Batu Bertuah,,,,,,,,,id,,,,,,,0,0,,0,,,,,"2007-11-29 15:36:50","2007-11-29 16:26:59",
4155,1,Mencegah Bunuh Diri,"","","",,"","","","",id,,,NONE,"",,,0,0,,0,"",,,,"2007-11-29 15:36:50","2026-07-19 11:24:55",
4156,1,God Made You Special,,,,,,,,,id,,,,,,,0,0,,0,,,,,"2007-11-29 15:36:50","2007-11-29 16:26:59",
4157,1,This Christmas Night,,,,,,,,,id,,,,,,,0,0,,0,,,,,"2007-11-29 15:36:50","2007-11-29 16:26:59",
4158,1,Doraemon Petualangan 14,,,,,,,,,id,,,,,,,0,0,,0,,,,,"2007-11-29 15:36:50","2007-11-29 16:26:59",
4159,1,Lend a Helping Hand,,,,,,,,,id,,,,,,,0,0,,0,,,,,"2007-11-29 15:36:50","2007-11-29 16:26:59",
4160,1,The Way home a Princess Story,,,,,,,,,id,,,,,,,0,0,,0,,,,,"2007-11-29 15:36:50","2007-11-29 16:26:59",
4161,1,It's All About Jesus Bible Storybook,,,,,,,,,id,,,,,,,0,0,,0,,,,,"2007-11-29 15:36:50","2007-11-29 16:26:59",
4162,1,Movements that change the world,,,,,,,,,id,,,,,,,0,0,,0,,,,,"2007-11-29 15:36:50","2007-11-29 16:26:59",
4163,1,Angin Ribut Di Danau,,,,,,,,,id,,,,,,,0,0,,0,,,,,"2007-11-29 15:36:50","2007-11-29 16:26:59",
4164,1,Rupa-Rupa Angin Pengajaran,"","","",8,"","","","13000136",id,,,"13000136","",,,0,0,,0,"",,,,"2007-11-29 15:36:50","2026-07-25 13:54:21",
4165,1,Doraemon Petualangan 12,,,,,,,,,id,,,,,,,0,0,,0,,,,,"2007-11-29 15:36:50","2007-11-29 16:26:59",
4166,1,Seri Kisah Alkitab,,,,,,,,,id,,,,,,,0,0,,0,,,,,"2007-11-29 15:36:50","2007-11-29 16:26:59",
4167,1,Lucado Treasury of Bedtime Prayers,,,,,,,,,id,,,,,,,0,0,,0,,,,,"2007-11-29 15:36:50","2007-11-29 16:26:59",
4168,1,The gospel as Center,"","","",,"","","","",id,,,NONE,"",,,0,0,,0,"",,,,"2007-11-29 15:36:50","2026-08-05 17:18:10",
4169,1,Seri Kisah Alkitab 2,,,,,,,,,id,,,,,,,0,0,,0,,,,,"2007-11-29 15:36:50","2007-11-29 16:26:59",
4170,1,ANGER mengatasi amarah dengan cara yang sehat,"","","",,"","","","",id,,,NONE,"",,,0,0,,0,"",,,,"2007-11-29 15:36:50","2026-07-22 15:37:18",
4171,1,Dynamic Spiritual LEADERSHIP,,,,,,,,,id,,,,,,,0,0,,0,,,,,"2007-11-29 15:36:50","2007-11-29 16:26:59",
4172,1,Alkitab Perjanjian Lama,,,,,,,,,id,,,,,,,0,0,,0,,,,,"2007-11-29 15:36:50","2007-11-29 16:26:59",
4173,1,Seri Kisah Alkitab 1,,,,,,,,,id,,,,,,,0,0,,0,,,,,"2007-11-29 15:36:50","2007-11-29 16:26:59",
4174,1,Doraemon 19,"","","",,"","","","",id,,,NONE,"",,,0,0,,0,"",,,,"2007-11-29 15:36:50","2026-08-13 10:43:13",
4175,1,Harry Potter dan orde Phoenix,,,,,,,,,id,,,,,,,0,0,,0,,,,,"2007-11-29 15:36:50","2007-11-29 16:26:59",
4176,1,Perumpamaan Tentang Kerajaan Surga,,,,,,,,,id,,,,,,,0,0,,0,,,,,"2007-11-29 15:36:50","2007-11-29 16:26:59",
4177,1,Words To Dream On,,,,,,,,,id,,,,,,,0,0,,0,,,,,"2007-11-29 15:36:50","2007-11-29 16:26:59",
4178,1,Berpikir Bertindak Menjadi Seperti Yesus,"","","978-602-60297-0-6",,"","","","13000198",id,,,NONE,"",,,0,0,,0,"",,,,"2007-11-29 15:36:50","2026-08-08 15:27:22",
4179,1,Doraemon 7,,,,,,,,,id,,,,,,,0,0,,0,,,,,"2007-11-29 15:36:50","2007-11-29 16:26:59",
4180,1,God's Little Princess Treasury,,,,,,,,,id,,,,,,,0,0,,0,,,,,"2007-11-29 15:36:50","2007-11-29 16:26:59",
4181,1,Calvin's Commentaries Volume XII,,,,,,,,,id,,,,,,,0,0,,0,,,,,"2007-11-29 15:36:50","2007-11-29 16:26:59",
4182,1,Doraemon 22,,,,,,,,,id,,,,,,,0,0,,0,,,,,"2007-11-29 15:36:50","2007-11-29 16:26:59",
4183,1,The Oak Inside the Acorn,,,,,,,,,id,,,,,,,0,0,,0,,,,,"2007-11-29 15:36:50","2007-11-29 16:26:59",
4184,1,Calvin's Commentarues Volume XV,,,,,,,,,id,,,,,,,0,0,,0,,,,,"2007-11-29 15:36:50","2007-11-29 16:26:59",
4185,1,Doraemon Petualangan Nobita dan Kereta Api Ekspres 16,,,,,,,,,id,,,,,,,0,0,,0,,,,,"2007-11-29 15:36:50","2007-11-29 16:26:59",
4186,1,"Yesus Kristus, Sang Pembuat Murid",,,,,,,,,id,,,,,,,0,0,,0,,,,,"2007-11-29 15:36:50","2007-11-29 16:26:59",
4187,1,Kisah Alkitab untuk Anak,,,,,,,,,id,,,,,,,0,0,,0,,,,,"2007-11-29 15:36:50","2007-11-29 16:26:59",
4188,1,Calvin's Commentaries Volume XIV,,,,,,,,,id,,,,,,,0,0,,0,,,,,"2007-11-29 15:36:50","2007-11-29 16:26:59",
4189,1,Alkitab Anak,,,,,,,,,id,,,,,,,0,0,,0,,,,,"2007-11-29 15:36:50","2007-11-29 16:26:59",
4190,1,Calvin's Commentaries Volume XIII,,,,,,,,,id,,,,,,,0,0,,0,,,,,"2007-11-29 15:36:50","2007-11-29 16:26:59",
4191,1,Doraemon 34,,,,,,,,,id,,,,,,,0,0,,0,,,,,"2007-11-29 15:36:50","2007-11-29 16:26:59",
4192,1,Brave Girls Bible Stories,,,,,,,,,id,,,,,,,0,0,,0,,,,,"2007-11-29 15:36:50","2007-11-29 16:26:59",
4193,1,Doraemon 10,,,,,,,,,id,,,,,,,0,0,,0,,,,,"2007-11-29 15:36:50","2007-11-29 16:26:59",
4194,1,Memperkuat Jiwa Kepemimpinan Anda,,,,,,,,,id,,,,,,,0,0,,0,,,,,"2007-11-29 15:36:50","2007-11-29 16:26:59",
4195,1,Harry Potter dan pangeran berdarah campuran,,,,,,,,,id,,,,,,,0,0,,0,,,,,"2007-11-29 15:36:50","2007-11-29 16:26:59",
4196,1,Seri Kisah Alkitab 3,,,,,,,,,id,,,,,,,0,0,,0,,,,,"2007-11-29 15:36:50","2007-11-29 16:26:59",
4197,1,Doraemon Petualangan Nobita dalam perang ruang angkasa 6,,,,,,,,,id,,,,,,,0,0,,0,,,,,"2007-11-29 15:36:50","2007-11-29 16:26:59",
4198,1,Calvin's Commentaries Volume XIX,,,,,,,,,id,,,,,,,0,0,,0,,,,,"2007-11-29 15:36:50","2007-11-29 16:26:59",
4199,1,Seri Kisah Alkitab 4,,,,,,,,,id,,,,,,,0,0,,0,,,,,"2007-11-29 15:36:50","2007-11-29 16:26:59",
4200,1,Doraemon Petualangan 15,,,,,,,,,id,,,,,,,0,0,,0,,,,,"2007-11-29 15:36:50","2007-11-29 16:26:59",
4201,1,Calvin's Commentaries Volume VII,,,,,,,,,id,,,,,,,0,0,,0,,,,,"2007-11-29 15:36:50","2007-11-29 16:26:59",
4202,1,Transforming Discipleship,,,,,,,,,id,,,,,,,0,0,,0,,,,,"2007-11-29 15:36:50","2007-11-29 16:26:59",
4203,1,Seri Kisah Alkitab 5,,,,,,,,,id,,,,,,,0,0,,0,,,,,"2007-11-29 15:36:50","2007-11-29 16:26:59",
4204,1,Coaching strategies for Church Leaders,,,,,,,,,id,,,,,,,0,0,,0,,,,,"2007-11-29 15:36:50","2007-11-29 16:26:59",
4205,1,The World Book Encyclopedia B,"","","",,"","","","",id,,,NONE,"",,,0,0,,0,"",,,,"2007-11-29 15:36:50","2026-07-12 10:10:47",
4206,1,Seri Kisah Alkitab 6,,,,,,,,,id,,,,,,,0,0,,0,,,,,"2007-11-29 15:36:50","2007-11-29 16:26:59",
4207,1,Calvin's Commentaries Volume XVI,,,,,,,,,id,,,,,,,0,0,,0,,,,,"2007-11-29 15:36:50","2007-11-29 16:26:59",
4208,1,The Remnant,,,,,,,,,id,,,,,,,0,0,,0,,,,,"2007-11-29 15:36:50","2007-11-29 16:26:59",
4209,1,Seri Kisah Alkitab 7,,,,,,,,,id,,,,,,,0,0,,0,,,,,"2007-11-29 15:36:50","2007-11-29 16:26:59",
4210,1,Veritas Vol 15 No..2,,,,,,,,,id,,,,,,,0,0,,0,,,,,"2007-11-29 15:36:50","2007-11-29 16:26:59",
4211,1,doraemon petualangan Nobita di dunia mainan 17,,,,,,,,,id,,,,,,,0,0,,0,,,,,"2007-11-29 15:36:50","2007-11-29 16:26:59",
4212,1,Calvin's Commentaries Volume XX,,,,,,,,,id,,,,,,,0,0,,0,,,,,"2007-11-29 15:36:50","2007-11-29 16:26:59",
4213,1,Seri Kisah Alkitab 8,,,,,,,,,id,,,,,,,0,0,,0,,,,,"2007-11-29 15:36:50","2007-11-29 16:26:59",
4214,1,Doraemon Petualangan 3,,,,,,,,,id,,,,,,,0,0,,0,,,,,"2007-11-29 15:36:50","2007-11-29 16:26:59",
4215,1,Doraemon Petualangan Nobita di laut selatan 18,,,,,,,,,id,,,,,,,0,0,,0,,,,,"2007-11-29 15:36:50","2007-11-29 16:26:59",
4216,1,Calvin's Commentaries Volume XVIII,,,,,,,,,id,,,,,,,0,0,,0,,,,,"2007-11-29 15:36:50","2007-11-29 16:26:59",
4217,1,Finally Alive,,,,,,,,,id,,,,,,,0,0,,0,,,,,"2007-11-29 15:36:50","2007-11-29 16:26:59",
4218,1,Analisa Alkitab,"","","",,"","","","",id,,,NONE,"",,,0,0,,0,"",,,,"2007-11-29 15:36:50","2026-08-05 17:01:24",
4219,1,Seri Kisah Alkitab 9,,,,,,,,,id,,,,,,,0,0,,0,,,,,"2007-11-29 15:36:50","2007-11-29 16:26:59",
4220,1,Mari mengenal Kekristenan Timur,,,,,,,,,id,,,,,,,0,0,,0,,,,,"2007-11-29 15:36:50","2007-11-29 16:26:59",
4221,1,Calvin's Commentaries Volume XXII,,,,,,,,,id,,,,,,,0,0,,0,,,,,"2007-11-29 15:36:50","2007-11-29 16:26:59",
4222,1,The life and teaching of Jesus,,,,,,,,,id,,,,,,,0,0,,0,,,,,"2007-11-29 15:36:50","2007-11-29 16:26:59",
4223,1,Kingdom Calling,,,,,,,,,id,,,,,,,0,0,,0,,,,,"2007-11-29 15:36:50","2007-11-29 16:26:59",
4224,1,The Berenstain Bears and the Papa's Day Surprise,,,,,,,,,id,,,,,,,0,0,,0,,,,,"2007-11-29 15:36:50","2007-11-29 16:26:59",
4225,1,Calvin's Commentaries Volume XXI,,,,,,,,,id,,,,,,,0,0,,0,,,,,"2007-11-29 15:36:50","2007-11-29 16:26:59",
4226,1,Hidup Bersama Firman,,,,,,,,,id,,,,,,,0,0,,0,,,,,"2007-11-29 15:36:50","2007-11-29 16:26:59",
4227,1,Assassins,,,,,,,,,id,,,,,,,0,0,,0,,,,,"2007-11-29 15:36:50","2007-11-29 16:26:59",
4228,1,Mother's Day Blessings,,,,,,,,,id,,,,,,,0,0,,0,,,,,"2007-11-29 15:36:50","2007-11-29 16:26:59",
4229,1,Hidup bersama Firman (Kejadian-Ulangan),,,,,,,,,id,,,,,,,0,0,,0,,,,,"2007-11-29 15:36:50","2007-11-29 16:26:59",
4230,1,Bagaimana menafsirkan Firman Tuhan dengan Tepat!,,,,,,,,,id,,,,,,,0,0,,0,,,,,"2007-11-29 15:36:50","2007-11-29 16:26:59",
4231,1,Hal paling penting tentang Alkitab,,,,,,,,,id,,,,,,,0,0,,0,,,,,"2007-11-29 15:36:50","2007-11-29 16:26:59",
4232,1,Hidup Bersama Firman (Roma-Wahyu),,,,,,,,,id,,,,,,,0,0,,0,,,,,"2007-11-29 15:36:50","2007-11-29 16:26:59",
4233,1,The Berenstain Bears and the Golden Rule,,,,,,,,,id,,,,,,,0,0,,0,,,,,"2007-11-29 15:36:50","2007-11-29 16:26:59",
4234,1,The Rise of Antichrist,,,,,,,,,id,,,,,,,0,0,,0,,,,,"2007-11-29 15:36:50","2007-11-29 16:26:59",
4235,1,Discipleshift,,,,,,,,,id,,,,,,,0,0,,0,,,,,"2007-11-29 15:36:50","2007-11-29 16:26:59",
4236,1,Discipling Coaching Mentoring,,,,,,,,,id,,,,,,,0,0,,0,,,,,"2007-11-29 15:36:50","2007-11-29 16:26:59",
4237,1,The Berenstain Bears and the Biggest Brag,,,,,,,,,id,,,,,,,0,0,,0,,,,,"2007-11-29 15:36:50","2007-11-29 16:26:59",
4238,1,Dunia Sosial Kekristenan mula-mula,,,,,,,,,id,,,,,,,0,0,,0,,,,,"2007-11-29 15:36:50","2007-11-29 16:26:59",
4239,1,Left Behind,,,,,,,,,id,,,,,,,0,0,,0,,,,,"2007-11-29 15:36:50","2007-11-29 16:26:59",
4240,1,Aku Percaya!,,,,,,,,,id,,,,,,,0,0,,0,,,,,"2007-11-29 15:36:50","2007-11-29 16:26:59",
4241,1,Hidup Sebagai Umat Allah,,,,,,,,,id,,,,,,,0,0,,0,,,,,"2007-11-29 15:36:50","2007-11-29 16:26:59",
4242,1,Laboring in The Harvest,,,,,,,,,id,,,,,,,0,0,,0,,,,,"2007-11-29 15:36:50","2007-11-29 16:26:59",
4243,1,Ilustrasi Kebenaran Alkitab 3,,,,,,,,,id,,,,,,,0,0,,0,,,,,"2007-11-29 15:36:50","2007-11-29 16:26:59",
4244,1,"30 Cerita Menyambut Paskah",,,,,,,,,id,,,,,,,0,0,,0,,,,,"2007-11-29 15:36:50","2007-11-29 16:26:59",
4245,1,Counterfeit Gods,,,,,,,,,id,,,,,,,0,0,,0,,,,,"2007-11-29 15:36:50","2007-11-29 16:26:59",
4246,1,Soul Harvest,,,,,,,,,id,,,,,,,0,0,,0,,,,,"2007-11-29 15:36:50","2007-11-29 16:26:59",
4247,1,Manusia dan Sesamanya Di dalam dunia,,,,,,,,,id,,,,,,,0,0,,0,,,,,"2007-11-29 15:36:50","2007-11-29 16:26:59",
4248,1,Sebuah pendahuluan mengenal Islam,,,,,,,,,id,,,,,,,0,0,,0,,,,,"2007-11-29 15:36:50","2007-11-29 16:26:59",
4249,1,The Christening Bible,,,,,,,,,id,,,,,,,0,0,,0,,,,,"2007-11-29 15:36:50","2007-11-29 16:26:59",
4250,1,Yesus,,,,,,,,,id,,,,,,,0,0,,0,,,,,"2007-11-29 15:36:50","2007-11-29 16:26:59",
4251,1,"12 Hiasan Pohon Natal",,,,,,,,,id,,,,,,,0,0,,0,,,,,"2007-11-29 15:36:50","2007-11-29 16:26:59",
4252,1,Doaremon 2,,,,,,,,,id,,,,,,,0,0,,0,,,,,"2007-11-29 15:36:50","2007-11-29 16:26:59",
4253,1,Memperlengkapi orang lain untuk sukses anda,,,,,,,,,id,,,,,,,0,0,,0,,,,,"2007-11-29 15:36:50","2007-11-29 16:26:59",
4254,1,"Hermie, God Forgives Me, and I Forgive You",,,,,,,,,id,,,,,,,0,0,,0,,,,,"2007-11-29 15:36:50","2007-11-29 16:26:59",
4255,1,The Mark,,,,,,,,,id,,,,,,,0,0,,0,,,,,"2007-11-29 15:36:50","2007-11-29 16:26:59",
4256,1,Doraemon Petualangan 22,,,,,,,,,id,,,,,,,0,0,,0,,,,,"2007-11-29 15:36:50","2007-11-29 16:26:59",
4257,1,Journey Into The Bible,,,,,,,,,id,,,,,,,0,0,,0,,,,,"2007-11-29 15:36:50","2007-11-29 16:26:59",
4258,1,Follow Me (iktlah Aku),,,,,,,,,id,,,,,,,0,0,,0,,,,,"2007-11-29 15:36:50","2007-11-29 16:26:59",
4259,1,Doraemon 11,,,,,,,,,id,,,,,,,0,0,,0,,,,,"2007-11-29 15:36:50","2007-11-29 16:26:59",
4260,1,Doraemon 6,,,,,,,,,id,,,,,,,0,0,,0,,,,,"2007-11-29 15:36:50","2007-11-29 16:26:59",
4261,1,Mukjizat dalam Kitab Suci 2,,,,,,,,,id,,,,,,,0,0,,0,,,,,"2007-11-29 15:36:50","2007-11-29 16:26:59",
4262,1,Cara mempersiapkan khotbah,,,,,,,,,id,,,,,,,0,0,,0,,,,,"2007-11-29 15:36:50","2007-11-29 16:26:59",
4263,1,Doraemon 8,,,,,,,,,id,,,,,,,0,0,,0,,,,,"2007-11-29 15:36:50","2007-11-29 16:26:59",
4264,1,Tell Me the Story,,,,,,,,,id,,,,,,,0,0,,0,,,,,"2007-11-29 15:36:50","2007-11-29 16:26:59",
4265,1,Boundaries in Dating (Batasan-batasan dalam pacaran),,,,,,,,,id,,,,,,,0,0,,0,,,,,"2007-11-29 15:36:50","2007-11-29 16:26:59",
4266,1,The Path of His passion,,,,,,,,,id,,,,,,,0,0,,0,,,,,"2007-11-29 15:36:50","2007-11-29 16:26:59",
4267,1,Can Man Live Without God,"","","",,"","","","21000078",id,,,NONE,"",,,0,0,,0,"",,,,"2007-11-29 15:36:50","2026-08-08 16:34:26",
4268,1,Bible Detective,,,,,,,,,id,,,,,,,0,0,,0,,,,,"2007-11-29 15:36:50","2007-11-29 16:26:59",
4269,1,Doraemon Petualangan 5,,,,,,,,,id,,,,,,,0,0,,0,,,,,"2007-11-29 15:36:50","2007-11-29 16:26:59",
4270,1,Aku bisa melihat,,,,,,,,,id,,,,,,,0,0,,0,,,,,"2007-11-29 15:36:50","2007-11-29 16:26:59",
4271,1,You Are Mine,,,,,,,,,id,,,,,,,0,0,,0,,,,,"2007-11-29 15:36:50","2007-11-29 16:26:59",
4272,1,Super Bible 1 Pada mulanya Allah,,,,,,,,,id,,,,,,,0,0,,0,,,,,"2007-11-29 15:36:50","2007-11-29 16:26:59",
4273,1,I Am n,,,,,,,,,id,,,,,,,0,0,,0,,,,,"2007-11-29 15:36:50","2007-11-29 16:26:59",
4274,1,The Old Testament Roots of our faith,,,,,,,,,id,,,,,,,0,0,,0,,,,,"2007-11-29 15:36:50","2007-11-29 16:26:59",
4275,1,Beritakan Kebenaran,"","","",,"","","","",id,,,NONE,"",,,0,0,,0,"",,,,"2007-11-29 15:36:50","2026-07-12 11:21:07",
4276,1,Apollyon,,,,,,,,,id,,,,,,,0,0,,0,,,,,"2007-11-29 15:36:50","2007-11-29 16:26:59",
4277,1,Doraemon 5,,,,,,,,,id,,,,,,,0,0,,0,,,,,"2007-11-29 15:36:50","2007-11-29 16:26:59",
4278,1,Doraemon 23,,,,,,,,,id,,,,,,,0,0,,0,,,,,"2007-11-29 15:36:50","2007-11-29 16:26:59",
4279,1,Cara mempersiapkan Khotbah,,,,,,,,,id,,,,,,,0,0,,0,,,,,"2007-11-29 15:36:50","2007-11-29 16:26:59",
4280,1,Doraemon 14,,,,,,,,,id,,,,,,,0,0,,0,,,,,"2007-11-29 15:36:50","2007-11-29 16:26:59",
4281,1,Radical,,,,,,,,,id,,,,,,,0,0,,0,,,,,"2007-11-29 15:36:50","2007-11-29 16:26:59",
4282,1,Armagedon,,,,,,,,,id,,,,,,,0,0,,0,,,,,"2007-11-29 15:36:50","2007-11-29 16:26:59",
4283,1,Aku bisa bersikap baik!,,,,,,,,,id,,,,,,,0,0,,0,,,,,"2007-11-29 15:36:50","2007-11-29 16:26:59",
4284,1,Sekilas mengenal berbagai agama dan kepercayaan di Indonesia,,,,,,,,,id,,,,,,,0,0,,0,,,,,"2007-11-29 15:36:50","2007-11-29 16:26:59",
4285,1,Perjanjian Baru,,,,,,,,,id,,,,,,,0,0,,0,,,,,"2007-11-29 15:36:50","2007-11-29 16:26:59",
4286,1,The Hobbit,,,,,,,,,id,,,,,,,0,0,,0,,,,,"2007-11-29 15:36:50","2007-11-29 16:26:59",
4287,1,Doraemon 3,,,,,,,,,id,,,,,,,0,0,,0,,,,,"2007-11-29 15:36:50","2007-11-29 16:26:59",
4288,1,Doraemon 31,,,,,,,,,id,,,,,,,0,0,,0,,,,,"2007-11-29 15:36:50","2007-11-29 16:26:59",
4289,1,Predestinasi,,,,,,,,,id,,,,,,,0,0,,0,,,,,"2007-11-29 15:36:50","2007-11-29 16:26:59",
4290,1,Teologi Sistematika,,,,,,,,,id,,,,,,,0,0,,0,,,,,"2007-11-29 15:36:50","2007-11-29 16:26:59",
4291,1,Doraemon petualangan 4,,,,,,,,,id,,,,,,,0,0,,0,,,,,"2007-11-29 15:36:50","2007-11-29 16:26:59",
4292,1,Doraemon 33,,,,,,,,,id,,,,,,,0,0,,0,,,,,"2007-11-29 15:36:50","2007-11-29 16:26:59",
4293,1,Doraemon 45,,,,,,,,,id,,,,,,,0,0,,0,,,,,"2007-11-29 15:36:50","2007-11-29 16:26:59",
4294,1,Doraemon 39,"","","",,"","","","",id,,,NONE,"",,,0,0,,0,"",,,,"2007-11-29 15:36:50","2026-08-13 11:02:03",
4295,1,Genesis Translation and Commentary,,,,,,,,,id,,,,,,,0,0,,0,,,,,"2007-11-29 15:36:50","2007-11-29 16:26:59",
4296,1,Bagaimana Berdialog Dengan Saksi-saksi Yehuwa,,,,,,,,,id,,,,,,,0,0,,0,,,,,"2007-11-29 15:36:50","2007-11-29 16:26:59",
4297,1,Penebusan,,,,,,,,,id,,,,,,,0,0,,0,,,,,"2007-11-29 15:36:50","2007-11-29 16:26:59",
4298,1,Doraemon 44,,,,,,,,,id,,,,,,,0,0,,0,,,,,"2007-11-29 15:36:50","2007-11-29 16:26:59",
4299,1,Doraemon 36,,,,,,,,,id,,,,,,,0,0,,0,,,,,"2007-11-29 15:36:50","2007-11-29 16:26:59",
4300,1,Mission in the Old Testament,,,,,,,,,id,,,,,,,0,0,,0,,,,,"2007-11-29 15:36:50","2007-11-29 16:26:59",
4301,1,Doraemon 12,,,,,,,,,id,,,,,,,0,0,,0,,,,,"2007-11-29 15:36:50","2007-11-29 16:26:59",
4302,1,Doraemon Petualangan 24,,,,,,,,,id,,,,,,,0,0,,0,,,,,"2007-11-29 15:36:50","2007-11-29 16:26:59",
4303,1,Doraemon 16,,,,,,,,,id,,,,,,,0,0,,0,,,,,"2007-11-29 15:36:50","2007-11-29 16:26:59",
4304,1,You And Me Forever,,,,,,,,,id,,,,,,,0,0,,0,,,,,"2007-11-29 15:36:50","2007-11-29 16:26:59",
4305,1,Teologia yang setia,,,,,,,,,id,,,,,,,0,0,,0,,,,,"2007-11-29 15:36:50","2007-11-29 16:26:59",
4306,1,The Acts Of the apostles,,,,,,,,,id,,,,,,,0,0,,0,,,,,"2007-11-29 15:36:50","2007-11-29 16:26:59",
4307,1,Paulus Teladan kepemimpinan dalam Alkitab,,,,,,,,,id,,,,,,,0,0,,0,,,,,"2007-11-29 15:36:50","2007-11-29 16:26:59",
4308,1,Tritunggal Yang Esa,"","","978-979-687-196-4",3,"","","","13000137",id,,,"13000137","",,,0,0,,0,"",,,,"2007-11-29 15:36:50","2026-07-30 11:32:18",
4309,1,Teologi Perjanjian Lama,,,,,,,,,id,,,,,,,0,0,,0,,,,,"2007-11-29 15:36:50","2007-11-29 16:26:59",
4310,1,Doraemon 41,,,,,,,,,id,,,,,,,0,0,,0,,,,,"2007-11-29 15:36:50","2007-11-29 16:26:59",
4311,1,Bagaimana Berdialog dengan Saksi-saksi Yehuwa,,,,,,,,,id,,,,,,,0,0,,0,,,,,"2007-11-29 15:36:50","2007-11-29 16:26:59",
4312,1,Doktrin Kitab Suci,,,,,,,,,id,,,,,,,0,0,,0,,,,,"2007-11-29 15:36:50","2007-11-29 16:26:59",
4313,1,Doraemon 28,,,,,,,,,id,,,,,,,0,0,,0,,,,,"2007-11-29 15:36:50","2007-11-29 16:26:59",
4314,1,Bapa yang sangat baik,,,,,,,,,id,,,,,,,0,0,,0,,,,,"2007-11-29 15:36:50","2007-11-29 16:26:59",
4315,1,Sejarah Perkembangan pikiran & praktek pendidikan Agama Kristen,,,,,,,,,id,,,,,,,0,0,,0,,,,,"2007-11-29 15:36:50","2007-11-29 16:26:59",
4316,1,Yakub Teladan Kepemimpinan dalam Alkitab,,,,,,,,,id,,,,,,,0,0,,0,,,,,"2007-11-29 15:36:50","2007-11-29 16:26:59",
4317,1,Doraemon Petualangan 8,"","","",,"","","","",id,,,NONE,"",,,0,0,,0,"",,,,"2007-11-29 15:36:50","2026-08-13 11:26:10",
4318,1,"21 Pertanyaan Paling Berbahaya Di dalam Alkitab",,,,,,,,,id,,,,,,,0,0,,0,,,,,"2007-11-29 15:36:50","2007-11-29 16:26:59",
4319,1,Doraemon 29,,,,,,,,,id,,,,,,,0,0,,0,,,,,"2007-11-29 15:36:50","2007-11-29 16:26:59",
4320,1,Glorifikasi,,,,,,,,,id,,,,,,,0,0,,0,,,,,"2007-11-29 15:36:50","2007-11-29 16:26:59",
4321,1,Doraemon petualangan 9,,,,,,,,,id,,,,,,,0,0,,0,,,,,"2007-11-29 15:36:50","2007-11-29 16:26:59",
4322,1,Sejuta Warna Pelangi,,,,,,,,,id,,,,,,,0,0,,0,,,,,"2007-11-29 15:36:50","2007-11-29 16:26:59",
4323,1,Doraemon 35,,,,,,,,,id,,,,,,,0,0,,0,,,,,"2007-11-29 15:36:50","2007-11-29 16:26:59",
4324,1,Doraemon 9,,,,,,,,,id,,,,,,,0,0,,0,,,,,"2007-11-29 15:36:50","2007-11-29 16:26:59",
4325,1,Abraham Teladan Kepemimpinan dalam Alkitab,,,,,,,,,id,,,,,,,0,0,,0,,,,,"2007-11-29 15:36:50","2007-11-29 16:26:59",
4326,1,Wajah - Wajah Yesus Kristus,"","","978-602-231-157-7",,"","","","13000202",id,,,NONE,"",,,0,0,,0,"",,,,"2007-11-29 15:36:50","2026-08-08 15:14:10",
4327,1,Jesus Our Jubilee Finding true Liberation,,,,,,,,,id,,,,,,,0,0,,0,,,,,"2007-11-29 15:36:50","2007-11-29 16:26:59",
4328,1,Gereja,,,,,,,,,id,,,,,,,0,0,,0,,,,,"2007-11-29 15:36:50","2007-11-29 16:26:59",
4329,1,Doraemon 24,,,,,,,,,id,,,,,,,0,0,,0,,,,,"2007-11-29 15:36:50","2007-11-29 16:26:59",
4330,1,"Yours, till Heaven",,,,,,,,,id,,,,,,,0,0,,0,,,,,"2007-11-29 15:36:50","2007-11-29 16:26:59",
4331,1,Doraemon 17,,,,,,,,,id,,,,,,,0,0,,0,,,,,"2007-11-29 15:36:50","2007-11-29 16:26:59",
4332,1,Doraemon petualangan 7,,,,,,,,,id,,,,,,,0,0,,0,,,,,"2007-11-29 15:36:50","2007-11-29 16:26:59",
4333,1,Doraemon 18,,,,,,,,,id,,,,,,,0,0,,0,,,,,"2007-11-29 15:36:50","2007-11-29 16:26:59",
4334,1,Mere Christianity,,,,,,,,,id,,,,,,,0,0,,0,,,,,"2007-11-29 15:36:50","2007-11-29 16:26:59",
4335,1,Doraemon 43,,,,,,,,,id,,,,,,,0,0,,0,,,,,"2007-11-29 15:36:50","2007-11-29 16:26:59",
4336,1,Tritunggal,,,,,,,,,id,,,,,,,0,0,,0,,,,,"2007-11-29 15:36:50","2007-11-29 16:26:59",
4337,1,Mengakui Yesus Sebagai Tuhan,"","","978-602-393-072-2",2,"","","","13000141",id,,,"13000141","",,,0,0,,0,"",,,,"2007-11-29 15:36:50","2026-07-25 13:40:28",
4338,1,Berteologi bagi Sesama,"","","978-602-74922-0-2",10,"","","","13000133",id,,,"13000133","",,,0,0,,0,"",,,,"2007-11-29 15:36:50","2026-07-25 13:37:30",
4339,1,Doraemon petualangan 1,,,,,,,,,id,,,,,,,0,0,,0,,,,,"2007-11-29 15:36:50","2007-11-29 16:26:59",
4340,1,Doraemon 30,,,,,,,,,id,,,,,,,0,0,,0,,,,,"2007-11-29 15:36:50","2007-11-29 16:26:59",
4341,1,Cold - Case Christianity,,,,,,,,,id,,,,,,,0,0,,0,,,,,"2007-11-29 15:36:50","2007-11-29 16:26:59",
4342,1,Doraemon Petualangan 23,,,,,,,,,id,,,,,,,0,0,,0,,,,,"2007-11-29 15:36:50","2007-11-29 16:26:59",
4343,1,Harriet hurry - Up and the Oh-So-Slow Day!,,,,,,,,,id,,,,,,,0,0,,0,,,,,"2007-11-29 15:36:50","2007-11-29 16:26:59",
4344,1,Pembenaran,,,,,,,,,id,,,,,,,0,0,,0,,,,,"2007-11-29 15:36:50","2007-11-29 16:26:59",
4345,1,Katekismus Heidelberg,,,,,,,,,id,,,,,,,0,0,,0,,,,,"2007-11-29 15:36:50","2007-11-29 16:26:59",
4346,1,The Christmas Bus,,,,,,,,,id,,,,,,,0,0,,0,,,,,"2007-11-29 15:36:50","2007-11-29 16:26:59",
4347,1,Doraemon 20,,,,,,,,,id,,,,,,,0,0,,0,,,,,"2007-11-29 15:36:50","2007-11-29 16:26:59",
4348,1,Merekayasa Yesus,,,,,,,,,id,,,,,,,0,0,,0,,,,,"2007-11-29 15:36:50","2007-11-29 16:26:59",
4349,1,KITA Edisi 12 Aku Gereja,,,,,,,,,id,,,,,,,0,0,,0,,,,,"2007-11-29 15:36:50","2007-11-29 16:26:59",
4350,1,A Sheepy Adventure Learning from psalm 23,,,,,,,,,id,,,,,,,0,0,,0,,,,,"2007-11-29 15:36:50","2007-11-29 16:26:59",
4351,1,Sifat-sifat Allah,,,,,,,,,id,,,,,,,0,0,,0,,,,,"2007-11-29 15:36:50","2007-11-29 16:26:59",
4352,1,"Brothers, We are not professionals",,,,,,,,,id,,,,,,,0,0,,0,,,,,"2007-11-29 15:36:50","2007-11-29 16:26:59",
4353,1,"Alkitab kecil 1,2,3",,,,,,,,,id,,,,,,,0,0,,0,,,,,"2007-11-29 15:36:50","2007-11-29 16:26:59",
4354,1,Singing the songs of the Brokenhearted,,,,,,,,,id,,,,,,,0,0,,0,,,,,"2007-11-29 15:36:50","2007-11-29 16:26:59",
4355,1,Karunia Musik,,,,,,,,,id,,,,,,,0,0,,0,,,,,"2007-11-29 15:36:50","2007-11-29 16:26:59",
4356,1,Mengejar Kekudusan,,,,,,,,,id,,,,,,,0,0,,0,,,,,"2007-11-29 15:36:50","2007-11-29 16:26:59",
4357,1,KITA edisi 60 Kabar Baik,,,,,,,,,id,,,,,,,0,0,,0,,,,,"2007-11-29 15:36:50","2007-11-29 16:26:59",
4358,1,"Jesus Christ, DISCIPLEMAKER",,,,,,,,,id,,,,,,,0,0,,0,,,,,"2007-11-29 15:36:50","2007-11-29 16:26:59",
4359,1,Pribadi Kristus,,,,,,,,,id,,,,,,,0,0,,0,,,,,"2007-11-29 15:36:50","2007-11-29 16:26:59",
4360,1,Our Sovereign Saviour - the essence of the Reformed Faith,,,,,,,,,id,,,,,,,0,0,,0,,,,,"2007-11-29 15:36:50","2007-11-29 16:26:59",
4361,1,Hollywood World Views,,,,,,,,,id,,,,,,,0,0,,0,,,,,"2007-11-29 15:36:50","2007-11-29 16:26:59",
4362,1,Roh Kudus,,,,,,,,,id,,,,,,,0,0,,0,,,,,"2007-11-29 15:36:50","2007-11-29 16:26:59",
4363,1,Sastra Para Rabi setelah Taurat,,,,,,,,,id,,,,,,,0,0,,0,,,,,"2007-11-29 15:36:50","2007-11-29 16:26:59",
4364,1,Gua Gema,,,,,,,,,id,,,,,,,0,0,,0,,,,,"2007-11-29 15:36:50","2007-11-29 16:26:59",
4365,1,KITA Edisi 11 Aku Bersaksi,,,,,,,,,id,,,,,,,0,0,,0,,,,,"2007-11-29 15:36:50","2007-11-29 16:26:59",
4366,1,Kasih Di Tempat Tak Terduga Belajar dari Kisah Yunus,,,,,,,,,id,,,,,,,0,0,,0,,,,,"2007-11-29 15:36:50","2007-11-29 16:26:59",
4367,1,Perjalanan Ajaib,,,,,,,,,id,,,,,,,0,0,,0,,,,,"2007-11-29 15:36:50","2007-11-29 16:26:59",
4368,1,The Defense of the faith,,,,,,,,,id,,,,,,,0,0,,0,,,,,"2007-11-29 15:36:50","2007-11-29 16:26:59",
4369,1,Fakta dan Fiksi dalam the Da Vinci Code,,,,,,,,,id,,,,,,,0,0,,0,,,,,"2007-11-29 15:36:50","2007-11-29 16:26:59",
4370,1,Harry Potter dan Relikui Kematian,,,,,,,,,id,,,,,,,0,0,,0,,,,,"2007-11-29 15:36:50","2007-11-29 16:26:59",
4371,1,KITA edisi 64,,,,,,,,,id,,,,,,,0,0,,0,,,,,"2007-11-29 15:36:50","2007-11-29 16:26:59",
4373,1,Just Teddy,,,,,,,,,id,,,,,,,0,0,,0,,,,,"2007-11-29 15:36:50","2007-11-29 16:26:59",
4374,1,KITA edisi 61,,,,,,,,,id,,,,,,,0,0,,0,,,,,"2007-11-29 15:36:50","2007-11-29 16:26:59",
4375,1,Basic Training,,,,,,,,,id,,,,,,,0,0,,0,,,,,"2007-11-29 15:36:50","2007-11-29 16:26:59",
4376,1,Selamatkan Yesus dari Orang Kristen!,,,,,,,,,id,,,,,,,0,0,,0,,,,,"2007-11-29 15:36:50","2007-11-29 16:26:59",
4377,1,Teman Jelajah Hakim - Hakim,,,,,,,,,id,,,,,,,0,0,,0,,,,,"2007-11-29 15:36:50","2007-11-29 16:26:59",
4378,1,The Little Prince,,,,,,,,,id,,,,,,,0,0,,0,,,,,"2007-11-29 15:36:50","2007-11-29 16:26:59",
4379,1,KITA edisi 67 Pemberontakan Manusia,,,,,,,,,id,,,,,,,0,0,,0,,,,,"2007-11-29 15:36:50","2007-11-29 16:26:59",
4380,1,Different Like Me,,,,,,,,,id,,,,,,,0,0,,0,,,,,"2007-11-29 15:36:50","2007-11-29 16:26:59",
4381,1,Teman jelajah 1 & 2 Timotius,,,,,,,,,id,,,,,,,0,0,,0,,,,,"2007-11-29 15:36:50","2007-11-29 16:26:59",
4382,1,Pelajaran berharga,,,,,,,,,id,,,,,,,0,0,,0,,,,,"2007-11-29 15:36:50","2007-11-29 16:26:59",
4383,1,Pesan Kristus Kepada Tujuh Gereja Di Asia Kecil,,,,,,,,,id,,,,,,,0,0,,0,,,,,"2007-11-29 15:36:50","2007-11-29 16:26:59",
4384,1,Pendidikan Emosi,,,,,,,,,id,,,,,,,0,0,,0,,,,,"2007-11-29 15:36:50","2007-11-29 16:26:59",
4385,1,KITA Edisi 58 Teguh Dalam Iman,,,,,,,,,id,,,,,,,0,0,,0,,,,,"2007-11-29 15:36:50","2007-11-29 16:26:59",
4386,1,God's Big Story For You,,,,,,,,,id,,,,,,,0,0,,0,,,,,"2007-11-29 15:36:50","2007-11-29 16:26:59",
4387,1,Yesus Teladan Kepemimpinan dalam Alkitab,,,,,,,,,id,,,,,,,0,0,,0,,,,,"2007-11-29 15:36:50","2007-11-29 16:26:59",
4388,1,KITA Edisi 62 Rencana Allah Sempurna,,,,,,,,,id,,,,,,,0,0,,0,,,,,"2007-11-29 15:36:50","2007-11-29 16:26:59",
4389,1,Calvin's commentaries volume XX,,,,,,,,,id,,,,,,,0,0,,0,,,,,"2007-11-29 15:36:50","2007-11-29 16:26:59",
4390,1,Teman jelajah Amsal,,,,,,,,,id,,,,,,,0,0,,0,,,,,"2007-11-29 15:36:50","2007-11-29 16:26:59",
4391,1,Children's Bible Stories Old Testament,,,,,,,,,id,,,,,,,0,0,,0,,,,,"2007-11-29 15:36:50","2007-11-29 16:26:59",
4392,1,Evangelical Futures,,,,,,,,,id,,,,,,,0,0,,0,,,,,"2007-11-29 15:36:50","2007-11-29 16:26:59",
4393,1,KITA Edisi 65,,,,,,,,,id,,,,,,,0,0,,0,,,,,"2007-11-29 15:36:50","2007-11-29 16:26:59",
4394,1,KITA Edisi 73,,,,,,,,,id,,,,,,,0,0,,0,,,,,"2007-11-29 15:36:50","2007-11-29 16:26:59",
4395,1,Baby Jesus and the noisy stable,,,,,,,,,id,,,,,,,0,0,,0,,,,,"2007-11-29 15:36:50","2007-11-29 16:26:59",
4396,1,Simon Peter Sand to Rock,,,,,,,,,id,,,,,,,0,0,,0,,,,,"2007-11-29 15:36:50","2007-11-29 16:26:59",
4397,1,Progres Penebusan,"","","",,"","","","",id,,,NONE,"",,,0,0,,0,"",,,,"2007-11-29 15:36:50","2026-08-05 17:16:35",
4398,1,KITA Edisi 72 Janji Juruselamat,,,,,,,,,id,,,,,,,0,0,,0,,,,,"2007-11-29 15:36:50","2007-11-29 16:26:59",
4399,1,KITA Edisi 09 Aku Beribadah,,,,,,,,,id,,,,,,,0,0,,0,,,,,"2007-11-29 15:36:50","2007-11-29 16:26:59",
4400,1,Garfield hits the big time,,,,,,,,,id,,,,,,,0,0,,0,,,,,"2007-11-29 15:36:50","2007-11-29 16:26:59",
4401,1,KITA Edisi 71,,,,,,,,,id,,,,,,,0,0,,0,,,,,"2007-11-29 15:36:50","2007-11-29 16:26:59",
4402,1,Teman jelajah Kisah Para Rasul,,,,,,,,,id,,,,,,,0,0,,0,,,,,"2007-11-29 15:36:50","2007-11-29 16:26:59",
4403,1,James The brother of Jesus,,,,,,,,,id,,,,,,,0,0,,0,,,,,"2007-11-29 15:36:50","2007-11-29 16:26:59",
4404,1,KITA Edisi 70,,,,,,,,,id,,,,,,,0,0,,0,,,,,"2007-11-29 15:36:50","2007-11-29 16:26:59",
4405,1,Evangelical Theology,,,,,,,,,id,,,,,,,0,0,,0,,,,,"2007-11-29 15:36:50","2007-11-29 16:26:59",
4406,1,"Yahudi, Tuhan, dan Sejarah","","","",,"","","","",id,,,NONE,"",,,0,0,,0,"",,,,"2007-11-29 15:36:50","2026-07-15 16:08:51",
4407,1,KITA Edisi 69,,,,,,,,,id,,,,,,,0,0,,0,,,,,"2007-11-29 15:36:50","2007-11-29 16:26:59",
4408,1,INSTITUTIO,,,,,,,,,id,,,,,,,0,0,,0,,,,,"2007-11-29 15:36:50","2007-11-29 16:26:59",
4409,1,Teman jelajah Pengkotbah,,,,,,,,,id,,,,,,,0,0,,0,,,,,"2007-11-29 15:36:50","2007-11-29 16:26:59",
4410,1,Suluh yang berpendar,,,,,,,,,id,,,,,,,0,0,,0,,,,,"2007-11-29 15:36:50","2007-11-29 16:26:59",
4411,1,Calvin's Commentaries Volume XI,,,,,,,,,id,,,,,,,0,0,,0,,,,,"2007-11-29 15:36:50","2007-11-29 16:26:59",
4412,1,Teman jelajah 1 & 2 Tesalonika,,,,,,,,,id,,,,,,,0,0,,0,,,,,"2007-11-29 15:36:50","2007-11-29 16:26:59",
4413,1,KITA Edisi 78 Pimpinan Allah,,,,,,,,,id,,,,,,,0,0,,0,,,,,"2007-11-29 15:36:50","2007-11-29 16:26:59",
4414,1,KITA Edisi 68,,,,,,,,,id,,,,,,,0,0,,0,,,,,"2007-11-29 15:36:50","2007-11-29 16:26:59",
4415,1,Ordinary Women Extraordinary sex,,,,,,,,,id,,,,,,,0,0,,0,,,,,"2007-11-29 15:36:50","2007-11-29 16:26:59",
4416,1,KITA Edisi 10 Aku Berdoa,,,,,,,,,id,,,,,,,0,0,,0,,,,,"2007-11-29 15:36:50","2007-11-29 16:26:59",
4417,1,Pertanyaan-pertanyaan PRIBADI yang sering diajukan para wanita,,,,,,,,,id,,,,,,,0,0,,0,,,,,"2007-11-29 15:36:50","2007-11-29 16:26:59",
4418,1,"20th Anniversary GKY Citra Garden",,,,,,,,,id,,,,,,,0,0,,0,,,,,"2007-11-29 15:36:50","2007-11-29 16:26:59",
4419,1,Teman jelajah Yosua,,,,,,,,,id,,,,,,,0,0,,0,,,,,"2007-11-29 15:36:50","2007-11-29 16:26:59",
4420,1,KITA Edisi 18,,,,,,,,,id,,,,,,,0,0,,0,,,,,"2007-11-29 15:36:50","2007-11-29 16:26:59",
4421,1,Luther on the Christian Life,,,,,,,,,id,,,,,,,0,0,,0,,,,,"2007-11-29 15:36:50","2007-11-29 16:26:59",
4422,1,The bible user's Manual,,,,,,,,,id,,,,,,,0,0,,0,,,,,"2007-11-29 15:36:50","2007-11-29 16:26:59",
4423,1,Daniel,,,,,,,,,id,,,,,,,0,0,,0,,,,,"2007-11-29 15:36:50","2007-11-29 16:26:59",
4424,1,Teman jelajah Ester,,,,,,,,,id,,,,,,,0,0,,0,,,,,"2007-11-29 15:36:50","2007-11-29 16:26:59",
4425,1,Mengenalkan Allah kepada Anak,,,,,,,,,id,,,,,,,0,0,,0,,,,,"2007-11-29 15:36:50","2007-11-29 16:26:59",
4426,1,Calvin on the Chritian Life,,,,,,,,,id,,,,,,,0,0,,0,,,,,"2007-11-29 15:36:50","2007-11-29 16:26:59",
4427,1,The story of Christianity 2000 years of faith,,,,,,,,,id,,,,,,,0,0,,0,,,,,"2007-11-29 15:36:50","2007-11-29 16:26:59",
4428,1,The meaning of marriage,,,,,,,,,id,,,,,,,0,0,,0,,,,,"2007-11-29 15:36:50","2007-11-29 16:26:59",
4429,1,The Right Choices Bible,,,,,,,,,id,,,,,,,0,0,,0,,,,,"2007-11-29 15:36:50","2007-11-29 16:26:59",
4430,1,Teman jelajah Mazmur 51 - 100,,,,,,,,,id,,,,,,,0,0,,0,,,,,"2007-11-29 15:36:50","2007-11-29 16:26:59",
4431,1,Five Signs of a Functional Family,,,,,,,,,id,,,,,,,0,0,,0,,,,,"2007-11-29 15:36:50","2007-11-29 16:26:59",
4432,1,"Kasih Allah , Doa , Dan Keberanian Berjuang",,,,,,,,,id,,,,,,,0,0,,0,,,,,"2007-11-29 15:36:50","2007-11-29 16:26:59",
4433,1,Teman jelajah Efesus,,,,,,,,,id,,,,,,,0,0,,0,,,,,"2007-11-29 15:36:50","2007-11-29 16:26:59",
4434,1,Seri Perjalanan Iman Markus,,,,,,,,,id,,,,,,,0,0,,0,,,,,"2007-11-29 15:36:50","2007-11-29 16:26:59",
4435,1,The Lighthouse Keeper's Rescue,,,,,,,,,id,,,,,,,0,0,,0,,,,,"2007-11-29 15:36:50","2007-11-29 16:26:59",
4436,1,Teman jelajah 2 Petrus & Yudas,,,,,,,,,id,,,,,,,0,0,,0,,,,,"2007-11-29 15:36:50","2007-11-29 16:26:59",
4437,1,"The Psychology of coaching , mentoring and learning",,,,,,,,,id,,,,,,,0,0,,0,,,,,"2007-11-29 15:36:50","2007-11-29 16:26:59",
4438,1,Family Discipleship,,,,,,,,,id,,,,,,,0,0,,0,,,,,"2007-11-29 15:36:50","2007-11-29 16:26:59",
4439,1,Devotions for a Sacred Marriage,,,,,,,,,id,,,,,,,0,0,,0,,,,,"2007-11-29 15:36:50","2007-11-29 16:26:59",
4440,1,Teman jelajah Lukas,,,,,,,,,id,,,,,,,0,0,,0,,,,,"2007-11-29 15:36:50","2007-11-29 16:26:59",
4441,1,Jesus Wants All of ME,,,,,,,,,id,,,,,,,0,0,,0,,,,,"2007-11-29 15:36:50","2007-11-29 16:26:59",
4442,1,Ratu Ester,,,,,,,,,id,,,,,,,0,0,,0,,,,,"2007-11-29 15:36:50","2007-11-29 16:26:59",
4443,1,Teman jelajah Rut,,,,,,,,,id,,,,,,,0,0,,0,,,,,"2007-11-29 15:36:50","2007-11-29 16:26:59",
4444,1,Krsitus Mengubah HINA menjadi MULIA,"","","",,"","","","",id,,,NONE,"",,,0,0,,0,"",,,,"2007-11-29 15:36:50","2026-08-05 17:26:28",
4445,1,KITA Edisi 20,,,,,,,,,id,,,,,,,0,0,,0,,,,,"2007-11-29 15:36:50","2007-11-29 16:26:59",
4446,1,"Allah, Dosa, Anda",,,,,,,,,id,,,,,,,0,0,,0,,,,,"2007-11-29 15:36:50","2007-11-29 16:26:59",
4447,1,"Go fly a Kite, Charlie Brown",,,,,,,,,id,,,,,,,0,0,,0,,,,,"2007-11-29 15:36:50","2007-11-29 16:26:59",
4448,1,Teman jelajah 1 Petrus,,,,,,,,,id,,,,,,,0,0,,0,,,,,"2007-11-29 15:36:50","2007-11-29 16:26:59",
4449,1,Societas Dei Vol 2 No.2,,,,,,,,,id,,,,,,,0,0,,0,,,,,"2007-11-29 15:36:50","2007-11-29 16:26:59",
4450,1,Pola mengajar Sekolah Minggu,,,,,,,,,id,,,,,,,0,0,,0,,,,,"2007-11-29 15:36:50","2007-11-29 16:26:59",
4451,1,The Seven Money Types,,,,,,,,,id,,,,,,,0,0,,0,,,,,"2007-11-29 15:36:50","2007-11-29 16:26:59",
4452,1,Teman jelajah Ayub,,,,,,,,,id,,,,,,,0,0,,0,,,,,"2007-11-29 15:36:50","2007-11-29 16:26:59",
4453,1,The Indwelling,,,,,,,,,id,,,,,,,0,0,,0,,,,,"2007-11-29 15:36:50","2007-11-29 16:26:59",
4454,1,"So, You want to be like Christ?",,,,,,,,,id,,,,,,,0,0,,0,,,,,"2007-11-29 15:36:50","2007-11-29 16:26:59",
4455,1,Teman jelajah Mazmur 1 - 50,,,,,,,,,id,,,,,,,0,0,,0,,,,,"2007-11-29 15:36:50","2007-11-29 16:26:59",
4456,1,Vital Apologetic Issues,"","","0-8254-4070-x",,"","","","13000232",id,,,NONE,"",,,0,0,,0,"",,,,"2007-11-29 15:36:50","2026-08-09 12:52:38",
4457,1,Desecration,,,,,,,,,id,,,,,,,0,0,,0,,,,,"2007-11-29 15:36:50","2007-11-29 16:26:59",
4458,1,Societas Dei Vol 2 No. 1,,,,,,,,,id,,,,,,,0,0,,0,,,,,"2007-11-29 15:36:50","2007-11-29 16:26:59",
4459,1,Goresan dalam Lintas Pelayanan Seorang Hamba,,,,,,,,,id,,,,,,,0,0,,0,,,,,"2007-11-29 15:36:50","2007-11-29 16:26:59",
4460,1,Sacred Companions,,,,,,,,,id,,,,,,,0,0,,0,,,,,"2007-11-29 15:36:50","2007-11-29 16:26:59",
4461,1,Sermons to the chruch,,,,,,,,,id,,,,,,,0,0,,0,,,,,"2007-11-29 15:36:50","2007-11-29 16:26:59",
4462,1,Verbum Christi Jurnal Vol 5 No. 1,,,,,,,,,id,,,,,,,0,0,,0,,,,,"2007-11-29 15:36:50","2007-11-29 16:26:59",
4463,1,Verbum Christi Jurnal Vol 5 No. 2,,,,,,,,,id,,,,,,,0,0,,0,,,,,"2007-11-29 15:36:50","2007-11-29 16:26:59",
4464,1,The Wedding at Cana,,,,,,,,,id,,,,,,,0,0,,0,,,,,"2007-11-29 15:36:50","2007-11-29 16:26:59",
4465,1,A history of Christianity Vol 1,,,,,,,,,id,,,,,,,0,0,,0,,,,,"2007-11-29 15:36:50","2007-11-29 16:26:59",
4466,1,Pembimbing pada PENGENALAN PL,,,,,,,,,id,,,,,,,0,0,,0,,,,,"2007-11-29 15:36:50","2007-11-29 16:26:59",
4467,1,Panduan tentang doktrin kristen,,,,,,,,,id,,,,,,,0,0,,0,,,,,"2007-11-29 15:36:50","2007-11-29 16:26:59",
4468,1,Verbum Christi Jurnal Vol 4 No. 2,,,,,,,,,id,,,,,,,0,0,,0,,,,,"2007-11-29 15:36:50","2007-11-29 16:26:59",
4469,1,Societas Dei Vol 3 No. 1,,,,,,,,,id,,,,,,,0,0,,0,,,,,"2007-11-29 15:36:50","2007-11-29 16:26:59",
4470,1,Church Purity & Unity,,,,,,,,,id,,,,,,,0,0,,0,,,,,"2007-11-29 15:36:50","2007-11-29 16:26:59",
4471,1,History of the Christian Church Vol 4,,,,,,,,,id,,,,,,,0,0,,0,,,,,"2007-11-29 15:36:50","2007-11-29 16:26:59",
4472,1,History of the Christian Church Vol 2,,,,,,,,,id,,,,,,,0,0,,0,,,,,"2007-11-29 15:36:50","2007-11-29 16:26:59",
4473,1,Societas Dei Vol 5 No.1,,,,,,,,,id,,,,,,,0,0,,0,,,,,"2007-11-29 15:36:50","2007-11-29 16:26:59",
4474,1,Teologi Reformatoris Abad ke 20,"","","",3,"","","","13000145",id,,,"13000145","",,,0,0,,0,"",,,,"2007-11-29 15:36:50","2026-07-25 15:16:21",
4475,1,Verbum Christi Jurnal Vol 4 No. 1,,,,,,,,,id,,,,,,,0,0,,0,,,,,"2007-11-29 15:36:50","2007-11-29 16:26:59",
4476,1,Anak Perempuan Yairus,,,,,,,,,id,,,,,,,0,0,,0,,,,,"2007-11-29 15:36:50","2007-11-29 16:26:59",
4477,1,The Church & The Bible,,,,,,,,,id,,,,,,,0,0,,0,,,,,"2007-11-29 15:36:50","2007-11-29 16:26:59",
4478,1,History of the Christian Church vol 5,,,,,,,,,id,,,,,,,0,0,,0,,,,,"2007-11-29 15:36:50","2007-11-29 16:26:59",
4479,1,Konseling pastoral dalam transisi,,,,,,,,,id,,,,,,,0,0,,0,,,,,"2007-11-29 15:36:50","2007-11-29 16:26:59",
4480,1,Verbum Christi Vol 3 No. 2,,,,,,,,,id,,,,,,,0,0,,0,,,,,"2007-11-29 15:36:50","2007-11-29 16:26:59",
4481,1,Societas Dei Vol 6 No.1,,,,,,,,,id,,,,,,,0,0,,0,,,,,"2007-11-29 15:36:50","2007-11-29 16:26:59",
4482,1,True and false religion,,,,,,,,,id,,,,,,,0,0,,0,,,,,"2007-11-29 15:36:50","2007-11-29 16:26:59",
4483,1,"12 Murid Yesus",,,,,,,,,id,,,,,,,0,0,,0,,,,,"2007-11-29 15:36:50","2007-11-29 16:26:59",
4484,1,Societas Dei Vol 1 No.1,,,,,,,,,id,,,,,,,0,0,,0,,,,,"2007-11-29 15:36:50","2007-11-29 16:26:59",
4485,1,Stulos Jurnal Teologi Volume 2 No.1,,,,,,,,,id,,,,,,,0,0,,0,,,,,"2007-11-29 15:36:50","2007-11-29 16:26:59",
4486,1,History of the Christian Church Vol 3,,,,,,,,,id,,,,,,,0,0,,0,,,,,"2007-11-29 15:36:50","2007-11-29 16:26:59",
4487,1,The birth of the Christ,,,,,,,,,id,,,,,,,0,0,,0,,,,,"2007-11-29 15:36:50","2007-11-29 16:26:59",
4488,1,Verbum Christi Vol 3 No.1,,,,,,,,,id,,,,,,,0,0,,0,,,,,"2007-11-29 15:36:50","2007-11-29 16:26:59",
4489,1,History of the Christian Chruch Vol 6,,,,,,,,,id,,,,,,,0,0,,0,,,,,"2007-11-29 15:36:50","2007-11-29 16:26:59",
4490,1,Ministry and Fellowship,,,,,,,,,id,,,,,,,0,0,,0,,,,,"2007-11-29 15:36:50","2007-11-29 16:26:59",
4491,1,Societas Dei Vol 6 No.2,,,,,,,,,id,,,,,,,0,0,,0,,,,,"2007-11-29 15:36:50","2007-11-29 16:26:59",
4492,1,Verbum Christi,,,,,,,,,id,,,,,,,0,0,,0,,,,,"2007-11-29 15:36:50","2007-11-29 16:26:59",
4493,1,History of the Christian Church Vol 7,,,,,,,,,id,,,,,,,0,0,,0,,,,,"2007-11-29 15:36:50","2007-11-29 16:26:59",
4494,1,Hati & Wajah Kristen,,,,,,,,,id,,,,,,,0,0,,0,,,,,"2007-11-29 15:36:50","2007-11-29 16:26:59",
4495,1,History of Christian Church Vol 8,,,,,,,,,id,,,,,,,0,0,,0,,,,,"2007-11-29 15:36:50","2007-11-29 16:26:59",
4496,1,Verbum Christi Vol 2 No.1,,,,,,,,,id,,,,,,,0,0,,0,,,,,"2007-11-29 15:36:50","2007-11-29 16:26:59",
4497,1,Societas Dei Vol 4 No.2,,,,,,,,,id,,,,,,,0,0,,0,,,,,"2007-11-29 15:36:50","2007-11-29 16:26:59",
4498,1,The Death of Christ,,,,,,,,,id,,,,,,,0,0,,0,,,,,"2007-11-29 15:36:50","2007-11-29 16:26:59",
4499,1,Verbum Christi Jurnal vol 1 No.1,,,,,,,,,id,,,,,,,0,0,,0,,,,,"2007-11-29 15:36:50","2007-11-29 16:26:59",
4500,1,Tema-tema dalam teologi PL,,,,,,,,,id,,,,,,,0,0,,0,,,,,"2007-11-29 15:36:50","2007-11-29 16:26:59",
4501,1,Societas Dei Vol 4 No.1,,,,,,,,,id,,,,,,,0,0,,0,,,,,"2007-11-29 15:36:50","2007-11-29 16:26:59",
4502,1,Verbum Christi Jurnal Vol 1 No.2,,,,,,,,,id,,,,,,,0,0,,0,,,,,"2007-11-29 15:36:50","2007-11-29 16:26:59",
4503,1,The Gospel Defended,,,,,,,,,id,,,,,,,0,0,,0,,,,,"2007-11-29 15:36:50","2007-11-29 16:26:59",
4504,1,Societas Dei Vol 5 No.2,,,,,,,,,id,,,,,,,0,0,,0,,,,,"2007-11-29 15:36:50","2007-11-29 16:26:59",
4505,1,Buku Pegangan Calvin,"","","",2,"","","","13000146",id,,,"13000146","",,,0,0,,0,"",,,,"2007-11-29 15:36:50","2026-07-25 13:43:25",
4506,1,Veritas: Jurnal Teologi dan Pelayanan Volume 13 No. 1,,,,,,,,,id,,,,,,,0,0,,0,,,,,"2007-11-29 15:36:50","2007-11-29 16:26:59",
4507,1,Continuing in the Faith,,,,,,,,,id,,,,,,,0,0,,0,,,,,"2007-11-29 15:36:50","2007-11-29 16:26:59",
4508,1,Veritas: Jurnal Teologi dan Pelayanan Volume 10 No. 2,,,,,,,,,id,,,,,,,0,0,,0,,,,,"2007-11-29 15:36:50","2007-11-29 16:26:59",
4509,1,The Glory of Christ Vol 1,,,,,,,,,id,,,,,,,0,0,,0,,,,,"2007-11-29 15:36:50","2007-11-29 16:26:59",
4510,1,Communion with God Vol 11,,,,,,,,,id,,,,,,,0,0,,0,,,,,"2007-11-29 15:36:50","2007-11-29 16:26:59",
4511,1,Silver & Diamond STTB,,,,,,,,,id,,,,,,,0,0,,0,,,,,"2007-11-29 15:36:50","2007-11-29 16:26:59",
4512,1,Veritas Jurnal Teologi dan Pelayanan Volume 5 No. 1,,,,,,,,,id,,,,,,,0,0,,0,,,,,"2007-11-29 15:36:50","2007-11-29 16:26:59",
4513,1,The Holy Spirit Vol 3,,,,,,,,,id,,,,,,,0,0,,0,,,,,"2007-11-29 15:36:50","2007-11-29 16:26:59",
4514,1,Mujizat di balik tirai bambu,,,,,,,,,id,,,,,,,0,0,,0,,,,,"2007-11-29 15:36:50","2007-11-29 16:26:59",
4515,1,Seri Komik Alkitab Perjanjian Baru,,,,,,,,,id,,,,,,,0,0,,0,,,,,"2007-11-29 15:36:50","2007-11-29 16:26:59",
4516,1,Sermons to the nation Vol 8,,,,,,,,,id,,,,,,,0,0,,0,,,,,"2007-11-29 15:36:50","2007-11-29 16:26:59",
4517,1,KAMU BERTANYA,,,,,,,,,id,,,,,,,0,0,,0,,,,,"2007-11-29 15:36:50","2007-11-29 16:26:59",
4518,1,Memberitakan Injil di Tengah Masyarakat Majemuk,"","","",,"","","","",id,,,NONE,"",,,0,0,,0,"",,,,"2007-11-29 15:36:50","2026-07-12 11:27:49",
4519,1,Sin and Grace Vol 7,,,,,,,,,id,,,,,,,0,0,,0,,,,,"2007-11-29 15:36:50","2007-11-29 16:26:59",
4520,1,Veritas: Jurnal Teologi dan Pelayanan Volume 14 No. 1,,,,,,,,,id,,,,,,,0,0,,0,,,,,"2007-11-29 15:36:50","2007-11-29 16:26:59",
4521,1,Temptation and Sin Vol 6,,,,,,,,,id,,,,,,,0,0,,0,,,,,"2007-11-29 15:36:50","2007-11-29 16:26:59",
4522,1,The faith of Israel,,,,,,,,,id,,,,,,,0,0,,0,,,,,"2007-11-29 15:36:50","2007-11-29 16:26:59",
4523,1,STULOS Vol 2 No.1,,,,,,,,,id,,,,,,,0,0,,0,,,,,"2007-11-29 15:36:50","2007-11-29 16:26:59",
4524,1,Faith and Its Evidences Vol 5,,,,,,,,,id,,,,,,,0,0,,0,,,,,"2007-11-29 15:36:50","2007-11-29 16:26:59",
4525,1,The master plan of evangelism,,,,,,,,,id,,,,,,,0,0,,0,,,,,"2007-11-29 15:36:50","2007-11-29 16:26:59",
4526,1,The work of the spirit Vol 4,,,,,,,,,id,,,,,,,0,0,,0,,,,,"2007-11-29 15:36:50","2007-11-29 16:26:59",
4527,1,"Big Questions, Worthy Dreams",,,,,,,,,id,,,,,,,0,0,,0,,,,,"2007-11-29 15:36:50","2007-11-29 16:26:59",
4528,1,Transformasi Misi Kristen,,,,,,,,,id,,,,,,,0,0,,0,,,,,"2007-11-29 15:36:50","2007-11-29 16:26:59",
4529,1,The Voyage of the Dawn Treader,,,,,,,,,id,,,,,,,0,0,,0,,,,,"2007-11-29 15:36:50","2007-11-29 16:26:59",
4530,1,The Horse and his Boy,,,,,,,,,id,,,,,,,0,0,,0,,,,,"2007-11-29 15:36:50","2007-11-29 16:26:59",
4531,1,The Silver Chair,,,,,,,,,id,,,,,,,0,0,,0,,,,,"2007-11-29 15:36:50","2007-11-29 16:26:59",
4532,1,Biblical Foundations Small Group Ministry,,,,,,,,,id,,,,,,,0,0,,0,,,,,"2007-11-29 15:36:50","2007-11-29 16:26:59",
4533,1,Beritakan Injil,,,,,,,,,id,,,,,,,0,0,,0,,,,,"2007-11-29 15:36:50","2007-11-29 16:26:59",
4534,1,Stulos Vol.11 No.1,,,,,,,,,id,,,,,,,0,0,,0,,,,,"2007-11-29 15:36:50","2007-11-29 16:26:59",
4535,1,Stulos Vol.3 No.2,,,,,,,,,id,,,,,,,0,0,,0,,,,,"2007-11-29 15:36:50","2007-11-29 16:26:59",
4536,1,The Magician's Nephew,,,,,,,,,id,,,,,,,0,0,,0,,,,,"2007-11-29 15:36:50","2007-11-29 16:26:59",
4537,1,Jujur terhadap Pietisme,,,,,,,,,id,,,,,,,0,0,,0,,,,,"2007-11-29 15:36:50","2007-11-29 16:26:59",
4538,1,One people Satu umat,,,,,,,,,id,,,,,,,0,0,,0,,,,,"2007-11-29 15:36:50","2007-11-29 16:26:59",
4539,1,Jurnal Amanat Agung Vol 10 No.1,,,,,,,,,id,,,,,,,0,0,,0,,,,,"2007-11-29 15:36:50","2007-11-29 16:26:59",
4540,1,The Lion The Witch and the Wardrobe,,,,,,,,,id,,,,,,,0,0,,0,,,,,"2007-11-29 15:36:50","2007-11-29 16:26:59",
4541,1,Stulos Vol 12 No.1,,,,,,,,,id,,,,,,,0,0,,0,,,,,"2007-11-29 15:36:50","2007-11-29 16:26:59",
4542,1,Merajut Identitas Eklesiologi di Seputar Konflik Lombok,,,,,,,,,id,,,,,,,0,0,,0,,,,,"2007-11-29 15:36:50","2007-11-29 16:26:59",
4543,1,Ibadat Israel Kuno,,,,,,,,,id,,,,,,,0,0,,0,,,,,"2007-11-29 15:36:50","2007-11-29 16:26:59",
4544,1,Gembala Sidang,"","","",,"","","","",id,,,NONE,"",,,0,0,,0,"",,,,"2007-11-29 15:36:50","2026-07-15 16:05:05",
4545,1,"Gereja Satu, Kudus, Katolik dan Rasuli",,,,,,,,,id,,,,,,,0,0,,0,,,,,"2007-11-29 15:36:50","2007-11-29 16:26:59",
4546,1,Kunci Terbuka,"","","",,"","","","",id,,,NONE,"",,,0,0,,0,"",,,,"2007-11-29 15:36:50","2026-07-15 16:06:56",
4547,1,Kristianitas,,,,,,,,,id,,,,,,,0,0,,0,,,,,"2007-11-29 15:36:50","2007-11-29 16:26:59",
4548,1,The Last Battle,,,,,,,,,id,,,,,,,0,0,,0,,,,,"2007-11-29 15:36:50","2007-11-29 16:26:59",
4549,1,Prince Caspian,,,,,,,,,id,,,,,,,0,0,,0,,,,,"2007-11-29 15:36:50","2007-11-29 16:26:59",
4550,1,Mulia & Misioner,,,,,,,,,id,,,,,,,0,0,,0,,,,,"2007-11-29 15:36:50","2007-11-29 16:26:59",
4551,1,Pemimpin Pujian yang Kreatif,,,,,,,,,id,,,,,,,0,0,,0,,,,,"2007-11-29 15:36:50","2007-11-29 16:26:59",
4552,1,Bahaya ibadah sejati,,,,,,,,,id,,,,,,,0,0,,0,,,,,"2007-11-29 15:36:50","2007-11-29 16:26:59",
4553,1,Rut,,,,,,,,,id,,,,,,,0,0,,0,,,,,"2007-11-29 15:36:50","2007-11-29 16:26:59",
4554,1,Andaikan Yesus Kepala Daerah,,,,,,,,,id,,,,,,,0,0,,0,,,,,"2007-11-29 15:36:50","2007-11-29 16:26:59",
4555,1,Imagine Church,,,,,,,,,id,,,,,,,0,0,,0,,,,,"2007-11-29 15:36:50","2007-11-29 16:26:59",
4556,1,Go and Do,,,,,,,,,id,,,,,,,0,0,,0,,,,,"2007-11-29 15:36:50","2007-11-29 16:26:59",
4557,1,Panduan tentang Doktrin Kristen,,,,,,,,,id,,,,,,,0,0,,0,,,,,"2007-11-29 15:36:50","2007-11-29 16:26:59",
4558,1,Strategi Pengembangan Gereja,,,,,,,,,id,,,,,,,0,0,,0,,,,,"2007-11-29 15:36:50","2007-11-29 16:26:59",
4559,1,Kekristenan dan Nasionalisme,,,,,,,,,id,,,,,,,0,0,,0,,,,,"2007-11-29 15:36:50","2007-11-29 16:26:59",
4560,1,rediscovering church,,,,,,,,,id,,,,,,,0,0,,0,,,,,"2007-11-29 15:36:50","2007-11-29 16:26:59",
4561,1,Apa & Bagaimana Gereja?,,,,,,,,,id,,,,,,,0,0,,0,,,,,"2007-11-29 15:36:50","2007-11-29 16:26:59",
4562,1,"Tidak ada Negara Agama Satu nusa, Satu bangsa",,,,,,,,,id,,,,,,,0,0,,0,,,,,"2007-11-29 15:36:50","2007-11-29 16:26:59",
4563,1,Jurnal amanat agung Vol 13 No. 2,,,,,,,,,id,,,,,,,0,0,,0,,,,,"2007-11-29 15:36:50","2007-11-29 16:26:59",
4564,1,An Urgent Call for Renewal,,,,,,,,,id,,,,,,,0,0,,0,,,,,"2007-11-29 15:36:50","2007-11-29 16:26:59",
4565,1,Christ in Church Leadership,,,,,,,,,id,,,,,,,0,0,,0,,,,,"2007-11-29 15:36:50","2007-11-29 16:26:59",
4566,1,jurnal pelita zaman vol 8 No. 1,,,,,,,,,id,,,,,,,0,0,,0,,,,,"2007-11-29 15:36:50","2007-11-29 16:26:59",
4567,1,Estafet Api Injil yang terus berkobar,,,,,,,,,id,,,,,,,0,0,,0,,,,,"2007-11-29 15:36:50","2007-11-29 16:26:59",
4568,1,A meal with Jesus,,,,,,,,,id,,,,,,,0,0,,0,,,,,"2007-11-29 15:36:50","2007-11-29 16:26:59",
4569,1,Story Behind the Song,,,,,,,,,id,,,,,,,0,0,,0,,,,,"2007-11-29 15:36:50","2007-11-29 16:26:59",
4570,1,"Forum Biblika Jurnal Ilmiah Populer 24, 2009",,,,,,,,,id,,,,,,,0,0,,0,,,,,"2007-11-29 15:36:50","2007-11-29 16:26:59",
4571,1,SEJARAH GEREJA UMUM,,,,,,,,,id,,,,,,,0,0,,0,,,,,"2007-11-29 15:36:50","2007-11-29 16:26:59",
4572,1,The 21 most powerful MINUTES in a LEADER'S DAY,,,,,,,,,id,,,,,,,0,0,,0,,,,,"2007-11-29 15:36:50","2007-11-29 16:26:59",
4573,1,Di balik kisah-kisah Alkitab,,,,,,,,,id,,,,,,,0,0,,0,,,,,"2007-11-29 15:36:50","2007-11-29 16:26:59",
4574,1,STULOS Theological Journal Vol 8 No. 1-2,,,,,,,,,id,,,,,,,0,0,,0,,,,,"2007-11-29 15:36:50","2007-11-29 16:26:59",
4575,1,Jurnal Amanat Agung Vol 3 No.1,,,,,,,,,id,,,,,,,0,0,,0,,,,,"2007-11-29 15:36:50","2007-11-29 16:26:59",
4576,1,Al- MASIH dalam pandangan pemikir Muslim,,,,,,,,,id,,,,,,,0,0,,0,,,,,"2007-11-29 15:36:50","2007-11-29 16:26:59",
4577,1,Perang di Taman Getsemani,,,,,,,,,id,,,,,,,0,0,,0,,,,,"2007-11-29 15:36:50","2007-11-29 16:26:59",
4578,1,Tidak ada Ghetto Gereja di dalam dunia,,,,,,,,,id,,,,,,,0,0,,0,,,,,"2007-11-29 15:36:50","2007-11-29 16:26:59",
4579,1,Sekelumit Tentang Gembala Sidang,"","","",,"","","","",id,,,NONE,"",,,0,0,,0,"",,,,"2007-11-29 15:36:50","2026-07-15 16:02:55",
4580,1,Dunia Perjanjian Baru,,,,,,,,,id,,,,,,,0,0,,0,,,,,"2007-11-29 15:36:50","2007-11-29 16:26:59",
4581,1,Tinjauan terhadap materi peraturan tentang kehidupan beragama,,,,,,,,,id,,,,,,,0,0,,0,,,,,"2007-11-29 15:36:50","2007-11-29 16:26:59",
4582,1,STULOS Vol 10 No. 1,,,,,,,,,id,,,,,,,0,0,,0,,,,,"2007-11-29 15:36:50","2007-11-29 16:26:59",
4583,1,Spirituality & Leadership,,,,,,,,,id,,,,,,,0,0,,0,,,,,"2007-11-29 15:36:50","2007-11-29 16:26:59",
4584,1,"Forum Biblika-No.13,2001",,,,,,,,,id,,,,,,,0,0,,0,,,,,"2007-11-29 15:36:50","2007-11-29 16:26:59",
4585,1,"Forum Biblika-No..21,2007",,,,,,,,,id,,,,,,,0,0,,0,,,,,"2007-11-29 15:36:50","2007-11-29 16:26:59",
4586,1,Gereja dalam era Postmodern,,,,,,,,,id,,,,,,,0,0,,0,,,,,"2007-11-29 15:36:50","2007-11-29 16:26:59",
4587,1,"Forum Biblika-No..22,2007",,,,,,,,,id,,,,,,,0,0,,0,,,,,"2007-11-29 15:36:50","2007-11-29 16:26:59",
4588,1,"Forum Biblika-No..23,2008",,,,,,,,,id,,,,,,,0,0,,0,,,,,"2007-11-29 15:36:50","2007-11-29 16:26:59",
4589,1,Veritas Vol 14 No. 2,,,,,,,,,id,,,,,,,0,0,,0,,,,,"2007-11-29 15:36:50","2007-11-29 16:26:59",
4590,1,"Jurnal Teologi Aletheia, Vol.10",,,,,,,,,id,,,,,,,0,0,,0,,,,,"2007-11-29 15:36:50","2007-11-29 16:26:59",
4591,1,Jurnal pelita zaman vol 7 No.. 1,,,,,,,,,id,,,,,,,0,0,,0,,,,,"2007-11-29 15:36:50","2007-11-29 16:26:59",
4592,1,Jurnal pelita zaman VOL 6 No.. 2,,,,,,,,,id,,,,,,,0,0,,0,,,,,"2007-11-29 15:36:50","2007-11-29 16:26:59",
4593,1,Siapkah Engkau menjadi Hamba Tuhan?,,,,,,,,,id,,,,,,,0,0,,0,,,,,"2007-11-29 15:36:50","2007-11-29 16:26:59",
4594,1,Jurnal pelita zaman Vol 8 No. 2,,,,,,,,,id,,,,,,,0,0,,0,,,,,"2007-11-29 15:36:50","2007-11-29 16:26:59",
4595,1,Jurnal Pelita Zaman Vol 7 No.. 2,,,,,,,,,id,,,,,,,0,0,,0,,,,,"2007-11-29 15:36:50","2007-11-29 16:26:59",
4596,1,Cara untuk sukses menjadi DIRI SENDIRI,,,,,,,,,id,,,,,,,0,0,,0,,,,,"2007-11-29 15:36:50","2007-11-29 16:26:59",
4597,1,Veritas Jurnal Teologi dan pelayanan Vol 14 No.1,,,,,,,,,id,,,,,,,0,0,,0,,,,,"2007-11-29 15:36:50","2007-11-29 16:26:59",
4598,1,Jurnal Amanat Agung Vol 5 No. 1,,,,,,,,,id,,,,,,,0,0,,0,,,,,"2007-11-29 15:36:50","2007-11-29 16:26:59",
4599,1,Komunitas Bumi : Etika Bumi,,,,,,,,,id,,,,,,,0,0,,0,,,,,"2007-11-29 15:36:50","2007-11-29 16:26:59",
4600,1,Veritas Vol 15 No. 2,,,,,,,,,id,,,,,,,0,0,,0,,,,,"2007-11-29 15:36:50","2007-11-29 16:26:59",
4601,1,Arsitek Ibadah,,,,,,,,,id,,,,,,,0,0,,0,,,,,"2007-11-29 15:36:50","2007-11-29 16:26:59",
4602,1,Maximum Life With Planning,,,,,,,,,id,,,,,,,0,0,,0,,,,,"2007-11-29 15:36:50","2007-11-29 16:26:59",
4603,1,Renungkanlah,,,,,,,,,id,,,,,,,0,0,,0,,,,,"2007-11-29 15:36:50","2007-11-29 16:26:59",
4604,1,Daya hening upaya juang,,,,,,,,,id,,,,,,,0,0,,0,,,,,"2007-11-29 15:36:50","2007-11-29 16:26:59",
4605,1,Veritas Vol 14 No. 2,,,,,,,,,id,,,,,,,0,0,,0,,,,,"2007-11-29 15:36:50","2007-11-29 16:26:59",
4606,1,Tritunggal & Pluralisme Agama,,,,,,,,,id,,,,,,,0,0,,0,,,,,"2007-11-29 15:36:50","2007-11-29 16:26:59",
4607,1,Vertias Vol 15 No. 1,,,,,,,,,id,,,,,,,0,0,,0,,,,,"2007-11-29 15:36:50","2007-11-29 16:26:59",
4608,1,Effective Church Board,,,,,,,,,id,,,,,,,0,0,,0,,,,,"2007-11-29 15:36:50","2007-11-29 16:26:59",
4609,1,Alkitab dan Liturgi,,,,,,,,,id,,,,,,,0,0,,0,,,,,"2007-11-29 15:36:50","2007-11-29 16:26:59",
4610,1,Jurnal Amanat Agung Vol 13 No. 1,,,,,,,,,id,,,,,,,0,0,,0,,,,,"2007-11-29 15:36:50","2007-11-29 16:26:59",
4611,1,Culture Matters A call for Consensus on,,,,,,,,,id,,,,,,,0,0,,0,,,,,"2007-11-29 15:36:50","2007-11-29 16:26:59",
4612,1,Jurnal Amanat Agung Vol 12 No. 2,,,,,,,,,id,,,,,,,0,0,,0,,,,,"2007-11-29 15:36:50","2007-11-29 16:26:59",
4613,1,Story Behind The Song,,,,,,,,,id,,,,,,,0,0,,0,,,,,"2007-11-29 15:36:50","2007-11-29 16:26:59",
4614,1,Jurnal Amanat Agung Vol 12 No. 1,,,,,,,,,id,,,,,,,0,0,,0,,,,,"2007-11-29 15:36:50","2007-11-29 16:26:59",
4615,1,The Art of Worship,,,,,,,,,id,,,,,,,0,0,,0,,,,,"2007-11-29 15:36:50","2007-11-29 16:26:59",
4616,1,Agama Vs Sains?,,,,,,,,,id,,,,,,,0,0,,0,,,,,"2007-11-29 15:36:50","2007-11-29 16:26:59",
4617,1,Filsafat & Agama - Pendekatan pada ilmu agama-agama 2,"","","",,"","","","",id,,,NONE,"",,,0,0,,0,"",,,,"2007-11-29 15:36:50","2026-07-19 10:13:38",
4618,1,Berani jadi murid: Kamu juga bisa belajar dari MEREKA!,,,,,,,,,id,,,,,,,0,0,,0,,,,,"2007-11-29 15:36:50","2007-11-29 16:26:59",
4619,1,Jurnal Amanat Agung Vol 9 No. 2,,,,,,,,,id,,,,,,,0,0,,0,,,,,"2007-11-29 15:36:50","2007-11-29 16:26:59",
4620,1,I don't have enough faith to be an Atheist,,,,,,,,,id,,,,,,,0,0,,0,,,,,"2007-11-29 15:36:50","2007-11-29 16:26:59",
4621,1,Janda & Anak Yatim Ada di Hati -Ku,,,,,,,,,id,,,,,,,0,0,,0,,,,,"2007-11-29 15:36:50","2007-11-29 16:26:59",
4622,1,Something to SMILE about,,,,,,,,,id,,,,,,,0,0,,0,,,,,"2007-11-29 15:36:50","2007-11-29 16:26:59",
4623,1,Making Sense of it all,,,,,,,,,id,,,,,,,0,0,,0,,,,,"2007-11-29 15:36:50","2007-11-29 16:26:59",
4624,1,Jurnal Theologia Aletheia Vol 11 No. 20,,,,,,,,,id,,,,,,,0,0,,0,,,,,"2007-11-29 15:36:50","2007-11-29 16:26:59",
4625,1,Let's all Sing 3,,,,,,,,,id,,,,,,,0,0,,0,,,,,"2007-11-29 15:36:50","2007-11-29 16:26:59",
4626,1,Belajar berjalan dengan Allah,,,,,,,,,id,,,,,,,0,0,,0,,,,,"2007-11-29 15:36:50","2007-11-29 16:26:59",
4627,1,The way of the SHEPHERD,,,,,,,,,id,,,,,,,0,0,,0,,,,,"2007-11-29 15:36:50","2007-11-29 16:26:59",
4628,1,Memperlengkapi orang lain untuk SUKSES Anda,,,,,,,,,id,,,,,,,0,0,,0,,,,,"2007-11-29 15:36:50","2007-11-29 16:26:59",
4629,1,Fighting Poverty Through Enterprise,,,,,,,,,id,,,,,,,0,0,,0,,,,,"2007-11-29 15:36:50","2007-11-29 16:26:59",
4630,1,Dari Buddha hingga Yesus,,,,,,,,,id,,,,,,,0,0,,0,,,,,"2007-11-29 15:36:50","2007-11-29 16:26:59",
4631,1,Pujian dan Penyembahan,,,,,,,,,id,,,,,,,0,0,,0,,,,,"2007-11-29 15:36:50","2007-11-29 16:26:59",
4632,1,Memaksimalkan karier Anda,,,,,,,,,id,,,,,,,0,0,,0,,,,,"2007-11-29 15:36:50","2007-11-29 16:26:59",
4633,1,The FOUR ELEMENTS of SUCCESS,,,,,,,,,id,,,,,,,0,0,,0,,,,,"2007-11-29 15:36:50","2007-11-29 16:26:59",
4634,1,Culture making,,,,,,,,,id,,,,,,,0,0,,0,,,,,"2007-11-29 15:36:50","2007-11-29 16:26:59",
4635,1,be still my SOUL,,,,,,,,,id,,,,,,,0,0,,0,,,,,"2007-11-29 15:36:50","2007-11-29 16:26:59",
4636,1,Renaisans kekuatan Injil meskipun dalam masa kegelapan,,,,,,,,,id,,,,,,,0,0,,0,,,,,"2007-11-29 15:36:50","2007-11-29 16:26:59",
4637,1,"101 more Hymn Stories",,,,,,,,,id,,,,,,,0,0,,0,,,,,"2007-11-29 15:36:50","2007-11-29 16:26:59",
4638,1,"Discipling , Coaching , Mentoring",,,,,,,,,id,,,,,,,0,0,,0,,,,,"2007-11-29 15:36:50","2007-11-29 16:26:59",
4639,1,Anda Lebih Kuat daripada yang Anda KIRA,,,,,,,,,id,,,,,,,0,0,,0,,,,,"2007-11-29 15:36:50","2007-11-29 16:26:59",
4640,1,mengubah pasir menjadi mutiara,,,,,,,,,id,,,,,,,0,0,,0,,,,,"2007-11-29 15:36:50","2007-11-29 16:26:59",
4641,1,The World Book Encyclopedia A,"","","",,"","","","10000001",id,,,The World Book Encyclopedia,"",,,0,0,,0,"",,,,"2026-07-07 19:13:23","2026-07-07 19:16:04",1
4642,1,Permulaan Gerakan Methodist,"","","",,"","","","14000108",id,,,NONE,"",,,0,0,,0,"",,,,"2026-07-15 16:28:05","2026-07-15 16:32:24",1
4644,1,Psikologi Untuk Keluarga,"","","",,"","","","19000050",id,,,"19000050","",,,0,0,,0,"",,,,"2026-07-16 13:53:03","2026-07-16 13:53:03",1
4645,1,Kekerasan Seksual & Pemulihan,"","","",,"","","","19000045",id,,,"19000045","",,,0,0,,0,"",,,,"2026-07-16 13:58:23","2026-07-16 13:58:23",1
4646,1,Psikologi Untuk Keluarga,"","","",,"","","","19000050",id,,,NONE,"",,,0,0,,0,"",,,,"2026-07-19 11:07:40","2026-07-19 11:08:14",1
4647,1,Kekerasan Sexual dan Pemulihan,"","","",,"","","","19000045",id,,,NONE,"",,,0,0,,0,"",,,,"2026-07-19 11:09:10","2026-07-19 11:09:30",1
4648,1,Percaya diri VS Kesombongan,"","","",,"","","","19000114",id,,,Konseling/Psikologi,"",,,0,0,,0,"",,,,"2026-07-22 14:51:12","2026-08-08 16:48:06",1
4649,1,Seni Memahami Diri Sendiri,"","","",,"","","","19000102",id,,,"19000102","",,,0,0,,0,"",,,,"2026-07-22 15:32:19","2026-07-22 15:32:19",1
4650,1,Lifetime Behaviors memahami Diri dan Sesama dengan Perspektif Perilaku,"","","",,"","","","19000109",id,,,"19000109","",,,0,0,,0,"",,,,"2026-07-22 15:39:33","2026-07-22 15:40:10",1
4651,1,"Kebahagiaan: sebuah Pilihan Gejala, Penyebab Dan Pengobatan Depresi","","","",,"","","","19000110",id,,,"19000110","",,,0,0,,0,"",,,,"2026-07-22 15:41:56","2026-07-22 15:41:56",1
4652,1,"3D of my life","","","",,"","","","19000111",id,,,"19000111","",,,0,0,,0,"",,,,"2026-07-22 15:42:40","2026-07-22 15:42:40",1
4655,1,Mendisiplinkan Anak Dengan Kasih Sayang,"","","",,"","","","19000113",id,,,"19000113","",,,0,0,,0,"",,,,"2026-07-22 16:47:54","2026-07-22 16:47:54",1
4654,1,Kepribadian Keluarga,"","","",,"","","","19000112",id,,,"19000112","",,,0,0,,0,"",,,,"2026-07-22 16:43:21","2026-07-22 16:43:21",1
4657,1,Be a Star,"","","",,"","","","17000112",id,,,"17000112","",,,0,0,,0,"",,,,"2026-07-23 14:57:00","2026-07-23 14:57:00",1
4658,1,Menjadi Mahasiswa Teologi yang berhasil,"","","",,"","","","14000109",id,,,"14000109","",,,0,0,,0,"",,,,"2026-07-23 15:07:57","2026-07-23 15:07:57",1
4659,1,Mematahkan Citra Diri Yang Negatif,"","","",,"","","","17000119",id,,,"17000119","",,,0,0,,0,"",,,,"2026-07-23 15:15:48","2026-07-23 15:15:48",1
4660,1,Architect of Reformation,"","","",11,"","","","1300049",id,,,"1300049","",,,0,0,,0,"",,,,"2026-07-25 13:46:53","2026-07-25 13:48:11",1
4661,1,Teologi Kontekstualisasi,"","","",12,"","","","13000150",id,,,"13000150","",,,0,0,,0,"",,,,"2026-07-25 13:50:10","2026-07-25 13:51:41",1
4662,1,The Passion of Jesus Christ,"","","",,"","","","13000072",id,,,"13000072","",,,0,0,,0,"",,,,"2026-07-25 13:58:08","2026-07-25 13:58:08",1
4663,1,When The Kingdom Comes,"","","",,"","","","13000112",id,,,"13000112","",,,0,0,,0,"",,,,"2026-07-26 11:38:00","2026-07-26 11:38:00",1
4664,1,Perjamuan Tuhan,"","","",,"","","","",id,,,NONE,"",,,0,0,,0,"",,,,"2026-07-26 11:43:42","2026-07-26 11:43:42",1
4666,1,Allah Telah Berfirman  Jilid satu,"","","",,"","","","13000038",id,,,"13000038","",,,0,0,,0,"",,,,"2026-07-26 12:20:27","2026-07-26 12:20:27",1
4667,1,Allah Telah Berfirman Jilid Dua,"","","",,"","","","13000039",id,,,"13000039","",,,0,0,,0,"",,,,"2026-07-26 12:21:31","2026-07-26 12:21:31",1
4710,1,Apa itu Kekristenan?,"","","",,"","","","",id,,,NONE,"",,,0,0,,0,"",,,,"2026-08-05 17:23:19","2026-08-05 17:23:19",1
4668,1,Jesus Among Secular Gods,"","","978-602-1302-44-6",,"","","","21000077",id,,,NONE,"",,,0,0,,0,"",,,,"2026-07-30 12:07:55","2026-08-08 16:32:23",1
4669,1,The Great Evangelical Disaster,"","","",,"","","","13000148",id,,,NONE,"",,,0,0,,0,"",,,,"2026-08-01 10:52:24","2026-08-01 10:53:13",1
4670,1,The Case for Christ - Penyelidikan Tentang Kristus,"","","",,"","","","13000151",id,,,NONE,"",,,0,0,,0,"",,,,"2026-08-01 18:37:09","2026-08-01 18:37:09",1
4671,1,Pembuktian Atas Kebenaran Kristus,"","","",,"","","","13000152",id,,,NONE,"",,,0,0,,0,"",,,,"2026-08-02 07:20:48","2026-08-02 07:21:18",1
4672,1,Pembuktian Atas Kebenaran Iman Kristiani,"","","",,"","","","13000153",id,,,NONE,"",,,0,0,,0,"",,,,"2026-08-02 07:24:02","2026-08-05 15:57:12",1
4673,1,Pembuktian Atas Kebenaran Allah sebagai Sang Pencipta,"","","",,"","","","13000154",id,,,NONE,"",,,0,0,,0,"",,,,"2026-08-02 07:29:28","2026-08-05 15:59:50",1
4674,1,God in the Wasteland,"","","",,"","","","13000155",id,,,NONE,"",,,0,0,,0,"",,,,"2026-08-02 07:31:22","2026-08-05 16:03:19",1
4675,1,Tertikam Oleh Karena Pemberontakan KITA,"","","",,"","","","13000156",id,,,NONE,"",,,0,0,,0,"",,,,"2026-08-02 07:33:17","2026-08-05 16:15:39",1
4676,1,the Cross and Salvation,"","","",,"","","","13000157",id,,,NONE,"",,,0,0,,0,"",,,,"2026-08-02 07:37:57","2026-08-05 16:27:41",1
4677,1,Pelajaran Singkat Teologi Sistematika - Doktrin Kitab Suci,"","","",,"","","","13000158",id,,,NONE,"",,,0,0,,0,"",,,,"2026-08-02 07:39:56","2026-08-02 07:40:17",1
4678,1,Pelajaran Singkat Teologi Sistematika - Glorifikasi,"","","",,"","","","13000159",id,,,NONE,"",,,0,0,,0,"",,,,"2026-08-02 07:42:06","2026-08-02 07:42:47",1
4679,1,Pelajaran Singkat Teologi Sistematika - Pribadi Kristus,"","","",,"","","","13000160",id,,,NONE,"",,,0,0,,0,"",,,,"2026-08-02 07:47:57","2026-08-02 07:49:00",1
4680,1,Pelajaran Singkat Teologi Sistematika - Predestinasi,"","","",,"","","","13000161",id,,,NONE,"",,,0,0,,0,"",,,,"2026-08-02 09:29:55","2026-08-02 09:31:09",1
4681,1,Pelajaran Singkat Teologi Sistematika - Sifat Sifat Allah,"","","",14,"","","","13000162",id,,,NONE,"",,,0,0,,0,"",,,,"2026-08-02 09:38:19","2026-08-02 09:52:16",1
4682,1,Pelajaran Singkat Teologi Sistematika - Teologi Yang Setia,"","","",14,"","","","13000163",id,,,NONE,"",,,0,0,,0,"",,,,"2026-08-02 09:47:26","2026-08-02 09:50:00",1
4683,1,Pelajaran Singkat Teologi Sistematika - Gereja,"","","",14,"","","","13000164",id,,,NONE,"",,,0,0,,0,"",,,,"2026-08-02 09:51:29","2026-08-02 09:51:29",1
4684,1,Pelajaran Singkat Teologi Sistematika - Penebusan,"","","",14,"","","","13000165",id,,,NONE,"",,,0,0,,0,"",,,,"2026-08-02 09:53:15","2026-08-02 09:53:42",1
4685,1,Pelajaran Singkat Teologi Sistematika - Roh Kudus,"","","",14,"","","","13000166",id,,,NONE,"",,,0,0,,0,"",,,,"2026-08-02 09:54:52","2026-08-02 09:55:22",1
4686,1,Pelajaran Singkat Teologi Sistematika - Pembenaran,"","","",14,"","","","13000167",id,,,NONE,"",,,0,0,,0,"",,,,"2026-08-02 09:56:40","2026-08-02 09:57:19",1
4687,1,God At Work - Signs of True Revival,"","","",2,"","","","13000168",id,,,NONE,"",,,0,0,,0,"",,,,"2026-08-02 09:58:16","2026-08-02 09:59:14",1
4688,1,Kemuliaan Kristus,"","","",2,"","","","13000169",id,,,NONE,"",,,0,0,,0,"",,,,"2026-08-02 10:00:01","2026-08-02 10:00:25",1
4689,1,Evangelical Futures,"","","",15,"","","","13000170",id,,,NONE,"",,,0,0,,0,"",,,,"2026-08-02 10:02:39","2026-08-02 10:03:18",1
4690,1,Keberanian Menjadi Protestan,"","","",,"","","","13000171",id,,,NONE,"",,,0,0,,0,"",,,,"2026-08-02 10:05:00","2026-08-02 10:05:26",1
4691,1,Skandal Pemikiran Injili,"","","",,"","","","13000172",id,,,NONE,"",,,0,0,,0,"",,,,"2026-08-02 10:06:34","2026-08-02 10:07:36",1
4692,1,Spiritualitas Reformatoris,"","","",,"","","","13000173",id,,,NONE,"",,,0,0,,0,"",,,,"2026-08-02 10:08:24","2026-08-02 10:08:43",1
4693,1,Siap Sedialah Pada Segala Waktu - Petunjuk untuk membela iman,"","","",,"","","","13000174",id,,,NONE,"",,,0,0,,0,"",,,,"2026-08-02 10:09:53","2026-08-02 10:10:14",1
4694,1,Not the Way it's Supposed to Be - Tidak seperti maksud semula,"","","",,"","","","13000175",id,,,NONE,"",,,0,0,,0,"",,,,"2026-08-02 10:11:06","2026-08-02 10:11:25",1
4695,1,Penggenapan & Penerapan Penebusan,"","","",,"","","","13000176",id,,,NONE,"",,,0,0,,0,"",,,,"2026-08-02 10:17:18","2026-08-02 10:17:47",1
4696,1,Theologi Martin Luther - Perkembangan Historis dan Theologi Sistematikanya,"","","",,"","","","13000177",id,,,NONE,"",,,0,0,,0,"",,,,"2026-08-02 10:18:57","2026-08-02 10:19:28",1
4697,1,Jaminan Iman - Devosi Pembangunan Iman,"","","",,"","","","13000178",id,,,NONE,"",,,0,0,,0,"",,,,"2026-08-02 10:20:12","2026-08-02 10:20:25",1
4698,1,Theologi Para Reformator,"","","",,"","","","13000179",id,,,NONE,"",,,0,0,,0,"",,,,"2026-08-02 10:21:14","2026-08-02 10:21:48",1
4699,1,Apologetika Presuposisional - Dinyatakan & Dibela,"","","",,"","","","13000180",id,,,NONE,"",,,0,0,,0,"",,,,"2026-08-02 10:22:54","2026-08-02 10:23:22",1
4700,1,Why the Reformation Still Matters,"","","",,"","","","13000181",id,,,NONE,"",,,0,0,,0,"",,,,"2026-08-02 10:24:23","2026-08-02 10:24:56",1
4701,1,Kekristenan dan Liberalisme,"","","",,"","","","13000182",id,,,NONE,"",,,0,0,,0,"",,,,"2026-08-02 10:26:03","2026-08-02 10:26:37",1
4702,1,Designed for Dignity,"","","",,"","","","13000183",id,,,NONE,"",,,0,0,,0,"",,,,"2026-08-02 10:29:20","2026-08-02 10:29:33",1
4703,1,Iman dan Akal Budi,"","","",,"","","","13000184",id,,,NONE,"",,,0,0,,0,"",,,,"2026-08-02 10:30:29","2026-08-02 10:30:53",1
4704,1,Teologi Kontemporer,"","","",,"","","","13000024",id,,,"13000024","",,,0,0,,0,"",,,,"2026-08-04 17:30:53","2026-08-04 17:30:53",1
4705,1,Perjamuan Tuhan,"","","",,"","","","",id,,,NONE,"",,,0,0,,0,"",,,,"2026-08-04 18:06:21","2026-08-04 18:06:21",1
4707,1,Core Christianity (Inti Iman Kristen),"","","",,"","","","",id,,,NONE,"",,,0,0,,0,"",,,,"2026-08-05 15:27:48","2026-08-05 15:27:48",1
4708,1,"God, Freedom, and Evil","","","",,"","","","",id,,,NONE,"",,,0,0,,0,"",,,,"2026-08-05 15:28:38","2026-08-05 15:28:38",1
4709,1,Katekismus Heidelberg,"","","978-602-231-343-4",,"","","","13000196",id,,,NONE,"",,,0,0,,0,"",,,,"2026-08-05 15:42:00","2026-08-08 15:40:14",1
4711,1,Kristus Dalam Perjanjian Baru,"","","",,"","","","13000205",id,,,NONE,"",,,0,0,,0,"",,,,"2026-08-08 15:04:13","2026-08-08 15:04:54",1
4712,1,Kristus Dalam Perjanjian Lama,"","","",,"","","","13000204",id,,,NONE,"",,,0,0,,0,"",,,,"2026-08-08 15:06:34","2026-08-08 15:06:54",1
4713,1,A Short Life of Christ,"","","",,"","","","13000203",id,,,NONE,"",,,0,0,,0,"",,,,"2026-08-08 15:09:56","2026-08-08 15:10:29",1
4714,1,Salib Yesus,"","","",,"","","","13000200",id,,,"13000200","",,,0,0,,0,"",,,,"2026-08-08 15:20:47","2026-08-11 17:30:05",1
4715,1,The Cross of Jesus,"","","0-85364-434-9",,"","","","13000199",id,,,NONE,"",,,0,0,,0,"",,,,"2026-08-08 15:24:19","2026-08-08 15:24:41",1
4716,1,Keselamatan di Balik Kematian Bayi,"","","979-8131-48-7",,"","","","13000197",id,,,NONE,"",,,0,0,,0,"",,,,"2026-08-08 15:30:55","2026-08-08 15:32:10",1
4717,1,Mari Berpikir tentang Sejarah Apa yang membentuk gereja,"","","9786029254082",,"","","","13000187",id,,,NONE,"",,,0,0,,0,"",,,,"2026-08-08 16:22:31","2026-08-08 16:22:45",1
4718,1,Mari Berpikir tentang Teologi Apa yang kita yakini,"","","9786029254051",,"","","","13000189",id,,,NONE,"",,,0,0,,0,"",,,,"2026-08-08 16:29:30","2026-08-08 16:29:50",1
4719,1,Segala Kebenaran Adalah Kebenaran Allah,"","","",,"","","","21000080",id,,,NONE,"",,,0,0,,0,"",,,,"2026-08-08 16:39:21","2026-08-08 16:39:34",1
4720,1,Segala Kebenaran adalah kebenaran Allah,"","","979-8307-64-X",,"","","","21000080",id,,,NONE,"",,,0,0,,0,"",,,,"2026-08-08 16:41:52","2026-08-08 16:41:52",1
4721,1,Revolusi-Revolusi dalam Wawasan Dunia,"","","9786028165341",,"","","","21000081",id,,,NONE,"",,,0,0,,0,"",,,,"2026-08-08 16:44:33","2026-08-08 16:45:41",1
4722,1,TULIP Lima Pokok Ajaran Calvin dalam Terang Firman Allah,"","","0-8010-8161-0",,"","","","13000278",id,,,NONE,"",,,0,0,,0,"",,,,"2026-08-09 09:57:36","2026-08-09 09:58:26",1
4723,1,Mutiara Kehidupan Kristen,"","","979-3292-38-5",,"","","","13000276",id,,,NONE,"",,,0,0,,0,"",,,,"2026-08-09 10:04:23","2026-08-09 10:05:14",1
4724,1,Munculnya Kemerdekaan Di Dunia Modern,"","","9789798131196",,"","","","13000274",id,,,NONE,"",,,0,0,,0,"",,,,"2026-08-09 10:14:47","2026-08-09 10:15:37",1
4725,1,Enam Belas Dokumen Dasar Calvinisme,"","","9799290635",,"","","","13000273",id,,,NONE,"",,,0,0,,0,"",,,,"2026-08-09 10:16:57","2026-08-09 10:17:14",1
4726,1,Apa itu Calvinisme,"","","979-415-567-5",,"","","","13000272",id,,,NONE,"",,,0,0,,0,"",,,,"2026-08-09 10:18:45","2026-08-09 10:19:02",1
4727,1,Dogmatika Reformed: Dosa dan Keselamatan di dalam Kristus,"","","9786023930074",,"","","","13000223",id,,,NONE,"",,,0,0,,0,"",,,,"2026-08-09 10:38:12","2026-08-09 10:38:35",1
4728,1,"Dogmatika Reformed: Roh Kudus, Gereja, dan Ciptaan Baru","","","9786023932061",,"","","","13000224",id,,,NONE,"",,,0,0,,0,"",,,,"2026-08-09 10:40:11","2026-08-09 10:40:29",1
4729,1,Evangelicals and Nicene Faith,"","","978-0-8010-3926-3",,"","","","13000253",id,,,"13000253","",,,0,0,,0,"",,,,"2026-08-09 10:46:03","2026-08-11 17:29:07",1
4730,1,Is The Reformation Over? An Evangelical Assessment of Contemporary Roman Catholicism,"","","9780801027970",,"","","","13000252",id,,,NONE,"",,,0,0,,0,"",,,,"2026-08-09 10:50:17","2026-08-09 10:50:33",1
4731,1,Pembimbingan Penggembalaan,"","","",,"","","","13000250",id,,,NONE,"",,,0,0,,0,"",,,,"2026-08-09 10:54:23","2026-08-09 10:54:39",1
4732,1,"25 Pelajaran Tentang Doktrin Kristen Bagian Pertama","","","",,"","","","13000217",id,,,NONE,"",,,0,0,,0,"",,,,"2026-08-09 11:08:25","2026-08-09 11:10:00",1
4733,1,"25 Pelajaran Tentang Doktrin Kristen Bagian Kedua","","","",,"","","","13000218",id,,,NONE,"",,,0,0,,0,"",,,,"2026-08-09 11:11:08","2026-08-09 11:11:35",1
4734,1,Teologia Kontemporer,"","","",,"","","","13000216",id,,,NONE,"",,,0,0,,0,"",,,,"2026-08-09 11:12:49","2026-08-09 11:13:09",1
4735,1,Kedaulatan Dan Karya Kristus,"","","",,"","","","13000215",id,,,NONE,"",,,0,0,,0,"",,,,"2026-08-09 11:13:54","2026-08-09 11:14:20",1
4736,1,Dunia Roh,"","","",,"","","","13000214",id,,,NONE,"",,,0,0,,0,"",,,,"2026-08-09 11:15:42","2026-08-09 11:16:13",1
4737,1,Roh Kudus dalam Diri Anda,"","","",,"","","","13000213",id,,,NONE,"",,,0,0,,0,"",,,,"2026-08-09 11:17:52","2026-08-09 11:18:18",1
4738,1,Kristologi Dan Allah Tritunggal,"","","",,"","","","13000212",id,,,NONE,"",,,0,0,,0,"",,,,"2026-08-09 11:19:56","2026-08-09 11:20:08",1
4739,1,Jangan Ada Orang yang Memegahkan Diri,"","","9786020904344",,"","","","13000227",id,,,NONE,"",,,0,0,,0,"",,,,"2026-08-09 11:39:46","2026-08-09 11:40:05",1
4740,1,Membarui Selalu,"","","9789792957259",,"","","","13000225",id,,,NONE,"",,,0,0,,0,"",,,,"2026-08-09 11:47:23","2026-08-09 11:47:45",1
4741,1,INSTITUTIO CHRISTIANAE RELIGIONIS Jilid 1,"","","9786023931842",,"","","","13000267",id,,,NONE,"",,,0,0,,0,"",,,,"2026-08-09 11:52:49","2026-08-09 11:53:35",1
4742,1,INSTITUTIO CHRISTIANAE RELIGIONIS Jilid 2,"","","9786023931859",,"","","","13000268",id,,,NONE,"",,,0,0,,0,"",,,,"2026-08-09 11:55:09","2026-08-09 11:55:24",1
4743,1,CALVIN Institutes of the Christian Religion Volume 1,"","","2370004705781",,"","","","13000265",id,,,NONE,"",,,0,0,,0,"",,,,"2026-08-09 11:58:02","2026-08-09 11:58:24",1
4744,1,CALVIN Institutes of the Christian Religion Volume 2,"","","2370004705798",,"","","","13000266",id,,,NONE,"",,,0,0,,0,"",,,,"2026-08-09 12:00:06","2026-08-09 12:00:20",1
4745,1,Rasio bagi Iman,"","","9786023930852",,"","","","13000999",id,,,NONE,"",,,0,0,,0,"",,,,"2026-08-09 12:19:28","2026-08-09 12:21:05",1
4746,1,Christian Apologetics,"","","0-87552-477-X",,"","","","13000229",id,,,NONE,"",,,0,0,,0,"",,,,"2026-08-09 12:25:22","2026-08-09 12:26:09",1
4747,1,Mama Bear Apologetics,"","","978-623-6453-04-9",,"","","","13000228",id,,,NONE,"",,,0,0,,0,"",,,,"2026-08-09 12:35:19","2026-08-09 12:36:57",1
4748,1,Penuntun Ke Dalam Theologi Institutes Calvin,"","","602-8165-15-8",,"","","","13000285",id,,,NONE,"",,,0,0,,0,"",,,,"2026-08-09 13:00:19","2026-08-09 13:00:40",1
4749,1,Calvin Di Ranah Publik,"","","602-8165-22-0",,"","","","13000271",id,,,NONE,"",,,0,0,,0,"",,,,"2026-08-09 13:27:32","2026-08-09 13:28:06",1
4750,1,Apa Itu Kekristenan?,"","","",,"","","","13000140",id,,,"13000140","",,,0,0,,0,"",,,,"2026-08-11 17:13:58","2026-08-11 17:13:58",1
4751,1,"Johanes Calvin Pembangunan Jemaat, Tata Gereja Dan Jabatan Gerejawi","","","",,"","","","13000277",id,,,"13000277","",,,0,0,,0,"",,,,"2026-08-11 17:22:19","2026-08-11 17:22:28",1
4752,1,Katekismus Heidelberg,"","","",,"","","","13000112",id,,,"13000112","",,,0,0,,0,"",,,,"2026-08-11 17:27:51","2026-08-11 17:27:51",1
4753,1,Teologi Kontemporer,"","","",,"","","","13000024",id,,,"13000024","",,,0,0,,0,"",,,,"2026-08-11 17:36:21","2026-08-11 17:36:21",1
4754,1,Apologetika Sebuah Pembenaran Bagi Kepercayaan Kristen,"","","",,"","","","13000230",id,,,"13000230","",,,0,0,,0,"",,,,"2026-08-11 18:20:54","2026-08-11 18:20:54",1
4755,1,"Pengantar Theologi Sistematik: Prolegomena Dan Doktrin Wahyu Alkitab, Dan Allah","","","",,"","","","13000233",id,,,"13000233","",,,0,0,,0,"",,,,"2026-08-11 18:26:00","2026-08-11 18:26:00",1
