"item_id","biblio_id","call_number","coll_type_id","item_code","inventory_code","received_date","supplier_id","order_no","location_id","order_date","item_status_id","site","source","invoice","price","price_currency","invoice_date","input_date","last_update","uid"
2,23,"21000016",1,"21000016-001",INV/21000016-001,"2007-11-29",,"",SL,"2007-11-29","0",Wawasan Dunia,1,"",0,Rupiah,"2007-11-29","2008-12-26 22:19:57","2026-07-05 10:39:40",
3,24,"21000018",1,"21000018-001",INV/21000018-001,"2007-11-29","0","",SL,"2007-11-29","0","",1,"",0,Rupiah,"2007-11-29","2008-12-26 22:19:57","2008-12-26 22:19:57",
4,25,"11000065",1,"11000065-001",INV/11000065-001,"2007-11-29","0","",SL,"2007-11-29","0","",1,"",0,Rupiah,"2007-11-29","2008-12-26 22:19:57","2008-12-26 22:19:57",
5,26,"11000066",1,"11000066-001",INV/11000066-001,"2007-11-29","0","",SL,"2007-11-29","0","",1,"",0,Rupiah,"2007-11-29","2008-12-26 22:19:57","2008-12-26 22:19:57",
6,27,"11000069",1,"11000069-001",INV/11000069-001,"2007-11-29","0","",SL,"2007-11-29","0","",1,"",0,Rupiah,"2007-11-29","2008-12-26 22:19:57","2008-12-26 22:19:57",
7,28,"11000070",1,"11000070-001",INV/11000070-001,"2007-11-29","0","",SL,"2007-11-29","0","",1,"",0,Rupiah,"2007-11-29","2008-12-26 22:19:57","2008-12-26 22:19:57",
8,29,"11000072",1,"11000072-001",INV/11000072-001,"2007-11-29","0","",SL,"2007-11-29","0","",1,"",0,Rupiah,"2007-11-29","2008-12-26 22:19:57","2008-12-26 22:19:57",
9,30,"15000057",1,"15000057-001",INV/15000057-001,"2007-11-29","0","",SL,"2007-11-29","0","",1,"",0,Rupiah,"2007-11-29","2008-12-26 22:19:57","2008-12-26 22:19:57",
10,31,"15000058",1,"15000058-001",INV/15000058-001,"2007-11-29","0","",SL,"2007-11-29","0","",1,"",0,Rupiah,"2007-11-29","2008-12-26 22:19:57","2008-12-26 22:19:57",
11,32,"15000059",1,"15000059-001",INV/15000059-001,"2007-11-29","0","",SL,"2007-11-29","0","",1,"",0,Rupiah,"2007-11-29","2008-12-26 22:19:57","2008-12-26 22:19:57",
12,33,"15000060",1,"15000060-001",INV/15000060-001,"2007-11-29","0","",SL,"2007-11-29","0","",1,"",0,Rupiah,"2007-11-29","2008-12-26 22:19:57","2008-12-26 22:19:57",
13,34,"15000061",1,"15000061-001",INV/15000061-001,"2007-11-29","0","",SL,"2007-11-29","0","",1,"",0,Rupiah,"2007-11-29","2008-12-26 22:19:57","2008-12-26 22:19:57",
14,35,"15000063",1,"15000063-001",INV/15000063-001,"2007-11-29","0","",SL,"2007-11-29","0","",1,"",0,Rupiah,"2007-11-29","2008-12-26 22:19:57","2008-12-26 22:19:57",
15,36,"15000064",1,"15000064-001",INV/15000064-001,"2007-11-29","0","",SL,"2007-11-29","0","",1,"",0,Rupiah,"2007-11-29","2008-12-26 22:19:57","2008-12-26 22:19:57",
16,37,"26000045",1,"26000045-001",INV/26000045-001,"2007-11-29","0","",SL,"2007-11-29","0","",1,"",0,Rupiah,"2007-11-29","2008-12-26 22:19:57","2008-12-26 22:19:57",
17,38,"26000046",1,"26000046-001",INV/26000046-001,"2007-11-29","0","",SL,"2007-11-29","0","",1,"",0,Rupiah,"2007-11-29","2008-12-26 22:19:57","2008-12-26 22:19:57",
18,39,"26000048",1,"26000048-001",INV/26000048-001,"2007-11-29","0","",SL,"2007-11-29","0","",1,"",0,Rupiah,"2007-11-29","2008-12-26 22:19:57","2008-12-26 22:19:57",
19,40,"26000047",1,"26000047-001",INV/26000047-001,"2007-11-29","0","",SL,"2007-11-29","0","",1,"",0,Rupiah,"2007-11-29","2008-12-26 22:19:57","2008-12-26 22:19:57",
20,41,"26000049",1,"26000049-001",INV/26000049-001,"2007-11-29","0","",SL,"2007-11-29","0","",1,"",0,Rupiah,"2007-11-29","2008-12-26 22:19:57","2008-12-26 22:19:57",
21,42,"26000050",1,"26000050-001",INV/26000050-001,"2007-11-29","0","",SL,"2007-11-29","0","",1,"",0,Rupiah,"2007-11-29","2008-12-26 22:19:57","2008-12-26 22:19:57",
22,43,"26000051",1,"26000051-001",INV/26000051-001,"2007-11-29","0","",SL,"2007-11-29","0","",1,"",0,Rupiah,"2007-11-29","2008-12-26 22:19:57","2008-12-26 22:19:57",
23,44,"16000009",1,"16000009-002",INV/16000009-002,"2007-11-29","0","",SL,"2007-11-29","0","",1,"",0,Rupiah,"2007-11-29","2008-12-26 22:19:57","2008-12-26 22:19:57",
24,45,"12000140",1,"12000140-001",INV/12000140-001,"2007-11-29","0","",SL,"2007-11-29","0","",1,"",0,Rupiah,"2007-11-29","2008-12-26 22:19:57","2008-12-26 22:19:57",
25,46,"26000127",1,"26000127-001",INV/26000127-001,"2007-11-29","0","",SL,"2007-11-29","0","",1,"",0,Rupiah,"2007-11-29","2008-12-26 22:19:57","2008-12-26 22:19:57",
26,47,"11000045",1,"11000045-001",INV/11000045-001,"2007-11-29","0","",SL,"2007-11-29","0","",1,"",0,Rupiah,"2007-11-29","2008-12-26 22:19:57","2008-12-26 22:19:57",
27,48,"21000070",1,"21000070-001",INV/21000070-001,"2007-11-29","0","",SL,"2007-11-29","0","",1,"",0,Rupiah,"2007-11-29","2008-12-26 22:19:57","2008-12-26 22:19:57",
28,49,"26000052",1,"26000052-001",INV/26000052-001,"2007-11-29","0","",SL,"2007-11-29","0","",1,"",0,Rupiah,"2007-11-29","2008-12-26 22:19:57","2008-12-26 22:19:57",
29,50,"26000053",1,"26000053-001",INV/26000053-001,"2007-11-29","0","",SL,"2007-11-29","0","",1,"",0,Rupiah,"2007-11-29","2008-12-26 22:19:57","2008-12-26 22:19:57",
30,51,"26000054",1,"26000054-001",INV/26000054-001,"2007-11-29","0","",SL,"2007-11-29","0","",1,"",0,Rupiah,"2007-11-29","2008-12-26 22:19:57","2008-12-26 22:19:57",
31,52,"26000055",1,"26000055-001",INV/26000055-001,"2007-11-29","0","",SL,"2007-11-29","0","",1,"",0,Rupiah,"2007-11-29","2008-12-26 22:19:57","2008-12-26 22:19:57",
32,53,"26000056",1,"26000056-001",INV/26000056-001,"2007-11-29","0","",SL,"2007-11-29","0","",1,"",0,Rupiah,"2007-11-29","2008-12-26 22:19:57","2008-12-26 22:19:57",
33,54,"26000057",1,"26000057-001",INV/26000057-001,"2007-11-29","0","",SL,"2007-11-29","0","",1,"",0,Rupiah,"2007-11-29","2008-12-26 22:19:57","2008-12-26 22:19:57",
34,55,"17000030",1,"17000030-001",INV/17000030-001,"2007-11-29","0","",SL,"2007-11-29","0","",1,"",0,Rupiah,"2007-11-29","2008-12-26 22:19:57","2008-12-26 22:19:57",
35,56,"17000031",1,"17000031-001",INV/17000031-001,"2007-11-29",,"",SL,"2007-11-29","0","",1,"",0,Rupiah,"2007-11-29","2008-12-26 22:19:57","2026-07-23 13:01:18",
36,57,"17000032",1,"17000032-001",INV/17000032-001,"2007-11-29","0","",SL,"2007-11-29","0","",1,"",0,Rupiah,"2007-11-29","2008-12-26 22:19:57","2008-12-26 22:19:57",
37,58,"22000065",1,"22000065-001",INV/22000065-001,"2007-11-29","0","",SL,"2007-11-29","0","",1,"",0,Rupiah,"2007-11-29","2008-12-26 22:19:57","2008-12-26 22:19:57",
38,59,"22000067",1,"22000067-001",INV/22000067-001,"2007-11-29","0","",SL,"2007-11-29","0","",1,"",0,Rupiah,"2007-11-29","2008-12-26 22:19:57","2008-12-26 22:19:57",
39,60,"22000068",1,"22000068-001",INV/22000068-001,"2007-11-29","0","",SL,"2007-11-29","0","",1,"",0,Rupiah,"2007-11-29","2008-12-26 22:19:57","2008-12-26 22:19:57",
41,62,"27000059",1,"27000059-001",INV/27000059-001,"2007-11-29","0","",SL,"2007-11-29","0","",1,"",0,Rupiah,"2007-11-29","2008-12-26 22:19:57","2008-12-26 22:19:57",
42,63,"18000165",1,"18000165-001",INV/18000165-001,"2007-11-29","0","",SL,"2007-11-29","0","",1,"",0,Rupiah,"2007-11-29","2008-12-26 22:19:57","2008-12-26 22:19:57",
43,64,"18000166",1,"18000166-001",INV/18000166-001,"2007-11-29","0","",SL,"2007-11-29","0","",1,"",0,Rupiah,"2007-11-29","2008-12-26 22:19:57","2008-12-26 22:19:57",
44,65,"18000167",1,"18000167-001",INV/18000167-001,"2007-11-29","0","",SL,"2007-11-29","0","",1,"",0,Rupiah,"2007-11-29","2008-12-26 22:19:57","2008-12-26 22:19:57",
45,66,"18000169",1,"18000169-001",INV/18000169-001,"2007-11-29","0","",SL,"2007-11-29","0","",1,"",0,Rupiah,"2007-11-29","2008-12-26 22:19:57","2008-12-26 22:19:57",
46,67,"18000170",1,"18000170-001",INV/18000170-001,"2007-11-29","0","",SL,"2007-11-29","0","",1,"",0,Rupiah,"2007-11-29","2008-12-26 22:19:57","2008-12-26 22:19:57",
47,68,"18000171",1,"18000171-001",INV/18000171-001,"2007-11-29","0","",SL,"2007-11-29","0","",1,"",0,Rupiah,"2007-11-29","2008-12-26 22:19:57","2008-12-26 22:19:57",
48,69,"19000028",1,"19000028-001",INV/19000028-001,"2007-11-29","0","",SL,"2007-11-29","0","",1,"",0,Rupiah,"2007-11-29","2008-12-26 22:19:57","2008-12-26 22:19:57",
49,70,"19000029",1,"19000029-001",INV/19000029-001,"2007-11-29","0","",SL,"2007-11-29","0","",1,"",0,Rupiah,"2007-11-29","2008-12-26 22:19:57","2008-12-26 22:19:57",
50,71,"19000030",1,"19000030-001",INV/19000030-001,"2007-11-29","0","",SL,"2007-11-29","0","",1,"",0,Rupiah,"2007-11-29","2008-12-26 22:19:57","2008-12-26 22:19:57",
51,72,"19000031",1,"19000031-001",INV/19000031-001,"2007-11-29","0","",SL,"2007-11-29","0","",1,"",0,Rupiah,"2007-11-29","2008-12-26 22:19:57","2008-12-26 22:19:57",
52,73,"19000032",1,"19000032-001",INV/19000032-001,"2007-11-29","0","",SL,"2007-11-29","0","",1,"",0,Rupiah,"2007-11-29","2008-12-26 22:19:57","2008-12-26 22:19:57",
53,74,"23000086",1,"23000086-001",INV/23000086-001,"2007-11-29","0","",SL,"2007-11-29","0","",1,"",0,Rupiah,"2007-11-29","2008-12-26 22:19:57","2008-12-26 22:19:57",
54,75,"15000232",1,"15000232-001",INV/15000232-001,"2007-11-29","0","",SL,"2007-11-29","0","",1,"",0,Rupiah,"2007-11-29","2008-12-26 22:19:57","2008-12-26 22:19:57",
55,76,"19000033",1,"19000033-001",INV/19000033-001,"2007-11-29","0","",SL,"2007-11-29","0","",1,"",0,Rupiah,"2007-11-29","2008-12-26 22:19:57","2008-12-26 22:19:57",
56,77,"19000034",1,"19000034-001",INV/19000034-001,"2007-11-29","0","",SL,"2007-11-29","0","",1,"",0,Rupiah,"2007-11-29","2008-12-26 22:19:57","2008-12-26 22:19:57",
57,78,"19000035",1,"19000035-001",INV/19000035-001,"2007-11-29","0","",SL,"2007-11-29","0","",1,"",0,Rupiah,"2007-11-29","2008-12-26 22:19:57","2008-12-26 22:19:57",
58,79,"19000036",1,"19000036-001",INV/19000036-001,"2007-11-29","0","",SL,"2007-11-29","0","",1,"",0,Rupiah,"2007-11-29","2008-12-26 22:19:57","2008-12-26 22:19:57",
59,80,"19000037",1,"19000037-001",INV/19000037-001,"2007-11-29","0","",SL,"2007-11-29","0","",1,"",0,Rupiah,"2007-11-29","2008-12-26 22:19:57","2008-12-26 22:19:57",
60,81,"19000038",1,"19000038-001",INV/19000038-001,"2007-11-29","0","",SL,"2007-11-29","0","",1,"",0,Rupiah,"2007-11-29","2008-12-26 22:19:57","2008-12-26 22:19:57",
61,82,"19000039",1,"19000039-001",INV/19000039-001,"2007-11-29",,"",SL,"2007-11-29","0","",1,"",0,Rupiah,"2007-11-29","2008-12-26 22:19:57","2026-07-16 13:11:41",
62,83,"19000043",1,"19000043-001",INV/19000043-001,"2007-11-29",,"",SL,"2007-11-29","0","",1,"",0,Rupiah,"2007-11-29","2008-12-26 22:19:57","2026-07-16 13:40:31",
63,84,"23000022",1,"23000022-001",INV/23000022-001,"2007-11-29","0","",SL,"2007-11-29","0","",1,"",0,Rupiah,"2007-11-29","2008-12-26 22:19:57","2008-12-26 22:19:57",
64,85,"20000012",1,"20000012-001",INV/20000012-001,"2007-11-29","0","",SL,"2007-11-29","0","",1,"",0,Rupiah,"2007-11-29","2008-12-26 22:19:57","2008-12-26 22:19:57",
65,86,"24000252",1,"24000252-001",INV/24000252-001,"2007-11-29","0","",SL,"2007-11-29","0","",1,"",0,Rupiah,"2007-11-29","2008-12-26 22:19:57","2008-12-26 22:19:57",
66,87,"24000253",1,"24000253-001",INV/24000253-001,"2007-11-29","0","",SL,"2007-11-29","0","",1,"",0,Rupiah,"2007-11-29","2008-12-26 22:19:57","2008-12-26 22:19:57",
67,88,"24000255",1,"24000255-001",INV/24000255-001,"2007-11-29","0","",SL,"2007-11-29","0","",1,"",0,Rupiah,"2007-11-29","2008-12-26 22:19:57","2008-12-26 22:19:57",
68,89,"24000260",1,"24000260-001",INV/24000260-001,"2007-11-29","0","",SL,"2007-11-29","0","",1,"",0,Rupiah,"2007-11-29","2008-12-26 22:19:57","2008-12-26 22:19:57",
69,90,"24000263",1,"24000263-001",INV/24000263-001,"2007-11-29","0","",SL,"2007-11-29","0","",1,"",0,Rupiah,"2007-11-29","2008-12-26 22:19:57","2008-12-26 22:19:57",
70,91,"24000264",1,"24000264-001",INV/24000264-001,"2007-11-29","0","",SL,"2007-11-29","0","",1,"",0,Rupiah,"2007-11-29","2008-12-26 22:19:57","2008-12-26 22:19:57",
71,92,"24000265",1,"24000265-001",INV/24000265-001,"2007-11-29","0","",SL,"2007-11-29","0","",1,"",0,Rupiah,"2007-11-29","2008-12-26 22:19:57","2008-12-26 22:19:57",
72,93,"12000080",1,"12000080-001",INV/12000080-001,"2007-11-29","0","",SL,"2007-11-29","0","",1,"",0,Rupiah,"2007-11-29","2008-12-26 22:19:57","2008-12-26 22:19:57",
73,94,"24000505",1,"24000505-001",INV/24000505-001,"2007-11-29","0","",SL,"2007-11-29","0","",1,"",0,Rupiah,"2007-11-29","2008-12-26 22:19:57","2008-12-26 22:19:57",
74,95,"24000506",1,"24000506-001",INV/24000506-001,"2007-11-29","0","",SL,"2007-11-29","0","",1,"",0,Rupiah,"2007-11-29","2008-12-26 22:19:57","2008-12-26 22:19:57",
75,96,"24000507",1,"24000507-001",INV/24000507-001,"2007-11-29","0","",SL,"2007-11-29","0","",1,"",0,Rupiah,"2007-11-29","2008-12-26 22:19:57","2008-12-26 22:19:57",
76,97,"24000508",1,"24000508-001",INV/24000508-001,"2007-11-29","0","",SL,"2007-11-29","0","",1,"",0,Rupiah,"2007-11-29","2008-12-26 22:19:57","2008-12-26 22:19:57",
77,98,"24000509",1,"24000509-001",INV/24000509-001,"2007-11-29","0","",SL,"2007-11-29","0","",1,"",0,Rupiah,"2007-11-29","2008-12-26 22:19:57","2008-12-26 22:19:57",
78,99,"16000038",1,"16000038-001",INV/16000038-001,"2007-11-29","0","",SL,"2007-11-29","0","",1,"",0,Rupiah,"2007-11-29","2008-12-26 22:19:57","2008-12-26 22:19:57",
79,100,"16000039",1,"16000039-001",INV/16000039-001,"2007-11-29","0","",SL,"2007-11-29","0","",1,"",0,Rupiah,"2007-11-29","2008-12-26 22:19:57","2008-12-26 22:19:57",
80,101,"18000277",1,"18000277-001",INV/18000277-001,"2007-11-29","0","",SL,"2007-11-29","0","",1,"",0,Rupiah,"2007-11-29","2008-12-26 22:19:57","2008-12-26 22:19:57",
81,102,"18000278",1,"18000278-001",INV/18000278-001,"2007-11-29","0","",SL,"2007-11-29","0","",1,"",0,Rupiah,"2007-11-29","2008-12-26 22:19:57","2008-12-26 22:19:57",
82,103,"24000367",1,"24000367-002",INV/24000367-002,"2007-11-29","0","",SL,"2007-11-29","0","",1,"",0,Rupiah,"2007-11-29","2008-12-26 22:19:57","2008-12-26 22:19:57",
83,104,"16000051",1,"16000051-001",INV/16000051-001,"2007-11-29","0","",SL,"2007-11-29","0","",1,"",0,Rupiah,"2007-11-29","2008-12-26 22:19:57","2008-12-26 22:19:57",
84,105,"13000080",1,"13000080-001",INV/13000080-001,"2007-11-29","0","",SL,"2007-11-29","0","",1,"",0,Rupiah,"2007-11-29","2008-12-26 22:19:57","2008-12-26 22:19:57",
85,106,"24000687",1,"24000687-001",INV/24000687-001,"2007-11-29","0","",SL,"2007-11-29","0","",1,"",0,Rupiah,"2007-11-29","2008-12-26 22:19:57","2008-12-26 22:19:57",
86,107,"10000006",1,"10000006-001",INV/10000006-001,"2007-11-29","0","",SL,"2007-11-29","0","",1,"",0,Rupiah,"2007-11-29","2008-12-26 22:19:57","2008-12-26 22:19:57",
87,108,"10000007",1,"10000007-001",INV/10000007-001,"2007-11-29","0","",SL,"2007-11-29","0","",1,"",0,Rupiah,"2007-11-29","2008-12-26 22:19:57","2008-12-26 22:19:57",
88,109,"10000008",1,"10000008-001",INV/10000008-001,"2007-11-29","0","",SL,"2007-11-29","0","",1,"",0,Rupiah,"2007-11-29","2008-12-26 22:19:57","2008-12-26 22:19:57",
89,110,"10000009",1,"10000009-001",INV/10000009-001,"2007-11-29","0","",SL,"2007-11-29","0","",1,"",0,Rupiah,"2007-11-29","2008-12-26 22:19:57","2008-12-26 22:19:57",
90,111,"10000010",1,"10000010-001",INV/10000010-001,"2007-11-29","0","",SL,"2007-11-29","0","",1,"",0,Rupiah,"2007-11-29","2008-12-26 22:19:57","2008-12-26 22:19:57",
91,112,"10000011",1,"10000011-001",INV/10000011-001,"2007-11-29","0","",SL,"2007-11-29","0","",1,"",0,Rupiah,"2007-11-29","2008-12-26 22:19:57","2008-12-26 22:19:57",
92,113,"10000013",1,"10000013-001",INV/10000013-001,"2007-11-29","0","",SL,"2007-11-29","0","",1,"",0,Rupiah,"2007-11-29","2008-12-26 22:19:57","2008-12-26 22:19:57",
93,114,"10000014",1,"10000014-001",INV/10000014-001,"2007-11-29","0","",SL,"2007-11-29","0","",1,"",0,Rupiah,"2007-11-29","2008-12-26 22:19:57","2008-12-26 22:19:57",
94,115,"10000015",1,"10000015-001",INV/10000015-001,"2007-11-29","0","",SL,"2007-11-29","0","",1,"",0,Rupiah,"2007-11-29","2008-12-26 22:19:57","2008-12-26 22:19:57",
95,116,"10000016",1,"10000016-001",INV/10000016-001,"2007-11-29","0","",SL,"2007-11-29","0","",1,"",0,Rupiah,"2007-11-29","2008-12-26 22:19:57","2008-12-26 22:19:57",
96,117,"10000017",1,"10000017-001",INV/10000017-001,"2007-11-29","0","",SL,"2007-11-29","0","",1,"",0,Rupiah,"2007-11-29","2008-12-26 22:19:57","2008-12-26 22:19:57",
97,118,"10000018",1,"10000018-001",INV/10000018-001,"2007-11-29","0","",SL,"2007-11-29","0","",1,"",0,Rupiah,"2007-11-29","2008-12-26 22:19:57","2008-12-26 22:19:57",
98,119,"10000019",1,"10000019-001",INV/10000019-001,"2007-11-29","0","",SL,"2007-11-29","0","",1,"",0,Rupiah,"2007-11-29","2008-12-26 22:19:57","2008-12-26 22:19:57",
99,120,"10000020",1,"10000020-001",INV/10000020-001,"2007-11-29","0","",SL,"2007-11-29","0","",1,"",0,Rupiah,"2007-11-29","2008-12-26 22:19:57","2008-12-26 22:19:57",
100,121,"10000021",1,"10000021-001",INV/10000021-001,"2007-11-29","0","",SL,"2007-11-29","0","",1,"",0,Rupiah,"2007-11-29","2008-12-26 22:19:57","2008-12-26 22:19:57",
101,122,"10000022",1,"10000022-001",INV/10000022-001,"2007-11-29","0","",SL,"2007-11-29","0","",1,"",0,Rupiah,"2007-11-29","2008-12-26 22:19:57","2008-12-26 22:19:57",
102,123,"10000023",1,"10000023-001",INV/10000023-001,"2007-11-29","0","",SL,"2007-11-29","0","",1,"",0,Rupiah,"2007-11-29","2008-12-26 22:19:57","2008-12-26 22:19:57",
103,124,"10000024",1,"10000024-001",INV/10000024-001,"2007-11-29","0","",SL,"2007-11-29","0","",1,"",0,Rupiah,"2007-11-29","2008-12-26 22:19:57","2008-12-26 22:19:57",
104,125,"10000025",1,"10000025-001",INV/10000025-001,"2007-11-29","0","",SL,"2007-11-29","0","",1,"",0,Rupiah,"2007-11-29","2008-12-26 22:19:57","2008-12-26 22:19:57",
105,126,"10000026",1,"10000026-001",INV/10000026-001,"2007-11-29","0","",SL,"2007-11-29","0","",1,"",0,Rupiah,"2007-11-29","2008-12-26 22:19:57","2008-12-26 22:19:57",
106,127,"10000027",1,"10000027-001",INV/10000027-001,"2007-11-29","0","",SL,"2007-11-29","0","",1,"",0,Rupiah,"2007-11-29","2008-12-26 22:19:57","2008-12-26 22:19:57",
107,128,"10000028",1,"10000028-001",INV/10000028-001,"2007-11-29","0","",SL,"2007-11-29","0","",1,"",0,Rupiah,"2007-11-29","2008-12-26 22:19:57","2008-12-26 22:19:57",
108,129,"10000029",1,"10000029-001",INV/10000029-001,"2007-11-29","0","",SL,"2007-11-29","0","",1,"",0,Rupiah,"2007-11-29","2008-12-26 22:19:57","2008-12-26 22:19:57",
109,130,"24000268",1,"24000268-001",INV/24000268-001,"2007-11-29","0","",SL,"2007-11-29","0","",1,"",0,Rupiah,"2007-11-29","2008-12-26 22:19:57","2008-12-26 22:19:57",
110,131,"24000269",1,"24000269-001",INV/24000269-001,"2007-11-29","0","",SL,"2007-11-29","0","",1,"",0,Rupiah,"2007-11-29","2008-12-26 22:19:57","2008-12-26 22:19:57",
111,132,"24000271",1,"24000271-001",INV/24000271-001,"2007-11-29","0","",SL,"2007-11-29","0","",1,"",0,Rupiah,"2007-11-29","2008-12-26 22:19:57","2008-12-26 22:19:57",
112,133,"24000272",1,"24000272-001",INV/24000272-001,"2007-11-29","0","",SL,"2007-11-29","0","",1,"",0,Rupiah,"2007-11-29","2008-12-26 22:19:57","2008-12-26 22:19:57",
113,134,"24000273",1,"24000273-001",INV/24000273-001,"2007-11-29","0","",SL,"2007-11-29","0","",1,"",0,Rupiah,"2007-11-29","2008-12-26 22:19:57","2008-12-26 22:19:57",
114,135,"24000274",1,"24000274-001",INV/24000274-001,"2007-11-29","0","",SL,"2007-11-29","0","",1,"",0,Rupiah,"2007-11-29","2008-12-26 22:19:57","2008-12-26 22:19:57",
115,136,"24000275",1,"24000275-001",INV/24000275-001,"2007-11-29","0","",SL,"2007-11-29","0","",1,"",0,Rupiah,"2007-11-29","2008-12-26 22:19:57","2008-12-26 22:19:57",
116,137,"24000276",1,"24000276-001",INV/24000276-001,"2007-11-29","0","",SL,"2007-11-29","0","",1,"",0,Rupiah,"2007-11-29","2008-12-26 22:19:57","2008-12-26 22:19:57",
117,138,"24000277",1,"24000277-001",INV/24000277-001,"2007-11-29","0","",SL,"2007-11-29","0","",1,"",0,Rupiah,"2007-11-29","2008-12-26 22:19:57","2008-12-26 22:19:57",
118,139,"24000278",1,"24000278-001",INV/24000278-001,"2007-11-29","0","",SL,"2007-11-29","0","",1,"",0,Rupiah,"2007-11-29","2008-12-26 22:19:57","2008-12-26 22:19:57",
119,140,"24000279",1,"24000279-001",INV/24000279-001,"2007-11-29","0","",SL,"2007-11-29","0","",1,"",0,Rupiah,"2007-11-29","2008-12-26 22:19:57","2008-12-26 22:19:57",
120,141,"24000280",1,"24000280-001",INV/24000280-001,"2007-11-29","0","",SL,"2007-11-29","0","",1,"",0,Rupiah,"2007-11-29","2008-12-26 22:19:57","2008-12-26 22:19:57",
121,142,"24000281",1,"24000281-001",INV/24000281-001,"2007-11-29","0","",SL,"2007-11-29","0","",1,"",0,Rupiah,"2007-11-29","2008-12-26 22:19:57","2008-12-26 22:19:57",
122,143,"24000283",1,"24000283-001",INV/24000283-001,"2007-11-29","0","",SL,"2007-11-29","0","",1,"",0,Rupiah,"2007-11-29","2008-12-26 22:19:57","2008-12-26 22:19:57",
123,144,"24000284",1,"24000284-001",INV/24000284-001,"2007-11-29","0","",SL,"2007-11-29","0","",1,"",0,Rupiah,"2007-11-29","2008-12-26 22:19:57","2008-12-26 22:19:57",
124,145,"24000285",1,"24000285-001",INV/24000285-001,"2007-11-29","0","",SL,"2007-11-29","0","",1,"",0,Rupiah,"2007-11-29","2008-12-26 22:19:57","2008-12-26 22:19:57",
125,146,"24000286",1,"24000286-001",INV/24000286-001,"2007-11-29","0","",SL,"2007-11-29","0","",1,"",0,Rupiah,"2007-11-29","2008-12-26 22:19:57","2008-12-26 22:19:57",
126,147,"24000287",1,"24000287-001",INV/24000287-001,"2007-11-29","0","",SL,"2007-11-29","0","",1,"",0,Rupiah,"2007-11-29","2008-12-26 22:19:57","2008-12-26 22:19:57",
127,148,"17000042",1,"17000042-001",INV/17000042-001,"2007-11-29",,"",SL,"2007-11-29","0","",1,"",0,Rupiah,"2007-11-29","2008-12-26 22:19:57","2026-07-23 13:18:13",
128,149,"17000036",1,"17000036-001",INV/17000036-001,"2007-11-29","0","",SL,"2007-11-29","0","",1,"",0,Rupiah,"2007-11-29","2008-12-26 22:19:57","2008-12-26 22:19:57",
129,150,"17000037",1,"17000037-001",INV/17000037-001,"2007-11-29","0","",SL,"2007-11-29","0","",1,"",0,Rupiah,"2007-11-29","2008-12-26 22:19:57","2008-12-26 22:19:57",
130,151,"17000039",1,"17000039-001",INV/17000039-001,"2007-11-29","0","",SL,"2007-11-29","0","",1,"",0,Rupiah,"2007-11-29","2008-12-26 22:19:57","2008-12-26 22:19:57",
131,152,"12000081",1,"12000081-001",INV/12000081-001,"2007-11-29","0","",SL,"2007-11-29","0","",1,"",0,Rupiah,"2007-11-29","2008-12-26 22:19:57","2008-12-26 22:19:57",
132,153,"12000082",1,"12000082-001",INV/12000082-001,"2007-11-29","0","",SL,"2007-11-29","0","",1,"",0,Rupiah,"2007-11-29","2008-12-26 22:19:57","2008-12-26 22:19:57",
133,154,"12000085",1,"12000085-001",INV/12000085-001,"2007-11-29","0","",SL,"2007-11-29","0","",1,"",0,Rupiah,"2007-11-29","2008-12-26 22:19:57","2008-12-26 22:19:57",
134,155,"12000086",1,"12000086-001",INV/12000086-001,"2007-11-29","0","",SL,"2007-11-29","0","",1,"",0,Rupiah,"2007-11-29","2008-12-26 22:19:57","2008-12-26 22:19:57",
135,156,"12000092",1,"12000092-002",INV/12000092-002,"2007-11-29","0","",SL,"2007-11-29","0","",1,"",0,Rupiah,"2007-11-29","2008-12-26 22:19:57","2008-12-26 22:19:57",
136,157,"12000088",1,"12000088-001",INV/12000088-001,"2007-11-29","0","",SL,"2007-11-29","0","",1,"",0,Rupiah,"2007-11-29","2008-12-26 22:19:57","2008-12-26 22:19:57",
137,158,"12000090",1,"12000090-001",INV/12000090-001,"2007-11-29","0","",SL,"2007-11-29","0","",1,"",0,Rupiah,"2007-11-29","2008-12-26 22:19:57","2008-12-26 22:19:57",
138,159,"12000091",1,"12000091-001",INV/12000091-001,"2007-11-29","0","",SL,"2007-11-29","0","",1,"",0,Rupiah,"2007-11-29","2008-12-26 22:19:57","2008-12-26 22:19:57",
139,156,"12000092",1,"12000092-001",INV/12000092-001,"2007-11-29","0","",SL,"2007-11-29","0","",1,"",0,Rupiah,"2007-11-29","2008-12-26 22:19:57","2008-12-26 22:19:57",
140,160,"12000093",1,"12000093-001",INV/12000093-001,"2007-11-29","0","",SL,"2007-11-29","0","",1,"",0,Rupiah,"2007-11-29","2008-12-26 22:19:57","2008-12-26 22:19:57",
141,161,"12000094",1,"12000094-001",INV/12000094-001,"2007-11-29","0","",SL,"2007-11-29","0","",1,"",0,Rupiah,"2007-11-29","2008-12-26 22:19:57","2008-12-26 22:19:57",
142,162,"12000095",1,"12000095-001",INV/12000095-001,"2007-11-29","0","",SL,"2007-11-29","0","",1,"",0,Rupiah,"2007-11-29","2008-12-26 22:19:57","2008-12-26 22:19:57",
143,163,"12000096",1,"12000096-001",INV/12000096-001,"2007-11-29","0","",SL,"2007-11-29","0","",1,"",0,Rupiah,"2007-11-29","2008-12-26 22:19:57","2008-12-26 22:19:57",
144,164,"12000097",1,"12000097-001",INV/12000097-001,"2007-11-29","0","",SL,"2007-11-29","0","",1,"",0,Rupiah,"2007-11-29","2008-12-26 22:19:57","2008-12-26 22:19:57",
145,165,"12000098",1,"12000098-001",INV/12000098-001,"2007-11-29","0","",SL,"2007-11-29","0","",1,"",0,Rupiah,"2007-11-29","2008-12-26 22:19:57","2008-12-26 22:19:57",
146,166,"12000099",1,"12000099-001",INV/12000099-001,"2007-11-29","0","",SL,"2007-11-29","0","",1,"",0,Rupiah,"2007-11-29","2008-12-26 22:19:57","2008-12-26 22:19:57",
147,167,"13000033",1,"13000033-001",INV/13000033-001,"2007-11-29",,"",SL,"2007-11-29","0","",1,"",0,Rupiah,"2007-11-29","2008-12-26 22:19:57","2026-07-25 16:07:13",
148,168,"20000014",1,"20000014-001",INV/20000014-001,"2007-11-29","0","",SL,"2007-11-29","0","",1,"",0,Rupiah,"2007-11-29","2008-12-26 22:19:57","2008-12-26 22:19:57",
149,169,"22000070",1,"22000070-001",INV/22000070-001,"2007-11-29","0","",SL,"2007-11-29","0","",1,"",0,Rupiah,"2007-11-29","2008-12-26 22:19:57","2008-12-26 22:19:57",
150,170,"16000026",1,"16000026-001",INV/16000026-001,"2007-11-29","0","",SL,"2007-11-29","0","",1,"",0,Rupiah,"2007-11-29","2008-12-26 22:19:57","2008-12-26 22:19:57",
151,171,"14000030",1,"14000030-001",INV/14000030-001,"2007-11-29","0","",SL,"2007-11-29","0","",1,"",0,Rupiah,"2007-11-29","2008-12-26 22:19:57","2008-12-26 22:19:57",
152,172,"25000021",1,"25000021-001",INV/25000021-001,"2007-11-29","0","",SL,"2007-11-29","0","",1,"",0,Rupiah,"2007-11-29","2008-12-26 22:19:57","2008-12-26 22:19:57",
153,173,"25000022",1,"25000022-001",INV/25000022-001,"2007-11-29","0","",SL,"2007-11-29","0","",1,"",0,Rupiah,"2007-11-29","2008-12-26 22:19:57","2008-12-26 22:19:57",
154,174,"25000023",1,"25000023-001",INV/25000023-001,"2007-11-29","0","",SL,"2007-11-29","0","",1,"",0,Rupiah,"2007-11-29","2008-12-26 22:19:57","2008-12-26 22:19:57",
155,175,"25000024",1,"25000024-001",INV/25000024-001,"2007-11-29","0","",SL,"2007-11-29","0","",1,"",0,Rupiah,"2007-11-29","2008-12-26 22:19:57","2008-12-26 22:19:57",
156,176,"11000075",1,"11000075-001",INV/11000075-001,"2007-11-29","0","",SL,"2007-11-29","0","",1,"",0,Rupiah,"2007-11-29","2008-12-26 22:19:57","2008-12-26 22:19:57",
5020,4688,"13000169",1,"13000169-001",INV/13000169-001,"2026-08-02","0","",SL,"2026-08-02","0","",1,"",0,,"2026-08-02","2026-08-02 10:00:22","2026-08-02 10:00:22",1
158,178,"18000172",1,"18000172-001",INV/18000172-001,"2007-11-29","0","",SL,"2007-11-29","0","",1,"",0,Rupiah,"2007-11-29","2008-12-26 22:19:57","2008-12-26 22:19:57",
159,179,"18000173",1,"18000173-001",INV/18000173-001,"2007-11-29","0","",SL,"2007-11-29","0","",1,"",0,Rupiah,"2007-11-29","2008-12-26 22:19:57","2008-12-26 22:19:57",
160,180,"18000174",1,"18000174-001",INV/18000174-001,"2007-11-29","0","",SL,"2007-11-29","0","",1,"",0,Rupiah,"2007-11-29","2008-12-26 22:19:57","2008-12-26 22:19:57",
161,181,"18000175",1,"18000175-001",INV/18000175-001,"2007-11-29","0","",SL,"2007-11-29","0","",1,"",0,Rupiah,"2007-11-29","2008-12-26 22:19:57","2008-12-26 22:19:57",
162,182,"18000176",1,"18000176-001",INV/18000176-001,"2007-11-29","0","",SL,"2007-11-29","0","",1,"",0,Rupiah,"2007-11-29","2008-12-26 22:19:57","2008-12-26 22:19:57",
163,183,"18000177",1,"18000177-001",INV/18000177-001,"2007-11-29","0","",SL,"2007-11-29","0","",1,"",0,Rupiah,"2007-11-29","2008-12-26 22:19:57","2008-12-26 22:19:57",
164,184,"18000178",1,"18000178-001",INV/18000178-001,"2007-11-29","0","",SL,"2007-11-29","0","",1,"",0,Rupiah,"2007-11-29","2008-12-26 22:19:57","2008-12-26 22:19:57",
165,185,"18000179",1,"18000179-001",INV/18000179-001,"2007-11-29","0","",SL,"2007-11-29","0","",1,"",0,Rupiah,"2007-11-29","2008-12-26 22:19:57","2008-12-26 22:19:57",
166,186,"18000180",1,"18000180-001",INV/18000180-001,"2007-11-29","0","",SL,"2007-11-29","0","",1,"",0,Rupiah,"2007-11-29","2008-12-26 22:19:57","2008-12-26 22:19:57",
167,187,"18000181",1,"18000181-001",INV/18000181-001,"2007-11-29","0","",SL,"2007-11-29","0","",1,"",0,Rupiah,"2007-11-29","2008-12-26 22:19:57","2008-12-26 22:19:57",
168,188,"18000182",1,"18000182-001",INV/18000182-001,"2007-11-29","0","",SL,"2007-11-29","0","",1,"",0,Rupiah,"2007-11-29","2008-12-26 22:19:57","2008-12-26 22:19:57",
169,189,"18000183",1,"18000183-001",INV/18000183-001,"2007-11-29","0","",SL,"2007-11-29","0","",1,"",0,Rupiah,"2007-11-29","2008-12-26 22:19:57","2008-12-26 22:19:57",
170,190,"18000184",1,"18000184-001",INV/18000184-001,"2007-11-29","0","",SL,"2007-11-29","0","",1,"",0,Rupiah,"2007-11-29","2008-12-26 22:19:57","2008-12-26 22:19:57",
171,191,"21000019",1,"21000019-001",INV/21000019-001,"2007-11-29","0","",SL,"2007-11-29","0","",1,"",0,Rupiah,"2007-11-29","2008-12-26 22:19:57","2008-12-26 22:19:57",
172,192,"21000020",1,"21000020-001",INV/21000020-001,"2007-11-29","0","",SL,"2007-11-29","0","",1,"",0,Rupiah,"2007-11-29","2008-12-26 22:19:57","2008-12-26 22:19:57",
173,193,"21000021",1,"21000021-001",INV/21000021-001,"2007-11-29","0","",SL,"2007-11-29","0","",1,"",0,Rupiah,"2007-11-29","2008-12-26 22:19:57","2008-12-26 22:19:57",
174,194,"10000030",1,"10000030-001",INV/10000030-001,"2007-11-29","0","",SL,"2007-11-29","0","",1,"",0,Rupiah,"2007-11-29","2008-12-26 22:19:57","2008-12-26 22:19:57",
175,195,"10000031",1,"10000031-001",INV/10000031-001,"2007-11-29","0","",SL,"2007-11-29","0","",1,"",0,Rupiah,"2007-11-29","2008-12-26 22:19:57","2008-12-26 22:19:57",
176,196,"10000036",1,"10000036-001",INV/10000036-001,"2007-11-29","0","",SL,"2007-11-29","0","",1,"",0,Rupiah,"2007-11-29","2008-12-26 22:19:57","2008-12-26 22:19:57",
177,197,"10000037",1,"10000037-001",INV/10000037-001,"2007-11-29","0","",SL,"2007-11-29","0","",1,"",0,Rupiah,"2007-11-29","2008-12-26 22:19:57","2008-12-26 22:19:57",
178,198,"10000038",1,"10000038-001",INV/10000038-001,"2007-11-29","0","",SL,"2007-11-29","0","",1,"",0,Rupiah,"2007-11-29","2008-12-26 22:19:57","2008-12-26 22:19:57",
179,199,"10000039",1,"10000039-001",INV/10000039-001,"2007-11-29","0","",SL,"2007-11-29","0","",1,"",0,Rupiah,"2007-11-29","2008-12-26 22:19:57","2008-12-26 22:19:57",
180,200,"10000040",1,"10000040-001",INV/10000040-001,"2007-11-29","0","",SL,"2007-11-29","0","",1,"",0,Rupiah,"2007-11-29","2008-12-26 22:19:57","2008-12-26 22:19:57",
181,201,"10000041",1,"10000041-001",INV/10000041-001,"2007-11-29","0","",SL,"2007-11-29","0","",1,"",0,Rupiah,"2007-11-29","2008-12-26 22:19:57","2008-12-26 22:19:57",
182,202,"10000043",1,"10000043-001",INV/10000043-001,"2007-11-29","0","",SL,"2007-11-29","0","",1,"",0,Rupiah,"2007-11-29","2008-12-26 22:19:57","2008-12-26 22:19:57",
183,203,"10000045",1,"10000045-001",INV/10000045-001,"2007-11-29","0","",SL,"2007-11-29","0","",1,"",0,Rupiah,"2007-11-29","2008-12-26 22:19:57","2008-12-26 22:19:57",
184,204,"10000046",1,"10000046-001",INV/10000046-001,"2007-11-29","0","",SL,"2007-11-29","0","",1,"",0,Rupiah,"2007-11-29","2008-12-26 22:19:57","2008-12-26 22:19:57",
185,205,"10000047",1,"10000047-001",INV/10000047-001,"2007-11-29","0","",SL,"2007-11-29","0","",1,"",0,Rupiah,"2007-11-29","2008-12-26 22:19:57","2008-12-26 22:19:57",
186,206,"10000048",1,"10000048-001",INV/10000048-001,"2007-11-29","0","",SL,"2007-11-29","0","",1,"",0,Rupiah,"2007-11-29","2008-12-26 22:19:57","2008-12-26 22:19:57",
187,207,"10000049",1,"10000049-001",INV/10000049-001,"2007-11-29","0","",SL,"2007-11-29","0","",1,"",0,Rupiah,"2007-11-29","2008-12-26 22:19:57","2008-12-26 22:19:57",
188,208,"10000050",1,"10000050-001",INV/10000050-001,"2007-11-29","0","",SL,"2007-11-29","0","",1,"",0,Rupiah,"2007-11-29","2008-12-26 22:19:57","2008-12-26 22:19:57",
189,209,"10000051",1,"10000051-001",INV/10000051-001,"2007-11-29","0","",SL,"2007-11-29","0","",1,"",0,Rupiah,"2007-11-29","2008-12-26 22:19:57","2008-12-26 22:19:57",
190,210,"11000144",1,"11000144-001",INV/11000144-001,"2007-11-29","0","",SL,"2007-11-29","0","",1,"",0,Rupiah,"2007-11-29","2008-12-26 22:19:57","2008-12-26 22:19:57",
191,211,"11000002",1,"11000002-001",INV/11000002-001,"2007-11-29","0","",SL,"2007-11-29","0","",1,"",0,Rupiah,"2007-11-29","2008-12-26 22:19:57","2008-12-26 22:19:57",
192,212,"11000003",1,"11000003-001",INV/11000003-001,"2007-11-29","0","",SL,"2007-11-29","0","",1,"",0,Rupiah,"2007-11-29","2008-12-26 22:19:57","2008-12-26 22:19:57",
193,213,"11000004",1,"11000004-001",INV/11000004-001,"2007-11-29","0","",SL,"2007-11-29","0","",1,"",0,Rupiah,"2007-11-29","2008-12-26 22:19:57","2008-12-26 22:19:57",
194,214,"11000005",1,"11000005-001",INV/11000005-001,"2007-11-29","0","",SL,"2007-11-29","0","",1,"",0,Rupiah,"2007-11-29","2008-12-26 22:19:57","2008-12-26 22:19:57",
195,215,"11000006",1,"11000006-001",INV/11000006-001,"2007-11-29","0","",SL,"2007-11-29","0","",1,"",0,Rupiah,"2007-11-29","2008-12-26 22:19:57","2008-12-26 22:19:57",
196,216,"10000053",1,"10000053-002",INV/10000053-002,"2007-11-29","0","",SL,"2007-11-29","0","",1,"",0,Rupiah,"2007-11-29","2008-12-26 22:19:57","2008-12-26 22:19:57",
197,217,"11000007",1,"11000007-001",INV/11000007-001,"2007-11-29","0","",SL,"2007-11-29","0","",1,"",0,Rupiah,"2007-11-29","2008-12-26 22:19:57","2008-12-26 22:19:57",
198,218,"11000008",1,"11000008-001",INV/11000008-001,"2007-11-29","0","",SL,"2007-11-29","0","",1,"",0,Rupiah,"2007-11-29","2008-12-26 22:19:57","2008-12-26 22:19:57",
199,219,"11000009",1,"11000009-001",INV/11000009-001,"2007-11-29","0","",SL,"2007-11-29","0","",1,"",0,Rupiah,"2007-11-29","2008-12-26 22:19:57","2008-12-26 22:19:57",
200,220,"11000010",1,"11000010-001",INV/11000010-001,"2007-11-29","0","",SL,"2007-11-29","0","",1,"",0,Rupiah,"2007-11-29","2008-12-26 22:19:57","2008-12-26 22:19:57",
201,221,"11000013",1,"11000013-001",INV/11000013-001,"2007-11-29","0","",SL,"2007-11-29","0","",1,"",0,Rupiah,"2007-11-29","2008-12-26 22:19:57","2008-12-26 22:19:57",
202,222,"11000014",1,"11000014-001",INV/11000014-001,"2007-11-29","0","",SL,"2007-11-29","0","",1,"",0,Rupiah,"2007-11-29","2008-12-26 22:19:57","2008-12-26 22:19:57",
203,223,"11000015",1,"11000015-001",INV/11000015-001,"2007-11-29","0","",SL,"2007-11-29","0","",1,"",0,Rupiah,"2007-11-29","2008-12-26 22:19:57","2008-12-26 22:19:57",
204,224,"11000016",1,"11000016-001",INV/11000016-001,"2007-11-29","0","",SL,"2007-11-29","0","",1,"",0,Rupiah,"2007-11-29","2008-12-26 22:19:57","2008-12-26 22:19:57",
205,225,"11000017",1,"11000017-001",INV/11000017-001,"2007-11-29","0","",SL,"2007-11-29","0","",1,"",0,Rupiah,"2007-11-29","2008-12-26 22:19:57","2008-12-26 22:19:57",
206,226,"11000018",1,"11000018-001",INV/11000018-001,"2007-11-29","0","",SL,"2007-11-29","0","",1,"",0,Rupiah,"2007-11-29","2008-12-26 22:19:57","2008-12-26 22:19:57",
207,227,"11000019",1,"11000019-001",INV/11000019-001,"2007-11-29","0","",SL,"2007-11-29","0","",1,"",0,Rupiah,"2007-11-29","2008-12-26 22:19:57","2008-12-26 22:19:57",
208,228,"11000020",1,"11000020-001",INV/11000020-001,"2007-11-29","0","",SL,"2007-11-29","0","",1,"",0,Rupiah,"2007-11-29","2008-12-26 22:19:57","2008-12-26 22:19:57",
209,229,"27000081",1,"27000081-001",INV/27000081-001,"2007-11-29","0","",SL,"2007-11-29","0","",1,"",0,Rupiah,"2007-11-29","2008-12-26 22:19:57","2008-12-26 22:19:57",
210,230,"27000082",1,"27000082-001",INV/27000082-001,"2007-11-29","0","",SL,"2007-11-29","0","",1,"",0,Rupiah,"2007-11-29","2008-12-26 22:19:57","2008-12-26 22:19:57",
211,231,"11000023",1,"11000023-001",INV/11000023-001,"2007-11-29","0","",SL,"2007-11-29","0","",1,"",0,Rupiah,"2007-11-29","2008-12-26 22:19:57","2008-12-26 22:19:57",
212,232,"11000024",1,"11000024-001",INV/11000024-001,"2007-11-29","0","",SL,"2007-11-29","0","",1,"",0,Rupiah,"2007-11-29","2008-12-26 22:19:57","2008-12-26 22:19:57",
213,233,"11000025",1,"11000025-001",INV/11000025-001,"2007-11-29","0","",SL,"2007-11-29","0","",1,"",0,Rupiah,"2007-11-29","2008-12-26 22:19:57","2008-12-26 22:19:57",
214,234,"11000026",1,"11000026-001",INV/11000026-001,"2007-11-29","0","",SL,"2007-11-29","0","",1,"",0,Rupiah,"2007-11-29","2008-12-26 22:19:57","2008-12-26 22:19:57",
215,235,"11000028",1,"11000028-001",INV/11000028-001,"2007-11-29","0","",SL,"2007-11-29","0","",1,"",0,Rupiah,"2007-11-29","2008-12-26 22:19:57","2008-12-26 22:19:57",
216,236,"11000029",1,"11000029-001",INV/11000029-001,"2007-11-29","0","",SL,"2007-11-29","0","",1,"",0,Rupiah,"2007-11-29","2008-12-26 22:19:57","2008-12-26 22:19:57",
217,237,"11000030",1,"11000030-001",INV/11000030-001,"2007-11-29","0","",SL,"2007-11-29","0","",1,"",0,Rupiah,"2007-11-29","2008-12-26 22:19:57","2008-12-26 22:19:57",
218,238,"11000031",1,"11000031-001",INV/11000031-001,"2007-11-29","0","",SL,"2007-11-29","0","",1,"",0,Rupiah,"2007-11-29","2008-12-26 22:19:57","2008-12-26 22:19:57",
219,239,"13000055",1,"13000055-001",INV/13000055-001,"2007-11-29","0","",SL,"2007-11-29","0","",1,"",0,Rupiah,"2007-11-29","2008-12-26 22:19:57","2008-12-26 22:19:57",
220,240,"12000159",1,"12000159-002",INV/12000159-002,"2007-11-29","0","",SL,"2007-11-29","0","",1,"",0,Rupiah,"2007-11-29","2008-12-26 22:19:57","2008-12-26 22:19:57",
221,241,"11000032",1,"11000032-001",INV/11000032-001,"2007-11-29","0","",SL,"2007-11-29","0","",1,"",0,Rupiah,"2007-11-29","2008-12-26 22:19:57","2008-12-26 22:19:57",
222,242,"11000039",1,"11000039-001",INV/11000039-001,"2007-11-29","0","",SL,"2007-11-29","0","",1,"",0,Rupiah,"2007-11-29","2008-12-26 22:19:57","2008-12-26 22:19:57",
223,243,"11000040",1,"11000040-001",INV/11000040-001,"2007-11-29","0","",SL,"2007-11-29","0","",1,"",0,Rupiah,"2007-11-29","2008-12-26 22:19:57","2008-12-26 22:19:57",
224,244,"11000041",1,"11000041-001",INV/11000041-001,"2007-11-29","0","",SL,"2007-11-29","0","",1,"",0,Rupiah,"2007-11-29","2008-12-26 22:19:57","2008-12-26 22:19:57",
225,245,"11000042",1,"11000042-001",INV/11000042-001,"2007-11-29","0","",SL,"2007-11-29","0","",1,"",0,Rupiah,"2007-11-29","2008-12-26 22:19:57","2008-12-26 22:19:57",
226,246,"11000043",1,"11000043-001",INV/11000043-001,"2007-11-29","0","",SL,"2007-11-29","0","",1,"",0,Rupiah,"2007-11-29","2008-12-26 22:19:57","2008-12-26 22:19:57",
227,247,"11000044",1,"11000044-001",INV/11000044-001,"2007-11-29","0","",SL,"2007-11-29","0","",1,"",0,Rupiah,"2007-11-29","2008-12-26 22:19:57","2008-12-26 22:19:57",
228,248,"11000047",1,"11000047-001",INV/11000047-001,"2007-11-29","0","",SL,"2007-11-29","0","",1,"",0,Rupiah,"2007-11-29","2008-12-26 22:19:57","2008-12-26 22:19:57",
229,249,"11000048",1,"11000048-001",INV/11000048-001,"2007-11-29","0","",SL,"2007-11-29","0","",1,"",0,Rupiah,"2007-11-29","2008-12-26 22:19:57","2008-12-26 22:19:57",
230,250,"11000049",1,"11000049-001",INV/11000049-001,"2007-11-29","0","",SL,"2007-11-29","0","",1,"",0,Rupiah,"2007-11-29","2008-12-26 22:19:57","2008-12-26 22:19:57",
231,251,"11000050",1,"11000050-001",INV/11000050-001,"2007-11-29","0","",SL,"2007-11-29","0","",1,"",0,Rupiah,"2007-11-29","2008-12-26 22:19:57","2008-12-26 22:19:57",
232,252,"11000051",1,"11000051-001",INV/11000051-001,"2007-11-29","0","",SL,"2007-11-29","0","",1,"",0,Rupiah,"2007-11-29","2008-12-26 22:19:57","2008-12-26 22:19:57",
233,253,"11000052",1,"11000052-001",INV/11000052-001,"2007-11-29","0","",SL,"2007-11-29","0","",1,"",0,Rupiah,"2007-11-29","2008-12-26 22:19:57","2008-12-26 22:19:57",
234,254,"11000053",1,"11000053-001",INV/11000053-001,"2007-11-29","0","",SL,"2007-11-29","0","",1,"",0,Rupiah,"2007-11-29","2008-12-26 22:19:57","2008-12-26 22:19:57",
235,255,"11000056",1,"11000056-001",INV/11000056-001,"2007-11-29","0","",SL,"2007-11-29","0","",1,"",0,Rupiah,"2007-11-29","2008-12-26 22:19:57","2008-12-26 22:19:57",
236,256,"11000057",1,"11000057-001",INV/11000057-001,"2007-11-29","0","",SL,"2007-11-29","0","",1,"",0,Rupiah,"2007-11-29","2008-12-26 22:19:57","2008-12-26 22:19:57",
237,257,"11000058",1,"11000058-001",INV/11000058-001,"2007-11-29","0","",SL,"2007-11-29","0","",1,"",0,Rupiah,"2007-11-29","2008-12-26 22:19:57","2008-12-26 22:19:57",
238,258,"11000059",1,"11000059-001",INV/11000059-001,"2007-11-29","0","",SL,"2007-11-29","0","",1,"",0,Rupiah,"2007-11-29","2008-12-26 22:19:57","2008-12-26 22:19:57",
239,259,"11000060",1,"11000060-001",INV/11000060-001,"2007-11-29","0","",SL,"2007-11-29","0","",1,"",0,Rupiah,"2007-11-29","2008-12-26 22:19:57","2008-12-26 22:19:57",
240,260,"11000061",1,"11000061-001",INV/11000061-001,"2007-11-29","0","",SL,"2007-11-29","0","",1,"",0,Rupiah,"2007-11-29","2008-12-26 22:19:57","2008-12-26 22:19:57",
241,261,"11000062",1,"11000062-001",INV/11000062-001,"2007-11-29","0","",SL,"2007-11-29","0","",1,"",0,Rupiah,"2007-11-29","2008-12-26 22:19:57","2008-12-26 22:19:57",
242,262,"11000063",1,"11000063-001",INV/11000063-001,"2007-11-29","0","",SL,"2007-11-29","0","",1,"",0,Rupiah,"2007-11-29","2008-12-26 22:19:57","2008-12-26 22:19:57",
243,263,"11000064",1,"11000064-001",INV/11000064-001,"2007-11-29","0","",SL,"2007-11-29","0","",1,"",0,Rupiah,"2007-11-29","2008-12-26 22:19:57","2008-12-26 22:19:57",
244,264,"12000002",1,"12000002-001",INV/12000002-001,"2007-11-29","0","",SL,"2007-11-29","0","",1,"",0,Rupiah,"2007-11-29","2008-12-26 22:19:57","2008-12-26 22:19:57",
245,265,"12000003",1,"12000003-001",INV/12000003-001,"2007-11-29","0","",SL,"2007-11-29","0","",1,"",0,Rupiah,"2007-11-29","2008-12-26 22:19:57","2008-12-26 22:19:57",
246,266,"12000004",1,"12000004-001",INV/12000004-001,"2007-11-29","0","",SL,"2007-11-29","0","",1,"",0,Rupiah,"2007-11-29","2008-12-26 22:19:57","2008-12-26 22:19:57",
247,267,"12000005",1,"12000005-001",INV/12000005-001,"2007-11-29","0","",SL,"2007-11-29","0","",1,"",0,Rupiah,"2007-11-29","2008-12-26 22:19:57","2008-12-26 22:19:57",
248,268,"12000006",1,"12000006-001",INV/12000006-001,"2007-11-29","0","",SL,"2007-11-29","0","",1,"",0,Rupiah,"2007-11-29","2008-12-26 22:19:57","2008-12-26 22:19:57",
249,269,"12000007",1,"12000007-001",INV/12000007-001,"2007-11-29","0","",SL,"2007-11-29","0","",1,"",0,Rupiah,"2007-11-29","2008-12-26 22:19:57","2008-12-26 22:19:57",
250,270,"12000008",1,"12000008-001",INV/12000008-001,"2007-11-29","0","",SL,"2007-11-29","0","",1,"",0,Rupiah,"2007-11-29","2008-12-26 22:19:57","2008-12-26 22:19:57",
251,271,"12000009",1,"12000009-001",INV/12000009-001,"2007-11-29","0","",SL,"2007-11-29","0","",1,"",0,Rupiah,"2007-11-29","2008-12-26 22:19:57","2008-12-26 22:19:57",
252,272,"12000010",1,"12000010-001",INV/12000010-001,"2007-11-29","0","",SL,"2007-11-29","0","",1,"",0,Rupiah,"2007-11-29","2008-12-26 22:19:57","2008-12-26 22:19:57",
253,273,"12000011",1,"12000011-001",INV/12000011-001,"2007-11-29","0","",SL,"2007-11-29","0","",1,"",0,Rupiah,"2007-11-29","2008-12-26 22:19:57","2008-12-26 22:19:57",
254,274,"12000012",1,"12000012-001",INV/12000012-001,"2007-11-29","0","",SL,"2007-11-29","0","",1,"",0,Rupiah,"2007-11-29","2008-12-26 22:19:57","2008-12-26 22:19:57",
255,275,"12000014",1,"12000014-001",INV/12000014-001,"2007-11-29","0","",SL,"2007-11-29","0","",1,"",0,Rupiah,"2007-11-29","2008-12-26 22:19:57","2008-12-26 22:19:57",
256,276,"12000015",1,"12000015-003",INV/12000015-003,"2007-11-29","0","",SL,"2007-11-29","0","",1,"",0,Rupiah,"2007-11-29","2008-12-26 22:19:57","2008-12-26 22:19:57",
257,277,"12000017",1,"12000017-001",INV/12000017-001,"2007-11-29","0","",SL,"2007-11-29","0","",1,"",0,Rupiah,"2007-11-29","2008-12-26 22:19:57","2008-12-26 22:19:57",
258,278,"12000018",1,"12000018-001",INV/12000018-001,"2007-11-29","0","",SL,"2007-11-29","0","",1,"",0,Rupiah,"2007-11-29","2008-12-26 22:19:57","2008-12-26 22:19:57",
259,279,"12000019",1,"12000019-001",INV/12000019-001,"2007-11-29","0","",SL,"2007-11-29","0","",1,"",0,Rupiah,"2007-11-29","2008-12-26 22:19:57","2008-12-26 22:19:57",
260,280,"12000021",1,"12000021-001",INV/12000021-001,"2007-11-29","0","",SL,"2007-11-29","0","",1,"",0,Rupiah,"2007-11-29","2008-12-26 22:19:57","2008-12-26 22:19:57",
261,281,"12000022",1,"12000022-001",INV/12000022-001,"2007-11-29","0","",SL,"2007-11-29","0","",1,"",0,Rupiah,"2007-11-29","2008-12-26 22:19:57","2008-12-26 22:19:57",
262,282,"15000018",1,"15000018-002",INV/15000018-002,"2007-11-29","0","",SL,"2007-11-29","0","",1,"",0,Rupiah,"2007-11-29","2008-12-26 22:19:57","2008-12-26 22:19:57",
263,283,"12000067",1,"12000067-001",INV/12000067-001,"2007-11-29","0","",SL,"2007-11-29","0","",1,"",0,Rupiah,"2007-11-29","2008-12-26 22:19:57","2008-12-26 22:19:57",
264,284,"12000087",1,"12000087-001",INV/12000087-001,"2007-11-29","0","",SL,"2007-11-29","0","",1,"",0,Rupiah,"2007-11-29","2008-12-26 22:19:57","2008-12-26 22:19:57",
265,285,"12000024",1,"12000024-001",INV/12000024-001,"2007-11-29","0","",SL,"2007-11-29","0","",1,"",0,Rupiah,"2007-11-29","2008-12-26 22:19:57","2008-12-26 22:19:57",
266,286,"12000025",1,"12000025-001",INV/12000025-001,"2007-11-29","0","",SL,"2007-11-29","0","",1,"",0,Rupiah,"2007-11-29","2008-12-26 22:19:57","2008-12-26 22:19:57",
267,287,"12000026",1,"12000026-001",INV/12000026-001,"2007-11-29","0","",SL,"2007-11-29","0","",1,"",0,Rupiah,"2007-11-29","2008-12-26 22:19:57","2008-12-26 22:19:57",
268,288,"12000027",1,"12000027-001",INV/12000027-001,"2007-11-29","0","",SL,"2007-11-29","0","",1,"",0,Rupiah,"2007-11-29","2008-12-26 22:19:57","2008-12-26 22:19:57",
269,289,"12000028",1,"12000028-001",INV/12000028-001,"2007-11-29","0","",SL,"2007-11-29","0","",1,"",0,Rupiah,"2007-11-29","2008-12-26 22:19:57","2008-12-26 22:19:57",
270,290,"12000029",1,"12000029-001",INV/12000029-001,"2007-11-29","0","",SL,"2007-11-29","0","",1,"",0,Rupiah,"2007-11-29","2008-12-26 22:19:57","2008-12-26 22:19:57",
271,291,"12000030",1,"12000030-001",INV/12000030-001,"2007-11-29","0","",SL,"2007-11-29","0","",1,"",0,Rupiah,"2007-11-29","2008-12-26 22:19:57","2008-12-26 22:19:57",
272,292,"12000033",1,"12000033-001",INV/12000033-001,"2007-11-29","0","",SL,"2007-11-29","0","",1,"",0,Rupiah,"2007-11-29","2008-12-26 22:19:57","2008-12-26 22:19:57",
273,293,"12000034",1,"12000034-001",INV/12000034-001,"2007-11-29","0","",SL,"2007-11-29","0","",1,"",0,Rupiah,"2007-11-29","2008-12-26 22:19:57","2008-12-26 22:19:57",
274,294,"12000035",1,"12000035-001",INV/12000035-001,"2007-11-29","0","",SL,"2007-11-29","0","",1,"",0,Rupiah,"2007-11-29","2008-12-26 22:19:57","2008-12-26 22:19:57",
275,295,"12000036",1,"12000036-001",INV/12000036-001,"2007-11-29","0","",SL,"2007-11-29","0","",1,"",0,Rupiah,"2007-11-29","2008-12-26 22:19:57","2008-12-26 22:19:57",
276,296,"12000038",1,"12000038-001",INV/12000038-001,"2007-11-29","0","",SL,"2007-11-29","0","",1,"",0,Rupiah,"2007-11-29","2008-12-26 22:19:57","2008-12-26 22:19:57",
277,297,"12000039",1,"12000039-001",INV/12000039-001,"2007-11-29","0","",SL,"2007-11-29","0","",1,"",0,Rupiah,"2007-11-29","2008-12-26 22:19:57","2008-12-26 22:19:57",
278,298,"12000040",1,"12000040-001",INV/12000040-001,"2007-11-29","0","",SL,"2007-11-29","0","",1,"",0,Rupiah,"2007-11-29","2008-12-26 22:19:57","2008-12-26 22:19:57",
279,299,"12000041",1,"12000041-001",INV/12000041-001,"2007-11-29","0","",SL,"2007-11-29","0","",1,"",0,Rupiah,"2007-11-29","2008-12-26 22:19:57","2008-12-26 22:19:57",
280,300,"12000042",1,"12000042-001",INV/12000042-001,"2007-11-29","0","",SL,"2007-11-29","0","",1,"",0,Rupiah,"2007-11-29","2008-12-26 22:19:57","2008-12-26 22:19:57",
281,301,"12000043",1,"12000043-001",INV/12000043-001,"2007-11-29","0","",SL,"2007-11-29","0","",1,"",0,Rupiah,"2007-11-29","2008-12-26 22:19:57","2008-12-26 22:19:57",
282,302,"12000044",1,"12000044-001",INV/12000044-001,"2007-11-29","0","",SL,"2007-11-29","0","",1,"",0,Rupiah,"2007-11-29","2008-12-26 22:19:57","2008-12-26 22:19:57",
283,303,"12000045",1,"12000045-001",INV/12000045-001,"2007-11-29","0","",SL,"2007-11-29","0","",1,"",0,Rupiah,"2007-11-29","2008-12-26 22:19:57","2008-12-26 22:19:57",
284,304,"12000046",1,"12000046-001",INV/12000046-001,"2007-11-29","0","",SL,"2007-11-29","0","",1,"",0,Rupiah,"2007-11-29","2008-12-26 22:19:57","2008-12-26 22:19:57",
285,305,"12000047",1,"12000047-001",INV/12000047-001,"2007-11-29","0","",SL,"2007-11-29","0","",1,"",0,Rupiah,"2007-11-29","2008-12-26 22:19:57","2008-12-26 22:19:57",
286,306,"12000049",1,"12000049-001",INV/12000049-001,"2007-11-29","0","",SL,"2007-11-29","0","",1,"",0,Rupiah,"2007-11-29","2008-12-26 22:19:57","2008-12-26 22:19:57",
287,307,"12000050",1,"12000050-001",INV/12000050-001,"2007-11-29","0","",SL,"2007-11-29","0","",1,"",0,Rupiah,"2007-11-29","2008-12-26 22:19:57","2008-12-26 22:19:57",
288,308,"12000051",1,"12000051-001",INV/12000051-001,"2007-11-29","0","",SL,"2007-11-29","0","",1,"",0,Rupiah,"2007-11-29","2008-12-26 22:19:57","2008-12-26 22:19:57",
289,309,"12000052",1,"12000052-001",INV/12000052-001,"2007-11-29","0","",SL,"2007-11-29","0","",1,"",0,Rupiah,"2007-11-29","2008-12-26 22:19:57","2008-12-26 22:19:57",
290,310,"12000053",1,"12000053-001",INV/12000053-001,"2007-11-29","0","",SL,"2007-11-29","0","",1,"",0,Rupiah,"2007-11-29","2008-12-26 22:19:57","2008-12-26 22:19:57",
291,311,"12000056",1,"12000056-001",INV/12000056-001,"2007-11-29","0","",SL,"2007-11-29","0","",1,"",0,Rupiah,"2007-11-29","2008-12-26 22:19:57","2008-12-26 22:19:57",
292,312,"12000057",1,"12000057-001",INV/12000057-001,"2007-11-29","0","",SL,"2007-11-29","0","",1,"",0,Rupiah,"2007-11-29","2008-12-26 22:19:57","2008-12-26 22:19:57",
293,313,"12000058",1,"12000058-001",INV/12000058-001,"2007-11-29","0","",SL,"2007-11-29","0","",1,"",0,Rupiah,"2007-11-29","2008-12-26 22:19:57","2008-12-26 22:19:57",
294,314,"12000062",1,"12000062-001",INV/12000062-001,"2007-11-29","0","",SL,"2007-11-29","0","",1,"",0,Rupiah,"2007-11-29","2008-12-26 22:19:57","2008-12-26 22:19:57",
295,315,"12000063",1,"12000063-001",INV/12000063-001,"2007-11-29","0","",SL,"2007-11-29","0","",1,"",0,Rupiah,"2007-11-29","2008-12-26 22:19:57","2008-12-26 22:19:57",
296,316,"12000064",1,"12000064-001",INV/12000064-001,"2007-11-29","0","",SL,"2007-11-29","0","",1,"",0,Rupiah,"2007-11-29","2008-12-26 22:19:57","2008-12-26 22:19:57",
297,317,"12000065",1,"12000065-001",INV/12000065-001,"2007-11-29","0","",SL,"2007-11-29","0","",1,"",0,Rupiah,"2007-11-29","2008-12-26 22:19:57","2008-12-26 22:19:57",
298,318,"12000066",1,"12000066-001",INV/12000066-001,"2007-11-29","0","",SL,"2007-11-29","0","",1,"",0,Rupiah,"2007-11-29","2008-12-26 22:19:57","2008-12-26 22:19:57",
299,319,"12000069",1,"12000069-001",INV/12000069-001,"2007-11-29","0","",SL,"2007-11-29","0","",1,"",0,Rupiah,"2007-11-29","2008-12-26 22:19:57","2008-12-26 22:19:57",
300,320,"12000070",1,"12000070-001",INV/12000070-001,"2007-11-29","0","",SL,"2007-11-29","0","",1,"",0,Rupiah,"2007-11-29","2008-12-26 22:19:57","2008-12-26 22:19:57",
301,321,"12000071",1,"12000071-001",INV/12000071-001,"2007-11-29","0","",SL,"2007-11-29","0","",1,"",0,Rupiah,"2007-11-29","2008-12-26 22:19:57","2008-12-26 22:19:57",
302,322,"12000072",1,"12000072-001",INV/12000072-001,"2007-11-29","0","",SL,"2007-11-29","0","",1,"",0,Rupiah,"2007-11-29","2008-12-26 22:19:57","2008-12-26 22:19:57",
303,323,"12000073",1,"12000073-001",INV/12000073-001,"2007-11-29","0","",SL,"2007-11-29","0","",1,"",0,Rupiah,"2007-11-29","2008-12-26 22:19:57","2008-12-26 22:19:57",
304,324,"13000001",1,"13000001-001",INV/13000001-001,"2007-11-29","0","",SL,"2007-11-29","0","",1,"",0,Rupiah,"2007-11-29","2008-12-26 22:19:57","2008-12-26 22:19:57",
305,325,"13000002",1,"13000002-001",INV/13000002-001,"2007-11-29","0","",SL,"2007-11-29","0","",1,"",0,Rupiah,"2007-11-29","2008-12-26 22:19:57","2008-12-26 22:19:57",
306,326,"13000003",1,"13000003-001",INV/13000003-001,"2007-11-29","0","",SL,"2007-11-29","0","",1,"",0,Rupiah,"2007-11-29","2008-12-26 22:19:57","2008-12-26 22:19:57",
307,327,"13000004",1,"13000004-001",INV/13000004-001,"2007-11-29","0","",SL,"2007-11-29","0","",1,"",0,Rupiah,"2007-11-29","2008-12-26 22:19:57","2008-12-26 22:19:57",
308,328,"13000005",1,"13000005-001",INV/13000005-001,"2007-11-29","0","",SL,"2007-11-29","0","",1,"",0,Rupiah,"2007-11-29","2008-12-26 22:19:57","2008-12-26 22:19:57",
309,329,"13000006",1,"13000006-001",INV/13000006-001,"2007-11-29","0","",SL,"2007-11-29","0","",1,"",0,Rupiah,"2007-11-29","2008-12-26 22:19:57","2008-12-26 22:19:57",
310,330,"13000007",1,"13000007-001",INV/13000007-001,"2007-11-29","0","",SL,"2007-11-29","0","",1,"",0,Rupiah,"2007-11-29","2008-12-26 22:19:57","2008-12-26 22:19:57",
311,331,"13000008",1,"13000008-001",INV/13000008-001,"2007-11-29","0","",SL,"2007-11-29","0","",1,"",0,Rupiah,"2007-11-29","2008-12-26 22:19:57","2008-12-26 22:19:57",
312,332,"13000009",1,"13000009-001",INV/13000009-001,"2007-11-29","0","",SL,"2007-11-29","0","",1,"",0,Rupiah,"2007-11-29","2008-12-26 22:19:57","2008-12-26 22:19:57",
313,333,"13000010",1,"13000010-001",INV/13000010-001,"2007-11-29","0","",SL,"2007-11-29","0","",1,"",0,Rupiah,"2007-11-29","2008-12-26 22:19:57","2008-12-26 22:19:57",
314,334,"13000011",1,"13000011-001",INV/13000011-001,"2007-11-29","0","",SL,"2007-11-29","0","",1,"",0,Rupiah,"2007-11-29","2008-12-26 22:19:57","2008-12-26 22:19:57",
315,335,"15000051",1,"15000051-002",INV/15000051-002,"2007-11-29","0","",SL,"2007-11-29","0","",1,"",0,Rupiah,"2007-11-29","2008-12-26 22:19:57","2008-12-26 22:19:57",
316,336,"15000091",1,"15000091-001",INV/15000091-001,"2007-11-29","0","",SL,"2007-11-29","0","",1,"",0,Rupiah,"2007-11-29","2008-12-26 22:19:57","2008-12-26 22:19:57",
317,337,"15000065",1,"15000065-001",INV/15000065-001,"2007-11-29","0","",SL,"2007-11-29","0","",1,"",0,Rupiah,"2007-11-29","2008-12-26 22:19:57","2008-12-26 22:19:57",
318,338,"15000050",1,"15000050-002",INV/15000050-002,"2007-11-29","0","",SL,"2007-11-29","0","",1,"",0,Rupiah,"2007-11-29","2008-12-26 22:19:57","2008-12-26 22:19:57",
319,339,"14000065",1,"14000065-001",INV/14000065-001,"2007-11-29","0","",SL,"2007-11-29","0","",1,"",0,Rupiah,"2007-11-29","2008-12-26 22:19:57","2008-12-26 22:19:57",
320,340,"13000012",1,"13000012-001",INV/13000012-001,"2007-11-29","0","",SL,"2007-11-29","0","",1,"",0,Rupiah,"2007-11-29","2008-12-26 22:19:57","2008-12-26 22:19:57",
321,341,"13000013",1,"13000013-001",INV/13000013-001,"2007-11-29","0","",SL,"2007-11-29","0","",1,"",0,Rupiah,"2007-11-29","2008-12-26 22:19:57","2008-12-26 22:19:57",
322,342,"13000014",1,"13000014-001",INV/13000014-001,"2007-11-29",,"",SL,"2007-11-29","0","",1,"",0,Rupiah,"2007-11-29","2008-12-26 22:19:57","2026-07-25 15:37:16",
323,343,"13000015",1,"13000015-001",INV/13000015-001,"2007-11-29","0","",SL,"2007-11-29","0","",1,"",0,Rupiah,"2007-11-29","2008-12-26 22:19:57","2008-12-26 22:19:57",
324,344,"13000016",1,"13000016-001",INV/13000016-001,"2007-11-29","0","",SL,"2007-11-29","0","",1,"",0,Rupiah,"2007-11-29","2008-12-26 22:19:57","2008-12-26 22:19:57",
325,345,"13000017",1,"13000017-001",INV/13000017-001,"2007-11-29","0","",SL,"2007-11-29","0","",1,"",0,Rupiah,"2007-11-29","2008-12-26 22:19:57","2008-12-26 22:19:57",
326,346,"13000018",1,"13000018-001",INV/13000018-001,"2007-11-29","0","",SL,"2007-11-29","0","",1,"",0,Rupiah,"2007-11-29","2008-12-26 22:19:57","2008-12-26 22:19:57",
327,347,"13000019",1,"13000019-001",INV/13000019-001,"2007-11-29","0","",SL,"2007-11-29","0","",1,"",0,Rupiah,"2007-11-29","2008-12-26 22:19:57","2008-12-26 22:19:57",
328,348,"13000020",1,"13000020-001",INV/13000020-001,"2007-11-29","0","",SL,"2007-11-29","0","",1,"",0,Rupiah,"2007-11-29","2008-12-26 22:19:57","2008-12-26 22:19:57",
329,349,"13000021",1,"13000021-001",INV/13000021-001,"2007-11-29",,"",SL,"2007-11-29","0","",1,"",0,Rupiah,"2007-11-29","2008-12-26 22:19:57","2026-07-25 10:59:39",
330,350,"13000022",1,"13000022-001",INV/13000022-001,"2007-11-29",,"",SL,"2007-11-29","0","",1,"",0,Rupiah,"2007-11-29","2008-12-26 22:19:57","2026-07-25 11:06:12",
331,351,"13000023",1,"13000023-001",INV/13000023-001,"2007-11-29",,"",SL,"2007-11-29","0","",1,"",0,Rupiah,"2007-11-29","2008-12-26 22:19:57","2026-07-25 15:41:01",
333,353,"13000025",1,"13000025-001",INV/13000025-001,"2007-11-29","0","",SL,"2007-11-29","0","",1,"",0,Rupiah,"2007-11-29","2008-12-26 22:19:57","2008-12-26 22:19:57",
334,354,"13000026",1,"13000026-001",INV/13000026-001,"2007-11-29","0","",SL,"2007-11-29","0","",1,"",0,Rupiah,"2007-11-29","2008-12-26 22:19:57","2008-12-26 22:19:57",
335,355,"13000027",1,"13000027-001",INV/13000027-001,"2007-11-29","0","",SL,"2007-11-29","0","",1,"",0,Rupiah,"2007-11-29","2008-12-26 22:19:57","2008-12-26 22:19:57",
336,356,"13000028",1,"13000028-001",INV/13000028-001,"2007-11-29","0","",SL,"2007-11-29","0","",1,"",0,Rupiah,"2007-11-29","2008-12-26 22:19:57","2008-12-26 22:19:57",
337,357,"13000029",1,"13000029-001",INV/13000029-001,"2007-11-29",,"",SL,"2007-11-29","0","",1,"",0,Rupiah,"2007-11-29","2008-12-26 22:19:57","2026-07-25 15:56:35",
338,358,"13000030",1,"13000030-001",INV/13000030-001,"2007-11-29","0","",SL,"2007-11-29","0","",1,"",0,Rupiah,"2007-11-29","2008-12-26 22:19:57","2008-12-26 22:19:57",
339,359,"13000031",1,"13000031-001",INV/13000031-001,"2007-11-29",,"",SL,"2007-11-29","0","",1,"",0,Rupiah,"2007-11-29","2008-12-26 22:19:57","2026-07-25 16:01:43",
340,360,"14000024",1,"14000024-001",INV/14000024-001,"2007-11-29","0","",SL,"2007-11-29","0","",1,"",0,Rupiah,"2007-11-29","2008-12-26 22:19:57","2008-12-26 22:19:57",
341,361,"14000002",1,"14000002-001",INV/14000002-001,"2007-11-29","0","",SL,"2007-11-29","0","",1,"",0,Rupiah,"2007-11-29","2008-12-26 22:19:57","2008-12-26 22:19:57",
342,362,"14000003",1,"14000003-001",INV/14000003-001,"2007-11-29","0","",SL,"2007-11-29","0","",1,"",0,Rupiah,"2007-11-29","2008-12-26 22:19:57","2008-12-26 22:19:57",
343,363,"14000004",1,"14000004-001",INV/14000004-001,"2007-11-29","0","",SL,"2007-11-29","0","",1,"",0,Rupiah,"2007-11-29","2008-12-26 22:19:57","2008-12-26 22:19:57",
344,364,"14000005",1,"14000005-001",INV/14000005-001,"2007-11-29","0","",SL,"2007-11-29","0","",1,"",0,Rupiah,"2007-11-29","2008-12-26 22:19:57","2008-12-26 22:19:57",
345,365,"14000006",1,"14000006-001",INV/14000006-001,"2007-11-29","0","",SL,"2007-11-29","0","",1,"",0,Rupiah,"2007-11-29","2008-12-26 22:19:57","2008-12-26 22:19:57",
346,366,"14000008",1,"14000008-001",INV/14000008-001,"2007-11-29","0","",SL,"2007-11-29","0","",1,"",0,Rupiah,"2007-11-29","2008-12-26 22:19:57","2008-12-26 22:19:57",
347,367,"14000009",1,"14000009-001",INV/14000009-001,"2007-11-29","0","",SL,"2007-11-29","0","",1,"",0,Rupiah,"2007-11-29","2008-12-26 22:19:57","2008-12-26 22:19:57",
348,368,"14000010",1,"14000010-001",INV/14000010-001,"2007-11-29","0","",SL,"2007-11-29","0","",1,"",0,Rupiah,"2007-11-29","2008-12-26 22:19:57","2008-12-26 22:19:57",
349,369,"14000011",1,"14000011-001",INV/14000011-001,"2007-11-29","0","",SL,"2007-11-29","0","",1,"",0,Rupiah,"2007-11-29","2008-12-26 22:19:57","2008-12-26 22:19:57",
350,370,"14000012",1,"14000012-001",INV/14000012-001,"2007-11-29","0","",SL,"2007-11-29","0","",1,"",0,Rupiah,"2007-11-29","2008-12-26 22:19:57","2008-12-26 22:19:57",
351,371,"14000013",1,"14000013-001",INV/14000013-001,"2007-11-29","0","",SL,"2007-11-29","0","",1,"",0,Rupiah,"2007-11-29","2008-12-26 22:19:57","2008-12-26 22:19:57",
352,372,"14000014",1,"14000014-001",INV/14000014-001,"2007-11-29","0","",SL,"2007-11-29","0","",1,"",0,Rupiah,"2007-11-29","2008-12-26 22:19:57","2008-12-26 22:19:57",
353,373,"14000015",1,"14000015-001",INV/14000015-001,"2007-11-29","0","",SL,"2007-11-29","0","",1,"",0,Rupiah,"2007-11-29","2008-12-26 22:19:57","2008-12-26 22:19:57",
354,374,"14000016",1,"14000016-001",INV/14000016-001,"2007-11-29","0","",SL,"2007-11-29","0","",1,"",0,Rupiah,"2007-11-29","2008-12-26 22:19:57","2008-12-26 22:19:57",
355,375,"14000017",1,"14000017-001",INV/14000017-001,"2007-11-29","0","",SL,"2007-11-29","0","",1,"",0,Rupiah,"2007-11-29","2008-12-26 22:19:57","2008-12-26 22:19:57",
356,376,"14000018",1,"14000018-001",INV/14000018-001,"2007-11-29","0","",SL,"2007-11-29","0","",1,"",0,Rupiah,"2007-11-29","2008-12-26 22:19:57","2008-12-26 22:19:57",
357,377,"14000019",1,"14000019-001",INV/14000019-001,"2007-11-29","0","",SL,"2007-11-29","0","",1,"",0,Rupiah,"2007-11-29","2008-12-26 22:19:57","2008-12-26 22:19:57",
358,378,"14000020",1,"14000020-001",INV/14000020-001,"2007-11-29","0","",SL,"2007-11-29","0","",1,"",0,Rupiah,"2007-11-29","2008-12-26 22:19:57","2008-12-26 22:19:57",
359,379,"14000021",1,"14000021-001",INV/14000021-001,"2007-11-29","0","",SL,"2007-11-29","0","",1,"",0,Rupiah,"2007-11-29","2008-12-26 22:19:57","2008-12-26 22:19:57",
360,380,"14000022",1,"14000022-001",INV/14000022-001,"2007-11-29","0","",SL,"2007-11-29","0","",1,"",0,Rupiah,"2007-11-29","2008-12-26 22:19:57","2008-12-26 22:19:57",
361,381,"15000175",1,"15000175-001",INV/15000175-001,"2007-11-29","0","",SL,"2007-11-29","0","",1,"",0,Rupiah,"2007-11-29","2008-12-26 22:19:57","2008-12-26 22:19:57",
362,382,"15000002",1,"15000002-001",INV/15000002-001,"2007-11-29","0","",SL,"2007-11-29","0","",1,"",0,Rupiah,"2007-11-29","2008-12-26 22:19:57","2008-12-26 22:19:57",
363,383,"15000003",1,"15000003-001",INV/15000003-001,"2007-11-29","0","",SL,"2007-11-29","0","",1,"",0,Rupiah,"2007-11-29","2008-12-26 22:19:57","2008-12-26 22:19:57",
364,384,"15000004",1,"15000004-001",INV/15000004-001,"2007-11-29","0","",SL,"2007-11-29","0","",1,"",0,Rupiah,"2007-11-29","2008-12-26 22:19:57","2008-12-26 22:19:57",
365,385,"15000005",1,"15000005-001",INV/15000005-001,"2007-11-29","0","",SL,"2007-11-29","0","",1,"",0,Rupiah,"2007-11-29","2008-12-26 22:19:57","2008-12-26 22:19:57",
366,386,"15000006",1,"15000006-001",INV/15000006-001,"2007-11-29","0","",SL,"2007-11-29","0","",1,"",0,Rupiah,"2007-11-29","2008-12-26 22:19:57","2008-12-26 22:19:57",
367,387,"15000007",1,"15000007-001",INV/15000007-001,"2007-11-29","0","",SL,"2007-11-29","0","",1,"",0,Rupiah,"2007-11-29","2008-12-26 22:19:57","2008-12-26 22:19:57",
368,388,"15000008",1,"15000008-001",INV/15000008-001,"2007-11-29","0","",SL,"2007-11-29","0","",1,"",0,Rupiah,"2007-11-29","2008-12-26 22:19:57","2008-12-26 22:19:57",
369,389,"15000009",1,"15000009-001",INV/15000009-001,"2007-11-29","0","",SL,"2007-11-29","0","",1,"",0,Rupiah,"2007-11-29","2008-12-26 22:19:57","2008-12-26 22:19:57",
370,390,"15000010",1,"15000010-001",INV/15000010-001,"2007-11-29","0","",SL,"2007-11-29","0","",1,"",0,Rupiah,"2007-11-29","2008-12-26 22:19:57","2008-12-26 22:19:57",
371,391,"15000011",1,"15000011-001",INV/15000011-001,"2007-11-29","0","",SL,"2007-11-29","0","",1,"",0,Rupiah,"2007-11-29","2008-12-26 22:19:57","2008-12-26 22:19:57",
372,392,"15000012",1,"15000012-001",INV/15000012-001,"2007-11-29","0","",SL,"2007-11-29","0","",1,"",0,Rupiah,"2007-11-29","2008-12-26 22:19:57","2008-12-26 22:19:57",
373,393,"15000015",1,"15000015-001",INV/15000015-001,"2007-11-29","0","",SL,"2007-11-29","0","",1,"",0,Rupiah,"2007-11-29","2008-12-26 22:19:57","2008-12-26 22:19:57",
374,394,"15000016",1,"15000016-001",INV/15000016-001,"2007-11-29","0","",SL,"2007-11-29","0","",1,"",0,Rupiah,"2007-11-29","2008-12-26 22:19:57","2008-12-26 22:19:57",
375,395,"15000017",1,"15000017-001",INV/15000017-001,"2007-11-29","0","",SL,"2007-11-29","0","",1,"",0,Rupiah,"2007-11-29","2008-12-26 22:19:57","2008-12-26 22:19:57",
376,282,"15000018",1,"15000018-001",INV/15000018-001,"2007-11-29","0","",SL,"2007-11-29","0","",1,"",0,Rupiah,"2007-11-29","2008-12-26 22:19:57","2008-12-26 22:19:57",
377,396,"15000019",1,"15000019-001",INV/15000019-001,"2007-11-29","0","",SL,"2007-11-29","0","",1,"",0,Rupiah,"2007-11-29","2008-12-26 22:19:57","2008-12-26 22:19:57",
378,397,"15000020",1,"15000020-001",INV/15000020-001,"2007-11-29","0","",SL,"2007-11-29","0","",1,"",0,Rupiah,"2007-11-29","2008-12-26 22:19:57","2008-12-26 22:19:57",
379,398,"15000021",1,"15000021-001",INV/15000021-001,"2007-11-29","0","",SL,"2007-11-29","0","",1,"",0,Rupiah,"2007-11-29","2008-12-26 22:19:57","2008-12-26 22:19:57",
380,399,"15000022",1,"15000022-001",INV/15000022-001,"2007-11-29","0","",SL,"2007-11-29","0","",1,"",0,Rupiah,"2007-11-29","2008-12-26 22:19:57","2008-12-26 22:19:57",
381,400,"15000023",1,"15000023-001",INV/15000023-001,"2007-11-29","0","",SL,"2007-11-29","0","",1,"",0,Rupiah,"2007-11-29","2008-12-26 22:19:57","2008-12-26 22:19:57",
382,401,"15000024",1,"15000024-001",INV/15000024-001,"2007-11-29","0","",SL,"2007-11-29","0","",1,"",0,Rupiah,"2007-11-29","2008-12-26 22:19:57","2008-12-26 22:19:57",
383,402,"15000025",1,"15000025-001",INV/15000025-001,"2007-11-29","0","",SL,"2007-11-29","0","",1,"",0,Rupiah,"2007-11-29","2008-12-26 22:19:57","2008-12-26 22:19:57",
384,403,"15000026",1,"15000026-001",INV/15000026-001,"2007-11-29","0","",SL,"2007-11-29","0","",1,"",0,Rupiah,"2007-11-29","2008-12-26 22:19:57","2008-12-26 22:19:57",
385,404,"15000027",1,"15000027-001",INV/15000027-001,"2007-11-29","0","",SL,"2007-11-29","0","",1,"",0,Rupiah,"2007-11-29","2008-12-26 22:19:57","2008-12-26 22:19:57",
386,405,"15000028",1,"15000028-001",INV/15000028-001,"2007-11-29","0","",SL,"2007-11-29","0","",1,"",0,Rupiah,"2007-11-29","2008-12-26 22:19:57","2008-12-26 22:19:57",
387,406,"15000030",1,"15000030-001",INV/15000030-001,"2007-11-29","0","",SL,"2007-11-29","0","",1,"",0,Rupiah,"2007-11-29","2008-12-26 22:19:57","2008-12-26 22:19:57",
388,407,"15000031",1,"15000031-001",INV/15000031-001,"2007-11-29","0","",SL,"2007-11-29","0","",1,"",0,Rupiah,"2007-11-29","2008-12-26 22:19:57","2008-12-26 22:19:57",
389,408,"15000032",1,"15000032-001",INV/15000032-001,"2007-11-29","0","",SL,"2007-11-29","0","",1,"",0,Rupiah,"2007-11-29","2008-12-26 22:19:57","2008-12-26 22:19:57",
390,409,"15000033",1,"15000033-001",INV/15000033-001,"2007-11-29","0","",SL,"2007-11-29","0","",1,"",0,Rupiah,"2007-11-29","2008-12-26 22:19:57","2008-12-26 22:19:57",
391,410,"15000034",1,"15000034-001",INV/15000034-001,"2007-11-29","0","",SL,"2007-11-29","0","",1,"",0,Rupiah,"2007-11-29","2008-12-26 22:19:57","2008-12-26 22:19:57",
392,411,"15000035",1,"15000035-001",INV/15000035-001,"2007-11-29","0","",SL,"2007-11-29","0","",1,"",0,Rupiah,"2007-11-29","2008-12-26 22:19:57","2008-12-26 22:19:57",
393,412,"15000036",1,"15000036-001",INV/15000036-001,"2007-11-29","0","",SL,"2007-11-29","0","",1,"",0,Rupiah,"2007-11-29","2008-12-26 22:19:57","2008-12-26 22:19:57",
394,413,"15000037",1,"15000037-001",INV/15000037-001,"2007-11-29","0","",SL,"2007-11-29","0","",1,"",0,Rupiah,"2007-11-29","2008-12-26 22:19:57","2008-12-26 22:19:57",
395,414,"15000038",1,"15000038-001",INV/15000038-001,"2007-11-29","0","",SL,"2007-11-29","0","",1,"",0,Rupiah,"2007-11-29","2008-12-26 22:19:57","2008-12-26 22:19:57",
396,415,"15000039",1,"15000039-001",INV/15000039-001,"2007-11-29","0","",SL,"2007-11-29","0","",1,"",0,Rupiah,"2007-11-29","2008-12-26 22:19:57","2008-12-26 22:19:57",
397,416,"15000041",1,"15000041-001",INV/15000041-001,"2007-11-29","0","",SL,"2007-11-29","0","",1,"",0,Rupiah,"2007-11-29","2008-12-26 22:19:57","2008-12-26 22:19:57",
398,417,"15000042",1,"15000042-001",INV/15000042-001,"2007-11-29","0","",SL,"2007-11-29","0","",1,"",0,Rupiah,"2007-11-29","2008-12-26 22:19:57","2008-12-26 22:19:57",
399,418,"15000043",1,"15000043-001",INV/15000043-001,"2007-11-29","0","",SL,"2007-11-29","0","",1,"",0,Rupiah,"2007-11-29","2008-12-26 22:19:57","2008-12-26 22:19:57",
400,419,"15000044",1,"15000044-001",INV/15000044-001,"2007-11-29","0","",SL,"2007-11-29","0","",1,"",0,Rupiah,"2007-11-29","2008-12-26 22:19:57","2008-12-26 22:19:57",
401,420,"15000045",1,"15000045-001",INV/15000045-001,"2007-11-29","0","",SL,"2007-11-29","0","",1,"",0,Rupiah,"2007-11-29","2008-12-26 22:19:57","2008-12-26 22:19:57",
402,421,"15000046",1,"15000046-001",INV/15000046-001,"2007-11-29","0","",SL,"2007-11-29","0","",1,"",0,Rupiah,"2007-11-29","2008-12-26 22:19:57","2008-12-26 22:19:57",
403,422,"15000047",1,"15000047-001",INV/15000047-001,"2007-11-29","0","",SL,"2007-11-29","0","",1,"",0,Rupiah,"2007-11-29","2008-12-26 22:19:57","2008-12-26 22:19:57",
404,423,"15000048",1,"15000048-001",INV/15000048-001,"2007-11-29","0","",SL,"2007-11-29","0","",1,"",0,Rupiah,"2007-11-29","2008-12-26 22:19:57","2008-12-26 22:19:57",
405,424,"15000049",1,"15000049-001",INV/15000049-001,"2007-11-29","0","",SL,"2007-11-29","0","",1,"",0,Rupiah,"2007-11-29","2008-12-26 22:19:57","2008-12-26 22:19:57",
406,338,"15000050",1,"15000050-001",INV/15000050-001,"2007-11-29","0","",SL,"2007-11-29","0","",1,"",0,Rupiah,"2007-11-29","2008-12-26 22:19:57","2008-12-26 22:19:57",
407,335,"15000051",1,"15000051-001",INV/15000051-001,"2007-11-29","0","",SL,"2007-11-29","0","",1,"",0,Rupiah,"2007-11-29","2008-12-26 22:19:57","2008-12-26 22:19:57",
408,425,"15000053",1,"15000053-001",INV/15000053-001,"2007-11-29","0","",SL,"2007-11-29","0","",1,"",0,Rupiah,"2007-11-29","2008-12-26 22:19:57","2008-12-26 22:19:57",
409,426,"15000054",1,"15000054-001",INV/15000054-001,"2007-11-29","0","",SL,"2007-11-29","0","",1,"",0,Rupiah,"2007-11-29","2008-12-26 22:19:57","2008-12-26 22:19:57",
410,427,"15000055",1,"15000055-001",INV/15000055-001,"2007-11-29","0","",SL,"2007-11-29","0","",1,"",0,Rupiah,"2007-11-29","2008-12-26 22:19:57","2008-12-26 22:19:57",
411,428,"15000056",1,"15000056-001",INV/15000056-001,"2007-11-29","0","",SL,"2007-11-29","0","",1,"",0,Rupiah,"2007-11-29","2008-12-26 22:19:57","2008-12-26 22:19:57",
412,429,"16000001",1,"16000001-001",INV/16000001-001,"2007-11-29","0","",SL,"2007-11-29","0","",1,"",0,Rupiah,"2007-11-29","2008-12-26 22:19:57","2008-12-26 22:19:57",
413,430,"16000002",1,"16000002-001",INV/16000002-001,"2007-11-29","0","",SL,"2007-11-29","0","",1,"",0,Rupiah,"2007-11-29","2008-12-26 22:19:57","2008-12-26 22:19:57",
414,431,"16000004",1,"16000004-001",INV/16000004-001,"2007-11-29","0","",SL,"2007-11-29","0","",1,"",0,Rupiah,"2007-11-29","2008-12-26 22:19:57","2008-12-26 22:19:57",
415,432,"16000005",1,"16000005-001",INV/16000005-001,"2007-11-29","0","",SL,"2007-11-29","0","",1,"",0,Rupiah,"2007-11-29","2008-12-26 22:19:57","2008-12-26 22:19:57",
416,433,"16000006",1,"16000006-001",INV/16000006-001,"2007-11-29","0","",SL,"2007-11-29","0","",1,"",0,Rupiah,"2007-11-29","2008-12-26 22:19:57","2008-12-26 22:19:57",
417,434,"16000008",1,"16000008-001",INV/16000008-001,"2007-11-29","0","",SL,"2007-11-29","0","",1,"",0,Rupiah,"2007-11-29","2008-12-26 22:19:57","2008-12-26 22:19:57",
418,44,"16000009",1,"16000009-001",INV/16000009-001,"2007-11-29","0","",SL,"2007-11-29","0","",1,"",0,Rupiah,"2007-11-29","2008-12-26 22:19:57","2008-12-26 22:19:57",
419,435,"16000010",1,"16000010-001",INV/16000010-001,"2007-11-29","0","",SL,"2007-11-29","0","",1,"",0,Rupiah,"2007-11-29","2008-12-26 22:19:57","2008-12-26 22:19:57",
420,436,"16000011",1,"16000011-001",INV/16000011-001,"2007-11-29","0","",SL,"2007-11-29","0","",1,"",0,Rupiah,"2007-11-29","2008-12-26 22:19:57","2008-12-26 22:19:57",
421,437,"16000012",1,"16000012-001",INV/16000012-001,"2007-11-29","0","",SL,"2007-11-29","0","",1,"",0,Rupiah,"2007-11-29","2008-12-26 22:19:57","2008-12-26 22:19:57",
422,438,"16000013",1,"16000013-001",INV/16000013-001,"2007-11-29","0","",SL,"2007-11-29","0","",1,"",0,Rupiah,"2007-11-29","2008-12-26 22:19:57","2008-12-26 22:19:57",
423,439,"16000015",1,"16000015-001",INV/16000015-001,"2007-11-29","0","",SL,"2007-11-29","0","",1,"",0,Rupiah,"2007-11-29","2008-12-26 22:19:57","2008-12-26 22:19:57",
424,440,"16000016",1,"16000016-001",INV/16000016-001,"2007-11-29","0","",SL,"2007-11-29","0","",1,"",0,Rupiah,"2007-11-29","2008-12-26 22:19:57","2008-12-26 22:19:57",
425,441,"16000018",1,"16000018-001",INV/16000018-001,"2007-11-29","0","",SL,"2007-11-29","0","",1,"",0,Rupiah,"2007-11-29","2008-12-26 22:19:57","2008-12-26 22:19:57",
426,424,"15000049",1,"15000049-002",INV/15000049-002,"2007-11-29","0","",SL,"2007-11-29","0","",1,"",0,Rupiah,"2007-11-29","2008-12-26 22:19:57","2008-12-26 22:19:57",
427,423,"15000048",1,"15000048-002",INV/15000048-002,"2007-11-29","0","",SL,"2007-11-29","0","",1,"",0,Rupiah,"2007-11-29","2008-12-26 22:19:57","2008-12-26 22:19:57",
428,436,"16000011",1,"16000011-002",INV/16000011-002,"2007-11-29","0","",SL,"2007-11-29","0","",1,"",0,Rupiah,"2007-11-29","2008-12-26 22:19:57","2008-12-26 22:19:57",
429,394,"15000016",1,"15000016-002",INV/15000016-002,"2007-11-29","0","",SL,"2007-11-29","0","",1,"",0,Rupiah,"2007-11-29","2008-12-26 22:19:57","2008-12-26 22:19:57",
430,442,"28000049",1,"28000049-001",INV/28000049-001,"2007-11-29","0","",SL,"2007-11-29","0","",1,"",0,Rupiah,"2007-11-29","2008-12-26 22:19:57","2008-12-26 22:19:57",
431,443,"16000019",1,"16000019-001",INV/16000019-001,"2007-11-29","0","",SL,"2007-11-29","0","",1,"",0,Rupiah,"2007-11-29","2008-12-26 22:19:57","2008-12-26 22:19:57",
432,444,"16000020",1,"16000020-001",INV/16000020-001,"2007-11-29","0","",SL,"2007-11-29","0","",1,"",0,Rupiah,"2007-11-29","2008-12-26 22:19:57","2008-12-26 22:19:57",
433,445,"16000023",1,"16000023-001",INV/16000023-001,"2007-11-29","0","",SL,"2007-11-29","0","",1,"",0,Rupiah,"2007-11-29","2008-12-26 22:19:57","2008-12-26 22:19:57",
434,446,"16000024",1,"16000024-001",INV/16000024-001,"2007-11-29","0","",SL,"2007-11-29","0","",1,"",0,Rupiah,"2007-11-29","2008-12-26 22:19:57","2008-12-26 22:19:57",
435,447,"16000025",1,"16000025-001",INV/16000025-001,"2007-11-29","0","",SL,"2007-11-29","0","",1,"",0,Rupiah,"2007-11-29","2008-12-26 22:19:57","2008-12-26 22:19:57",
436,448,"17000002",1,"17000002-001",INV/17000002-001,"2007-11-29","0","",SL,"2007-11-29","0","",1,"",0,Rupiah,"2007-11-29","2008-12-26 22:19:57","2008-12-26 22:19:57",
437,449,"17000003",1,"17000003-001",INV/17000003-001,"2007-11-29","0","",SL,"2007-11-29","0","",1,"",0,Rupiah,"2007-11-29","2008-12-26 22:19:57","2008-12-26 22:19:57",
438,450,"17000004",1,"17000004-001",INV/17000004-001,"2007-11-29","0","",SL,"2007-11-29","0","",1,"",0,Rupiah,"2007-11-29","2008-12-26 22:19:57","2008-12-26 22:19:57",
439,451,"17000005",1,"17000005-001",INV/17000005-001,"2007-11-29","0","",SL,"2007-11-29","0","",1,"",0,Rupiah,"2007-11-29","2008-12-26 22:19:57","2008-12-26 22:19:57",
440,452,"17000006",1,"17000006-001",INV/17000006-001,"2007-11-29","0","",SL,"2007-11-29","0","",1,"",0,Rupiah,"2007-11-29","2008-12-26 22:19:57","2008-12-26 22:19:57",
441,453,"17000007",1,"17000007-001",INV/17000007-001,"2007-11-29","0","",SL,"2007-11-29","0","",1,"",0,Rupiah,"2007-11-29","2008-12-26 22:19:57","2008-12-26 22:19:57",
442,454,"17000008",1,"17000008-001",INV/17000008-001,"2007-11-29","0","",SL,"2007-11-29","0","",1,"",0,Rupiah,"2007-11-29","2008-12-26 22:19:57","2008-12-26 22:19:57",
443,455,"17000009",1,"17000009-001",INV/17000009-001,"2007-11-29","0","",SL,"2007-11-29","0","",1,"",0,Rupiah,"2007-11-29","2008-12-26 22:19:57","2008-12-26 22:19:57",
444,456,"17000010",1,"17000010-001",INV/17000010-001,"2007-11-29","0","",SL,"2007-11-29","0","",1,"",0,Rupiah,"2007-11-29","2008-12-26 22:19:57","2008-12-26 22:19:57",
445,457,"17000012",1,"17000012-001",INV/17000012-001,"2007-11-29","0","",SL,"2007-11-29","0","",1,"",0,Rupiah,"2007-11-29","2008-12-26 22:19:57","2008-12-26 22:19:57",
446,458,"17000013",1,"17000013-001",INV/17000013-001,"2007-11-29","0","",SL,"2007-11-29","0","",1,"",0,Rupiah,"2007-11-29","2008-12-26 22:19:57","2008-12-26 22:19:57",
447,459,"17000014",1,"17000014-001",INV/17000014-001,"2007-11-29","0","",SL,"2007-11-29","0","",1,"",0,Rupiah,"2007-11-29","2008-12-26 22:19:57","2008-12-26 22:19:57",
448,460,"17000015",1,"17000015-001",INV/17000015-001,"2007-11-29","0","",SL,"2007-11-29","0","",1,"",0,Rupiah,"2007-11-29","2008-12-26 22:19:57","2008-12-26 22:19:57",
449,461,"17000016",1,"17000016-001",INV/17000016-001,"2007-11-29","0","",SL,"2007-11-29","0","",1,"",0,Rupiah,"2007-11-29","2008-12-26 22:19:57","2008-12-26 22:19:57",
450,462,"17000017",1,"17000017-001",INV/17000017-001,"2007-11-29","0","",SL,"2007-11-29","0","",1,"",0,Rupiah,"2007-11-29","2008-12-26 22:19:57","2008-12-26 22:19:57",
451,463,"17000018",1,"17000018-001",INV/17000018-001,"2007-11-29","0","",SL,"2007-11-29","0","",1,"",0,Rupiah,"2007-11-29","2008-12-26 22:19:57","2008-12-26 22:19:57",
452,464,"17000019",1,"17000019-001",INV/17000019-001,"2007-11-29","0","",SL,"2007-11-29","0","",1,"",0,Rupiah,"2007-11-29","2008-12-26 22:19:57","2008-12-26 22:19:57",
453,465,"17000020",1,"17000020-001",INV/17000020-001,"2007-11-29","0","",SL,"2007-11-29","0","",1,"",0,Rupiah,"2007-11-29","2008-12-26 22:19:57","2008-12-26 22:19:57",
454,466,"17000021",1,"17000021-001",INV/17000021-001,"2007-11-29","0","",SL,"2007-11-29","0","",1,"",0,Rupiah,"2007-11-29","2008-12-26 22:19:57","2008-12-26 22:19:57",
455,467,"17000022",1,"17000022-001",INV/17000022-001,"2007-11-29","0","",SL,"2007-11-29","0","",1,"",0,Rupiah,"2007-11-29","2008-12-26 22:19:57","2008-12-26 22:19:57",
456,468,"17000023",1,"17000023-001",INV/17000023-001,"2007-11-29","0","",SL,"2007-11-29","0","",1,"",0,Rupiah,"2007-11-29","2008-12-26 22:19:57","2008-12-26 22:19:57",
457,469,"15000092",1,"15000092-001",INV/15000092-001,"2007-11-29","0","",SL,"2007-11-29","0","",1,"",0,Rupiah,"2007-11-29","2008-12-26 22:19:57","2008-12-26 22:19:57",
458,415,"15000039",1,"15000039-002",INV/15000039-002,"2007-11-29","0","",SL,"2007-11-29","0","",1,"",0,Rupiah,"2007-11-29","2008-12-26 22:19:57","2008-12-26 22:19:57",
459,470,"17000024",1,"17000024-001",INV/17000024-001,"2007-11-29","0","",SL,"2007-11-29","0","",1,"",0,Rupiah,"2007-11-29","2008-12-26 22:19:57","2008-12-26 22:19:57",
460,471,"17000025",1,"17000025-001",INV/17000025-001,"2007-11-29","0","",SL,"2007-11-29","0","",1,"",0,Rupiah,"2007-11-29","2008-12-26 22:19:57","2008-12-26 22:19:57",
461,472,"17000026",1,"17000026-001",INV/17000026-001,"2007-11-29","0","",SL,"2007-11-29","0","",1,"",0,Rupiah,"2007-11-29","2008-12-26 22:19:57","2008-12-26 22:19:57",
462,473,"17000027",1,"17000027-001",INV/17000027-001,"2007-11-29",,"",SL,"2007-11-29","0","",1,"",0,Rupiah,"2007-11-29","2008-12-26 22:19:57","2026-07-23 12:50:54",
463,474,"17000029",1,"17000029-001",INV/17000029-001,"2007-11-29","0","",SL,"2007-11-29","0","",1,"",0,Rupiah,"2007-11-29","2008-12-26 22:19:57","2008-12-26 22:19:57",
464,475,"18000002",1,"18000002-001",INV/18000002-001,"2007-11-29","0","",SL,"2007-11-29","0","",1,"",0,Rupiah,"2007-11-29","2008-12-26 22:19:57","2008-12-26 22:19:57",
465,476,"17000065",1,"17000065-001",INV/17000065-001,"2007-11-29","0","",SL,"2007-11-29","0","",1,"",0,Rupiah,"2007-11-29","2008-12-26 22:19:57","2008-12-26 22:19:57",
466,477,"18000005",1,"18000005-001",INV/18000005-001,"2007-11-29","0","",SL,"2007-11-29","0","",1,"",0,Rupiah,"2007-11-29","2008-12-26 22:19:57","2008-12-26 22:19:57",
467,478,"18000006",1,"18000006-001",INV/18000006-001,"2007-11-29","0","",SL,"2007-11-29","0","",1,"",0,Rupiah,"2007-11-29","2008-12-26 22:19:57","2008-12-26 22:19:57",
468,479,"18000008",1,"18000008-001",INV/18000008-001,"2007-11-29","0","",SL,"2007-11-29","0","",1,"",0,Rupiah,"2007-11-29","2008-12-26 22:19:57","2008-12-26 22:19:57",
469,480,"18000009",1,"18000009-001",INV/18000009-001,"2007-11-29","0","",SL,"2007-11-29","0","",1,"",0,Rupiah,"2007-11-29","2008-12-26 22:19:57","2008-12-26 22:19:57",
470,481,"18000010",1,"18000010-001",INV/18000010-001,"2007-11-29","0","",SL,"2007-11-29","0","",1,"",0,Rupiah,"2007-11-29","2008-12-26 22:19:57","2008-12-26 22:19:57",
471,482,"17000066",1,"17000066-001",INV/17000066-001,"2007-11-29","0","",SL,"2007-11-29","0","",1,"",0,Rupiah,"2007-11-29","2008-12-26 22:19:57","2008-12-26 22:19:57",
472,483,"18000014",1,"18000014-001",INV/18000014-001,"2007-11-29","0","",SL,"2007-11-29","0","",1,"",0,Rupiah,"2007-11-29","2008-12-26 22:19:57","2008-12-26 22:19:57",
473,484,"18000015",1,"18000015-001",INV/18000015-001,"2007-11-29","0","",SL,"2007-11-29","0","",1,"",0,Rupiah,"2007-11-29","2008-12-26 22:19:57","2008-12-26 22:19:57",
474,485,"18000016",1,"18000016-001",INV/18000016-001,"2007-11-29","0","",SL,"2007-11-29","0","",1,"",0,Rupiah,"2007-11-29","2008-12-26 22:19:57","2008-12-26 22:19:57",
475,486,"18000017",1,"18000017-001",INV/18000017-001,"2007-11-29","0","",SL,"2007-11-29","0","",1,"",0,Rupiah,"2007-11-29","2008-12-26 22:19:57","2008-12-26 22:19:57",
476,487,"18000018",1,"18000018-001",INV/18000018-001,"2007-11-29","0","",SL,"2007-11-29","0","",1,"",0,Rupiah,"2007-11-29","2008-12-26 22:19:57","2008-12-26 22:19:57",
477,488,"18000019",1,"18000019-001",INV/18000019-001,"2007-11-29","0","",SL,"2007-11-29","0","",1,"",0,Rupiah,"2007-11-29","2008-12-26 22:19:57","2008-12-26 22:19:57",
478,489,"18000020",1,"18000020-001",INV/18000020-001,"2007-11-29","0","",SL,"2007-11-29","0","",1,"",0,Rupiah,"2007-11-29","2008-12-26 22:19:57","2008-12-26 22:19:57",
479,490,"18000021",1,"18000021-001",INV/18000021-001,"2007-11-29","0","",SL,"2007-11-29","0","",1,"",0,Rupiah,"2007-11-29","2008-12-26 22:19:57","2008-12-26 22:19:57",
480,491,"18000022",1,"18000022-001",INV/18000022-001,"2007-11-29","0","",SL,"2007-11-29","0","",1,"",0,Rupiah,"2007-11-29","2008-12-26 22:19:57","2008-12-26 22:19:57",
481,492,"18000023",1,"18000023-001",INV/18000023-001,"2007-11-29","0","",SL,"2007-11-29","0","",1,"",0,Rupiah,"2007-11-29","2008-12-26 22:19:57","2008-12-26 22:19:57",
482,493,"18000024",1,"18000024-001",INV/18000024-001,"2007-11-29","0","",SL,"2007-11-29","0","",1,"",0,Rupiah,"2007-11-29","2008-12-26 22:19:57","2008-12-26 22:19:57",
483,494,"18000025",1,"18000025-001",INV/18000025-001,"2007-11-29","0","",SL,"2007-11-29","0","",1,"",0,Rupiah,"2007-11-29","2008-12-26 22:19:57","2008-12-26 22:19:57",
484,495,"18000026",1,"18000026-001",INV/18000026-001,"2007-11-29","0","",SL,"2007-11-29","0","",1,"",0,Rupiah,"2007-11-29","2008-12-26 22:19:57","2008-12-26 22:19:57",
485,496,"15000094",1,"15000094-001",INV/15000094-001,"2007-11-29","0","",SL,"2007-11-29","0","",1,"",0,Rupiah,"2007-11-29","2008-12-26 22:19:57","2008-12-26 22:19:57",
486,497,"15000095",1,"15000095-001",INV/15000095-001,"2007-11-29","0","",SL,"2007-11-29","0","",1,"",0,Rupiah,"2007-11-29","2008-12-26 22:19:57","2008-12-26 22:19:57",
487,498,"17000067",1,"17000067-001",INV/17000067-001,"2007-11-29","0","",SL,"2007-11-29","0","",1,"",0,Rupiah,"2007-11-29","2008-12-26 22:19:57","2008-12-26 22:19:57",
488,499,"18000028",1,"18000028-001",INV/18000028-001,"2007-11-29","0","",SL,"2007-11-29","0","",1,"",0,Rupiah,"2007-11-29","2008-12-26 22:19:57","2008-12-26 22:19:57",
489,500,"18000029",1,"18000029-001",INV/18000029-001,"2007-11-29","0","",SL,"2007-11-29","0","",1,"",0,Rupiah,"2007-11-29","2008-12-26 22:19:57","2008-12-26 22:19:57",
490,501,"18000030",1,"18000030-001",INV/18000030-001,"2007-11-29","0","",SL,"2007-11-29","0","",1,"",0,Rupiah,"2007-11-29","2008-12-26 22:19:57","2008-12-26 22:19:57",
491,502,"18000031",1,"18000031-001",INV/18000031-001,"2007-11-29","0","",SL,"2007-11-29","0","",1,"",0,Rupiah,"2007-11-29","2008-12-26 22:19:57","2008-12-26 22:19:57",
492,503,"18000033",1,"18000033-001",INV/18000033-001,"2007-11-29","0","",SL,"2007-11-29","0","",1,"",0,Rupiah,"2007-11-29","2008-12-26 22:19:57","2008-12-26 22:19:57",
493,504,"18000034",1,"18000034-001",INV/18000034-001,"2007-11-29","0","",SL,"2007-11-29","0","",1,"",0,Rupiah,"2007-11-29","2008-12-26 22:19:57","2008-12-26 22:19:57",
494,505,"18000035",1,"18000035-001",INV/18000035-001,"2007-11-29","0","",SL,"2007-11-29","0","",1,"",0,Rupiah,"2007-11-29","2008-12-26 22:19:57","2008-12-26 22:19:57",
495,506,"18000036",1,"18000036-001",INV/18000036-001,"2007-11-29","0","",SL,"2007-11-29","0","",1,"",0,Rupiah,"2007-11-29","2008-12-26 22:19:57","2008-12-26 22:19:57",
496,507,"18000037",1,"18000037-001",INV/18000037-001,"2007-11-29","0","",SL,"2007-11-29","0","",1,"",0,Rupiah,"2007-11-29","2008-12-26 22:19:57","2008-12-26 22:19:57",
497,508,"18000038",1,"18000038-001",INV/18000038-001,"2007-11-29","0","",SL,"2007-11-29","0","",1,"",0,Rupiah,"2007-11-29","2008-12-26 22:19:57","2008-12-26 22:19:57",
498,509,"18000040",1,"18000040-001",INV/18000040-001,"2007-11-29","0","",SL,"2007-11-29","0","",1,"",0,Rupiah,"2007-11-29","2008-12-26 22:19:57","2008-12-26 22:19:57",
499,510,"18000042",1,"18000042-001",INV/18000042-001,"2007-11-29","0","",SL,"2007-11-29","0","",1,"",0,Rupiah,"2007-11-29","2008-12-26 22:19:57","2008-12-26 22:19:57",
500,511,"18000043",1,"18000043-001",INV/18000043-001,"2007-11-29","0","",SL,"2007-11-29","0","",1,"",0,Rupiah,"2007-11-29","2008-12-26 22:19:57","2008-12-26 22:19:57",
501,512,"18000044",1,"18000044-001",INV/18000044-001,"2007-11-29","0","",SL,"2007-11-29","0","",1,"",0,Rupiah,"2007-11-29","2008-12-26 22:19:57","2008-12-26 22:19:57",
502,513,"18000045",1,"18000045-001",INV/18000045-001,"2007-11-29","0","",SL,"2007-11-29","0","",1,"",0,Rupiah,"2007-11-29","2008-12-26 22:19:57","2008-12-26 22:19:57",
503,514,"18000048",1,"18000048-001",INV/18000048-001,"2007-11-29","0","",SL,"2007-11-29","0","",1,"",0,Rupiah,"2007-11-29","2008-12-26 22:19:57","2008-12-26 22:19:57",
504,515,"18000049",1,"18000049-001",INV/18000049-001,"2007-11-29","0","",SL,"2007-11-29","0","",1,"",0,Rupiah,"2007-11-29","2008-12-26 22:19:57","2008-12-26 22:19:57",
505,516,"18000050",1,"18000050-001",INV/18000050-001,"2007-11-29","0","",SL,"2007-11-29","0","",1,"",0,Rupiah,"2007-11-29","2008-12-26 22:19:57","2008-12-26 22:19:57",
506,517,"18000051",1,"18000051-001",INV/18000051-001,"2007-11-29","0","",SL,"2007-11-29","0","",1,"",0,Rupiah,"2007-11-29","2008-12-26 22:19:57","2008-12-26 22:19:57",
507,518,"18000052",1,"18000052-001",INV/18000052-001,"2007-11-29","0","",SL,"2007-11-29","0","",1,"",0,Rupiah,"2007-11-29","2008-12-26 22:19:57","2008-12-26 22:19:57",
508,519,"18000053",1,"18000053-001",INV/18000053-001,"2007-11-29","0","",SL,"2007-11-29","0","",1,"",0,Rupiah,"2007-11-29","2008-12-26 22:19:57","2008-12-26 22:19:57",
509,520,"18000054",1,"18000054-001",INV/18000054-001,"2007-11-29","0","",SL,"2007-11-29","0","",1,"",0,Rupiah,"2007-11-29","2008-12-26 22:19:57","2008-12-26 22:19:57",
510,521,"18000055",1,"18000055-001",INV/18000055-001,"2007-11-29","0","",SL,"2007-11-29","0","",1,"",0,Rupiah,"2007-11-29","2008-12-26 22:19:57","2008-12-26 22:19:57",
511,522,"15000096",1,"15000096-001",INV/15000096-001,"2007-11-29","0","",SL,"2007-11-29","0","",1,"",0,Rupiah,"2007-11-29","2008-12-26 22:19:57","2008-12-26 22:19:57",
512,451,"17000005",1,"17000005-002",INV/17000005-002,"2007-11-29","0","",SL,"2007-11-29","0","",1,"",0,Rupiah,"2007-11-29","2008-12-26 22:19:57","2008-12-26 22:19:57",
513,509,"18000040",1,"18000040-002",INV/18000040-002,"2007-11-29","0","",SL,"2007-11-29","0","",1,"",0,Rupiah,"2007-11-29","2008-12-26 22:19:57","2008-12-26 22:19:57",
514,523,"18000301",1,"18000301-002",INV/18000301-002,"2007-11-29","0","",SL,"2007-11-29","0","",1,"",0,Rupiah,"2007-11-29","2008-12-26 22:19:57","2008-12-26 22:19:57",
515,524,"18000056",1,"18000056-001",INV/18000056-001,"2007-11-29","0","",SL,"2007-11-29","0","",1,"",0,Rupiah,"2007-11-29","2008-12-26 22:19:57","2008-12-26 22:19:57",
516,525,"17000068",1,"17000068-001",INV/17000068-001,"2007-11-29","0","",SL,"2007-11-29","0","",1,"",0,Rupiah,"2007-11-29","2008-12-26 22:19:57","2008-12-26 22:19:57",
517,526,"18000060",1,"18000060-001",INV/18000060-001,"2007-11-29","0","",SL,"2007-11-29","0","",1,"",0,Rupiah,"2007-11-29","2008-12-26 22:19:57","2008-12-26 22:19:57",
518,527,"18000061",1,"18000061-001",INV/18000061-001,"2007-11-29","0","",SL,"2007-11-29","0","",1,"",0,Rupiah,"2007-11-29","2008-12-26 22:19:57","2008-12-26 22:19:57",
519,528,"18000062",1,"18000062-001",INV/18000062-001,"2007-11-29","0","",SL,"2007-11-29","0","",1,"",0,Rupiah,"2007-11-29","2008-12-26 22:19:57","2008-12-26 22:19:57",
520,529,"18000063",1,"18000063-001",INV/18000063-001,"2007-11-29","0","",SL,"2007-11-29","0","",1,"",0,Rupiah,"2007-11-29","2008-12-26 22:19:57","2008-12-26 22:19:57",
521,530,"18000064",1,"18000064-001",INV/18000064-001,"2007-11-29","0","",SL,"2007-11-29","0","",1,"",0,Rupiah,"2007-11-29","2008-12-26 22:19:57","2008-12-26 22:19:57",
522,531,"18000065",1,"18000065-001",INV/18000065-001,"2007-11-29","0","",SL,"2007-11-29","0","",1,"",0,Rupiah,"2007-11-29","2008-12-26 22:19:57","2008-12-26 22:19:57",
523,532,"18000066",1,"18000066-001",INV/18000066-001,"2007-11-29","0","",SL,"2007-11-29","0","",1,"",0,Rupiah,"2007-11-29","2008-12-26 22:19:57","2008-12-26 22:19:57",
524,533,"17000069",1,"17000069-001",INV/17000069-001,"2007-11-29","0","",SL,"2007-11-29","0","",1,"",0,Rupiah,"2007-11-29","2008-12-26 22:19:57","2008-12-26 22:19:57",
525,534,"17000070",1,"17000070-001",INV/17000070-001,"2007-11-29","0","",SL,"2007-11-29","0","",1,"",0,Rupiah,"2007-11-29","2008-12-26 22:19:57","2008-12-26 22:19:57",
526,535,"17000071",1,"17000071-001",INV/17000071-001,"2007-11-29","0","",SL,"2007-11-29","0","",1,"",0,Rupiah,"2007-11-29","2008-12-26 22:19:57","2008-12-26 22:19:57",
527,536,"17000072",1,"17000072-001",INV/17000072-001,"2007-11-29","0","",SL,"2007-11-29","0","",1,"",0,Rupiah,"2007-11-29","2008-12-26 22:19:57","2008-12-26 22:19:57",
528,537,"17000073",1,"17000073-001",INV/17000073-001,"2007-11-29","0","",SL,"2007-11-29","0","",1,"",0,Rupiah,"2007-11-29","2008-12-26 22:19:57","2008-12-26 22:19:57",
529,538,"18000072",1,"18000072-001",INV/18000072-001,"2007-11-29","0","",SL,"2007-11-29","0","",1,"",0,Rupiah,"2007-11-29","2008-12-26 22:19:57","2008-12-26 22:19:57",
530,539,"18000073",1,"18000073-001",INV/18000073-001,"2007-11-29","0","",SL,"2007-11-29","0","",1,"",0,Rupiah,"2007-11-29","2008-12-26 22:19:57","2008-12-26 22:19:57",
531,540,"18000074",1,"18000074-001",INV/18000074-001,"2007-11-29","0","",SL,"2007-11-29","0","",1,"",0,Rupiah,"2007-11-29","2008-12-26 22:19:57","2008-12-26 22:19:57",
532,541,"18000075",1,"18000075-001",INV/18000075-001,"2007-11-29","0","",SL,"2007-11-29","0","",1,"",0,Rupiah,"2007-11-29","2008-12-26 22:19:57","2008-12-26 22:19:57",
533,542,"18000076",1,"18000076-001",INV/18000076-001,"2007-11-29","0","",SL,"2007-11-29","0","",1,"",0,Rupiah,"2007-11-29","2008-12-26 22:19:57","2008-12-26 22:19:57",
534,543,"18000081",1,"18000081-002",INV/18000081-002,"2007-11-29","0","",SL,"2007-11-29","0","",1,"",0,Rupiah,"2007-11-29","2008-12-26 22:19:57","2008-12-26 22:19:57",
535,544,"17000074",1,"17000074-001",INV/17000074-001,"2007-11-29","0","",SL,"2007-11-29","0","",1,"",0,Rupiah,"2007-11-29","2008-12-26 22:19:57","2008-12-26 22:19:57",
536,545,"18000079",1,"18000079-001",INV/18000079-001,"2007-11-29","0","",SL,"2007-11-29","0","",1,"",0,Rupiah,"2007-11-29","2008-12-26 22:19:57","2008-12-26 22:19:57",
537,546,"17000075",1,"17000075-001",INV/17000075-001,"2007-11-29","0","",SL,"2007-11-29","0","",1,"",0,Rupiah,"2007-11-29","2008-12-26 22:19:57","2008-12-26 22:19:57",
538,543,"18000081",1,"18000081-001",INV/18000081-001,"2007-11-29","0","",SL,"2007-11-29","0","",1,"",0,Rupiah,"2007-11-29","2008-12-26 22:19:57","2008-12-26 22:19:57",
539,547,"18000083",1,"18000083-001",INV/18000083-001,"2007-11-29","0","",SL,"2007-11-29","0","",1,"",0,Rupiah,"2007-11-29","2008-12-26 22:19:57","2008-12-26 22:19:57",
540,548,"18000084",1,"18000084-001",INV/18000084-001,"2007-11-29","0","",SL,"2007-11-29","0","",1,"",0,Rupiah,"2007-11-29","2008-12-26 22:19:57","2008-12-26 22:19:57",
541,549,"18000085",1,"18000085-001",INV/18000085-001,"2007-11-29","0","",SL,"2007-11-29","0","",1,"",0,Rupiah,"2007-11-29","2008-12-26 22:19:57","2008-12-26 22:19:57",
542,550,"18000086",1,"18000086-001",INV/18000086-001,"2007-11-29","0","",SL,"2007-11-29","0","",1,"",0,Rupiah,"2007-11-29","2008-12-26 22:19:57","2008-12-26 22:19:57",
543,551,"18000087",1,"18000087-001",INV/18000087-001,"2007-11-29","0","",SL,"2007-11-29","0","",1,"",0,Rupiah,"2007-11-29","2008-12-26 22:19:57","2008-12-26 22:19:57",
544,552,"15000097",1,"15000097-001",INV/15000097-001,"2007-11-29","0","",SL,"2007-11-29","0","",1,"",0,Rupiah,"2007-11-29","2008-12-26 22:19:57","2008-12-26 22:19:57",
545,553,"12000160",1,"12000160-001",INV/12000160-001,"2007-11-29","0","",SL,"2007-11-29","0","",1,"",0,Rupiah,"2007-11-29","2008-12-26 22:19:57","2008-12-26 22:19:57",
546,554,"12000165",1,"12000165-001",INV/12000165-001,"2007-11-29","0","",SL,"2007-11-29","0","",1,"",0,Rupiah,"2007-11-29","2008-12-26 22:19:57","2008-12-26 22:19:57",
547,555,"18000088",1,"18000088-001",INV/18000088-001,"2007-11-29","0","",SL,"2007-11-29","0","",1,"",0,Rupiah,"2007-11-29","2008-12-26 22:19:57","2008-12-26 22:19:57",
548,556,"18000090",1,"18000090-001",INV/18000090-001,"2007-11-29","0","",SL,"2007-11-29","0","",1,"",0,Rupiah,"2007-11-29","2008-12-26 22:19:57","2008-12-26 22:19:57",
549,557,"18000091",1,"18000091-001",INV/18000091-001,"2007-11-29","0","",SL,"2007-11-29","0","",1,"",0,Rupiah,"2007-11-29","2008-12-26 22:19:57","2008-12-26 22:19:57",
550,558,"18000092",1,"18000092-001",INV/18000092-001,"2007-11-29","0","",SL,"2007-11-29","0","",1,"",0,Rupiah,"2007-11-29","2008-12-26 22:19:57","2008-12-26 22:19:57",
551,559,"18000093",1,"18000093-001",INV/18000093-001,"2007-11-29","0","",SL,"2007-11-29","0","",1,"",0,Rupiah,"2007-11-29","2008-12-26 22:19:57","2008-12-26 22:19:57",
552,560,"18000094",1,"18000094-001",INV/18000094-001,"2007-11-29","0","",SL,"2007-11-29","0","",1,"",0,Rupiah,"2007-11-29","2008-12-26 22:19:57","2008-12-26 22:19:57",
553,561,"18000095",1,"18000095-001",INV/18000095-001,"2007-11-29","0","",SL,"2007-11-29","0","",1,"",0,Rupiah,"2007-11-29","2008-12-26 22:19:57","2008-12-26 22:19:57",
554,562,"18000096",1,"18000096-001",INV/18000096-001,"2007-11-29","0","",SL,"2007-11-29","0","",1,"",0,Rupiah,"2007-11-29","2008-12-26 22:19:57","2008-12-26 22:19:57",
555,563,"18000097",1,"18000097-001",INV/18000097-001,"2007-11-29","0","",SL,"2007-11-29","0","",1,"",0,Rupiah,"2007-11-29","2008-12-26 22:19:57","2008-12-26 22:19:57",
556,564,"18000098",1,"18000098-001",INV/18000098-001,"2007-11-29","0","",SL,"2007-11-29","0","",1,"",0,Rupiah,"2007-11-29","2008-12-26 22:19:57","2008-12-26 22:19:57",
557,565,"18000099",1,"18000099-001",INV/18000099-001,"2007-11-29","0","",SL,"2007-11-29","0","",1,"",0,Rupiah,"2007-11-29","2008-12-26 22:19:57","2008-12-26 22:19:57",
558,566,"18000100",1,"18000100-001",INV/18000100-001,"2007-11-29","0","",SL,"2007-11-29","0","",1,"",0,Rupiah,"2007-11-29","2008-12-26 22:19:57","2008-12-26 22:19:57",
559,567,"18000101",1,"18000101-001",INV/18000101-001,"2007-11-29","0","",SL,"2007-11-29","0","",1,"",0,Rupiah,"2007-11-29","2008-12-26 22:19:57","2008-12-26 22:19:57",
560,568,"18000102",1,"18000102-001",INV/18000102-001,"2007-11-29","0","",SL,"2007-11-29","0","",1,"",0,Rupiah,"2007-11-29","2008-12-26 22:19:57","2008-12-26 22:19:57",
561,569,"18000103",1,"18000103-001",INV/18000103-001,"2007-11-29","0","",SL,"2007-11-29","0","",1,"",0,Rupiah,"2007-11-29","2008-12-26 22:19:57","2008-12-26 22:19:57",
562,570,"18000104",1,"18000104-001",INV/18000104-001,"2007-11-29","0","",SL,"2007-11-29","0","",1,"",0,Rupiah,"2007-11-29","2008-12-26 22:19:57","2008-12-26 22:19:57",
563,571,"18000105",1,"18000105-001",INV/18000105-001,"2007-11-29","0","",SL,"2007-11-29","0","",1,"",0,Rupiah,"2007-11-29","2008-12-26 22:19:57","2008-12-26 22:19:57",
564,572,"18000106",1,"18000106-001",INV/18000106-001,"2007-11-29","0","",SL,"2007-11-29","0","",1,"",0,Rupiah,"2007-11-29","2008-12-26 22:19:57","2008-12-26 22:19:57",
565,573,"18000109",1,"18000109-001",INV/18000109-001,"2007-11-29","0","",SL,"2007-11-29","0","",1,"",0,Rupiah,"2007-11-29","2008-12-26 22:19:57","2008-12-26 22:19:57",
566,574,"18000112",1,"18000112-001",INV/18000112-001,"2007-11-29","0","",SL,"2007-11-29","0","",1,"",0,Rupiah,"2007-11-29","2008-12-26 22:19:57","2008-12-26 22:19:57",
567,575,"18000114",1,"18000114-001",INV/18000114-001,"2007-11-29","0","",SL,"2007-11-29","0","",1,"",0,Rupiah,"2007-11-29","2008-12-26 22:19:57","2008-12-26 22:19:57",
568,576,"18000116",1,"18000116-001",INV/18000116-001,"2007-11-29","0","",SL,"2007-11-29","0","",1,"",0,Rupiah,"2007-11-29","2008-12-26 22:19:57","2008-12-26 22:19:57",
569,577,"18000117",1,"18000117-001",INV/18000117-001,"2007-11-29","0","",SL,"2007-11-29","0","",1,"",0,Rupiah,"2007-11-29","2008-12-26 22:19:57","2008-12-26 22:19:57",
570,578,"18000120",1,"18000120-001",INV/18000120-001,"2007-11-29","0","",SL,"2007-11-29","0","",1,"",0,Rupiah,"2007-11-29","2008-12-26 22:19:57","2008-12-26 22:19:57",
571,579,"24000504",1,"24000504-001",INV/24000504-001,"2007-11-29","0","",SL,"2007-11-29","0","",1,"",0,Rupiah,"2007-11-29","2008-12-26 22:19:57","2008-12-26 22:19:57",
572,580,"18000121",1,"18000121-001",INV/18000121-001,"2007-11-29","0","",SL,"2007-11-29","0","",1,"",0,Rupiah,"2007-11-29","2008-12-26 22:19:57","2008-12-26 22:19:57",
573,581,"18000122",1,"18000122-001",INV/18000122-001,"2007-11-29","0","",SL,"2007-11-29","0","",1,"",0,Rupiah,"2007-11-29","2008-12-26 22:19:57","2008-12-26 22:19:57",
574,582,"18000123",1,"18000123-001",INV/18000123-001,"2007-11-29","0","",SL,"2007-11-29","0","",1,"",0,Rupiah,"2007-11-29","2008-12-26 22:19:57","2008-12-26 22:19:57",
575,583,"18000124",1,"18000124-001",INV/18000124-001,"2007-11-29","0","",SL,"2007-11-29","0","",1,"",0,Rupiah,"2007-11-29","2008-12-26 22:19:57","2008-12-26 22:19:57",
576,584,"18000126",1,"18000126-001",INV/18000126-001,"2007-11-29","0","",SL,"2007-11-29","0","",1,"",0,Rupiah,"2007-11-29","2008-12-26 22:19:57","2008-12-26 22:19:57",
577,585,"18000127",1,"18000127-001",INV/18000127-001,"2007-11-29","0","",SL,"2007-11-29","0","",1,"",0,Rupiah,"2007-11-29","2008-12-26 22:19:57","2008-12-26 22:19:57",
578,586,"18000128",1,"18000128-001",INV/18000128-001,"2007-11-29","0","",SL,"2007-11-29","0","",1,"",0,Rupiah,"2007-11-29","2008-12-26 22:19:57","2008-12-26 22:19:57",
579,587,"18000129",1,"18000129-001",INV/18000129-001,"2007-11-29","0","",SL,"2007-11-29","0","",1,"",0,Rupiah,"2007-11-29","2008-12-26 22:19:57","2008-12-26 22:19:57",
580,588,"18000130",1,"18000130-001",INV/18000130-001,"2007-11-29","0","",SL,"2007-11-29","0","",1,"",0,Rupiah,"2007-11-29","2008-12-26 22:19:57","2008-12-26 22:19:57",
581,589,"18000131",1,"18000131-001",INV/18000131-001,"2007-11-29","0","",SL,"2007-11-29","0","",1,"",0,Rupiah,"2007-11-29","2008-12-26 22:19:57","2008-12-26 22:19:57",
582,590,"18000132",1,"18000132-001",INV/18000132-001,"2007-11-29","0","",SL,"2007-11-29","0","",1,"",0,Rupiah,"2007-11-29","2008-12-26 22:19:57","2008-12-26 22:19:57",
583,591,"18000133",1,"18000133-001",INV/18000133-001,"2007-11-29","0","",SL,"2007-11-29","0","",1,"",0,Rupiah,"2007-11-29","2008-12-26 22:19:57","2008-12-26 22:19:57",
584,592,"18000134",1,"18000134-001",INV/18000134-001,"2007-11-29","0","",SL,"2007-11-29","0","",1,"",0,Rupiah,"2007-11-29","2008-12-26 22:19:57","2008-12-26 22:19:57",
585,593,"18000135",1,"18000135-001",INV/18000135-001,"2007-11-29","0","",SL,"2007-11-29","0","",1,"",0,Rupiah,"2007-11-29","2008-12-26 22:19:57","2008-12-26 22:19:57",
586,594,"18000136",1,"18000136-001",INV/18000136-001,"2007-11-29","0","",SL,"2007-11-29","0","",1,"",0,Rupiah,"2007-11-29","2008-12-26 22:19:57","2008-12-26 22:19:57",
587,595,"18000137",1,"18000137-001",INV/18000137-001,"2007-11-29","0","",SL,"2007-11-29","0","",1,"",0,Rupiah,"2007-11-29","2008-12-26 22:19:57","2008-12-26 22:19:57",
588,596,"18000138",1,"18000138-001",INV/18000138-001,"2007-11-29","0","",SL,"2007-11-29","0","",1,"",0,Rupiah,"2007-11-29","2008-12-26 22:19:57","2008-12-26 22:19:57",
589,597,"18000139",1,"18000139-001",INV/18000139-001,"2007-11-29","0","",SL,"2007-11-29","0","",1,"",0,Rupiah,"2007-11-29","2008-12-26 22:19:57","2008-12-26 22:19:57",
590,598,"18000140",1,"18000140-001",INV/18000140-001,"2007-11-29","0","",SL,"2007-11-29","0","",1,"",0,Rupiah,"2007-11-29","2008-12-26 22:19:57","2008-12-26 22:19:57",
591,599,"18000141",1,"18000141-001",INV/18000141-001,"2007-11-29","0","",SL,"2007-11-29","0","",1,"",0,Rupiah,"2007-11-29","2008-12-26 22:19:57","2008-12-26 22:19:57",
592,600,"18000142",1,"18000142-001",INV/18000142-001,"2007-11-29","0","",SL,"2007-11-29","0","",1,"",0,Rupiah,"2007-11-29","2008-12-26 22:19:57","2008-12-26 22:19:57",
593,601,"18000143",1,"18000143-001",INV/18000143-001,"2007-11-29","0","",SL,"2007-11-29","0","",1,"",0,Rupiah,"2007-11-29","2008-12-26 22:19:57","2008-12-26 22:19:57",
594,602,"18000144",1,"18000144-001",INV/18000144-001,"2007-11-29","0","",SL,"2007-11-29","0","",1,"",0,Rupiah,"2007-11-29","2008-12-26 22:19:57","2008-12-26 22:19:57",
595,603,"18000145",1,"18000145-001",INV/18000145-001,"2007-11-29","0","",SL,"2007-11-29","0","",1,"",0,Rupiah,"2007-11-29","2008-12-26 22:19:57","2008-12-26 22:19:57",
596,604,"18000146",1,"18000146-001",INV/18000146-001,"2007-11-29","0","",SL,"2007-11-29","0","",1,"",0,Rupiah,"2007-11-29","2008-12-26 22:19:57","2008-12-26 22:19:57",
597,605,"18000147",1,"18000147-001",INV/18000147-001,"2007-11-29","0","",SL,"2007-11-29","0","",1,"",0,Rupiah,"2007-11-29","2008-12-26 22:19:57","2008-12-26 22:19:57",
598,606,"18000149",1,"18000149-001",INV/18000149-001,"2007-11-29","0","",SL,"2007-11-29","0","",1,"",0,Rupiah,"2007-11-29","2008-12-26 22:19:57","2008-12-26 22:19:57",
599,607,"18000150",1,"18000150-001",INV/18000150-001,"2007-11-29","0","",SL,"2007-11-29","0","",1,"",0,Rupiah,"2007-11-29","2008-12-26 22:19:57","2008-12-26 22:19:57",
600,608,"18000152",1,"18000152-001",INV/18000152-001,"2007-11-29","0","",SL,"2007-11-29","0","",1,"",0,Rupiah,"2007-11-29","2008-12-26 22:19:57","2008-12-26 22:19:57",
601,452,"17000006",1,"17000006-002",INV/17000006-002,"2007-11-29","0","",SL,"2007-11-29","0","",1,"",0,Rupiah,"2007-11-29","2008-12-26 22:19:57","2008-12-26 22:19:57",
602,609,"18000153",1,"18000153-001",INV/18000153-001,"2007-11-29","0","",SL,"2007-11-29","0","",1,"",0,Rupiah,"2007-11-29","2008-12-26 22:19:57","2008-12-26 22:19:57",
603,610,"18000154",1,"18000154-001",INV/18000154-001,"2007-11-29","0","",SL,"2007-11-29","0","",1,"",0,Rupiah,"2007-11-29","2008-12-26 22:19:57","2008-12-26 22:19:57",
604,611,"18000155",1,"18000155-001",INV/18000155-001,"2007-11-29","0","",SL,"2007-11-29","0","",1,"",0,Rupiah,"2007-11-29","2008-12-26 22:19:57","2008-12-26 22:19:57",
605,612,"18000156",1,"18000156-001",INV/18000156-001,"2007-11-29","0","",SL,"2007-11-29","0","",1,"",0,Rupiah,"2007-11-29","2008-12-26 22:19:57","2008-12-26 22:19:57",
606,613,"18000157",1,"18000157-001",INV/18000157-001,"2007-11-29","0","",SL,"2007-11-29","0","",1,"",0,Rupiah,"2007-11-29","2008-12-26 22:19:57","2008-12-26 22:19:57",
607,614,"18000158",1,"18000158-001",INV/18000158-001,"2007-11-29","0","",SL,"2007-11-29","0","",1,"",0,Rupiah,"2007-11-29","2008-12-26 22:19:57","2008-12-26 22:19:57",
608,615,"18000159",1,"18000159-001",INV/18000159-001,"2007-11-29","0","",SL,"2007-11-29","0","",1,"",0,Rupiah,"2007-11-29","2008-12-26 22:19:57","2008-12-26 22:19:57",
609,616,"18000160",1,"18000160-001",INV/18000160-001,"2007-11-29","0","",SL,"2007-11-29","0","",1,"",0,Rupiah,"2007-11-29","2008-12-26 22:19:57","2008-12-26 22:19:57",
610,617,"18000162",1,"18000162-001",INV/18000162-001,"2007-11-29","0","",SL,"2007-11-29","0","",1,"",0,Rupiah,"2007-11-29","2008-12-26 22:19:57","2008-12-26 22:19:57",
611,618,"18000164",1,"18000164-001",INV/18000164-001,"2007-11-29","0","",SL,"2007-11-29","0","",1,"",0,Rupiah,"2007-11-29","2008-12-26 22:19:57","2008-12-26 22:19:57",
612,619,"19000002",1,"19000002-001",INV/19000002-001,"2007-11-29","0","",SL,"2007-11-29","0","",1,"",0,Rupiah,"2007-11-29","2008-12-26 22:19:57","2008-12-26 22:19:57",
613,620,"19000003",1,"19000003-001",INV/19000003-001,"2007-11-29","0","",SL,"2007-11-29","0","",1,"",0,Rupiah,"2007-11-29","2008-12-26 22:19:57","2008-12-26 22:19:57",
614,621,"19000004",1,"19000004-001",INV/19000004-001,"2007-11-29","0","",SL,"2007-11-29","0","",1,"",0,Rupiah,"2007-11-29","2008-12-26 22:19:57","2008-12-26 22:19:57",
615,622,"19000005",1,"19000005-001",INV/19000005-001,"2007-11-29","0","",SL,"2007-11-29","0","",1,"",0,Rupiah,"2007-11-29","2008-12-26 22:19:57","2008-12-26 22:19:57",
616,623,"19000006",1,"19000006-001",INV/19000006-001,"2007-11-29","0","",SL,"2007-11-29","0","",1,"",0,Rupiah,"2007-11-29","2008-12-26 22:19:57","2008-12-26 22:19:57",
617,624,"19000008",1,"19000008-001",INV/19000008-001,"2007-11-29","0","",SL,"2007-11-29","0","",1,"",0,Rupiah,"2007-11-29","2008-12-26 22:19:57","2008-12-26 22:19:57",
618,625,"19000009",1,"19000009-001",INV/19000009-001,"2007-11-29","0","",SL,"2007-11-29","0","",1,"",0,Rupiah,"2007-11-29","2008-12-26 22:19:57","2008-12-26 22:19:57",
619,626,"19000010",1,"19000010-001",INV/19000010-001,"2007-11-29","0","",SL,"2007-11-29","0","",1,"",0,Rupiah,"2007-11-29","2008-12-26 22:19:57","2008-12-26 22:19:57",
620,627,"19000011",1,"19000011-001",INV/19000011-001,"2007-11-29","0","",SL,"2007-11-29","0","",1,"",0,Rupiah,"2007-11-29","2008-12-26 22:19:57","2008-12-26 22:19:57",
621,628,"19000012",1,"19000012-001",INV/19000012-001,"2007-11-29","0","",SL,"2007-11-29","0","",1,"",0,Rupiah,"2007-11-29","2008-12-26 22:19:57","2008-12-26 22:19:57",
622,629,"19000013",1,"19000013-001",INV/19000013-001,"2007-11-29","0","",SL,"2007-11-29","0","",1,"",0,Rupiah,"2007-11-29","2008-12-26 22:19:57","2008-12-26 22:19:57",
623,630,"19000014",1,"19000014-001",INV/19000014-001,"2007-11-29","0","",SL,"2007-11-29","0","",1,"",0,Rupiah,"2007-11-29","2008-12-26 22:19:57","2008-12-26 22:19:57",
624,631,"19000017",1,"19000017-001",INV/19000017-001,"2007-11-29","0","",SL,"2007-11-29","0","",1,"",0,Rupiah,"2007-11-29","2008-12-26 22:19:57","2008-12-26 22:19:57",
625,632,"19000018",1,"19000018-001",INV/19000018-001,"2007-11-29","0","",SL,"2007-11-29","0","",1,"",0,Rupiah,"2007-11-29","2008-12-26 22:19:57","2008-12-26 22:19:57",
626,633,"11000125",1,"11000125-001",INV/11000125-001,"2007-11-29","0","",SL,"2007-11-29","0","",1,"",0,Rupiah,"2007-11-29","2008-12-26 22:19:57","2008-12-26 22:19:57",
628,635,"25000012",1,"25000012-002",INV/25000012-002,"2007-11-29","0","",SL,"2007-11-29","0","",1,"",0,Rupiah,"2007-11-29","2008-12-26 22:19:57","2008-12-26 22:19:57",
629,636,"19000019",1,"19000019-001",INV/19000019-001,"2007-11-29","0","",SL,"2007-11-29","0","",1,"",0,Rupiah,"2007-11-29","2008-12-26 22:19:57","2008-12-26 22:19:57",
630,637,"19000020",1,"19000020-001",INV/19000020-001,"2007-11-29",,"",SL,"2007-11-29","0","",1,"",0,Rupiah,"2007-11-29","2008-12-26 22:19:57","2026-07-16 12:49:42",
631,634,"19000021",1,"19000021-001",INV/19000021-001,"2007-11-29","0","",SL,"2007-11-29","0","",1,"",0,Rupiah,"2007-11-29","2008-12-26 22:19:57","2008-12-26 22:19:57",
632,638,"19000022",1,"19000022-001",INV/19000022-001,"2007-11-29","0","",SL,"2007-11-29","0","",1,"",0,Rupiah,"2007-11-29","2008-12-26 22:19:57","2008-12-26 22:19:57",
633,639,"19000023",1,"19000023-001",INV/19000023-001,"2007-11-29","0","",SL,"2007-11-29","0","",1,"",0,Rupiah,"2007-11-29","2008-12-26 22:19:57","2008-12-26 22:19:57",
634,640,"19000024",1,"19000024-001",INV/19000024-001,"2007-11-29","0","",SL,"2007-11-29","0","",1,"",0,Rupiah,"2007-11-29","2008-12-26 22:19:57","2008-12-26 22:19:57",
635,641,"19000025",1,"19000025-001",INV/19000025-001,"2007-11-29","0","",SL,"2007-11-29","0","",1,"",0,Rupiah,"2007-11-29","2008-12-26 22:19:57","2008-12-26 22:19:57",
636,642,"19000026",1,"19000026-001",INV/19000026-001,"2007-11-29","0","",SL,"2007-11-29","0","",1,"",0,Rupiah,"2007-11-29","2008-12-26 22:19:57","2008-12-26 22:19:57",
637,643,"19000027",1,"19000027-001",INV/19000027-001,"2007-11-29","0","",SL,"2007-11-29","0","",1,"",0,Rupiah,"2007-11-29","2008-12-26 22:19:57","2008-12-26 22:19:57",
638,644,"20000001",1,"20000001-001",INV/20000001-001,"2007-11-29","0","",SL,"2007-11-29","0","",1,"",0,Rupiah,"2007-11-29","2008-12-26 22:19:57","2008-12-26 22:19:57",
639,645,"20000002",1,"20000002-001",INV/20000002-001,"2007-11-29","0","",SL,"2007-11-29","0","",1,"",0,Rupiah,"2007-11-29","2008-12-26 22:19:57","2008-12-26 22:19:57",
640,646,"20000005",1,"20000005-001",INV/20000005-001,"2007-11-29","0","",SL,"2007-11-29","0","",1,"",0,Rupiah,"2007-11-29","2008-12-26 22:19:57","2008-12-26 22:19:57",
641,647,"20000007",1,"20000007-001",INV/20000007-001,"2007-11-29","0","",SL,"2007-11-29","0","",1,"",0,Rupiah,"2007-11-29","2008-12-26 22:19:57","2008-12-26 22:19:57",
642,648,"20000008",1,"20000008-001",INV/20000008-001,"2007-11-29","0","",SL,"2007-11-29","0","",1,"",0,Rupiah,"2007-11-29","2008-12-26 22:19:57","2008-12-26 22:19:57",
643,649,"20000009",1,"20000009-001",INV/20000009-001,"2007-11-29","0","",SL,"2007-11-29","0","",1,"",0,Rupiah,"2007-11-29","2008-12-26 22:19:57","2008-12-26 22:19:57",
644,650,"20000010",1,"20000010-001",INV/20000010-001,"2007-11-29","0","",SL,"2007-11-29","0","",1,"",0,Rupiah,"2007-11-29","2008-12-26 22:19:57","2008-12-26 22:19:57",
645,651,"21000001",1,"21000001-001",INV/21000001-001,"2007-11-29","0","",SL,"2007-11-29","0","",1,"",0,Rupiah,"2007-11-29","2008-12-26 22:19:57","2008-12-26 22:19:57",
646,652,"21000003",1,"21000003-001",INV/21000003-001,"2007-11-29","0","",SL,"2007-11-29","0","",1,"",0,Rupiah,"2007-11-29","2008-12-26 22:19:57","2008-12-26 22:19:57",
647,653,"21000004",1,"21000004-001",INV/21000004-001,"2007-11-29","0","",SL,"2007-11-29","0","",1,"",0,Rupiah,"2007-11-29","2008-12-26 22:19:57","2008-12-26 22:19:57",
648,654,"21000005",1,"21000005-001",INV/21000005-001,"2007-11-29","0","",SL,"2007-11-29","0","",1,"",0,Rupiah,"2007-11-29","2008-12-26 22:19:57","2008-12-26 22:19:57",
649,655,"21000008",1,"21000008-001",INV/21000008-001,"2007-11-29","0","",SL,"2007-11-29","0","",1,"",0,Rupiah,"2007-11-29","2008-12-26 22:19:57","2008-12-26 22:19:57",
650,656,"23000008",1,"23000008-002",INV/23000008-002,"2007-11-29","0","",SL,"2007-11-29","0","",1,"",0,Rupiah,"2007-11-29","2008-12-26 22:19:57","2008-12-26 22:19:57",
651,657,"23000010",1,"23000010-002",INV/23000010-002,"2007-11-29","0","",SL,"2007-11-29","0","",1,"",0,Rupiah,"2007-11-29","2008-12-26 22:19:57","2008-12-26 22:19:57",
652,331,"13000008",1,"13000008-002",INV/13000008-002,"2007-11-29","0","",SL,"2007-11-29","0","",1,"",0,Rupiah,"2007-11-29","2008-12-26 22:19:57","2008-12-26 22:19:57",
653,332,"13000009",1,"13000009-002",INV/13000009-002,"2007-11-29","0","",SL,"2007-11-29","0","",1,"",0,Rupiah,"2007-11-29","2008-12-26 22:19:57","2008-12-26 22:19:57",
654,334,"13000011",1,"13000011-002",INV/13000011-002,"2007-11-29","0","",SL,"2007-11-29","0","",1,"",0,Rupiah,"2007-11-29","2008-12-26 22:19:57","2008-12-26 22:19:57",
655,658,"21000010",1,"21000010-001",INV/21000010-001,"2007-11-29","0","",SL,"2007-11-29","0","",1,"",0,Rupiah,"2007-11-29","2008-12-26 22:19:57","2008-12-26 22:19:57",
656,659,"22000114",1,"22000114-002",INV/22000114-002,"2007-11-29","0","",SL,"2007-11-29","0","",1,"",0,Rupiah,"2007-11-29","2008-12-26 22:19:57","2008-12-26 22:19:57",
657,660,"22000002",1,"22000002-001",INV/22000002-001,"2007-11-29","0","",SL,"2007-11-29","0","",1,"",0,Rupiah,"2007-11-29","2008-12-26 22:19:57","2008-12-26 22:19:57",
658,661,"22000004",1,"22000004-001",INV/22000004-001,"2007-11-29","0","",SL,"2007-11-29","0","",1,"",0,Rupiah,"2007-11-29","2008-12-26 22:19:57","2008-12-26 22:19:57",
661,664,"22000008",1,"22000008-001",INV/22000008-001,"2007-11-29","0","",SL,"2007-11-29","0","",1,"",0,Rupiah,"2007-11-29","2008-12-26 22:19:57","2008-12-26 22:19:57",
663,666,"22000010",1,"22000010-001",INV/22000010-001,"2007-11-29","0","",SL,"2007-11-29","0","",1,"",0,Rupiah,"2007-11-29","2008-12-26 22:19:57","2008-12-26 22:19:57",
664,667,"22000011",1,"22000011-001",INV/22000011-001,"2007-11-29","0","",SL,"2007-11-29","0","",1,"",0,Rupiah,"2007-11-29","2008-12-26 22:19:57","2008-12-26 22:19:57",
667,670,"22000014",1,"22000014-001",INV/22000014-001,"2007-11-29","0","",SL,"2007-11-29","0","",1,"",0,Rupiah,"2007-11-29","2008-12-26 22:19:57","2008-12-26 22:19:57",
669,672,"22000016",1,"22000016-001",INV/22000016-001,"2007-11-29","0","",SL,"2007-11-29","0","",1,"",0,Rupiah,"2007-11-29","2008-12-26 22:19:57","2008-12-26 22:19:57",
670,673,"22000017",1,"22000017-001",INV/22000017-001,"2007-11-29","0","",SL,"2007-11-29","0","",1,"",0,Rupiah,"2007-11-29","2008-12-26 22:19:57","2008-12-26 22:19:57",
674,677,"22000021",1,"22000021-001",INV/22000021-001,"2007-11-29","0","",SL,"2007-11-29","0","",1,"",0,Rupiah,"2007-11-29","2008-12-26 22:19:57","2008-12-26 22:19:57",
675,678,"22000022",1,"22000022-001",INV/22000022-001,"2007-11-29","0","",SL,"2007-11-29","0","",1,"",0,Rupiah,"2007-11-29","2008-12-26 22:19:57","2008-12-26 22:19:57",
676,679,"22000023",1,"22000023-001",INV/22000023-001,"2007-11-29","0","",SL,"2007-11-29","0","",1,"",0,Rupiah,"2007-11-29","2008-12-26 22:19:57","2008-12-26 22:19:57",
677,680,"22000025",1,"22000025-001",INV/22000025-001,"2007-11-29","0","",SL,"2007-11-29","0","",1,"",0,Rupiah,"2007-11-29","2008-12-26 22:19:57","2008-12-26 22:19:57",
678,681,"22000026",1,"22000026-001",INV/22000026-001,"2007-11-29","0","",SL,"2007-11-29","0","",1,"",0,Rupiah,"2007-11-29","2008-12-26 22:19:57","2008-12-26 22:19:57",
681,684,"22000029",1,"22000029-001",INV/22000029-001,"2007-11-29","0","",SL,"2007-11-29","0","",1,"",0,Rupiah,"2007-11-29","2008-12-26 22:19:57","2008-12-26 22:19:57",
682,685,"22000030",1,"22000030-001",INV/22000030-001,"2007-11-29","0","",SL,"2007-11-29","0","",1,"",0,Rupiah,"2007-11-29","2008-12-26 22:19:57","2008-12-26 22:19:57",
683,684,"22000029",1,"22000029-002",INV/22000029-002,"2007-11-29","0","",SL,"2007-11-29","0","",1,"",0,Rupiah,"2007-11-29","2008-12-26 22:19:57","2008-12-26 22:19:57",
684,686,"22000031",1,"22000031-001",INV/22000031-001,"2007-11-29","0","",SL,"2007-11-29","0","",1,"",0,Rupiah,"2007-11-29","2008-12-26 22:19:57","2008-12-26 22:19:57",
685,687,"22000032",1,"22000032-001",INV/22000032-001,"2007-11-29","0","",SL,"2007-11-29","0","",1,"",0,Rupiah,"2007-11-29","2008-12-26 22:19:57","2008-12-26 22:19:57",
686,688,"22000033",1,"22000033-001",INV/22000033-001,"2007-11-29","0","",SL,"2007-11-29","0","",1,"",0,Rupiah,"2007-11-29","2008-12-26 22:19:57","2008-12-26 22:19:57",
689,691,"22000038",1,"22000038-001",INV/22000038-001,"2007-11-29","0","",SL,"2007-11-29","0","",1,"",0,Rupiah,"2007-11-29","2008-12-26 22:19:57","2008-12-26 22:19:57",
690,692,"22000039",1,"22000039-001",INV/22000039-001,"2007-11-29","0","",SL,"2007-11-29","0","",1,"",0,Rupiah,"2007-11-29","2008-12-26 22:19:57","2008-12-26 22:19:57",
691,693,"22000040",1,"22000040-001",INV/22000040-001,"2007-11-29","0","",SL,"2007-11-29","0","",1,"",0,Rupiah,"2007-11-29","2008-12-26 22:19:57","2008-12-26 22:19:57",
692,694,"22000041",1,"22000041-001",INV/22000041-001,"2007-11-29","0","",SL,"2007-11-29","0","",1,"",0,Rupiah,"2007-11-29","2008-12-26 22:19:57","2008-12-26 22:19:57",
693,695,"22000042",1,"22000042-001",INV/22000042-001,"2007-11-29","0","",SL,"2007-11-29","0","",1,"",0,Rupiah,"2007-11-29","2008-12-26 22:19:57","2008-12-26 22:19:57",
694,696,"22000043",1,"22000043-001",INV/22000043-001,"2007-11-29","0","",SL,"2007-11-29","0","",1,"",0,Rupiah,"2007-11-29","2008-12-26 22:19:57","2008-12-26 22:19:57",
695,697,"22000044",1,"22000044-001",INV/22000044-001,"2007-11-29","0","",SL,"2007-11-29","0","",1,"",0,Rupiah,"2007-11-29","2008-12-26 22:19:57","2008-12-26 22:19:57",
696,698,"22000045",1,"22000045-001",INV/22000045-001,"2007-11-29","0","",SL,"2007-11-29","0","",1,"",0,Rupiah,"2007-11-29","2008-12-26 22:19:57","2008-12-26 22:19:57",
697,699,"22000046",1,"22000046-001",INV/22000046-001,"2007-11-29","0","",SL,"2007-11-29","0","",1,"",0,Rupiah,"2007-11-29","2008-12-26 22:19:57","2008-12-26 22:19:57",
698,700,"22000047",1,"22000047-001",INV/22000047-001,"2007-11-29","0","",SL,"2007-11-29","0","",1,"",0,Rupiah,"2007-11-29","2008-12-26 22:19:57","2008-12-26 22:19:57",
699,701,"22000048",1,"22000048-001",INV/22000048-001,"2007-11-29","0","",SL,"2007-11-29","0","",1,"",0,Rupiah,"2007-11-29","2008-12-26 22:19:57","2008-12-26 22:19:57",
700,702,"22000050",1,"22000050-001",INV/22000050-001,"2007-11-29","0","",SL,"2007-11-29","0","",1,"",0,Rupiah,"2007-11-29","2008-12-26 22:19:57","2008-12-26 22:19:57",
702,704,"22000052",1,"22000052-001",INV/22000052-001,"2007-11-29","0","",SL,"2007-11-29","0","",1,"",0,Rupiah,"2007-11-29","2008-12-26 22:19:57","2008-12-26 22:19:57",
703,705,"22000053",1,"22000053-001",INV/22000053-001,"2007-11-29","0","",SL,"2007-11-29","0","",1,"",0,Rupiah,"2007-11-29","2008-12-26 22:19:57","2008-12-26 22:19:57",
704,706,"22000054",1,"22000054-001",INV/22000054-001,"2007-11-29","0","",SL,"2007-11-29","0","",1,"",0,Rupiah,"2007-11-29","2008-12-26 22:19:57","2008-12-26 22:19:57",
705,707,"22000055",1,"22000055-001",INV/22000055-001,"2007-11-29","0","",SL,"2007-11-29","0","",1,"",0,Rupiah,"2007-11-29","2008-12-26 22:19:57","2008-12-26 22:19:57",
706,708,"22000056",1,"22000056-001",INV/22000056-001,"2007-11-29","0","",SL,"2007-11-29","0","",1,"",0,Rupiah,"2007-11-29","2008-12-26 22:19:57","2008-12-26 22:19:57",
708,710,"22000058",1,"22000058-001",INV/22000058-001,"2007-11-29","0","",SL,"2007-11-29","0","",1,"",0,Rupiah,"2007-11-29","2008-12-26 22:19:57","2008-12-26 22:19:57",
709,711,"22000059",1,"22000059-001",INV/22000059-001,"2007-11-29","0","",SL,"2007-11-29","0","",1,"",0,Rupiah,"2007-11-29","2008-12-26 22:19:57","2008-12-26 22:19:57",
710,461,"17000016",1,"17000016-002",INV/17000016-002,"2007-11-29","0","",SL,"2007-11-29","0","",1,"",0,Rupiah,"2007-11-29","2008-12-26 22:19:57","2008-12-26 22:19:57",
711,712,"12000077",1,"12000077-001",INV/12000077-001,"2007-11-29","0","",SL,"2007-11-29","0","",1,"",0,Rupiah,"2007-11-29","2008-12-26 22:19:57","2008-12-26 22:19:57",
712,713,"12000103",1,"12000103-001",INV/12000103-001,"2007-11-29","0","",SL,"2007-11-29","0","",1,"",0,Rupiah,"2007-11-29","2008-12-26 22:19:57","2008-12-26 22:19:57",
713,714,"12000104",1,"12000104-001",INV/12000104-001,"2007-11-29","0","",SL,"2007-11-29","0","",1,"",0,Rupiah,"2007-11-29","2008-12-26 22:19:57","2008-12-26 22:19:57",
714,715,"12000105",1,"12000105-001",INV/12000105-001,"2007-11-29","0","",SL,"2007-11-29","0","",1,"",0,Rupiah,"2007-11-29","2008-12-26 22:19:57","2008-12-26 22:19:57",
715,716,"12000107",1,"12000107-001",INV/12000107-001,"2007-11-29","0","",SL,"2007-11-29","0","",1,"",0,Rupiah,"2007-11-29","2008-12-26 22:19:57","2008-12-26 22:19:57",
716,717,"12000108",1,"12000108-001",INV/12000108-001,"2007-11-29","0","",SL,"2007-11-29","0","",1,"",0,Rupiah,"2007-11-29","2008-12-26 22:19:57","2008-12-26 22:19:57",
717,718,"12000109",1,"12000109-001",INV/12000109-001,"2007-11-29","0","",SL,"2007-11-29","0","",1,"",0,Rupiah,"2007-11-29","2008-12-26 22:19:57","2008-12-26 22:19:57",
718,719,"12000112",1,"12000112-001",INV/12000112-001,"2007-11-29","0","",SL,"2007-11-29","0","",1,"",0,Rupiah,"2007-11-29","2008-12-26 22:19:57","2008-12-26 22:19:57",
719,720,"12000113",1,"12000113-001",INV/12000113-001,"2007-11-29","0","",SL,"2007-11-29","0","",1,"",0,Rupiah,"2007-11-29","2008-12-26 22:19:57","2008-12-26 22:19:57",
720,721,"27000060",1,"27000060-001",INV/27000060-001,"2007-11-29","0","",SL,"2007-11-29","0","",1,"",0,Rupiah,"2007-11-29","2008-12-26 22:19:57","2008-12-26 22:19:57",
721,722,"27000061",1,"27000061-001",INV/27000061-001,"2007-11-29","0","",SL,"2007-11-29","0","",1,"",0,Rupiah,"2007-11-29","2008-12-26 22:19:57","2008-12-26 22:19:57",
722,723,"19000044",1,"19000044-001",INV/19000044-001,"2007-11-29","0","",SL,"2007-11-29","0","",1,"",0,Rupiah,"2007-11-29","2008-12-26 22:19:57","2008-12-26 22:19:57",
723,724,"19000046",1,"19000046-001",INV/19000046-001,"2007-11-29","0","",SL,"2007-11-29","0","",1,"",0,Rupiah,"2007-11-29","2008-12-26 22:19:57","2008-12-26 22:19:57",
724,725,"17000045",1,"17000045-001",INV/17000045-001,"2007-11-29",,"",SL,"2007-11-29","0","",1,"",0,Rupiah,"2007-11-29","2008-12-26 22:19:57","2026-07-23 13:10:50",
725,726,"17000046",1,"17000046-001",INV/17000046-001,"2007-11-29","0","",SL,"2007-11-29","0","",1,"",0,Rupiah,"2007-11-29","2008-12-26 22:19:57","2008-12-26 22:19:57",
726,727,"26000058",1,"26000058-001",INV/26000058-001,"2007-11-29","0","",SL,"2007-11-29","0","",1,"",0,Rupiah,"2007-11-29","2008-12-26 22:19:57","2008-12-26 22:19:57",
727,728,"26000059",1,"26000059-001",INV/26000059-001,"2007-11-29","0","",SL,"2007-11-29","0","",1,"",0,Rupiah,"2007-11-29","2008-12-26 22:19:57","2008-12-26 22:19:57",
728,729,"26000060",1,"26000060-002",INV/26000060-002,"2007-11-29","0","",SL,"2007-11-29","0","",1,"",0,Rupiah,"2007-11-29","2008-12-26 22:19:57","2008-12-26 22:19:57",
729,730,"15000075",1,"15000075-001",INV/15000075-001,"2007-11-29","0","",SL,"2007-11-29","0","",1,"",0,Rupiah,"2007-11-29","2008-12-26 22:19:57","2008-12-26 22:19:57",
730,731,"18000047",1,"18000047-002",INV/18000047-002,"2007-11-29","0","",SL,"2007-11-29","0","",1,"",0,Rupiah,"2007-11-29","2008-12-26 22:19:57","2008-12-26 22:19:57",
731,732,"15000258",1,"15000258-002",INV/15000258-002,"2007-11-29","0","",SL,"2007-11-29","0","",1,"",0,Rupiah,"2007-11-29","2008-12-26 22:19:57","2008-12-26 22:19:57",
732,733,"22000072",1,"22000072-001",INV/22000072-001,"2007-11-29","0","",SL,"2007-11-29","0","",1,"",0,Rupiah,"2007-11-29","2008-12-26 22:19:57","2008-12-26 22:19:57",
733,734,"21000024",1,"21000024-001",INV/21000024-001,"2007-11-29",,"",SL,"2007-11-29","0","",1,"",0,Rupiah,"2007-11-29","2008-12-26 22:19:57","2026-07-16 11:00:54",
734,735,"21000025",1,"21000025-001",INV/21000025-001,"2007-11-29","0","",SL,"2007-11-29","0","",1,"",0,Rupiah,"2007-11-29","2008-12-26 22:19:57","2008-12-26 22:19:57",
735,736,"21000026",1,"21000026-001",INV/21000026-001,"2007-11-29","0","",SL,"2007-11-29","0","",1,"",0,Rupiah,"2007-11-29","2008-12-26 22:19:57","2008-12-26 22:19:57",
736,737,"20000016",1,"20000016-001",INV/20000016-001,"2007-11-29","0","",SL,"2007-11-29","0","",1,"",0,Rupiah,"2007-11-29","2008-12-26 22:19:57","2008-12-26 22:19:57",
737,738,"20000017",1,"20000017-001",INV/20000017-001,"2007-11-29","0","",SL,"2007-11-29","0","",1,"",0,Rupiah,"2007-11-29","2008-12-26 22:19:57","2008-12-26 22:19:57",
738,739,"20000018",1,"20000018-001",INV/20000018-001,"2007-11-29","0","",SL,"2007-11-29","0","",1,"",0,Rupiah,"2007-11-29","2008-12-26 22:19:57","2008-12-26 22:19:57",
739,740,"11000077",1,"11000077-001",INV/11000077-001,"2007-11-29","0","",SL,"2007-11-29","0","",1,"",0,Rupiah,"2007-11-29","2008-12-26 22:19:57","2008-12-26 22:19:57",
740,741,"11000079",1,"11000079-001",INV/11000079-001,"2007-11-29","0","",SL,"2007-11-29","0","",1,"",0,Rupiah,"2007-11-29","2008-12-26 22:19:57","2008-12-26 22:19:57",
741,742,"11000080",1,"11000080-001",INV/11000080-001,"2007-11-29","0","",SL,"2007-11-29","0","",1,"",0,Rupiah,"2007-11-29","2008-12-26 22:19:57","2008-12-26 22:19:57",
742,743,"11000081",1,"11000081-001",INV/11000081-001,"2007-11-29","0","",SL,"2007-11-29","0","",1,"",0,Rupiah,"2007-11-29","2008-12-26 22:19:57","2008-12-26 22:19:57",
743,744,"10000052",1,"10000052-001",INV/10000052-001,"2007-11-29","0","",SL,"2007-11-29","0","",1,"",0,Rupiah,"2007-11-29","2008-12-26 22:19:57","2008-12-26 22:19:57",
744,216,"10000053",1,"10000053-001",INV/10000053-001,"2007-11-29","0","",SL,"2007-11-29","0","",1,"",0,Rupiah,"2007-11-29","2008-12-26 22:19:57","2008-12-26 22:19:57",
745,745,"10000054",1,"10000054-001",INV/10000054-001,"2007-11-29","0","",SL,"2007-11-29","0","",1,"",0,Rupiah,"2007-11-29","2008-12-26 22:19:57","2008-12-26 22:19:57",
746,746,"10000055",1,"10000055-001",INV/10000055-001,"2007-11-29","0","",SL,"2007-11-29","0","",1,"",0,Rupiah,"2007-11-29","2008-12-26 22:19:57","2008-12-26 22:19:57",
747,747,"10000056",1,"10000056-001",INV/10000056-001,"2007-11-29","0","",SL,"2007-11-29","0","",1,"",0,Rupiah,"2007-11-29","2008-12-26 22:19:57","2008-12-26 22:19:57",
748,748,"10000057",1,"10000057-001",INV/10000057-001,"2007-11-29","0","",SL,"2007-11-29","0","",1,"",0,Rupiah,"2007-11-29","2008-12-26 22:19:57","2008-12-26 22:19:57",
749,749,"18000187",1,"18000187-001",INV/18000187-001,"2007-11-29","0","",SL,"2007-11-29","0","",1,"",0,Rupiah,"2007-11-29","2008-12-26 22:19:57","2008-12-26 22:19:57",
750,750,"18000188",1,"18000188-001",INV/18000188-001,"2007-11-29","0","",SL,"2007-11-29","0","",1,"",0,Rupiah,"2007-11-29","2008-12-26 22:19:57","2008-12-26 22:19:57",
751,751,"18000189",1,"18000189-001",INV/18000189-001,"2007-11-29","0","",SL,"2007-11-29","0","",1,"",0,Rupiah,"2007-11-29","2008-12-26 22:19:57","2008-12-26 22:19:57",
752,752,"18000190",1,"18000190-001",INV/18000190-001,"2007-11-29","0","",SL,"2007-11-29","0","",1,"",0,Rupiah,"2007-11-29","2008-12-26 22:19:57","2008-12-26 22:19:57",
753,753,"21000022",1,"21000022-001",INV/21000022-001,"2007-11-29","0","",SL,"2007-11-29","0","",1,"",0,Rupiah,"2007-11-29","2008-12-26 22:19:57","2008-12-26 22:19:57",
754,754,"21000023",1,"21000023-001",INV/21000023-001,"2007-11-29","0","",SL,"2007-11-29","0","",1,"",0,Rupiah,"2007-11-29","2008-12-26 22:19:57","2008-12-26 22:19:57",
755,755,"23000023",1,"23000023-001",INV/23000023-001,"2007-11-29","0","",SL,"2007-11-29","0","",1,"",0,Rupiah,"2007-11-29","2008-12-26 22:19:57","2008-12-26 22:19:57",
756,756,"23000024",1,"23000024-001",INV/23000024-001,"2007-11-29","0","",SL,"2007-11-29","0","",1,"",0,Rupiah,"2007-11-29","2008-12-26 22:19:57","2008-12-26 22:19:57",
757,757,"23000025",1,"23000025-001",INV/23000025-001,"2007-11-29","0","",SL,"2007-11-29","0","",1,"",0,Rupiah,"2007-11-29","2008-12-26 22:19:57","2008-12-26 22:19:57",
758,758,"23000026",1,"23000026-001",INV/23000026-001,"2007-11-29","0","",SL,"2007-11-29","0","",1,"",0,Rupiah,"2007-11-29","2008-12-26 22:19:57","2008-12-26 22:19:57",
759,759,"23000027",1,"23000027-001",INV/23000027-001,"2007-11-29","0","",SL,"2007-11-29","0","",1,"",0,Rupiah,"2007-11-29","2008-12-26 22:19:57","2008-12-26 22:19:57",
760,760,"23000028",1,"23000028-001",INV/23000028-001,"2007-11-29","0","",SL,"2007-11-29","0","",1,"",0,Rupiah,"2007-11-29","2008-12-26 22:19:57","2008-12-26 22:19:57",
761,761,"15000072",1,"15000072-001",INV/15000072-001,"2007-11-29","0","",SL,"2007-11-29","0","",1,"",0,Rupiah,"2007-11-29","2008-12-26 22:19:57","2008-12-26 22:19:57",
762,762,"15000073",1,"15000073-001",INV/15000073-001,"2007-11-29","0","",SL,"2007-11-29","0","",1,"",0,Rupiah,"2007-11-29","2008-12-26 22:19:57","2008-12-26 22:19:57",
763,763,"15000074",1,"15000074-001",INV/15000074-001,"2007-11-29","0","",SL,"2007-11-29","0","",1,"",0,Rupiah,"2007-11-29","2008-12-26 22:19:57","2008-12-26 22:19:57",
764,764,"15000066",1,"15000066-001",INV/15000066-001,"2007-11-29","0","",SL,"2007-11-29","0","",1,"",0,Rupiah,"2007-11-29","2008-12-26 22:19:57","2008-12-26 22:19:57",
765,764,"15000066",1,"15000066-002",INV/15000066-002,"2007-11-29","0","",SL,"2007-11-29","0","",1,"",0,Rupiah,"2007-11-29","2008-12-26 22:19:57","2008-12-26 22:19:57",
766,765,"15000067",1,"15000067-001",INV/15000067-001,"2007-11-29","0","",SL,"2007-11-29","0","",1,"",0,Rupiah,"2007-11-29","2008-12-26 22:19:57","2008-12-26 22:19:57",
767,766,"15000068",1,"15000068-001",INV/15000068-001,"2007-11-29","0","",SL,"2007-11-29","0","",1,"",0,Rupiah,"2007-11-29","2008-12-26 22:19:57","2008-12-26 22:19:57",
768,767,"15000069",1,"15000069-001",INV/15000069-001,"2007-11-29","0","",SL,"2007-11-29","0","",1,"",0,Rupiah,"2007-11-29","2008-12-26 22:19:57","2008-12-26 22:19:57",
769,768,"15000070",1,"15000070-001",INV/15000070-001,"2007-11-29","0","",SL,"2007-11-29","0","",1,"",0,Rupiah,"2007-11-29","2008-12-26 22:19:57","2008-12-26 22:19:57",
770,769,"15000071",1,"15000071-001",INV/15000071-001,"2007-11-29","0","",SL,"2007-11-29","0","",1,"",0,Rupiah,"2007-11-29","2008-12-26 22:19:57","2008-12-26 22:19:57",
773,772,"18000191",1,"18000191-001",INV/18000191-001,"2007-11-29","0","",SL,"2007-11-29","0","",1,"",0,Rupiah,"2007-11-29","2008-12-26 22:19:57","2008-12-26 22:19:57",
774,773,"18000193",1,"18000193-001",INV/18000193-001,"2007-11-29","0","",SL,"2007-11-29","0","",1,"",0,Rupiah,"2007-11-29","2008-12-26 22:19:57","2008-12-26 22:19:57",
775,145,"24000285",1,"24000285-002",INV/24000285-002,"2007-11-29","0","",SL,"2007-11-29","0","",1,"",0,Rupiah,"2007-11-29","2008-12-26 22:19:57","2008-12-26 22:19:57",
5015,4683,"13000164",1,"13000164-001",INV/13000164-001,"2026-08-02","0","",SL,"2026-08-02","0","",1,"",0,,"2026-08-02","2026-08-02 09:51:55","2026-08-02 09:51:55",1
777,146,"24000286",1,"24000286-002",INV/24000286-002,"2007-11-29","0","",SL,"2007-11-29","0","",1,"",0,Rupiah,"2007-11-29","2008-12-26 22:19:57","2008-12-26 22:19:57",
778,774,"24000122",1,"24000122-002",INV/24000122-002,"2007-11-29","0","",SL,"2007-11-29","0","",1,"",0,Rupiah,"2007-11-29","2008-12-26 22:19:57","2008-12-26 22:19:57",
5102,4742,"13000268",1,"13000268-001",INV/13000268-001,"2026-08-09","0","",SL,"2026-08-09","0","",1,"",0,,"2026-08-09","2026-08-09 11:55:18","2026-08-09 11:55:18",1
5103,4743,"13000265",1,"13000265-001",INV/13000265-001,"2026-08-09","0","",SL,"2026-08-09","0","",1,"",0,,"2026-08-09","2026-08-09 11:58:15","2026-08-09 11:58:15",1
5104,4744,"13000266",1,"13000266-001",INV/13000266-001,"2026-08-09","0","",SL,"2026-08-09","0","",1,"",0,,"2026-08-09","2026-08-09 12:00:17","2026-08-09 12:00:17",1
5106,4746,"13000229",1,"13000229-001",INV/13000229-001,"2026-08-09","0","",SL,"2026-08-09","0","",1,"",0,,"2026-08-09","2026-08-09 12:26:03","2026-08-09 12:26:03",1
5107,4747,"13000228",1,"13000228-001",INV/13000228-001,"2026-08-09","0","",SL,"2026-08-09","0","",1,"",0,,"2026-08-09","2026-08-09 12:36:55","2026-08-09 12:36:55",1
5110,4748,"13000285",1,"13000285-001",INV/13000285-001,"2026-08-09","0","",SL,"2026-08-09","0","",1,"",0,,"2026-08-09","2026-08-09 13:00:33","2026-08-09 13:00:33",1
5114,830,"13000282",1,"13000282-002",INV/13000282-002,"2026-08-09","0","",SL,"2026-08-09","0","",1,"",0,,"2026-08-09","2026-08-09 13:11:16","2026-08-09 13:11:16",1
5115,668,"13000284",1,"13000284-002",INV/13000284-002,"2026-08-09","0","",SL,"2026-08-09","0","",1,"",0,,"2026-08-09","2026-08-09 13:12:26","2026-08-09 13:12:26",1
5117,4749,"13000271",1,"13000271-001",INV/13000271-001,"2026-08-09","0","",SL,"2026-08-09","0","",1,"",0,,"2026-08-09","2026-08-09 13:28:03","2026-08-09 13:28:03",1
825,820,"10000058",1,"10000058-001",INV/10000058-001,"2007-11-29","0","",SL,"2007-11-29","0","",1,"",0,Rupiah,"2007-11-29","2008-12-26 22:19:57","2008-12-26 22:19:57",
826,821,"24000266",1,"24000266-002",INV/24000266-002,"2007-11-29","0","",SL,"2007-11-29","0","",1,"",0,Rupiah,"2007-11-29","2008-12-26 22:19:57","2008-12-26 22:19:57",
827,136,"24000275",1,"24000275-002",INV/24000275-002,"2007-11-29","0","",SL,"2007-11-29","0","",1,"",0,Rupiah,"2007-11-29","2008-12-26 22:19:57","2008-12-26 22:19:57",
828,822,"12000115",1,"12000115-001",INV/12000115-001,"2007-11-29","0","",SL,"2007-11-29","0","",1,"",0,Rupiah,"2007-11-29","2008-12-26 22:19:57","2008-12-26 22:19:57",
829,823,"12000119",1,"12000119-001",INV/12000119-001,"2007-11-29","0","",SL,"2007-11-29","0","",1,"",0,Rupiah,"2007-11-29","2008-12-26 22:19:57","2008-12-26 22:19:57",
830,824,"12000123",1,"12000123-001",INV/12000123-001,"2007-11-29","0","",SL,"2007-11-29","0","",1,"",0,Rupiah,"2007-11-29","2008-12-26 22:19:57","2008-12-26 22:19:57",
831,825,"24000294",1,"24000294-001",INV/24000294-001,"2007-11-29","0","",SL,"2007-11-29","0","",1,"",0,Rupiah,"2007-11-29","2008-12-26 22:19:57","2008-12-26 22:19:57",
832,826,"24000296",1,"24000296-001",INV/24000296-001,"2007-11-29","0","",SL,"2007-11-29","0","",1,"",0,Rupiah,"2007-11-29","2008-12-26 22:19:57","2008-12-26 22:19:57",
833,827,"24000196",1,"24000196-002",INV/24000196-002,"2007-11-29","0","",SL,"2007-11-29","0","",1,"",0,Rupiah,"2007-11-29","2008-12-26 22:19:57","2008-12-26 22:19:57",
834,828,"24000380",1,"24000380-002",INV/24000380-002,"2007-11-29","0","",SL,"2007-11-29","0","",1,"",0,Rupiah,"2007-11-29","2008-12-26 22:19:57","2008-12-26 22:19:57",
837,831,"22000062",1,"22000062-001",INV/22000062-001,"2007-11-29","0","",SL,"2007-11-29","0","",1,"",0,Rupiah,"2007-11-29","2008-12-26 22:19:57","2008-12-26 22:19:57",
838,832,"22000063",1,"22000063-001",INV/22000063-001,"2007-11-29","0","",SL,"2007-11-29","0","",1,"",0,Rupiah,"2007-11-29","2008-12-26 22:19:57","2008-12-26 22:19:57",
839,833,"22000064",1,"22000064-001",INV/22000064-001,"2007-11-29","0","",SL,"2007-11-29","0","",1,"",0,Rupiah,"2007-11-29","2008-12-26 22:19:57","2008-12-26 22:19:57",
840,834,"23000001",1,"23000001-001",INV/23000001-001,"2007-11-29","0","",SL,"2007-11-29","0","",1,"",0,Rupiah,"2007-11-29","2008-12-26 22:19:57","2008-12-26 22:19:57",
841,835,"23000003",1,"23000003-001",INV/23000003-001,"2007-11-29","0","",SL,"2007-11-29","0","",1,"",0,Rupiah,"2007-11-29","2008-12-26 22:19:57","2008-12-26 22:19:57",
842,836,"23000004",1,"23000004-001",INV/23000004-001,"2007-11-29","0","",SL,"2007-11-29","0","",1,"",0,Rupiah,"2007-11-29","2008-12-26 22:19:57","2008-12-26 22:19:57",
843,837,"23000005",1,"23000005-001",INV/23000005-001,"2007-11-29","0","",SL,"2007-11-29","0","",1,"",0,Rupiah,"2007-11-29","2008-12-26 22:19:57","2008-12-26 22:19:57",
844,838,"23000006",1,"23000006-001",INV/23000006-001,"2007-11-29","0","",SL,"2007-11-29","0","",1,"",0,Rupiah,"2007-11-29","2008-12-26 22:19:57","2008-12-26 22:19:57",
845,839,"23000007",1,"23000007-001",INV/23000007-001,"2007-11-29","0","",SL,"2007-11-29","0","",1,"",0,Rupiah,"2007-11-29","2008-12-26 22:19:57","2008-12-26 22:19:57",
846,656,"23000008",1,"23000008-001",INV/23000008-001,"2007-11-29","0","",SL,"2007-11-29","0","",1,"",0,Rupiah,"2007-11-29","2008-12-26 22:19:57","2008-12-26 22:19:57",
847,840,"23000009",1,"23000009-001",INV/23000009-001,"2007-11-29","0","",SL,"2007-11-29","0","",1,"",0,Rupiah,"2007-11-29","2008-12-26 22:19:57","2008-12-26 22:19:57",
848,657,"23000010",1,"23000010-001",INV/23000010-001,"2007-11-29","0","",SL,"2007-11-29","0","",1,"",0,Rupiah,"2007-11-29","2008-12-26 22:19:57","2008-12-26 22:19:57",
849,841,"23000012",1,"23000012-001",INV/23000012-001,"2007-11-29","0","",SL,"2007-11-29","0","",1,"",0,Rupiah,"2007-11-29","2008-12-26 22:19:57","2008-12-26 22:19:57",
850,842,"23000013",1,"23000013-001",INV/23000013-001,"2007-11-29","0","",SL,"2007-11-29","0","",1,"",0,Rupiah,"2007-11-29","2008-12-26 22:19:57","2008-12-26 22:19:57",
851,843,"23000014",1,"23000014-001",INV/23000014-001,"2007-11-29","0","",SL,"2007-11-29","0","",1,"",0,Rupiah,"2007-11-29","2008-12-26 22:19:57","2008-12-26 22:19:57",
852,844,"23000015",1,"23000015-001",INV/23000015-001,"2007-11-29","0","",SL,"2007-11-29","0","",1,"",0,Rupiah,"2007-11-29","2008-12-26 22:19:57","2008-12-26 22:19:57",
853,845,"23000016",1,"23000016-001",INV/23000016-001,"2007-11-29","0","",SL,"2007-11-29","0","",1,"",0,Rupiah,"2007-11-29","2008-12-26 22:19:57","2008-12-26 22:19:57",
854,846,"23000017",1,"23000017-001",INV/23000017-001,"2007-11-29","0","",SL,"2007-11-29","0","",1,"",0,Rupiah,"2007-11-29","2008-12-26 22:19:57","2008-12-26 22:19:57",
855,847,"23000018",1,"23000018-001",INV/23000018-001,"2007-11-29","0","",SL,"2007-11-29","0","",1,"",0,Rupiah,"2007-11-29","2008-12-26 22:19:57","2008-12-26 22:19:57",
856,848,"23000019",1,"23000019-001",INV/23000019-001,"2007-11-29","0","",SL,"2007-11-29","0","",1,"",0,Rupiah,"2007-11-29","2008-12-26 22:19:57","2008-12-26 22:19:57",
857,849,"23000020",1,"23000020-001",INV/23000020-001,"2007-11-29","0","",SL,"2007-11-29","0","",1,"",0,Rupiah,"2007-11-29","2008-12-26 22:19:57","2008-12-26 22:19:57",
858,850,"23000021",1,"23000021-001",INV/23000021-001,"2007-11-29","0","",SL,"2007-11-29","0","",1,"",0,Rupiah,"2007-11-29","2008-12-26 22:19:57","2008-12-26 22:19:57",
859,851,"24000248",1,"24000248-001",INV/24000248-001,"2007-11-29","0","",SL,"2007-11-29","0","",1,"",0,Rupiah,"2007-11-29","2008-12-26 22:19:57","2008-12-26 22:19:57",
860,852,"24000002",1,"24000002-001",INV/24000002-001,"2007-11-29","0","",SL,"2007-11-29","0","",1,"",0,Rupiah,"2007-11-29","2008-12-26 22:19:57","2008-12-26 22:19:57",
861,853,"24000003",1,"24000003-001",INV/24000003-001,"2007-11-29","0","",SL,"2007-11-29","0","",1,"",0,Rupiah,"2007-11-29","2008-12-26 22:19:57","2008-12-26 22:19:57",
862,854,"24000004",1,"24000004-001",INV/24000004-001,"2007-11-29","0","",SL,"2007-11-29","0","",1,"",0,Rupiah,"2007-11-29","2008-12-26 22:19:57","2008-12-26 22:19:57",
863,855,"10000118",1,"10000118-001",INV/10000118-001,"2007-11-29","0","",SL,"2007-11-29","0","",1,"",0,Rupiah,"2007-11-29","2008-12-26 22:19:57","2008-12-26 22:19:57",
864,856,"22000106",1,"22000106-001",INV/22000106-001,"2007-11-29","0","",SL,"2007-11-29","0","",1,"",0,Rupiah,"2007-11-29","2008-12-26 22:19:57","2008-12-26 22:19:57",
865,857,"25000030",1,"25000030-001",INV/25000030-001,"2007-11-29","0","",SL,"2007-11-29","0","",1,"",0,Rupiah,"2007-11-29","2008-12-26 22:19:57","2008-12-26 22:19:57",
866,858,"24000007",1,"24000007-001",INV/24000007-001,"2007-11-29","0","",SL,"2007-11-29","0","",1,"",0,Rupiah,"2007-11-29","2008-12-26 22:19:57","2008-12-26 22:19:57",
867,859,"24000008",1,"24000008-001",INV/24000008-001,"2007-11-29","0","",SL,"2007-11-29","0","",1,"",0,Rupiah,"2007-11-29","2008-12-26 22:19:57","2008-12-26 22:19:57",
868,860,"24000010",1,"24000010-001",INV/24000010-001,"2007-11-29","0","",SL,"2007-11-29","0","",1,"",0,Rupiah,"2007-11-29","2008-12-26 22:19:57","2008-12-26 22:19:57",
869,861,"24000015",1,"24000015-001",INV/24000015-001,"2007-11-29","0","",SL,"2007-11-29","0","",1,"",0,Rupiah,"2007-11-29","2008-12-26 22:19:57","2008-12-26 22:19:57",
870,862,"24000025",1,"24000025-001",INV/24000025-001,"2007-11-29","0","",SL,"2007-11-29","0","",1,"",0,Rupiah,"2007-11-29","2008-12-26 22:19:57","2008-12-26 22:19:57",
871,863,"24000029",1,"24000029-001",INV/24000029-001,"2007-11-29","0","",SL,"2007-11-29","0","",1,"",0,Rupiah,"2007-11-29","2008-12-26 22:19:57","2008-12-26 22:19:57",
872,864,"24000033",1,"24000033-001",INV/24000033-001,"2007-11-29","0","",SL,"2007-11-29","0","",1,"",0,Rupiah,"2007-11-29","2008-12-26 22:19:57","2008-12-26 22:19:57",
873,865,"24000034",1,"24000034-001",INV/24000034-001,"2007-11-29","0","",SL,"2007-11-29","0","",1,"",0,Rupiah,"2007-11-29","2008-12-26 22:19:57","2008-12-26 22:19:57",
874,866,"24000035",1,"24000035-001",INV/24000035-001,"2007-11-29","0","",SL,"2007-11-29","0","",1,"",0,Rupiah,"2007-11-29","2008-12-26 22:19:57","2008-12-26 22:19:57",
875,867,"24000037",1,"24000037-001",INV/24000037-001,"2007-11-29","0","",SL,"2007-11-29","0","",1,"",0,Rupiah,"2007-11-29","2008-12-26 22:19:57","2008-12-26 22:19:57",
876,868,"24000041",1,"24000041-001",INV/24000041-001,"2007-11-29","0","",SL,"2007-11-29","0","",1,"",0,Rupiah,"2007-11-29","2008-12-26 22:19:57","2008-12-26 22:19:57",
877,869,"13000059",1,"13000059-001",INV/13000059-001,"2007-11-29","0","",SL,"2007-11-29","0","",1,"",0,Rupiah,"2007-11-29","2008-12-26 22:19:57","2008-12-26 22:19:57",
878,870,"13000060",1,"13000060-001",INV/13000060-001,"2007-11-29",,"",SL,"2007-11-29","0","",1,"",0,Rupiah,"2007-11-29","2008-12-26 22:19:57","2026-07-25 11:52:47",
879,871,"13000061",1,"13000061-001",INV/13000061-001,"2007-11-29","0","",SL,"2007-11-29","0","",1,"",0,Rupiah,"2007-11-29","2008-12-26 22:19:57","2008-12-26 22:19:57",
880,872,"13000062",1,"13000062-001",INV/13000062-001,"2007-11-29","0","",SL,"2007-11-29","0","",1,"",0,Rupiah,"2007-11-29","2008-12-26 22:19:57","2008-12-26 22:19:57",
881,873,"13000063",1,"13000063-001",INV/13000063-001,"2007-11-29","0","",SL,"2007-11-29","0","",1,"",0,Rupiah,"2007-11-29","2008-12-26 22:19:57","2008-12-26 22:19:57",
882,874,"24000351",1,"24000351-003",INV/24000351-003,"2007-11-29","0","",SL,"2007-11-29","0","",1,"",0,Rupiah,"2007-11-29","2008-12-26 22:19:57","2008-12-26 22:19:57",
883,875,"24000042",1,"24000042-001",INV/24000042-001,"2007-11-29","0","",SL,"2007-11-29","0","",1,"",0,Rupiah,"2007-11-29","2008-12-26 22:19:57","2008-12-26 22:19:57",
884,876,"24000047",1,"24000047-001",INV/24000047-001,"2007-11-29","0","",SL,"2007-11-29","0","",1,"",0,Rupiah,"2007-11-29","2008-12-26 22:19:57","2008-12-26 22:19:57",
885,877,"24000048",1,"24000048-001",INV/24000048-001,"2007-11-29","0","",SL,"2007-11-29","0","",1,"",0,Rupiah,"2007-11-29","2008-12-26 22:19:57","2008-12-26 22:19:57",
886,878,"24000049",1,"24000049-001",INV/24000049-001,"2007-11-29","0","",SL,"2007-11-29","0","",1,"",0,Rupiah,"2007-11-29","2008-12-26 22:19:57","2008-12-26 22:19:57",
887,879,"24000050",1,"24000050-001",INV/24000050-001,"2007-11-29","0","",SL,"2007-11-29","0","",1,"",0,Rupiah,"2007-11-29","2008-12-26 22:19:57","2008-12-26 22:19:57",
888,880,"24000054",1,"24000054-001",INV/24000054-001,"2007-11-29","0","",SL,"2007-11-29","0","",1,"",0,Rupiah,"2007-11-29","2008-12-26 22:19:57","2008-12-26 22:19:57",
889,881,"24000058",1,"24000058-001",INV/24000058-001,"2007-11-29","0","",SL,"2007-11-29","0","",1,"",0,Rupiah,"2007-11-29","2008-12-26 22:19:57","2008-12-26 22:19:57",
890,882,"24000059",1,"24000059-001",INV/24000059-001,"2007-11-29","0","",SL,"2007-11-29","0","",1,"",0,Rupiah,"2007-11-29","2008-12-26 22:19:57","2008-12-26 22:19:57",
891,883,"24000060",1,"24000060-001",INV/24000060-001,"2007-11-29","0","",SL,"2007-11-29","0","",1,"",0,Rupiah,"2007-11-29","2008-12-26 22:19:57","2008-12-26 22:19:57",
892,884,"24000061",1,"24000061-001",INV/24000061-001,"2007-11-29","0","",SL,"2007-11-29","0","",1,"",0,Rupiah,"2007-11-29","2008-12-26 22:19:57","2008-12-26 22:19:57",
893,885,"24000062",1,"24000062-001",INV/24000062-001,"2007-11-29","0","",SL,"2007-11-29","0","",1,"",0,Rupiah,"2007-11-29","2008-12-26 22:19:57","2008-12-26 22:19:57",
894,886,"24000063",1,"24000063-001",INV/24000063-001,"2007-11-29","0","",SL,"2007-11-29","0","",1,"",0,Rupiah,"2007-11-29","2008-12-26 22:19:57","2008-12-26 22:19:57",
895,887,"24000064",1,"24000064-001",INV/24000064-001,"2007-11-29","0","",SL,"2007-11-29","0","",1,"",0,Rupiah,"2007-11-29","2008-12-26 22:19:57","2008-12-26 22:19:57",
896,888,"24000065",1,"24000065-001",INV/24000065-001,"2007-11-29","0","",SL,"2007-11-29","0","",1,"",0,Rupiah,"2007-11-29","2008-12-26 22:19:57","2008-12-26 22:19:57",
897,889,"24000066",1,"24000066-001",INV/24000066-001,"2007-11-29","0","",SL,"2007-11-29","0","",1,"",0,Rupiah,"2007-11-29","2008-12-26 22:19:57","2008-12-26 22:19:57",
898,890,"24000067",1,"24000067-001",INV/24000067-001,"2007-11-29","0","",SL,"2007-11-29","0","",1,"",0,Rupiah,"2007-11-29","2008-12-26 22:19:57","2008-12-26 22:19:57",
899,891,"24000068",1,"24000068-001",INV/24000068-001,"2007-11-29","0","",SL,"2007-11-29","0","",1,"",0,Rupiah,"2007-11-29","2008-12-26 22:19:57","2008-12-26 22:19:57",
900,892,"24000071",1,"24000071-001",INV/24000071-001,"2007-11-29","0","",SL,"2007-11-29","0","",1,"",0,Rupiah,"2007-11-29","2008-12-26 22:19:57","2008-12-26 22:19:57",
901,893,"24000072",1,"24000072-001",INV/24000072-001,"2007-11-29","0","",SL,"2007-11-29","0","",1,"",0,Rupiah,"2007-11-29","2008-12-26 22:19:57","2008-12-26 22:19:57",
902,894,"24000073",1,"24000073-001",INV/24000073-001,"2007-11-29","0","",SL,"2007-11-29","0","",1,"",0,Rupiah,"2007-11-29","2008-12-26 22:19:57","2008-12-26 22:19:57",
903,895,"24000074",1,"24000074-001",INV/24000074-001,"2007-11-29","0","",SL,"2007-11-29","0","",1,"",0,Rupiah,"2007-11-29","2008-12-26 22:19:57","2008-12-26 22:19:57",
904,896,"24000075",1,"24000075-001",INV/24000075-001,"2007-11-29","0","",SL,"2007-11-29","0","",1,"",0,Rupiah,"2007-11-29","2008-12-26 22:19:57","2008-12-26 22:19:57",
905,897,"11000131",1,"11000131-001",INV/11000131-001,"2007-11-29","0","",SL,"2007-11-29","0","",1,"",0,Rupiah,"2007-11-29","2008-12-26 22:19:57","2008-12-26 22:19:57",
906,898,"22000107",1,"22000107-001",INV/22000107-001,"2007-11-29","0","",SL,"2007-11-29","0","",1,"",0,Rupiah,"2007-11-29","2008-12-26 22:19:57","2008-12-26 22:19:57",
907,899,"10000119",1,"10000119-001",INV/10000119-001,"2007-11-29","0","",SL,"2007-11-29","0","",1,"",0,Rupiah,"2007-11-29","2008-12-26 22:19:57","2008-12-26 22:19:57",
908,900,"23000011",1,"23000011-001",INV/23000011-001,"2007-11-29","0","",SL,"2007-11-29","0","",1,"",0,Rupiah,"2007-11-29","2008-12-26 22:19:57","2008-12-26 22:19:57",
909,901,"15000084",1,"15000084-001",INV/15000084-001,"2007-11-29","0","",SL,"2007-11-29","0","",1,"",0,Rupiah,"2007-11-29","2008-12-26 22:19:57","2008-12-26 22:19:57",
910,902,"16000007",1,"16000007-001",INV/16000007-001,"2007-11-29","0","",SL,"2007-11-29","0","",1,"",0,Rupiah,"2007-11-29","2008-12-26 22:19:57","2008-12-26 22:19:57",
911,902,"16000007",1,"16000007-002",INV/16000007-002,"2007-11-29","0","",SL,"2007-11-29","0","",1,"",0,Rupiah,"2007-11-29","2008-12-26 22:19:57","2008-12-26 22:19:57",
912,903,"22000085",1,"22000085-001",INV/22000085-001,"2007-11-29","0","",SL,"2007-11-29","0","",1,"",0,Rupiah,"2007-11-29","2008-12-26 22:19:57","2008-12-26 22:19:57",
913,904,"24000339",1,"24000339-002",INV/24000339-002,"2007-11-29","0","",SL,"2007-11-29","0","",1,"",0,Rupiah,"2007-11-29","2008-12-26 22:19:57","2008-12-26 22:19:57",
914,905,"24000334",1,"24000334-002",INV/24000334-002,"2007-11-29","0","",SL,"2007-11-29","0","",1,"",0,Rupiah,"2007-11-29","2008-12-26 22:19:57","2008-12-26 22:19:57",
915,906,"24000076",1,"24000076-001",INV/24000076-001,"2007-11-29","0","",SL,"2007-11-29","0","",1,"",0,Rupiah,"2007-11-29","2008-12-26 22:19:57","2008-12-26 22:19:57",
916,907,"24000077",1,"24000077-001",INV/24000077-001,"2007-11-29","0","",SL,"2007-11-29","0","",1,"",0,Rupiah,"2007-11-29","2008-12-26 22:19:57","2008-12-26 22:19:57",
917,908,"24000078",1,"24000078-001",INV/24000078-001,"2007-11-29","0","",SL,"2007-11-29","0","",1,"",0,Rupiah,"2007-11-29","2008-12-26 22:19:57","2008-12-26 22:19:57",
918,909,"24000079",1,"24000079-001",INV/24000079-001,"2007-11-29","0","",SL,"2007-11-29","0","",1,"",0,Rupiah,"2007-11-29","2008-12-26 22:19:57","2008-12-26 22:19:57",
919,910,"24000081",1,"24000081-001",INV/24000081-001,"2007-11-29","0","",SL,"2007-11-29","0","",1,"",0,Rupiah,"2007-11-29","2008-12-26 22:19:57","2008-12-26 22:19:57",
920,911,"24000082",1,"24000082-001",INV/24000082-001,"2007-11-29","0","",SL,"2007-11-29","0","",1,"",0,Rupiah,"2007-11-29","2008-12-26 22:19:57","2008-12-26 22:19:57",
921,912,"24000083",1,"24000083-001",INV/24000083-001,"2007-11-29","0","",SL,"2007-11-29","0","",1,"",0,Rupiah,"2007-11-29","2008-12-26 22:19:57","2008-12-26 22:19:57",
922,913,"24000084",1,"24000084-001",INV/24000084-001,"2007-11-29","0","",SL,"2007-11-29","0","",1,"",0,Rupiah,"2007-11-29","2008-12-26 22:19:57","2008-12-26 22:19:57",
923,914,"24000085",1,"24000085-001",INV/24000085-001,"2007-11-29","0","",SL,"2007-11-29","0","",1,"",0,Rupiah,"2007-11-29","2008-12-26 22:19:57","2008-12-26 22:19:57",
924,915,"24000086",1,"24000086-001",INV/24000086-001,"2007-11-29","0","",SL,"2007-11-29","0","",1,"",0,Rupiah,"2007-11-29","2008-12-26 22:19:57","2008-12-26 22:19:57",
925,916,"24000087",1,"24000087-001",INV/24000087-001,"2007-11-29","0","",SL,"2007-11-29","0","",1,"",0,Rupiah,"2007-11-29","2008-12-26 22:19:57","2008-12-26 22:19:57",
926,917,"24000088",1,"24000088-001",INV/24000088-001,"2007-11-29","0","",SL,"2007-11-29","0","",1,"",0,Rupiah,"2007-11-29","2008-12-26 22:19:57","2008-12-26 22:19:57",
927,918,"24000089",1,"24000089-001",INV/24000089-001,"2007-11-29","0","",SL,"2007-11-29","0","",1,"",0,Rupiah,"2007-11-29","2008-12-26 22:19:57","2008-12-26 22:19:57",
928,919,"24000090",1,"24000090-001",INV/24000090-001,"2007-11-29","0","",SL,"2007-11-29","0","",1,"",0,Rupiah,"2007-11-29","2008-12-26 22:19:57","2008-12-26 22:19:57",
929,920,"24000092",1,"24000092-001",INV/24000092-001,"2007-11-29","0","",SL,"2007-11-29","0","",1,"",0,Rupiah,"2007-11-29","2008-12-26 22:19:57","2008-12-26 22:19:57",
930,921,"24000093",1,"24000093-001",INV/24000093-001,"2007-11-29","0","",SL,"2007-11-29","0","",1,"",0,Rupiah,"2007-11-29","2008-12-26 22:19:57","2008-12-26 22:19:57",
931,922,"24000094",1,"24000094-001",INV/24000094-001,"2007-11-29","0","",SL,"2007-11-29","0","",1,"",0,Rupiah,"2007-11-29","2008-12-26 22:19:57","2008-12-26 22:19:57",
932,923,"24000095",1,"24000095-001",INV/24000095-001,"2007-11-29","0","",SL,"2007-11-29","0","",1,"",0,Rupiah,"2007-11-29","2008-12-26 22:19:57","2008-12-26 22:19:57",
933,924,"24000098",1,"24000098-001",INV/24000098-001,"2007-11-29","0","",SL,"2007-11-29","0","",1,"",0,Rupiah,"2007-11-29","2008-12-26 22:19:57","2008-12-26 22:19:57",
934,925,"24000099",1,"24000099-001",INV/24000099-001,"2007-11-29","0","",SL,"2007-11-29","0","",1,"",0,Rupiah,"2007-11-29","2008-12-26 22:19:57","2008-12-26 22:19:57",
935,926,"24000101",1,"24000101-001",INV/24000101-001,"2007-11-29","0","",SL,"2007-11-29","0","",1,"",0,Rupiah,"2007-11-29","2008-12-26 22:19:57","2008-12-26 22:19:57",
936,927,"24000102",1,"24000102-001",INV/24000102-001,"2007-11-29","0","",SL,"2007-11-29","0","",1,"",0,Rupiah,"2007-11-29","2008-12-26 22:19:57","2008-12-26 22:19:57",
937,928,"24000103",1,"24000103-001",INV/24000103-001,"2007-11-29","0","",SL,"2007-11-29","0","",1,"",0,Rupiah,"2007-11-29","2008-12-26 22:19:57","2008-12-26 22:19:57",
938,929,"24000104",1,"24000104-001",INV/24000104-001,"2007-11-29","0","",SL,"2007-11-29","0","",1,"",0,Rupiah,"2007-11-29","2008-12-26 22:19:57","2008-12-26 22:19:57",
939,930,"24000105",1,"24000105-001",INV/24000105-001,"2007-11-29","0","",SL,"2007-11-29","0","",1,"",0,Rupiah,"2007-11-29","2008-12-26 22:19:57","2008-12-26 22:19:57",
940,931,"24000106",1,"24000106-001",INV/24000106-001,"2007-11-29","0","",SL,"2007-11-29","0","",1,"",0,Rupiah,"2007-11-29","2008-12-26 22:19:57","2008-12-26 22:19:57",
941,932,"24000107",1,"24000107-001",INV/24000107-001,"2007-11-29","0","",SL,"2007-11-29","0","",1,"",0,Rupiah,"2007-11-29","2008-12-26 22:19:57","2008-12-26 22:19:57",
942,933,"24000108",1,"24000108-001",INV/24000108-001,"2007-11-29","0","",SL,"2007-11-29","0","",1,"",0,Rupiah,"2007-11-29","2008-12-26 22:19:57","2008-12-26 22:19:57",
943,934,"24000109",1,"24000109-001",INV/24000109-001,"2007-11-29","0","",SL,"2007-11-29","0","",1,"",0,Rupiah,"2007-11-29","2008-12-26 22:19:57","2008-12-26 22:19:57",
944,935,"24000110",1,"24000110-001",INV/24000110-001,"2007-11-29","0","",SL,"2007-11-29","0","",1,"",0,Rupiah,"2007-11-29","2008-12-26 22:19:57","2008-12-26 22:19:57",
945,936,"24000111",1,"24000111-001",INV/24000111-001,"2007-11-29","0","",SL,"2007-11-29","0","",1,"",0,Rupiah,"2007-11-29","2008-12-26 22:19:57","2008-12-26 22:19:57",
946,937,"24000112",1,"24000112-001",INV/24000112-001,"2007-11-29","0","",SL,"2007-11-29","0","",1,"",0,Rupiah,"2007-11-29","2008-12-26 22:19:57","2008-12-26 22:19:57",
947,938,"13000067",1,"13000067-001",INV/13000067-001,"2007-11-29",,"",SL,"2007-11-29","0","",1,"",0,Rupiah,"2007-11-29","2008-12-26 22:19:57","2026-07-25 12:07:33",
948,939,"22000076",1,"22000076-001",INV/22000076-001,"2007-11-29","0","",SL,"2007-11-29","0","",1,"",0,Rupiah,"2007-11-29","2008-12-26 22:19:57","2008-12-26 22:19:57",
949,940,"18000059",1,"18000059-001",INV/18000059-001,"2007-11-29","0","",SL,"2007-11-29","0","",1,"",0,Rupiah,"2007-11-29","2008-12-26 22:19:57","2008-12-26 22:19:57",
950,941,"24000375",1,"24000375-002",INV/24000375-002,"2007-11-29","0","",SL,"2007-11-29","0","",1,"",0,Rupiah,"2007-11-29","2008-12-26 22:19:57","2008-12-26 22:19:57",
951,942,"24000113",1,"24000113-001",INV/24000113-001,"2007-11-29","0","",SL,"2007-11-29","0","",1,"",0,Rupiah,"2007-11-29","2008-12-26 22:19:57","2008-12-26 22:19:57",
952,943,"24000114",1,"24000114-001",INV/24000114-001,"2007-11-29","0","",SL,"2007-11-29","0","",1,"",0,Rupiah,"2007-11-29","2008-12-26 22:19:57","2008-12-26 22:19:57",
953,944,"24000115",1,"24000115-001",INV/24000115-001,"2007-11-29","0","",SL,"2007-11-29","0","",1,"",0,Rupiah,"2007-11-29","2008-12-26 22:19:57","2008-12-26 22:19:57",
954,945,"24000117",1,"24000117-001",INV/24000117-001,"2007-11-29","0","",SL,"2007-11-29","0","",1,"",0,Rupiah,"2007-11-29","2008-12-26 22:19:57","2008-12-26 22:19:57",
955,946,"24000118",1,"24000118-001",INV/24000118-001,"2007-11-29","0","",SL,"2007-11-29","0","",1,"",0,Rupiah,"2007-11-29","2008-12-26 22:19:57","2008-12-26 22:19:57",
956,947,"24000119",1,"24000119-001",INV/24000119-001,"2007-11-29","0","",SL,"2007-11-29","0","",1,"",0,Rupiah,"2007-11-29","2008-12-26 22:19:57","2008-12-26 22:19:57",
957,948,"24000120",1,"24000120-001",INV/24000120-001,"2007-11-29","0","",SL,"2007-11-29","0","",1,"",0,Rupiah,"2007-11-29","2008-12-26 22:19:57","2008-12-26 22:19:57",
958,949,"24000121",1,"24000121-001",INV/24000121-001,"2007-11-29","0","",SL,"2007-11-29","0","",1,"",0,Rupiah,"2007-11-29","2008-12-26 22:19:57","2008-12-26 22:19:57",
959,774,"24000122",1,"24000122-001",INV/24000122-001,"2007-11-29","0","",SL,"2007-11-29","0","",1,"",0,Rupiah,"2007-11-29","2008-12-26 22:19:57","2008-12-26 22:19:57",
960,950,"24000123",1,"24000123-001",INV/24000123-001,"2007-11-29","0","",SL,"2007-11-29","0","",1,"",0,Rupiah,"2007-11-29","2008-12-26 22:19:57","2008-12-26 22:19:57",
961,951,"24000124",1,"24000124-001",INV/24000124-001,"2007-11-29","0","",SL,"2007-11-29","0","",1,"",0,Rupiah,"2007-11-29","2008-12-26 22:19:57","2008-12-26 22:19:57",
962,952,"24000125",1,"24000125-001",INV/24000125-001,"2007-11-29","0","",SL,"2007-11-29","0","",1,"",0,Rupiah,"2007-11-29","2008-12-26 22:19:57","2008-12-26 22:19:57",
963,953,"24000126",1,"24000126-001",INV/24000126-001,"2007-11-29","0","",SL,"2007-11-29","0","",1,"",0,Rupiah,"2007-11-29","2008-12-26 22:19:57","2008-12-26 22:19:57",
964,954,"24000130",1,"24000130-001",INV/24000130-001,"2007-11-29","0","",SL,"2007-11-29","0","",1,"",0,Rupiah,"2007-11-29","2008-12-26 22:19:57","2008-12-26 22:19:57",
965,955,"24000131",1,"24000131-001",INV/24000131-001,"2007-11-29","0","",SL,"2007-11-29","0","",1,"",0,Rupiah,"2007-11-29","2008-12-26 22:19:57","2008-12-26 22:19:57",
966,956,"24000132",1,"24000132-001",INV/24000132-001,"2007-11-29","0","",SL,"2007-11-29","0","",1,"",0,Rupiah,"2007-11-29","2008-12-26 22:19:57","2008-12-26 22:19:57",
967,957,"24000133",1,"24000133-001",INV/24000133-001,"2007-11-29","0","",SL,"2007-11-29","0","",1,"",0,Rupiah,"2007-11-29","2008-12-26 22:19:57","2008-12-26 22:19:57",
968,958,"24000134",1,"24000134-001",INV/24000134-001,"2007-11-29","0","",SL,"2007-11-29","0","",1,"",0,Rupiah,"2007-11-29","2008-12-26 22:19:57","2008-12-26 22:19:57",
969,959,"24000135",1,"24000135-001",INV/24000135-001,"2007-11-29","0","",SL,"2007-11-29","0","",1,"",0,Rupiah,"2007-11-29","2008-12-26 22:19:57","2008-12-26 22:19:57",
970,960,"24000138",1,"24000138-001",INV/24000138-001,"2007-11-29","0","",SL,"2007-11-29","0","",1,"",0,Rupiah,"2007-11-29","2008-12-26 22:19:57","2008-12-26 22:19:57",
971,961,"24000139",1,"24000139-001",INV/24000139-001,"2007-11-29","0","",SL,"2007-11-29","0","",1,"",0,Rupiah,"2007-11-29","2008-12-26 22:19:57","2008-12-26 22:19:57",
972,962,"24000141",1,"24000141-001",INV/24000141-001,"2007-11-29","0","",SL,"2007-11-29","0","",1,"",0,Rupiah,"2007-11-29","2008-12-26 22:19:57","2008-12-26 22:19:57",
973,963,"24000142",1,"24000142-001",INV/24000142-001,"2007-11-29","0","",SL,"2007-11-29","0","",1,"",0,Rupiah,"2007-11-29","2008-12-26 22:19:57","2008-12-26 22:19:57",
974,964,"24000143",1,"24000143-001",INV/24000143-001,"2007-11-29","0","",SL,"2007-11-29","0","",1,"",0,Rupiah,"2007-11-29","2008-12-26 22:19:57","2008-12-26 22:19:57",
975,965,"24000144",1,"24000144-001",INV/24000144-001,"2007-11-29","0","",SL,"2007-11-29","0","",1,"",0,Rupiah,"2007-11-29","2008-12-26 22:19:57","2008-12-26 22:19:57",
976,966,"24000383",1,"24000383-002",INV/24000383-002,"2007-11-29","0","",SL,"2007-11-29","0","",1,"",0,Rupiah,"2007-11-29","2008-12-26 22:19:57","2008-12-26 22:19:57",
977,967,"24000468",1,"24000468-002",INV/24000468-002,"2007-11-29","0","",SL,"2007-11-29","0","",1,"",0,Rupiah,"2007-11-29","2008-12-26 22:19:57","2008-12-26 22:19:57",
978,968,"24000467",1,"24000467-001",INV/24000467-001,"2007-11-29","0","",SL,"2007-11-29","0","",1,"",0,Rupiah,"2007-11-29","2008-12-26 22:19:57","2008-12-26 22:19:57",
979,969,"26000097",1,"26000097-002",INV/26000097-002,"2007-11-29","0","",SL,"2007-11-29","0","",1,"",0,Rupiah,"2007-11-29","2008-12-26 22:19:57","2008-12-26 22:19:57",
980,692,"22000039",1,"22000039-002",INV/22000039-002,"2007-11-29","0","",SL,"2007-11-29","0","",1,"",0,Rupiah,"2007-11-29","2008-12-26 22:19:57","2008-12-26 22:19:57",
981,693,"22000040",1,"22000040-002",INV/22000040-002,"2007-11-29","0","",SL,"2007-11-29","0","",1,"",0,Rupiah,"2007-11-29","2008-12-26 22:19:57","2008-12-26 22:19:57",
982,970,"24000145",1,"24000145-001",INV/24000145-001,"2007-11-29","0","",SL,"2007-11-29","0","",1,"",0,Rupiah,"2007-11-29","2008-12-26 22:19:57","2008-12-26 22:19:57",
983,971,"24000146",1,"24000146-001",INV/24000146-001,"2007-11-29","0","",SL,"2007-11-29","0","",1,"",0,Rupiah,"2007-11-29","2008-12-26 22:19:57","2008-12-26 22:19:57",
984,972,"24000147",1,"24000147-001",INV/24000147-001,"2007-11-29","0","",SL,"2007-11-29","0","",1,"",0,Rupiah,"2007-11-29","2008-12-26 22:19:57","2008-12-26 22:19:57",
985,973,"24000148",1,"24000148-001",INV/24000148-001,"2007-11-29","0","",SL,"2007-11-29","0","",1,"",0,Rupiah,"2007-11-29","2008-12-26 22:19:57","2008-12-26 22:19:57",
986,974,"24000149",1,"24000149-001",INV/24000149-001,"2007-11-29","0","",SL,"2007-11-29","0","",1,"",0,Rupiah,"2007-11-29","2008-12-26 22:19:57","2008-12-26 22:19:57",
987,975,"24000150",1,"24000150-001",INV/24000150-001,"2007-11-29","0","",SL,"2007-11-29","0","",1,"",0,Rupiah,"2007-11-29","2008-12-26 22:19:57","2008-12-26 22:19:57",
988,976,"24000151",1,"24000151-001",INV/24000151-001,"2007-11-29","0","",SL,"2007-11-29","0","",1,"",0,Rupiah,"2007-11-29","2008-12-26 22:19:57","2008-12-26 22:19:57",
989,977,"24000152",1,"24000152-001",INV/24000152-001,"2007-11-29","0","",SL,"2007-11-29","0","",1,"",0,Rupiah,"2007-11-29","2008-12-26 22:19:57","2008-12-26 22:19:57",
990,978,"24000153",1,"24000153-001",INV/24000153-001,"2007-11-29","0","",SL,"2007-11-29","0","",1,"",0,Rupiah,"2007-11-29","2008-12-26 22:19:57","2008-12-26 22:19:57",
991,979,"24000154",1,"24000154-001",INV/24000154-001,"2007-11-29","0","",SL,"2007-11-29","0","",1,"",0,Rupiah,"2007-11-29","2008-12-26 22:19:57","2008-12-26 22:19:57",
992,980,"24000155",1,"24000155-001",INV/24000155-001,"2007-11-29","0","",SL,"2007-11-29","0","",1,"",0,Rupiah,"2007-11-29","2008-12-26 22:19:57","2008-12-26 22:19:57",
993,981,"24000156",1,"24000156-001",INV/24000156-001,"2007-11-29","0","",SL,"2007-11-29","0","",1,"",0,Rupiah,"2007-11-29","2008-12-26 22:19:57","2008-12-26 22:19:57",
994,982,"24000157",1,"24000157-001",INV/24000157-001,"2007-11-29","0","",SL,"2007-11-29","0","",1,"",0,Rupiah,"2007-11-29","2008-12-26 22:19:57","2008-12-26 22:19:57",
995,983,"24000158",1,"24000158-001",INV/24000158-001,"2007-11-29","0","",SL,"2007-11-29","0","",1,"",0,Rupiah,"2007-11-29","2008-12-26 22:19:57","2008-12-26 22:19:57",
996,984,"24000159",1,"24000159-001",INV/24000159-001,"2007-11-29","0","",SL,"2007-11-29","0","",1,"",0,Rupiah,"2007-11-29","2008-12-26 22:19:57","2008-12-26 22:19:57",
997,985,"24000160",1,"24000160-001",INV/24000160-001,"2007-11-29","0","",SL,"2007-11-29","0","",1,"",0,Rupiah,"2007-11-29","2008-12-26 22:19:57","2008-12-26 22:19:57",
998,986,"24000161",1,"24000161-001",INV/24000161-001,"2007-11-29","0","",SL,"2007-11-29","0","",1,"",0,Rupiah,"2007-11-29","2008-12-26 22:19:57","2008-12-26 22:19:57",
999,987,"24000162",1,"24000162-001",INV/24000162-001,"2007-11-29","0","",SL,"2007-11-29","0","",1,"",0,Rupiah,"2007-11-29","2008-12-26 22:19:57","2008-12-26 22:19:57",
1000,988,"24000163",1,"24000163-001",INV/24000163-001,"2007-11-29","0","",SL,"2007-11-29","0","",1,"",0,Rupiah,"2007-11-29","2008-12-26 22:19:57","2008-12-26 22:19:57",
1001,989,"24000164",1,"24000164-001",INV/24000164-001,"2007-11-29","0","",SL,"2007-11-29","0","",1,"",0,Rupiah,"2007-11-29","2008-12-26 22:19:57","2008-12-26 22:19:57",
1002,990,"24000165",1,"24000165-001",INV/24000165-001,"2007-11-29","0","",SL,"2007-11-29","0","",1,"",0,Rupiah,"2007-11-29","2008-12-26 22:19:57","2008-12-26 22:19:57",
1003,991,"24000166",1,"24000166-001",INV/24000166-001,"2007-11-29","0","",SL,"2007-11-29","0","",1,"",0,Rupiah,"2007-11-29","2008-12-26 22:19:57","2008-12-26 22:19:57",
1004,992,"24000167",1,"24000167-001",INV/24000167-001,"2007-11-29","0","",SL,"2007-11-29","0","",1,"",0,Rupiah,"2007-11-29","2008-12-26 22:19:57","2008-12-26 22:19:57",
1005,993,"24000168",1,"24000168-001",INV/24000168-001,"2007-11-29","0","",SL,"2007-11-29","0","",1,"",0,Rupiah,"2007-11-29","2008-12-26 22:19:57","2008-12-26 22:19:57",
1006,994,"24000169",1,"24000169-001",INV/24000169-001,"2007-11-29","0","",SL,"2007-11-29","0","",1,"",0,Rupiah,"2007-11-29","2008-12-26 22:19:57","2008-12-26 22:19:57",
1007,995,"24000170",1,"24000170-001",INV/24000170-001,"2007-11-29","0","",SL,"2007-11-29","0","",1,"",0,Rupiah,"2007-11-29","2008-12-26 22:19:57","2008-12-26 22:19:57",
1008,996,"24000171",1,"24000171-001",INV/24000171-001,"2007-11-29","0","",SL,"2007-11-29","0","",1,"",0,Rupiah,"2007-11-29","2008-12-26 22:19:57","2008-12-26 22:19:57",
1009,997,"24000172",1,"24000172-001",INV/24000172-001,"2007-11-29","0","",SL,"2007-11-29","0","",1,"",0,Rupiah,"2007-11-29","2008-12-26 22:19:57","2008-12-26 22:19:57",
1010,998,"24000173",1,"24000173-001",INV/24000173-001,"2007-11-29","0","",SL,"2007-11-29","0","",1,"",0,Rupiah,"2007-11-29","2008-12-26 22:19:57","2008-12-26 22:19:57",
1011,999,"24000174",1,"24000174-001",INV/24000174-001,"2007-11-29","0","",SL,"2007-11-29","0","",1,"",0,Rupiah,"2007-11-29","2008-12-26 22:19:57","2008-12-26 22:19:57",
1012,1000,"24000175",1,"24000175-001",INV/24000175-001,"2007-11-29","0","",SL,"2007-11-29","0","",1,"",0,Rupiah,"2007-11-29","2008-12-26 22:19:57","2008-12-26 22:19:57",
1013,1001,"24000177",1,"24000177-001",INV/24000177-001,"2007-11-29","0","",SL,"2007-11-29","0","",1,"",0,Rupiah,"2007-11-29","2008-12-26 22:19:57","2008-12-26 22:19:57",
1014,1002,"24000178",1,"24000178-001",INV/24000178-001,"2007-11-29","0","",SL,"2007-11-29","0","",1,"",0,Rupiah,"2007-11-29","2008-12-26 22:19:57","2008-12-26 22:19:57",
1015,1003,"24000179",1,"24000179-001",INV/24000179-001,"2007-11-29","0","",SL,"2007-11-29","0","",1,"",0,Rupiah,"2007-11-29","2008-12-26 22:19:57","2008-12-26 22:19:57",
1016,1004,"24000180",1,"24000180-001",INV/24000180-001,"2007-11-29","0","",SL,"2007-11-29","0","",1,"",0,Rupiah,"2007-11-29","2008-12-26 22:19:57","2008-12-26 22:19:57",
1017,1005,"24000181",1,"24000181-001",INV/24000181-001,"2007-11-29","0","",SL,"2007-11-29","0","",1,"",0,Rupiah,"2007-11-29","2008-12-26 22:19:57","2008-12-26 22:19:57",
1018,1006,"24000182",1,"24000182-001",INV/24000182-001,"2007-11-29","0","",SL,"2007-11-29","0","",1,"",0,Rupiah,"2007-11-29","2008-12-26 22:19:57","2008-12-26 22:19:57",
1019,1007,"24000183",1,"24000183-001",INV/24000183-001,"2007-11-29","0","",SL,"2007-11-29","0","",1,"",0,Rupiah,"2007-11-29","2008-12-26 22:19:57","2008-12-26 22:19:57",
1020,1008,"24000184",1,"24000184-001",INV/24000184-001,"2007-11-29","0","",SL,"2007-11-29","0","",1,"",0,Rupiah,"2007-11-29","2008-12-26 22:19:57","2008-12-26 22:19:57",
1021,1009,"24000185",1,"24000185-001",INV/24000185-001,"2007-11-29","0","",SL,"2007-11-29","0","",1,"",0,Rupiah,"2007-11-29","2008-12-26 22:19:57","2008-12-26 22:19:57",
1022,1010,"24000186",1,"24000186-001",INV/24000186-001,"2007-11-29","0","",SL,"2007-11-29","0","",1,"",0,Rupiah,"2007-11-29","2008-12-26 22:19:57","2008-12-26 22:19:57",
1023,1011,"24000187",1,"24000187-001",INV/24000187-001,"2007-11-29","0","",SL,"2007-11-29","0","",1,"",0,Rupiah,"2007-11-29","2008-12-26 22:19:57","2008-12-26 22:19:57",
1024,1012,"24000188",1,"24000188-001",INV/24000188-001,"2007-11-29","0","",SL,"2007-11-29","0","",1,"",0,Rupiah,"2007-11-29","2008-12-26 22:19:57","2008-12-26 22:19:57",
1025,1013,"24000191",1,"24000191-001",INV/24000191-001,"2007-11-29","0","",SL,"2007-11-29","0","",1,"",0,Rupiah,"2007-11-29","2008-12-26 22:19:57","2008-12-26 22:19:57",
1026,1014,"24000192",1,"24000192-001",INV/24000192-001,"2007-11-29","0","",SL,"2007-11-29","0","",1,"",0,Rupiah,"2007-11-29","2008-12-26 22:19:57","2008-12-26 22:19:57",
1027,1015,"24000193",1,"24000193-001",INV/24000193-001,"2007-11-29","0","",SL,"2007-11-29","0","",1,"",0,Rupiah,"2007-11-29","2008-12-26 22:19:57","2008-12-26 22:19:57",
1028,1016,"24000195",1,"24000195-001",INV/24000195-001,"2007-11-29","0","",SL,"2007-11-29","0","",1,"",0,Rupiah,"2007-11-29","2008-12-26 22:19:57","2008-12-26 22:19:57",
1029,1017,"24000197",1,"24000197-001",INV/24000197-001,"2007-11-29","0","",SL,"2007-11-29","0","",1,"",0,Rupiah,"2007-11-29","2008-12-26 22:19:57","2008-12-26 22:19:57",
1030,1018,"24000198",1,"24000198-001",INV/24000198-001,"2007-11-29","0","",SL,"2007-11-29","0","",1,"",0,Rupiah,"2007-11-29","2008-12-26 22:19:57","2008-12-26 22:19:57",
1031,827,"24000196",1,"24000196-001",INV/24000196-001,"2007-11-29","0","",SL,"2007-11-29","0","",1,"",0,Rupiah,"2007-11-29","2008-12-26 22:19:57","2008-12-26 22:19:57",
1032,1019,"24000201",1,"24000201-001",INV/24000201-001,"2007-11-29","0","",SL,"2007-11-29","0","",1,"",0,Rupiah,"2007-11-29","2008-12-26 22:19:57","2008-12-26 22:19:57",
1033,1020,"24000202",1,"24000202-001",INV/24000202-001,"2007-11-29","0","",SL,"2007-11-29","0","",1,"",0,Rupiah,"2007-11-29","2008-12-26 22:19:57","2008-12-26 22:19:57",
1034,1021,"24000203",1,"24000203-001",INV/24000203-001,"2007-11-29","0","",SL,"2007-11-29","0","",1,"",0,Rupiah,"2007-11-29","2008-12-26 22:19:57","2008-12-26 22:19:57",
1035,1022,"24000204",1,"24000204-001",INV/24000204-001,"2007-11-29","0","",SL,"2007-11-29","0","",1,"",0,Rupiah,"2007-11-29","2008-12-26 22:19:57","2008-12-26 22:19:57",
1036,1023,"24000205",1,"24000205-001",INV/24000205-001,"2007-11-29","0","",SL,"2007-11-29","0","",1,"",0,Rupiah,"2007-11-29","2008-12-26 22:19:57","2008-12-26 22:19:57",
1037,1024,"24000206",1,"24000206-001",INV/24000206-001,"2007-11-29","0","",SL,"2007-11-29","0","",1,"",0,Rupiah,"2007-11-29","2008-12-26 22:19:57","2008-12-26 22:19:57",
1038,1025,"24000207",1,"24000207-001",INV/24000207-001,"2007-11-29","0","",SL,"2007-11-29","0","",1,"",0,Rupiah,"2007-11-29","2008-12-26 22:19:57","2008-12-26 22:19:57",
1039,1026,"24000208",1,"24000208-001",INV/24000208-001,"2007-11-29","0","",SL,"2007-11-29","0","",1,"",0,Rupiah,"2007-11-29","2008-12-26 22:19:57","2008-12-26 22:19:57",
1040,1027,"24000209",1,"24000209-001",INV/24000209-001,"2007-11-29","0","",SL,"2007-11-29","0","",1,"",0,Rupiah,"2007-11-29","2008-12-26 22:19:57","2008-12-26 22:19:57",
1041,1028,"18000058",1,"18000058-001",INV/18000058-001,"2007-11-29","0","",SL,"2007-11-29","0","",1,"",0,Rupiah,"2007-11-29","2008-12-26 22:19:57","2008-12-26 22:19:57",
1042,1029,"27000083",1,"27000083-001",INV/27000083-001,"2007-11-29","0","",SL,"2007-11-29","0","",1,"",0,Rupiah,"2007-11-29","2008-12-26 22:19:57","2008-12-26 22:19:57",
1043,1030,"18000261",1,"18000261-002",INV/18000261-002,"2007-11-29","0","",SL,"2007-11-29","0","",1,"",0,Rupiah,"2007-11-29","2008-12-26 22:19:57","2008-12-26 22:19:57",
1044,1031,"17000049",1,"17000049-002",INV/17000049-002,"2007-11-29","0","",SL,"2007-11-29","0","",1,"",0,Rupiah,"2007-11-29","2008-12-26 22:19:57","2008-12-26 22:19:57",
1045,1032,"27000012",1,"27000012-002",INV/27000012-002,"2007-11-29","0","",SL,"2007-11-29","0","",1,"",0,Rupiah,"2007-11-29","2008-12-26 22:19:57","2008-12-26 22:19:57",
1046,1033,"27000013",1,"27000013-002",INV/27000013-002,"2007-11-29","0","",SL,"2007-11-29","0","",1,"",0,Rupiah,"2007-11-29","2008-12-26 22:19:57","2008-12-26 22:19:57",
1047,1034,"24000210",1,"24000210-001",INV/24000210-001,"2007-11-29","0","",SL,"2007-11-29","0","",1,"",0,Rupiah,"2007-11-29","2008-12-26 22:19:57","2008-12-26 22:19:57",
1048,1035,"24000211",1,"24000211-001",INV/24000211-001,"2007-11-29","0","",SL,"2007-11-29","0","",1,"",0,Rupiah,"2007-11-29","2008-12-26 22:19:57","2008-12-26 22:19:57",
1049,1036,"24000212",1,"24000212-001",INV/24000212-001,"2007-11-29","0","",SL,"2007-11-29","0","",1,"",0,Rupiah,"2007-11-29","2008-12-26 22:19:57","2008-12-26 22:19:57",
1050,1037,"24000213",1,"24000213-001",INV/24000213-001,"2007-11-29","0","",SL,"2007-11-29","0","",1,"",0,Rupiah,"2007-11-29","2008-12-26 22:19:57","2008-12-26 22:19:57",
1051,1038,"24000214",1,"24000214-001",INV/24000214-001,"2007-11-29","0","",SL,"2007-11-29","0","",1,"",0,Rupiah,"2007-11-29","2008-12-26 22:19:57","2008-12-26 22:19:57",
1052,1039,"24000215",1,"24000215-001",INV/24000215-001,"2007-11-29","0","",SL,"2007-11-29","0","",1,"",0,Rupiah,"2007-11-29","2008-12-26 22:19:57","2008-12-26 22:19:57",
1053,1040,"24000217",1,"24000217-001",INV/24000217-001,"2007-11-29","0","",SL,"2007-11-29","0","",1,"",0,Rupiah,"2007-11-29","2008-12-26 22:19:57","2008-12-26 22:19:57",
1054,1041,"24000218",1,"24000218-001",INV/24000218-001,"2007-11-29","0","",SL,"2007-11-29","0","",1,"",0,Rupiah,"2007-11-29","2008-12-26 22:19:57","2008-12-26 22:19:57",
1055,1042,"24000219",1,"24000219-001",INV/24000219-001,"2007-11-29","0","",SL,"2007-11-29","0","",1,"",0,Rupiah,"2007-11-29","2008-12-26 22:19:57","2008-12-26 22:19:57",
1056,1043,"24000220",1,"24000220-001",INV/24000220-001,"2007-11-29","0","",SL,"2007-11-29","0","",1,"",0,Rupiah,"2007-11-29","2008-12-26 22:19:57","2008-12-26 22:19:57",
1057,1044,"24000221",1,"24000221-001",INV/24000221-001,"2007-11-29","0","",SL,"2007-11-29","0","",1,"",0,Rupiah,"2007-11-29","2008-12-26 22:19:57","2008-12-26 22:19:57",
1058,1045,"24000222",1,"24000222-001",INV/24000222-001,"2007-11-29","0","",SL,"2007-11-29","0","",1,"",0,Rupiah,"2007-11-29","2008-12-26 22:19:57","2008-12-26 22:19:57",
1059,1046,"24000223",1,"24000223-001",INV/24000223-001,"2007-11-29","0","",SL,"2007-11-29","0","",1,"",0,Rupiah,"2007-11-29","2008-12-26 22:19:57","2008-12-26 22:19:57",
1060,1047,"24000224",1,"24000224-001",INV/24000224-001,"2007-11-29","0","",SL,"2007-11-29","0","",1,"",0,Rupiah,"2007-11-29","2008-12-26 22:19:57","2008-12-26 22:19:57",
1061,1048,"24000225",1,"24000225-001",INV/24000225-001,"2007-11-29","0","",SL,"2007-11-29","0","",1,"",0,Rupiah,"2007-11-29","2008-12-26 22:19:57","2008-12-26 22:19:57",
1062,1049,"24000226",1,"24000226-001",INV/24000226-001,"2007-11-29","0","",SL,"2007-11-29","0","",1,"",0,Rupiah,"2007-11-29","2008-12-26 22:19:57","2008-12-26 22:19:57",
1063,1050,"24000227",1,"24000227-001",INV/24000227-001,"2007-11-29","0","",SL,"2007-11-29","0","",1,"",0,Rupiah,"2007-11-29","2008-12-26 22:19:57","2008-12-26 22:19:57",
1064,1051,"24000228",1,"24000228-001",INV/24000228-001,"2007-11-29","0","",SL,"2007-11-29","0","",1,"",0,Rupiah,"2007-11-29","2008-12-26 22:19:57","2008-12-26 22:19:57",
1065,1052,"24000229",1,"24000229-001",INV/24000229-001,"2007-11-29","0","",SL,"2007-11-29","0","",1,"",0,Rupiah,"2007-11-29","2008-12-26 22:19:57","2008-12-26 22:19:57",
1066,1053,"24000230",1,"24000230-001",INV/24000230-001,"2007-11-29","0","",SL,"2007-11-29","0","",1,"",0,Rupiah,"2007-11-29","2008-12-26 22:19:57","2008-12-26 22:19:57",
1067,1054,"24000232",1,"24000232-001",INV/24000232-001,"2007-11-29","0","",SL,"2007-11-29","0","",1,"",0,Rupiah,"2007-11-29","2008-12-26 22:19:57","2008-12-26 22:19:57",
1068,1055,"24000233",1,"24000233-001",INV/24000233-001,"2007-11-29","0","",SL,"2007-11-29","0","",1,"",0,Rupiah,"2007-11-29","2008-12-26 22:19:57","2008-12-26 22:19:57",
1069,1056,"24000234",1,"24000234-001",INV/24000234-001,"2007-11-29","0","",SL,"2007-11-29","0","",1,"",0,Rupiah,"2007-11-29","2008-12-26 22:19:57","2008-12-26 22:19:57",
1070,1057,"24000235",1,"24000235-001",INV/24000235-001,"2007-11-29","0","",SL,"2007-11-29","0","",1,"",0,Rupiah,"2007-11-29","2008-12-26 22:19:57","2008-12-26 22:19:57",
1071,1058,"24000236",1,"24000236-001",INV/24000236-001,"2007-11-29","0","",SL,"2007-11-29","0","",1,"",0,Rupiah,"2007-11-29","2008-12-26 22:19:57","2008-12-26 22:19:57",
1072,1059,"24000237",1,"24000237-001",INV/24000237-001,"2007-11-29","0","",SL,"2007-11-29","0","",1,"",0,Rupiah,"2007-11-29","2008-12-26 22:19:57","2008-12-26 22:19:57",
1073,1060,"24000238",1,"24000238-001",INV/24000238-001,"2007-11-29","0","",SL,"2007-11-29","0","",1,"",0,Rupiah,"2007-11-29","2008-12-26 22:19:57","2008-12-26 22:19:57",
1074,1061,"24000239",1,"24000239-001",INV/24000239-001,"2007-11-29","0","",SL,"2007-11-29","0","",1,"",0,Rupiah,"2007-11-29","2008-12-26 22:19:57","2008-12-26 22:19:57",
1075,1062,"24000240",1,"24000240-001",INV/24000240-001,"2007-11-29","0","",SL,"2007-11-29","0","",1,"",0,Rupiah,"2007-11-29","2008-12-26 22:19:57","2008-12-26 22:19:57",
1076,1063,"24000241",1,"24000241-001",INV/24000241-001,"2007-11-29","0","",SL,"2007-11-29","0","",1,"",0,Rupiah,"2007-11-29","2008-12-26 22:19:57","2008-12-26 22:19:57",
1077,1064,"18000265",1,"18000265-002",INV/18000265-002,"2007-11-29","0","",SL,"2007-11-29","0","",1,"",0,Rupiah,"2007-11-29","2008-12-26 22:19:57","2008-12-26 22:19:57",
1078,1065,"27000015",1,"27000015-002",INV/27000015-002,"2007-11-29","0","",SL,"2007-11-29","0","",1,"",0,Rupiah,"2007-11-29","2008-12-26 22:19:57","2008-12-26 22:19:57",
1079,1066,"24000242",1,"24000242-001",INV/24000242-001,"2007-11-29","0","",SL,"2007-11-29","0","",1,"",0,Rupiah,"2007-11-29","2008-12-26 22:19:57","2008-12-26 22:19:57",
1080,1067,"24000243",1,"24000243-001",INV/24000243-001,"2007-11-29","0","",SL,"2007-11-29","0","",1,"",0,Rupiah,"2007-11-29","2008-12-26 22:19:57","2008-12-26 22:19:57",
1081,1068,"24000244",1,"24000244-001",INV/24000244-001,"2007-11-29","0","",SL,"2007-11-29","0","",1,"",0,Rupiah,"2007-11-29","2008-12-26 22:19:57","2008-12-26 22:19:57",
1082,1069,"24000245",1,"24000245-001",INV/24000245-001,"2007-11-29","0","",SL,"2007-11-29","0","",1,"",0,Rupiah,"2007-11-29","2008-12-26 22:19:57","2008-12-26 22:19:57",
1083,1070,"24000246",1,"24000246-001",INV/24000246-001,"2007-11-29","0","",SL,"2007-11-29","0","",1,"",0,Rupiah,"2007-11-29","2008-12-26 22:19:57","2008-12-26 22:19:57",
1084,1071,"24000247",1,"24000247-001",INV/24000247-001,"2007-11-29","0","",SL,"2007-11-29","0","",1,"",0,Rupiah,"2007-11-29","2008-12-26 22:19:57","2008-12-26 22:19:57",
1085,1072,"2500001-",1,"2500001-001",INV/2500001-001,"2007-11-29","0","",SL,"2007-11-29","0","",1,"",0,Rupiah,"2007-11-29","2008-12-26 22:19:57","2008-12-26 22:19:57",
1086,1073,"25000002",1,"25000002-001",INV/25000002-001,"2007-11-29","0","",SL,"2007-11-29","0","",1,"",0,Rupiah,"2007-11-29","2008-12-26 22:19:57","2008-12-26 22:19:57",
1087,1074,"25000003",1,"25000003-001",INV/25000003-001,"2007-11-29","0","",SL,"2007-11-29","0","",1,"",0,Rupiah,"2007-11-29","2008-12-26 22:19:57","2008-12-26 22:19:57",
1088,1075,"25000004",1,"25000004-001",INV/25000004-001,"2007-11-29","0","",SL,"2007-11-29","0","",1,"",0,Rupiah,"2007-11-29","2008-12-26 22:19:57","2008-12-26 22:19:57",
1089,1076,"25000005",1,"25000005-001",INV/25000005-001,"2007-11-29","0","",SL,"2007-11-29","0","",1,"",0,Rupiah,"2007-11-29","2008-12-26 22:19:57","2008-12-26 22:19:57",
1090,1077,"25000006",1,"25000006-001",INV/25000006-001,"2007-11-29","0","",SL,"2007-11-29","0","",1,"",0,Rupiah,"2007-11-29","2008-12-26 22:19:57","2008-12-26 22:19:57",
1091,1078,"25000007",1,"25000007-001",INV/25000007-001,"2007-11-29","0","",SL,"2007-11-29","0","",1,"",0,Rupiah,"2007-11-29","2008-12-26 22:19:57","2008-12-26 22:19:57",
1092,1079,"25000008",1,"25000008-001",INV/25000008-001,"2007-11-29","0","",SL,"2007-11-29","0","",1,"",0,Rupiah,"2007-11-29","2008-12-26 22:19:57","2008-12-26 22:19:57",
1093,1080,"25000009",1,"25000009-001",INV/25000009-001,"2007-11-29","0","",SL,"2007-11-29","0","",1,"",0,Rupiah,"2007-11-29","2008-12-26 22:19:57","2008-12-26 22:19:57",
1094,1081,"25000010",1,"25000010-001",INV/25000010-001,"2007-11-29","0","",SL,"2007-11-29","0","",1,"",0,Rupiah,"2007-11-29","2008-12-26 22:19:57","2008-12-26 22:19:57",
1095,635,"25000012",1,"25000012-001",INV/25000012-001,"2007-11-29","0","",SL,"2007-11-29","0","",1,"",0,Rupiah,"2007-11-29","2008-12-26 22:19:57","2008-12-26 22:19:57",
1096,1082,"25000013",1,"25000013-001",INV/25000013-001,"2007-11-29","0","",SL,"2007-11-29","0","",1,"",0,Rupiah,"2007-11-29","2008-12-26 22:19:57","2008-12-26 22:19:57",
1097,1083,"25000014",1,"25000014-001",INV/25000014-001,"2007-11-29","0","",SL,"2007-11-29","0","",1,"",0,Rupiah,"2007-11-29","2008-12-26 22:19:57","2008-12-26 22:19:57",
1098,1084,"25000015",1,"25000015-001",INV/25000015-001,"2007-11-29","0","",SL,"2007-11-29","0","",1,"",0,Rupiah,"2007-11-29","2008-12-26 22:19:57","2008-12-26 22:19:57",
1099,1085,"25000016",1,"25000016-001",INV/25000016-001,"2007-11-29","0","",SL,"2007-11-29","0","",1,"",0,Rupiah,"2007-11-29","2008-12-26 22:19:57","2008-12-26 22:19:57",
1100,1086,"25000017",1,"25000017-001",INV/25000017-001,"2007-11-29","0","",SL,"2007-11-29","0","",1,"",0,Rupiah,"2007-11-29","2008-12-26 22:19:57","2008-12-26 22:19:57",
1101,1087,"25000018",1,"25000018-001",INV/25000018-001,"2007-11-29","0","",SL,"2007-11-29","0","",1,"",0,Rupiah,"2007-11-29","2008-12-26 22:19:57","2008-12-26 22:19:57",
1102,1088,"25000019",1,"25000019-001",INV/25000019-001,"2007-11-29","0","",SL,"2007-11-29","0","",1,"",0,Rupiah,"2007-11-29","2008-12-26 22:19:57","2008-12-26 22:19:57",
1103,1089,"26000001",1,"26000001-001",INV/26000001-001,"2007-11-29","0","",SL,"2007-11-29","0","",1,"",0,Rupiah,"2007-11-29","2008-12-26 22:19:57","2008-12-26 22:19:57",
1104,1090,"26000002",1,"26000002-001",INV/26000002-001,"2007-11-29","0","",SL,"2007-11-29","0","",1,"",0,Rupiah,"2007-11-29","2008-12-26 22:19:57","2008-12-26 22:19:57",
1105,1091,"26000003",1,"26000003-001",INV/26000003-001,"2007-11-29","0","",SL,"2007-11-29","0","",1,"",0,Rupiah,"2007-11-29","2008-12-26 22:19:57","2008-12-26 22:19:57",
1106,1092,"26000004",1,"26000004-001",INV/26000004-001,"2007-11-29","0","",SL,"2007-11-29","0","",1,"",0,Rupiah,"2007-11-29","2008-12-26 22:19:57","2008-12-26 22:19:57",
1107,1093,"26000005",1,"26000005-001",INV/26000005-001,"2007-11-29","0","",SL,"2007-11-29","0","",1,"",0,Rupiah,"2007-11-29","2008-12-26 22:19:57","2008-12-26 22:19:57",
1108,1094,"26000006",1,"26000006-001",INV/26000006-001,"2007-11-29","0","",SL,"2007-11-29","0","",1,"",0,Rupiah,"2007-11-29","2008-12-26 22:19:57","2008-12-26 22:19:57",
1109,364,"14000005",1,"14000005-002",INV/14000005-002,"2007-11-29","0","",SL,"2007-11-29","0","",1,"",0,Rupiah,"2007-11-29","2008-12-26 22:19:57","2008-12-26 22:19:57",
1110,1095,"26000007",1,"26000007-001",INV/26000007-001,"2007-11-29","0","",SL,"2007-11-29","0","",1,"",0,Rupiah,"2007-11-29","2008-12-26 22:19:57","2008-12-26 22:19:57",
1111,1096,"26000008",1,"26000008-001",INV/26000008-001,"2007-11-29","0","",SL,"2007-11-29","0","",1,"",0,Rupiah,"2007-11-29","2008-12-26 22:19:57","2008-12-26 22:19:57",
1112,1097,"26000009",1,"26000009-001",INV/26000009-001,"2007-11-29","0","",SL,"2007-11-29","0","",1,"",0,Rupiah,"2007-11-29","2008-12-26 22:19:57","2008-12-26 22:19:57",
1113,1098,"26000010",1,"26000010-001",INV/26000010-001,"2007-11-29","0","",SL,"2007-11-29","0","",1,"",0,Rupiah,"2007-11-29","2008-12-26 22:19:57","2008-12-26 22:19:57",
1114,1099,"26000011",1,"26000011-001",INV/26000011-001,"2007-11-29","0","",SL,"2007-11-29","0","",1,"",0,Rupiah,"2007-11-29","2008-12-26 22:19:57","2008-12-26 22:19:57",
1115,1100,"26000012",1,"26000012-001",INV/26000012-001,"2007-11-29","0","",SL,"2007-11-29","0","",1,"",0,Rupiah,"2007-11-29","2008-12-26 22:19:57","2008-12-26 22:19:57",
1116,1101,"26000013",1,"26000013-001",INV/26000013-001,"2007-11-29","0","",SL,"2007-11-29","0","",1,"",0,Rupiah,"2007-11-29","2008-12-26 22:19:57","2008-12-26 22:19:57",
1117,1102,"26000014",1,"26000014-001",INV/26000014-001,"2007-11-29","0","",SL,"2007-11-29","0","",1,"",0,Rupiah,"2007-11-29","2008-12-26 22:19:57","2008-12-26 22:19:57",
1118,1103,"26000015",1,"26000015-001",INV/26000015-001,"2007-11-29","0","",SL,"2007-11-29","0","",1,"",0,Rupiah,"2007-11-29","2008-12-26 22:19:57","2008-12-26 22:19:57",
1119,1104,"26000016",1,"26000016-001",INV/26000016-001,"2007-11-29","0","",SL,"2007-11-29","0","",1,"",0,Rupiah,"2007-11-29","2008-12-26 22:19:57","2008-12-26 22:19:57",
1120,1105,"26000017",1,"26000017-001",INV/26000017-001,"2007-11-29","0","",SL,"2007-11-29","0","",1,"",0,Rupiah,"2007-11-29","2008-12-26 22:19:57","2008-12-26 22:19:57",
1121,1106,"26000018",1,"26000018-001",INV/26000018-001,"2007-11-29","0","",SL,"2007-11-29","0","",1,"",0,Rupiah,"2007-11-29","2008-12-26 22:19:57","2008-12-26 22:19:57",
1122,1107,"26000019",1,"26000019-001",INV/26000019-001,"2007-11-29","0","",SL,"2007-11-29","0","",1,"",0,Rupiah,"2007-11-29","2008-12-26 22:19:57","2008-12-26 22:19:57",
1123,1108,"26000020",1,"26000020-001",INV/26000020-001,"2007-11-29","0","",SL,"2007-11-29","0","",1,"",0,Rupiah,"2007-11-29","2008-12-26 22:19:57","2008-12-26 22:19:57",
1124,1109,"26000021",1,"26000021-001",INV/26000021-001,"2007-11-29","0","",SL,"2007-11-29","0","",1,"",0,Rupiah,"2007-11-29","2008-12-26 22:19:57","2008-12-26 22:19:57",
1125,1110,"26000022",1,"26000022-001",INV/26000022-001,"2007-11-29","0","",SL,"2007-11-29","0","",1,"",0,Rupiah,"2007-11-29","2008-12-26 22:19:57","2008-12-26 22:19:57",
1126,1111,"26000023",1,"26000023-001",INV/26000023-001,"2007-11-29","0","",SL,"2007-11-29","0","",1,"",0,Rupiah,"2007-11-29","2008-12-26 22:19:57","2008-12-26 22:19:57",
1127,1112,"26000024",1,"26000024-001",INV/26000024-001,"2007-11-29","0","",SL,"2007-11-29","0","",1,"",0,Rupiah,"2007-11-29","2008-12-26 22:19:57","2008-12-26 22:19:57",
1128,1113,"26000025",1,"26000025-001",INV/26000025-001,"2007-11-29","0","",SL,"2007-11-29","0","",1,"",0,Rupiah,"2007-11-29","2008-12-26 22:19:57","2008-12-26 22:19:57",
1129,1114,"26000026",1,"26000026-001",INV/26000026-001,"2007-11-29","0","",SL,"2007-11-29","0","",1,"",0,Rupiah,"2007-11-29","2008-12-26 22:19:57","2008-12-26 22:19:57",
1130,1115,"26000027",1,"26000027-001",INV/26000027-001,"2007-11-29","0","",SL,"2007-11-29","0","",1,"",0,Rupiah,"2007-11-29","2008-12-26 22:19:57","2008-12-26 22:19:57",
1131,1116,"26000028",1,"26000028-001",INV/26000028-001,"2007-11-29","0","",SL,"2007-11-29","0","",1,"",0,Rupiah,"2007-11-29","2008-12-26 22:19:57","2008-12-26 22:19:57",
1132,1117,"26000029",1,"26000029-001",INV/26000029-001,"2007-11-29","0","",SL,"2007-11-29","0","",1,"",0,Rupiah,"2007-11-29","2008-12-26 22:19:57","2008-12-26 22:19:57",
1133,1118,"26000030",1,"26000030-001",INV/26000030-001,"2007-11-29","0","",SL,"2007-11-29","0","",1,"",0,Rupiah,"2007-11-29","2008-12-26 22:19:57","2008-12-26 22:19:57",
1134,1119,"26000031",1,"26000031-001",INV/26000031-001,"2007-11-29","0","",SL,"2007-11-29","0","",1,"",0,Rupiah,"2007-11-29","2008-12-26 22:19:57","2008-12-26 22:19:57",
1135,1120,"26000032",1,"26000032-001",INV/26000032-001,"2007-11-29","0","",SL,"2007-11-29","0","",1,"",0,Rupiah,"2007-11-29","2008-12-26 22:19:57","2008-12-26 22:19:57",
1136,1121,"26000033",1,"26000033-001",INV/26000033-001,"2007-11-29","0","",SL,"2007-11-29","0","",1,"",0,Rupiah,"2007-11-29","2008-12-26 22:19:57","2008-12-26 22:19:57",
1137,1122,"26000034",1,"26000034-001",INV/26000034-001,"2007-11-29","0","",SL,"2007-11-29","0","",1,"",0,Rupiah,"2007-11-29","2008-12-26 22:19:57","2008-12-26 22:19:57",
1138,1123,"26000035",1,"26000035-001",INV/26000035-001,"2007-11-29","0","",SL,"2007-11-29","0","",1,"",0,Rupiah,"2007-11-29","2008-12-26 22:19:57","2008-12-26 22:19:57",
1139,1124,"26000036",1,"26000036-001",INV/26000036-001,"2007-11-29","0","",SL,"2007-11-29","0","",1,"",0,Rupiah,"2007-11-29","2008-12-26 22:19:57","2008-12-26 22:19:57",
1140,1125,"26000037",1,"26000037-001",INV/26000037-001,"2007-11-29","0","",SL,"2007-11-29","0","",1,"",0,Rupiah,"2007-11-29","2008-12-26 22:19:57","2008-12-26 22:19:57",
1141,1126,"26000038",1,"26000038-001",INV/26000038-001,"2007-11-29","0","",SL,"2007-11-29","0","",1,"",0,Rupiah,"2007-11-29","2008-12-26 22:19:57","2008-12-26 22:19:57",
1142,1127,"26000039",1,"26000039-001",INV/26000039-001,"2007-11-29","0","",SL,"2007-11-29","0","",1,"",0,Rupiah,"2007-11-29","2008-12-26 22:19:57","2008-12-26 22:19:57",
1143,1128,"26000040",1,"26000040-001",INV/26000040-001,"2007-11-29","0","",SL,"2007-11-29","0","",1,"",0,Rupiah,"2007-11-29","2008-12-26 22:19:57","2008-12-26 22:19:57",
1144,1129,"26000041",1,"26000041-001",INV/26000041-001,"2007-11-29","0","",SL,"2007-11-29","0","",1,"",0,Rupiah,"2007-11-29","2008-12-26 22:19:57","2008-12-26 22:19:57",
1145,1130,"26000042",1,"26000042-001",INV/26000042-001,"2007-11-29","0","",SL,"2007-11-29","0","",1,"",0,Rupiah,"2007-11-29","2008-12-26 22:19:57","2008-12-26 22:19:57",
1146,1131,"26000043",1,"26000043-001",INV/26000043-001,"2007-11-29","0","",SL,"2007-11-29","0","",1,"",0,Rupiah,"2007-11-29","2008-12-26 22:19:57","2008-12-26 22:19:57",
1147,1132,"26000044",1,"26000044-001",INV/26000044-001,"2007-11-29","0","",SL,"2007-11-29","0","",1,"",0,Rupiah,"2007-11-29","2008-12-26 22:19:57","2008-12-26 22:19:57",
1148,1133,"27000001",1,"27000001-001",INV/27000001-001,"2007-11-29","0","",SL,"2007-11-29","0","",1,"",0,Rupiah,"2007-11-29","2008-12-26 22:19:57","2008-12-26 22:19:57",
1149,1134,"27000002",1,"27000002-001",INV/27000002-001,"2007-11-29","0","",SL,"2007-11-29","0","",1,"",0,Rupiah,"2007-11-29","2008-12-26 22:19:57","2008-12-26 22:19:57",
1150,1135,"27000003",1,"27000003-001",INV/27000003-001,"2007-11-29","0","",SL,"2007-11-29","0","",1,"",0,Rupiah,"2007-11-29","2008-12-26 22:19:57","2008-12-26 22:19:57",
1151,1136,"27000004",1,"27000004-001",INV/27000004-001,"2007-11-29","0","",SL,"2007-11-29","0","",1,"",0,Rupiah,"2007-11-29","2008-12-26 22:19:57","2008-12-26 22:19:57",
1152,1137,"27000005",1,"27000005-001",INV/27000005-001,"2007-11-29","0","",SL,"2007-11-29","0","",1,"",0,Rupiah,"2007-11-29","2008-12-26 22:19:57","2008-12-26 22:19:57",
1153,1138,"27000008",1,"27000008-001",INV/27000008-001,"2007-11-29","0","",SL,"2007-11-29","0","",1,"",0,Rupiah,"2007-11-29","2008-12-26 22:19:57","2008-12-26 22:19:57",
1154,1139,"27000009",1,"27000009-001",INV/27000009-001,"2007-11-29","0","",SL,"2007-11-29","0","",1,"",0,Rupiah,"2007-11-29","2008-12-26 22:19:57","2008-12-26 22:19:57",
1155,1140,"27000010",1,"27000010-001",INV/27000010-001,"2007-11-29","0","",SL,"2007-11-29","0","",1,"",0,Rupiah,"2007-11-29","2008-12-26 22:19:57","2008-12-26 22:19:57",
1156,1141,"27000011",1,"27000011-001",INV/27000011-001,"2007-11-29","0","",SL,"2007-11-29","0","",1,"",0,Rupiah,"2007-11-29","2008-12-26 22:19:57","2008-12-26 22:19:57",
1157,1032,"27000012",1,"27000012-001",INV/27000012-001,"2007-11-29","0","",SL,"2007-11-29","0","",1,"",0,Rupiah,"2007-11-29","2008-12-26 22:19:57","2008-12-26 22:19:57",
1158,1033,"27000013",1,"27000013-001",INV/27000013-001,"2007-11-29","0","",SL,"2007-11-29","0","",1,"",0,Rupiah,"2007-11-29","2008-12-26 22:19:57","2008-12-26 22:19:57",
1159,1142,"27000014",1,"27000014-001",INV/27000014-001,"2007-11-29","0","",SL,"2007-11-29","0","",1,"",0,Rupiah,"2007-11-29","2008-12-26 22:19:57","2008-12-26 22:19:57",
1160,1065,"27000015",1,"27000015-001",INV/27000015-001,"2007-11-29","0","",SL,"2007-11-29","0","",1,"",0,Rupiah,"2007-11-29","2008-12-26 22:19:57","2008-12-26 22:19:57",
1161,1143,"27000016",1,"27000016-001",INV/27000016-001,"2007-11-29","0","",SL,"2007-11-29","0","",1,"",0,Rupiah,"2007-11-29","2008-12-26 22:19:57","2008-12-26 22:19:57",
1162,1144,"27000017",1,"27000017-001",INV/27000017-001,"2007-11-29","0","",SL,"2007-11-29","0","",1,"",0,Rupiah,"2007-11-29","2008-12-26 22:19:57","2008-12-26 22:19:57",
1163,1145,"27000018",1,"27000018-001",INV/27000018-001,"2007-11-29","0","",SL,"2007-11-29","0","",1,"",0,Rupiah,"2007-11-29","2008-12-26 22:19:57","2008-12-26 22:19:57",
1164,1146,"27000019",1,"27000019-001",INV/27000019-001,"2007-11-29","0","",SL,"2007-11-29","0","",1,"",0,Rupiah,"2007-11-29","2008-12-26 22:19:57","2008-12-26 22:19:57",
1165,1147,"27000020",1,"27000020-001",INV/27000020-001,"2007-11-29","0","",SL,"2007-11-29","0","",1,"",0,Rupiah,"2007-11-29","2008-12-26 22:19:57","2008-12-26 22:19:57",
1166,1148,"27000021",1,"27000021-001",INV/27000021-001,"2007-11-29","0","",SL,"2007-11-29","0","",1,"",0,Rupiah,"2007-11-29","2008-12-26 22:19:57","2008-12-26 22:19:57",
1167,1149,"27000022",1,"27000022-001",INV/27000022-001,"2007-11-29","0","",SL,"2007-11-29","0","",1,"",0,Rupiah,"2007-11-29","2008-12-26 22:19:57","2008-12-26 22:19:57",
1168,1150,"27000024",1,"27000024-001",INV/27000024-001,"2007-11-29","0","",SL,"2007-11-29","0","",1,"",0,Rupiah,"2007-11-29","2008-12-26 22:19:57","2008-12-26 22:19:57",
1169,1151,"27000025",1,"27000025-001",INV/27000025-001,"2007-11-29","0","",SL,"2007-11-29","0","",1,"",0,Rupiah,"2007-11-29","2008-12-26 22:19:57","2008-12-26 22:19:57",
1170,1152,"27000026",1,"27000026-001",INV/27000026-001,"2007-11-29","0","",SL,"2007-11-29","0","",1,"",0,Rupiah,"2007-11-29","2008-12-26 22:19:57","2008-12-26 22:19:57",
1171,1153,"27000027",1,"27000027-001",INV/27000027-001,"2007-11-29","0","",SL,"2007-11-29","0","",1,"",0,Rupiah,"2007-11-29","2008-12-26 22:19:57","2008-12-26 22:19:57",
1172,1154,"27000028",1,"27000028-001",INV/27000028-001,"2007-11-29","0","",SL,"2007-11-29","0","",1,"",0,Rupiah,"2007-11-29","2008-12-26 22:19:57","2008-12-26 22:19:57",
1173,1155,"27000029",1,"27000029-001",INV/27000029-001,"2007-11-29","0","",SL,"2007-11-29","0","",1,"",0,Rupiah,"2007-11-29","2008-12-26 22:19:57","2008-12-26 22:19:57",
1174,1156,"27000030",1,"27000030-001",INV/27000030-001,"2007-11-29","0","",SL,"2007-11-29","0","",1,"",0,Rupiah,"2007-11-29","2008-12-26 22:19:57","2008-12-26 22:19:57",
1175,1157,"27000032",1,"27000032-001",INV/27000032-001,"2007-11-29","0","",SL,"2007-11-29","0","",1,"",0,Rupiah,"2007-11-29","2008-12-26 22:19:57","2008-12-26 22:19:57",
1176,1158,"27000033",1,"27000033-001",INV/27000033-001,"2007-11-29","0","",SL,"2007-11-29","0","",1,"",0,Rupiah,"2007-11-29","2008-12-26 22:19:57","2008-12-26 22:19:57",
1177,1159,"27000034",1,"27000034-001",INV/27000034-001,"2007-11-29","0","",SL,"2007-11-29","0","",1,"",0,Rupiah,"2007-11-29","2008-12-26 22:19:57","2008-12-26 22:19:57",
1178,1160,"27000035",1,"27000035-001",INV/27000035-001,"2007-11-29","0","",SL,"2007-11-29","0","",1,"",0,Rupiah,"2007-11-29","2008-12-26 22:19:57","2008-12-26 22:19:57",
1179,1161,"27000036",1,"27000036-001",INV/27000036-001,"2007-11-29","0","",SL,"2007-11-29","0","",1,"",0,Rupiah,"2007-11-29","2008-12-26 22:19:57","2008-12-26 22:19:57",
1180,1162,"27000037",1,"27000037-001",INV/27000037-001,"2007-11-29","0","",SL,"2007-11-29","0","",1,"",0,Rupiah,"2007-11-29","2008-12-26 22:19:57","2008-12-26 22:19:57",
1181,1163,"27000038",1,"27000038-001",INV/27000038-001,"2007-11-29","0","",SL,"2007-11-29","0","",1,"",0,Rupiah,"2007-11-29","2008-12-26 22:19:57","2008-12-26 22:19:57",
1182,1164,"27000039",1,"27000039-001",INV/27000039-001,"2007-11-29","0","",SL,"2007-11-29","0","",1,"",0,Rupiah,"2007-11-29","2008-12-26 22:19:57","2008-12-26 22:19:57",
1183,1165,"27000040",1,"27000040-001",INV/27000040-001,"2007-11-29","0","",SL,"2007-11-29","0","",1,"",0,Rupiah,"2007-11-29","2008-12-26 22:19:57","2008-12-26 22:19:57",
1184,1166,"27000041",1,"27000041-001",INV/27000041-001,"2007-11-29","0","",SL,"2007-11-29","0","",1,"",0,Rupiah,"2007-11-29","2008-12-26 22:19:57","2008-12-26 22:19:57",
1185,1167,"27000042",1,"27000042-001",INV/27000042-001,"2007-11-29","0","",SL,"2007-11-29","0","",1,"",0,Rupiah,"2007-11-29","2008-12-26 22:19:57","2008-12-26 22:19:57",
1186,1168,"27000043",1,"27000043-001",INV/27000043-001,"2007-11-29","0","",SL,"2007-11-29","0","",1,"",0,Rupiah,"2007-11-29","2008-12-26 22:19:57","2008-12-26 22:19:57",
1187,1169,"27000044",1,"27000044-001",INV/27000044-001,"2007-11-29","0","",SL,"2007-11-29","0","",1,"",0,Rupiah,"2007-11-29","2008-12-26 22:19:57","2008-12-26 22:19:57",
1188,1170,"27000046",1,"27000046-001",INV/27000046-001,"2007-11-29","0","",SL,"2007-11-29","0","",1,"",0,Rupiah,"2007-11-29","2008-12-26 22:19:57","2008-12-26 22:19:57",
1189,1171,"27000047",1,"27000047-001",INV/27000047-001,"2007-11-29","0","",SL,"2007-11-29","0","",1,"",0,Rupiah,"2007-11-29","2008-12-26 22:19:57","2008-12-26 22:19:57",
1190,1172,"27000048",1,"27000048-001",INV/27000048-001,"2007-11-29","0","",SL,"2007-11-29","0","",1,"",0,Rupiah,"2007-11-29","2008-12-26 22:19:57","2008-12-26 22:19:57",
1191,1173,"27000049",1,"27000049-001",INV/27000049-001,"2007-11-29","0","",SL,"2007-11-29","0","",1,"",0,Rupiah,"2007-11-29","2008-12-26 22:19:57","2008-12-26 22:19:57",
1192,1174,"27000050",1,"27000050-001",INV/27000050-001,"2007-11-29","0","",SL,"2007-11-29","0","",1,"",0,Rupiah,"2007-11-29","2008-12-26 22:19:57","2008-12-26 22:19:57",
1193,1175,"27000051",1,"27000051-001",INV/27000051-001,"2007-11-29","0","",SL,"2007-11-29","0","",1,"",0,Rupiah,"2007-11-29","2008-12-26 22:19:57","2008-12-26 22:19:57",
1194,1176,"27000054",1,"27000054-001",INV/27000054-001,"2007-11-29","0","",SL,"2007-11-29","0","",1,"",0,Rupiah,"2007-11-29","2008-12-26 22:19:57","2008-12-26 22:19:57",
1195,1177,"27000055",1,"27000055-001",INV/27000055-001,"2007-11-29","0","",SL,"2007-11-29","0","",1,"",0,Rupiah,"2007-11-29","2008-12-26 22:19:57","2008-12-26 22:19:57",
1196,1178,"27000056",1,"27000056-001",INV/27000056-001,"2007-11-29","0","",SL,"2007-11-29","0","",1,"",0,Rupiah,"2007-11-29","2008-12-26 22:19:57","2008-12-26 22:19:57",
1197,1179,"15000107",1,"15000107-001",INV/15000107-001,"2007-11-29","0","",SL,"2007-11-29","0","",1,"",0,Rupiah,"2007-11-29","2008-12-26 22:19:57","2008-12-26 22:19:57",
1198,1180,"27000119",1,"27000119-002",INV/27000119-002,"2007-11-29","0","",SL,"2007-11-29","0","",1,"",0,Rupiah,"2007-11-29","2008-12-26 22:19:57","2008-12-26 22:19:57",
1199,1181,"28000024",1,"28000024-001",INV/28000024-001,"2007-11-29","0","",SL,"2007-11-29","0","",1,"",0,Rupiah,"2007-11-29","2008-12-26 22:19:57","2008-12-26 22:19:57",
1200,1182,"28000025",1,"28000025-001",INV/28000025-001,"2007-11-29","0","",SL,"2007-11-29","0","",1,"",0,Rupiah,"2007-11-29","2008-12-26 22:19:57","2008-12-26 22:19:57",
1201,1183,"28000026",1,"28000026-001",INV/28000026-001,"2007-11-29","0","",SL,"2007-11-29","0","",1,"",0,Rupiah,"2007-11-29","2008-12-26 22:19:57","2008-12-26 22:19:57",
1202,1184,"28000001",1,"28000001-001",INV/28000001-001,"2007-11-29","0","",SL,"2007-11-29","0","",1,"",0,Rupiah,"2007-11-29","2008-12-26 22:19:57","2008-12-26 22:19:57",
1203,1185,"28000006",1,"28000006-001",INV/28000006-001,"2007-11-29","0","",SL,"2007-11-29","0","",1,"",0,Rupiah,"2007-11-29","2008-12-26 22:19:57","2008-12-26 22:19:57",
1204,1186,"28000007",1,"28000007-001",INV/28000007-001,"2007-11-29","0","",SL,"2007-11-29","0","",1,"",0,Rupiah,"2007-11-29","2008-12-26 22:19:57","2008-12-26 22:19:57",
1205,1187,"28000008",1,"28000008-001",INV/28000008-001,"2007-11-29","0","",SL,"2007-11-29","0","",1,"",0,Rupiah,"2007-11-29","2008-12-26 22:19:57","2008-12-26 22:19:57",
1206,1188,"28000009",1,"28000009-001",INV/28000009-001,"2007-11-29","0","",SL,"2007-11-29","0","",1,"",0,Rupiah,"2007-11-29","2008-12-26 22:19:57","2008-12-26 22:19:57",
1207,1189,"28000010",1,"28000010-001",INV/28000010-001,"2007-11-29","0","",SL,"2007-11-29","0","",1,"",0,Rupiah,"2007-11-29","2008-12-26 22:19:57","2008-12-26 22:19:57",
1208,1190,"28000011",1,"28000011-001",INV/28000011-001,"2007-11-29","0","",SL,"2007-11-29","0","",1,"",0,Rupiah,"2007-11-29","2008-12-26 22:19:57","2008-12-26 22:19:57",
1209,1191,"28000012",1,"28000012-001",INV/28000012-001,"2007-11-29","0","",SL,"2007-11-29","0","",1,"",0,Rupiah,"2007-11-29","2008-12-26 22:19:57","2008-12-26 22:19:57",
1210,1192,"12000084",1,"12000084-001",INV/12000084-001,"2007-11-29","0","",SL,"2007-11-29","0","",1,"",0,Rupiah,"2007-11-29","2008-12-26 22:19:57","2008-12-26 22:19:57",
1211,1193,"13000040",1,"13000040-001",INV/13000040-001,"2007-11-29","0","",SL,"2007-11-29","0","",1,"",0,Rupiah,"2007-11-29","2008-12-26 22:19:57","2008-12-26 22:19:57",
1212,1194,"13000042",1,"13000042-001",INV/13000042-001,"2007-11-29","0","",SL,"2007-11-29","0","",1,"",0,Rupiah,"2007-11-29","2008-12-26 22:19:57","2008-12-26 22:19:57",
1213,1195,"13000043",1,"13000043-001",INV/13000043-001,"2007-11-29",,"",SL,"2007-11-29","0","",1,"",0,Rupiah,"2007-11-29","2008-12-26 22:19:57","2026-07-25 16:16:16",
1214,1196,"13000044",1,"13000044-001",INV/13000044-001,"2007-11-29","0","",SL,"2007-11-29","0","",1,"",0,Rupiah,"2007-11-29","2008-12-26 22:19:57","2008-12-26 22:19:57",
1215,1197,"13000045",1,"13000045-001",INV/13000045-001,"2007-11-29","0","",SL,"2007-11-29","0","",1,"",0,Rupiah,"2007-11-29","2008-12-26 22:19:57","2008-12-26 22:19:57",
1216,1198,"13000046",1,"13000046-001",INV/13000046-001,"2007-11-29","0","",SL,"2007-11-29","0","",1,"",0,Rupiah,"2007-11-29","2008-12-26 22:19:57","2008-12-26 22:19:57",
1217,1199,"13000047",1,"13000047-001",INV/13000047-001,"2007-11-29",,"",SL,"2007-11-29","0","",1,"",0,Rupiah,"2007-11-29","2008-12-26 22:19:57","2026-07-25 11:17:25",
1218,1200,"13000048",1,"13000048-001",INV/13000048-001,"2007-11-29","0","",SL,"2007-11-29","0","",1,"",0,Rupiah,"2007-11-29","2008-12-26 22:19:57","2008-12-26 22:19:57",
1219,1201,"13000049",1,"13000049-001",INV/13000049-001,"2007-11-29",,"",SL,"2007-11-29","0","",1,"",0,Rupiah,"2007-11-29","2008-12-26 22:19:57","2026-07-26 10:03:51",
1220,1202,"24000297",1,"24000297-001",INV/24000297-001,"2007-11-29","0","",SL,"2007-11-29","0","",1,"",0,Rupiah,"2007-11-29","2008-12-26 22:19:57","2008-12-26 22:19:57",
1221,1203,"24000298",1,"24000298-001",INV/24000298-001,"2007-11-29","0","",SL,"2007-11-29","0","",1,"",0,Rupiah,"2007-11-29","2008-12-26 22:19:57","2008-12-26 22:19:57",
1222,1204,"11000114",1,"11000114-002",INV/11000114-002,"2007-11-29","0","",SL,"2007-11-29","0","",1,"",0,Rupiah,"2007-11-29","2008-12-26 22:19:57","2008-12-26 22:19:57",
1223,1205,"28000053",1,"28000053-002",INV/28000053-002,"2007-11-29","0","",SL,"2007-11-29","0","",1,"",0,Rupiah,"2007-11-29","2008-12-26 22:19:57","2008-12-26 22:19:57",
1224,651,"21000001",1,"21000001-002",INV/21000001-002,"2007-11-29","0","",SL,"2007-11-29","0","",1,"",0,Rupiah,"2007-11-29","2008-12-26 22:19:57","2008-12-26 22:19:57",
1225,1206,"24000300",1,"24000300-001",INV/24000300-001,"2007-11-29","0","",SL,"2007-11-29","0","",1,"",0,Rupiah,"2007-11-29","2008-12-26 22:19:57","2008-12-26 22:19:57",
1226,1207,"24000301",1,"24000301-001",INV/24000301-001,"2007-11-29","0","",SL,"2007-11-29","0","",1,"",0,Rupiah,"2007-11-29","2008-12-26 22:19:57","2008-12-26 22:19:57",
1227,1208,"24000302",1,"24000302-001",INV/24000302-001,"2007-11-29","0","",SL,"2007-11-29","0","",1,"",0,Rupiah,"2007-11-29","2008-12-26 22:19:57","2008-12-26 22:19:57",
1228,1209,"24000303",1,"24000303-001",INV/24000303-001,"2007-11-29","0","",SL,"2007-11-29","0","",1,"",0,Rupiah,"2007-11-29","2008-12-26 22:19:57","2008-12-26 22:19:57",
1229,1210,"24000304",1,"24000304-001",INV/24000304-001,"2007-11-29","0","",SL,"2007-11-29","0","",1,"",0,Rupiah,"2007-11-29","2008-12-26 22:19:57","2008-12-26 22:19:57",
1230,1211,"24000305",1,"24000305-001",INV/24000305-001,"2007-11-29","0","",SL,"2007-11-29","0","",1,"",0,Rupiah,"2007-11-29","2008-12-26 22:19:57","2008-12-26 22:19:57",
1231,1212,"24000306",1,"24000306-001",INV/24000306-001,"2007-11-29","0","",SL,"2007-11-29","0","",1,"",0,Rupiah,"2007-11-29","2008-12-26 22:19:57","2008-12-26 22:19:57",
1232,1213,"24000307",1,"24000307-001",INV/24000307-001,"2007-11-29","0","",SL,"2007-11-29","0","",1,"",0,Rupiah,"2007-11-29","2008-12-26 22:19:57","2008-12-26 22:19:57",
1233,1214,"24000308",1,"24000308-001",INV/24000308-001,"2007-11-29","0","",SL,"2007-11-29","0","",1,"",0,Rupiah,"2007-11-29","2008-12-26 22:19:57","2008-12-26 22:19:57",
1234,1215,"24000309",1,"24000309-001",INV/24000309-001,"2007-11-29","0","",SL,"2007-11-29","0","",1,"",0,Rupiah,"2007-11-29","2008-12-26 22:19:57","2008-12-26 22:19:57",
1235,1216,"24000310",1,"24000310-001",INV/24000310-001,"2007-11-29","0","",SL,"2007-11-29","0","",1,"",0,Rupiah,"2007-11-29","2008-12-26 22:19:57","2008-12-26 22:19:57",
1236,1217,"24000317",1,"24000317-001",INV/24000317-001,"2007-11-29","0","",SL,"2007-11-29","0","",1,"",0,Rupiah,"2007-11-29","2008-12-26 22:19:57","2008-12-26 22:19:57",
1237,1218,"24000318",1,"24000318-001",INV/24000318-001,"2007-11-29","0","",SL,"2007-11-29","0","",1,"",0,Rupiah,"2007-11-29","2008-12-26 22:19:57","2008-12-26 22:19:57",
1238,1219,"24000319",1,"24000319-001",INV/24000319-001,"2007-11-29","0","",SL,"2007-11-29","0","",1,"",0,Rupiah,"2007-11-29","2008-12-26 22:19:57","2008-12-26 22:19:57",
1239,1220,"24000320",1,"24000320-001",INV/24000320-001,"2007-11-29","0","",SL,"2007-11-29","0","",1,"",0,Rupiah,"2007-11-29","2008-12-26 22:19:57","2008-12-26 22:19:57",
1240,1221,"24000321",1,"24000321-001",INV/24000321-001,"2007-11-29","0","",SL,"2007-11-29","0","",1,"",0,Rupiah,"2007-11-29","2008-12-26 22:19:57","2008-12-26 22:19:57",
1241,1222,"24000322",1,"24000322-001",INV/24000322-001,"2007-11-29","0","",SL,"2007-11-29","0","",1,"",0,Rupiah,"2007-11-29","2008-12-26 22:19:57","2008-12-26 22:19:57",
1242,1223,"24000323",1,"24000323-001",INV/24000323-001,"2007-11-29","0","",SL,"2007-11-29","0","",1,"",0,Rupiah,"2007-11-29","2008-12-26 22:19:57","2008-12-26 22:19:57",
1243,1224,"24000324",1,"24000324-001",INV/24000324-001,"2007-11-29","0","",SL,"2007-11-29","0","",1,"",0,Rupiah,"2007-11-29","2008-12-26 22:19:57","2008-12-26 22:19:57",
1244,1225,"24000325",1,"24000325-001",INV/24000325-001,"2007-11-29","0","",SL,"2007-11-29","0","",1,"",0,Rupiah,"2007-11-29","2008-12-26 22:19:57","2008-12-26 22:19:57",
1245,1226,"24000326",1,"24000326-001",INV/24000326-001,"2007-11-29","0","",SL,"2007-11-29","0","",1,"",0,Rupiah,"2007-11-29","2008-12-26 22:19:57","2008-12-26 22:19:57",
1246,1227,"24000327",1,"24000327-001",INV/24000327-001,"2007-11-29","0","",SL,"2007-11-29","0","",1,"",0,Rupiah,"2007-11-29","2008-12-26 22:19:57","2008-12-26 22:19:57",
1247,1228,"24000328",1,"24000328-001",INV/24000328-001,"2007-11-29","0","",SL,"2007-11-29","0","",1,"",0,Rupiah,"2007-11-29","2008-12-26 22:19:57","2008-12-26 22:19:57",
1248,1229,"24000329",1,"24000329-001",INV/24000329-001,"2007-11-29","0","",SL,"2007-11-29","0","",1,"",0,Rupiah,"2007-11-29","2008-12-26 22:19:57","2008-12-26 22:19:57",
1249,1230,"24000330",1,"24000330-001",INV/24000330-001,"2007-11-29","0","",SL,"2007-11-29","0","",1,"",0,Rupiah,"2007-11-29","2008-12-26 22:19:57","2008-12-26 22:19:57",
1250,1231,"24000331",1,"24000331-001",INV/24000331-001,"2007-11-29","0","",SL,"2007-11-29","0","",1,"",0,Rupiah,"2007-11-29","2008-12-26 22:19:57","2008-12-26 22:19:57",
1251,1232,"24000332",1,"24000332-001",INV/24000332-001,"2007-11-29","0","",SL,"2007-11-29","0","",1,"",0,Rupiah,"2007-11-29","2008-12-26 22:19:57","2008-12-26 22:19:57",
1252,905,"24000334",1,"24000334-001",INV/24000334-001,"2007-11-29","0","",SL,"2007-11-29","0","",1,"",0,Rupiah,"2007-11-29","2008-12-26 22:19:57","2008-12-26 22:19:57",
1253,1233,"18000279",1,"18000279-001",INV/18000279-001,"2007-11-29","0","",SL,"2007-11-29","0","",1,"",0,Rupiah,"2007-11-29","2008-12-26 22:19:57","2008-12-26 22:19:57",
1254,1234,"18000280",1,"18000280-001",INV/18000280-001,"2007-11-29","0","",SL,"2007-11-29","0","",1,"",0,Rupiah,"2007-11-29","2008-12-26 22:19:57","2008-12-26 22:19:57",
1255,1235,"24000335",1,"24000335-001",INV/24000335-001,"2007-11-29","0","",SL,"2007-11-29","0","",1,"",0,Rupiah,"2007-11-29","2008-12-26 22:19:57","2008-12-26 22:19:57",
1256,1236,"24000336",1,"24000336-001",INV/24000336-001,"2007-11-29","0","",SL,"2007-11-29","0","",1,"",0,Rupiah,"2007-11-29","2008-12-26 22:19:57","2008-12-26 22:19:57",
1257,1237,"14000034",1,"14000034-001",INV/14000034-001,"2007-11-29","0","",SL,"2007-11-29","0","",1,"",0,Rupiah,"2007-11-29","2008-12-26 22:19:57","2008-12-26 22:19:57",
1258,1238,"14000035",1,"14000035-001",INV/14000035-001,"2007-11-29",,"",SL,"2007-11-29","0","",1,"",0,Rupiah,"2007-11-29","2008-12-26 22:19:57","2026-07-15 16:11:59",
1260,1240,"13000053",1,"13000053-001",INV/13000053-001,"2007-11-29","0","",SL,"2007-11-29","0","",1,"",0,Rupiah,"2007-11-29","2008-12-26 22:19:57","2008-12-26 22:19:57",
1261,1241,"13000054",1,"13000054-001",INV/13000054-001,"2007-11-29","0","",SL,"2007-11-29","0","",1,"",0,Rupiah,"2007-11-29","2008-12-26 22:19:57","2008-12-26 22:19:57",
1262,1242,"17000048",1,"17000048-001",INV/17000048-001,"2007-11-29","0","",SL,"2007-11-29","0","",1,"",0,Rupiah,"2007-11-29","2008-12-26 22:19:57","2008-12-26 22:19:57",
1263,1031,"17000049",1,"17000049-001",INV/17000049-001,"2007-11-29","0","",SL,"2007-11-29","0","",1,"",0,Rupiah,"2007-11-29","2008-12-26 22:19:57","2008-12-26 22:19:57",
1264,1243,"15000079",1,"15000079-001",INV/15000079-001,"2007-11-29","0","",SL,"2007-11-29","0","",1,"",0,Rupiah,"2007-11-29","2008-12-26 22:19:57","2008-12-26 22:19:57",
1265,1244,"15000076",1,"15000076-001",INV/15000076-001,"2007-11-29","0","",SL,"2007-11-29","0","",1,"",0,Rupiah,"2007-11-29","2008-12-26 22:19:57","2008-12-26 22:19:57",
1266,1245,"15000077",1,"15000077-001",INV/15000077-001,"2007-11-29","0","",SL,"2007-11-29","0","",1,"",0,Rupiah,"2007-11-29","2008-12-26 22:19:57","2008-12-26 22:19:57",
1267,1246,"15000078",1,"15000078-001",INV/15000078-001,"2007-11-29","0","",SL,"2007-11-29","0","",1,"",0,Rupiah,"2007-11-29","2008-12-26 22:19:57","2008-12-26 22:19:57",
1268,1247,"22000073",1,"22000073-001",INV/22000073-001,"2007-11-29","0","",SL,"2007-11-29","0","",1,"",0,Rupiah,"2007-11-29","2008-12-26 22:19:57","2008-12-26 22:19:57",
1269,1248,"22000074",1,"22000074-001",INV/22000074-001,"2007-11-29","0","",SL,"2007-11-29","0","",1,"",0,Rupiah,"2007-11-29","2008-12-26 22:19:57","2008-12-26 22:19:57",
1270,1249,"21000027",1,"21000027-001",INV/21000027-001,"2007-11-29","0","",SL,"2007-11-29","0","",1,"",0,Rupiah,"2007-11-29","2008-12-26 22:19:57","2008-12-26 22:19:57",
1271,1250,"18000200",1,"18000200-001",INV/18000200-001,"2007-11-29","0","",SL,"2007-11-29","0","",1,"",0,Rupiah,"2007-11-29","2008-12-26 22:19:57","2008-12-26 22:19:57",
1272,1251,"18000197",1,"18000197-001",INV/18000197-001,"2007-11-29","0","",SL,"2007-11-29","0","",1,"",0,Rupiah,"2007-11-29","2008-12-26 22:19:57","2008-12-26 22:19:57",
1298,1053,"24000230",1,"24000230-002",INV/24000230-002,"2007-11-29","0","",SL,"2007-11-29","0","",1,"",0,Rupiah,"2007-11-29","2008-12-26 22:19:57","2008-12-26 22:19:57",
1299,1277,"24000411",1,"24000411-001",INV/24000411-001,"2007-11-29","0","",SL,"2007-11-29","0","",1,"",0,Rupiah,"2007-11-29","2008-12-26 22:19:57","2008-12-26 22:19:57",
1300,1278,"24000416",1,"24000416-001",INV/24000416-001,"2007-11-29","0","",SL,"2007-11-29","0","",1,"",0,Rupiah,"2007-11-29","2008-12-26 22:19:57","2008-12-26 22:19:57",
1301,1279,"24000399",1,"24000399-001",INV/24000399-001,"2007-11-29","0","",SL,"2007-11-29","0","",1,"",0,Rupiah,"2007-11-29","2008-12-26 22:19:57","2008-12-26 22:19:57",
1302,1280,"24000396",1,"24000396-001",INV/24000396-001,"2007-11-29","0","",SL,"2007-11-29","0","",1,"",0,Rupiah,"2007-11-29","2008-12-26 22:19:57","2008-12-26 22:19:57",
1303,1281,"24000394",1,"24000394-001",INV/24000394-001,"2007-11-29","0","",SL,"2007-11-29","0","",1,"",0,Rupiah,"2007-11-29","2008-12-26 22:19:57","2008-12-26 22:19:57",
1304,1282,"24000393",1,"24000393-001",INV/24000393-001,"2007-11-29","0","",SL,"2007-11-29","0","",1,"",0,Rupiah,"2007-11-29","2008-12-26 22:19:57","2008-12-26 22:19:57",
1305,1283,"24000402",1,"24000402-001",INV/24000402-001,"2007-11-29","0","",SL,"2007-11-29","0","",1,"",0,Rupiah,"2007-11-29","2008-12-26 22:19:57","2008-12-26 22:19:57",
1306,966,"24000383",1,"24000383-001",INV/24000383-001,"2007-11-29","0","",SL,"2007-11-29","0","",1,"",0,Rupiah,"2007-11-29","2008-12-26 22:19:57","2008-12-26 22:19:57",
1307,1284,"24000382",1,"24000382-001",INV/24000382-001,"2007-11-29","0","",SL,"2007-11-29","0","",1,"",0,Rupiah,"2007-11-29","2008-12-26 22:19:57","2008-12-26 22:19:57",
1308,1285,"24000381",1,"24000381-001",INV/24000381-001,"2007-11-29","0","",SL,"2007-11-29","0","",1,"",0,Rupiah,"2007-11-29","2008-12-26 22:19:57","2008-12-26 22:19:57",
1309,828,"24000380",1,"24000380-001",INV/24000380-001,"2007-11-29","0","",SL,"2007-11-29","0","",1,"",0,Rupiah,"2007-11-29","2008-12-26 22:19:57","2008-12-26 22:19:57",
1310,1286,"24000379",1,"24000379-001",INV/24000379-001,"2007-11-29","0","",SL,"2007-11-29","0","",1,"",0,Rupiah,"2007-11-29","2008-12-26 22:19:57","2008-12-26 22:19:57",
1311,1287,"24000378",1,"24000378-001",INV/24000378-001,"2007-11-29","0","",SL,"2007-11-29","0","",1,"",0,Rupiah,"2007-11-29","2008-12-26 22:19:57","2008-12-26 22:19:57",
1312,1288,"24000377",1,"24000377-001",INV/24000377-001,"2007-11-29","0","",SL,"2007-11-29","0","",1,"",0,Rupiah,"2007-11-29","2008-12-26 22:19:57","2008-12-26 22:19:57",
1313,1289,"24000376",1,"24000376-001",INV/24000376-001,"2007-11-29","0","",SL,"2007-11-29","0","",1,"",0,Rupiah,"2007-11-29","2008-12-26 22:19:57","2008-12-26 22:19:57",
1314,941,"24000375",1,"24000375-001",INV/24000375-001,"2007-11-29","0","",SL,"2007-11-29","0","",1,"",0,Rupiah,"2007-11-29","2008-12-26 22:19:57","2008-12-26 22:19:57",
1315,1290,"24000374",1,"24000374-001",INV/24000374-001,"2007-11-29","0","",SL,"2007-11-29","0","",1,"",0,Rupiah,"2007-11-29","2008-12-26 22:19:57","2008-12-26 22:19:57",
1316,1291,"24000413",1,"24000413-001",INV/24000413-001,"2007-11-29","0","",SL,"2007-11-29","0","",1,"",0,Rupiah,"2007-11-29","2008-12-26 22:19:57","2008-12-26 22:19:57",
1317,1292,"18000275",1,"18000275-001",INV/18000275-001,"2007-11-29","0","",SL,"2007-11-29","0","",1,"",0,Rupiah,"2007-11-29","2008-12-26 22:19:57","2008-12-26 22:19:57",
1318,1293,"18000274",1,"18000274-001",INV/18000274-001,"2007-11-29","0","",SL,"2007-11-29","0","",1,"",0,Rupiah,"2007-11-29","2008-12-26 22:19:57","2008-12-26 22:19:57",
1319,1294,"18000273",1,"18000273-001",INV/18000273-001,"2007-11-29","0","",SL,"2007-11-29","0","",1,"",0,Rupiah,"2007-11-29","2008-12-26 22:19:57","2008-12-26 22:19:57",
1320,1295,"24000446",1,"24000446-001",INV/24000446-001,"2007-11-29","0","",SL,"2007-11-29","0","",1,"",0,Rupiah,"2007-11-29","2008-12-26 22:19:57","2008-12-26 22:19:57",
1321,1296,"24000445",1,"24000445-001",INV/24000445-001,"2007-11-29","0","",SL,"2007-11-29","0","",1,"",0,Rupiah,"2007-11-29","2008-12-26 22:19:57","2008-12-26 22:19:57",
1322,1297,"24000469",1,"24000469-001",INV/24000469-001,"2007-11-29","0","",SL,"2007-11-29","0","",1,"",0,Rupiah,"2007-11-29","2008-12-26 22:19:57","2008-12-26 22:19:57",
1323,1298,"24000470",1,"24000470-001",INV/24000470-001,"2007-11-29","0","",SL,"2007-11-29","0","",1,"",0,Rupiah,"2007-11-29","2008-12-26 22:19:57","2008-12-26 22:19:57",
1324,967,"24000468",1,"24000468-001",INV/24000468-001,"2007-11-29","0","",SL,"2007-11-29","0","",1,"",0,Rupiah,"2007-11-29","2008-12-26 22:19:57","2008-12-26 22:19:57",
1325,1299,"24000461",1,"24000461-001",INV/24000461-001,"2007-11-29","0","",SL,"2007-11-29","0","",1,"",0,Rupiah,"2007-11-29","2008-12-26 22:19:57","2008-12-26 22:19:57",
1326,1300,"10000116",1,"10000116-001",INV/10000116-001,"2007-11-29","0","",SL,"2007-11-29","0","",1,"",0,Rupiah,"2007-11-29","2008-12-26 22:19:57","2008-12-26 22:19:57",
1327,1301,"13000051",1,"13000051-001",INV/13000051-001,"2007-11-29","0","",SL,"2007-11-29","0","",1,"",0,Rupiah,"2007-11-29","2008-12-26 22:19:57","2008-12-26 22:19:57",
1328,1302,"10000117",1,"10000117-001",INV/10000117-001,"2007-11-29","0","",SL,"2007-11-29","0","",1,"",0,Rupiah,"2007-11-29","2008-12-26 22:19:57","2008-12-26 22:19:57",
1329,1303,"11000084",1,"11000084-001",INV/11000084-001,"2007-11-29","0","",SL,"2007-11-29","0","",1,"",0,Rupiah,"2007-11-29","2008-12-26 22:19:57","2008-12-26 22:19:57",
1330,1304,"11000085",1,"11000085-001",INV/11000085-001,"2007-11-29","0","",SL,"2007-11-29","0","",1,"",0,Rupiah,"2007-11-29","2008-12-26 22:19:57","2008-12-26 22:19:57",
1331,1305,"11000086",1,"11000086-001",INV/11000086-001,"2007-11-29","0","",SL,"2007-11-29","0","",1,"",0,Rupiah,"2007-11-29","2008-12-26 22:19:57","2008-12-26 22:19:57",
1332,1306,"11000087",1,"11000087-001",INV/11000087-001,"2007-11-29","0","",SL,"2007-11-29","0","",1,"",0,Rupiah,"2007-11-29","2008-12-26 22:19:57","2008-12-26 22:19:57",
1333,1307,"11000088",1,"11000088-001",INV/11000088-001,"2007-11-29","0","",SL,"2007-11-29","0","",1,"",0,Rupiah,"2007-11-29","2008-12-26 22:19:57","2008-12-26 22:19:57",
1334,1308,"11000089",1,"11000089-001",INV/11000089-001,"2007-11-29","0","",SL,"2007-11-29","0","",1,"",0,Rupiah,"2007-11-29","2008-12-26 22:19:57","2008-12-26 22:19:57",
1335,1309,"11000090",1,"11000090-001",INV/11000090-001,"2007-11-29","0","",SL,"2007-11-29","0","",1,"",0,Rupiah,"2007-11-29","2008-12-26 22:19:57","2008-12-26 22:19:57",
1336,1310,"11000091",1,"11000091-001",INV/11000091-001,"2007-11-29","0","",SL,"2007-11-29","0","",1,"",0,Rupiah,"2007-11-29","2008-12-26 22:19:57","2008-12-26 22:19:57",
1337,1311,"11000092",1,"11000092-001",INV/11000092-001,"2007-11-29","0","",SL,"2007-11-29","0","",1,"",0,Rupiah,"2007-11-29","2008-12-26 22:19:57","2008-12-26 22:19:57",
1338,1312,"11000093",1,"11000093-001",INV/11000093-001,"2007-11-29","0","",SL,"2007-11-29","0","",1,"",0,Rupiah,"2007-11-29","2008-12-26 22:19:57","2008-12-26 22:19:57",
1339,1313,"11000095",1,"11000095-001",INV/11000095-001,"2007-11-29","0","",SL,"2007-11-29","0","",1,"",0,Rupiah,"2007-11-29","2008-12-26 22:19:57","2008-12-26 22:19:57",
1340,1314,"11000096",1,"11000096-001",INV/11000096-001,"2007-11-29","0","",SL,"2007-11-29","0","",1,"",0,Rupiah,"2007-11-29","2008-12-26 22:19:57","2008-12-26 22:19:57",
1341,1315,"11000097",1,"11000097-001",INV/11000097-001,"2007-11-29","0","",SL,"2007-11-29","0","",1,"",0,Rupiah,"2007-11-29","2008-12-26 22:19:57","2008-12-26 22:19:57",
1342,1316,"11000098",1,"11000098-001",INV/11000098-001,"2007-11-29","0","",SL,"2007-11-29","0","",1,"",0,Rupiah,"2007-11-29","2008-12-26 22:19:57","2008-12-26 22:19:57",
1343,1317,"11000102",1,"11000102-001",INV/11000102-001,"2007-11-29","0","",SL,"2007-11-29","0","",1,"",0,Rupiah,"2007-11-29","2008-12-26 22:19:57","2008-12-26 22:19:57",
1344,1318,"11000110",1,"11000110-001",INV/11000110-001,"2007-11-29","0","",SL,"2007-11-29","0","",1,"",0,Rupiah,"2007-11-29","2008-12-26 22:19:57","2008-12-26 22:19:57",
1345,1319,"11000121",1,"11000121-001",INV/11000121-001,"2007-11-29","0","",SL,"2007-11-29","0","",1,"",0,Rupiah,"2007-11-29","2008-12-26 22:19:57","2008-12-26 22:19:57",
1346,1319,"11000121",1,"11000121-002",INV/11000121-002,"2007-11-29","0","",SL,"2007-11-29","0","",1,"",0,Rupiah,"2007-11-29","2008-12-26 22:19:57","2008-12-26 22:19:57",
1347,1320,"16000027",1,"16000027-001",INV/16000027-001,"2007-11-29","0","",SL,"2007-11-29","0","",1,"",0,Rupiah,"2007-11-29","2008-12-26 22:19:57","2008-12-26 22:19:57",
1348,1321,"16000028",1,"16000028-001",INV/16000028-001,"2007-11-29","0","",SL,"2007-11-29","0","",1,"",0,Rupiah,"2007-11-29","2008-12-26 22:19:57","2008-12-26 22:19:57",
1349,1322,"16000029",1,"16000029-001",INV/16000029-001,"2007-11-29","0","",SL,"2007-11-29","0","",1,"",0,Rupiah,"2007-11-29","2008-12-26 22:19:57","2008-12-26 22:19:57",
1350,1323,"16000031",1,"16000031-001",INV/16000031-001,"2007-11-29","0","",SL,"2007-11-29","0","",1,"",0,Rupiah,"2007-11-29","2008-12-26 22:19:57","2008-12-26 22:19:57",
1351,1324,"16000033",1,"16000033-001",INV/16000033-001,"2007-11-29","0","",SL,"2007-11-29","0","",1,"",0,Rupiah,"2007-11-29","2008-12-26 22:19:57","2008-12-26 22:19:57",
1352,1325,"16000034",1,"16000034-001",INV/16000034-001,"2007-11-29","0","",SL,"2007-11-29","0","",1,"",0,Rupiah,"2007-11-29","2008-12-26 22:19:57","2008-12-26 22:19:57",
1353,1326,"16000036",1,"16000036-001",INV/16000036-001,"2007-11-29","0","",SL,"2007-11-29","0","",1,"",0,Rupiah,"2007-11-29","2008-12-26 22:19:57","2008-12-26 22:19:57",
1354,1327,"17000050",1,"17000050-001",INV/17000050-001,"2007-11-29","0","",SL,"2007-11-29","0","",1,"",0,Rupiah,"2007-11-29","2008-12-26 22:19:57","2008-12-26 22:19:57",
1355,1328,"17000051",1,"17000051-001",INV/17000051-001,"2007-11-29","0","",SL,"2007-11-29","0","",1,"",0,Rupiah,"2007-11-29","2008-12-26 22:19:57","2008-12-26 22:19:57",
1356,1329,"17000052",1,"17000052-001",INV/17000052-001,"2007-11-29","0","",SL,"2007-11-29","0","",1,"",0,Rupiah,"2007-11-29","2008-12-26 22:19:57","2008-12-26 22:19:57",
1357,1330,"17000053",1,"17000053-001",INV/17000053-001,"2007-11-29","0","",SL,"2007-11-29","0","",1,"",0,Rupiah,"2007-11-29","2008-12-26 22:19:57","2008-12-26 22:19:57",
1358,1331,"17000054",1,"17000054-001",INV/17000054-001,"2007-11-29","0","",SL,"2007-11-29","0","",1,"",0,Rupiah,"2007-11-29","2008-12-26 22:19:57","2008-12-26 22:19:57",
1359,1332,"17000056",1,"17000056-001",INV/17000056-001,"2007-11-29","0","",SL,"2007-11-29","0","",1,"",0,Rupiah,"2007-11-29","2008-12-26 22:19:57","2008-12-26 22:19:57",
1360,1333,"17000061",1,"17000061-001",INV/17000061-001,"2007-11-29","0","",SL,"2007-11-29","0","",1,"",0,Rupiah,"2007-11-29","2008-12-26 22:19:57","2008-12-26 22:19:57",
1361,1334,"17000062",1,"17000062-001",INV/17000062-001,"2007-11-29",,"",SL,"2007-11-29","0","",1,"",0,Rupiah,"2007-11-29","2008-12-26 22:19:57","2026-07-23 13:50:16",
1362,1335,"17000063",1,"17000063-001",INV/17000063-001,"2007-11-29","0","",SL,"2007-11-29","0","",1,"",0,Rupiah,"2007-11-29","2008-12-26 22:19:57","2008-12-26 22:19:57",
1363,1336,"17000064",1,"17000064-001",INV/17000064-001,"2007-11-29","0","",SL,"2007-11-29","0","",1,"",0,Rupiah,"2007-11-29","2008-12-26 22:19:57","2008-12-26 22:19:57",
1364,1337,"19000049",1,"19000049-001",INV/19000049-001,"2007-11-29","0","",SL,"2007-11-29","0","",1,"",0,Rupiah,"2007-11-29","2008-12-26 22:19:57","2008-12-26 22:19:57",
1365,1338,"19000051",1,"19000051-002",INV/19000051-002,"2007-11-29",,"",SL,"2007-11-29","0","",1,"",0,Rupiah,"2007-11-29","2008-12-26 22:19:57","2026-07-16 14:04:05",
1367,1339,"19000052",1,"19000052-001",INV/19000052-001,"2007-11-29","0","",SL,"2007-11-29","0","",1,"",0,Rupiah,"2007-11-29","2008-12-26 22:19:57","2008-12-26 22:19:57",
1368,1340,"19000053",1,"19000053-001",INV/19000053-001,"2007-11-29","0","",SL,"2007-11-29","0","",1,"",0,Rupiah,"2007-11-29","2008-12-26 22:19:57","2008-12-26 22:19:57",
1369,1341,"19000054",1,"19000054-001",INV/19000054-001,"2007-11-29","0","",SL,"2007-11-29","0","",1,"",0,Rupiah,"2007-11-29","2008-12-26 22:19:57","2008-12-26 22:19:57",
1370,1342,"19000055",1,"19000055-001",INV/19000055-001,"2007-11-29",,"",SL,"2007-11-29","0","",1,"",0,Rupiah,"2007-11-29","2008-12-26 22:19:57","2026-07-16 14:06:30",
1371,1343,"19000057",1,"19000057-001",INV/19000057-001,"2007-11-29",,"",SL,"2007-11-29","0","",1,"",0,Rupiah,"2007-11-29","2008-12-26 22:19:57","2026-07-16 14:08:12",
1372,1344,"19000058",1,"19000058-001",INV/19000058-001,"2007-11-29",,"",SL,"2007-11-29","0","",1,"",0,Rupiah,"2007-11-29","2008-12-26 22:19:57","2026-07-16 14:10:24",
1373,1345,"19000061",1,"19000061-001",INV/19000061-001,"2007-11-29",,"",SL,"2007-11-29","0","",1,"",0,Rupiah,"2007-11-29","2008-12-26 22:19:57","2026-07-16 14:13:13",
1374,1346,"19000062",1,"19000062-002",INV/19000062-002,"2007-11-29","0","",SL,"2007-11-29","0","",1,"",0,Rupiah,"2007-11-29","2008-12-26 22:19:57","2008-12-26 22:19:57",
1375,1347,"19000064",1,"19000064-001",INV/19000064-001,"2007-11-29","0","",SL,"2007-11-29","0","",1,"",0,Rupiah,"2007-11-29","2008-12-26 22:19:57","2008-12-26 22:19:57",
1376,1348,"19000065",1,"19000065-001",INV/19000065-001,"2007-11-29","0","",SL,"2007-11-29","0","",1,"",0,Rupiah,"2007-11-29","2008-12-26 22:19:57","2008-12-26 22:19:57",
1377,1349,"19000066",1,"19000066-001",INV/19000066-001,"2007-11-29","0","",SL,"2007-11-29","0","",1,"",0,Rupiah,"2007-11-29","2008-12-26 22:19:57","2008-12-26 22:19:57",
1378,1350,"19000067",1,"19000067-001",INV/19000067-001,"2007-11-29","0","",SL,"2007-11-29","0","",1,"",0,Rupiah,"2007-11-29","2008-12-26 22:19:57","2008-12-26 22:19:57",
1379,1351,"19000068",1,"19000068-001",INV/19000068-001,"2007-11-29","0","",SL,"2007-11-29","0","",1,"",0,Rupiah,"2007-11-29","2008-12-26 22:19:57","2008-12-26 22:19:57",
1380,1352,"19000069",1,"19000069-001",INV/19000069-001,"2007-11-29","0","",SL,"2007-11-29","0","",1,"",0,Rupiah,"2007-11-29","2008-12-26 22:19:57","2008-12-26 22:19:57",
1381,1353,"19000070",1,"19000070-001",INV/19000070-001,"2007-11-29","0","",SL,"2007-11-29","0","",1,"",0,Rupiah,"2007-11-29","2008-12-26 22:19:57","2008-12-26 22:19:57",
1382,1354,"19000074",1,"19000074-001",INV/19000074-001,"2007-11-29","0","",SL,"2007-11-29","0","",1,"",0,Rupiah,"2007-11-29","2008-12-26 22:19:57","2008-12-26 22:19:57",
1383,1355,"15000080",1,"15000080-001",INV/15000080-001,"2007-11-29","0","",SL,"2007-11-29","0","",1,"",0,Rupiah,"2007-11-29","2008-12-26 22:19:57","2008-12-26 22:19:57",
1384,1356,"15000081",1,"15000081-001",INV/15000081-001,"2007-11-29","0","",SL,"2007-11-29","0","",1,"",0,Rupiah,"2007-11-29","2008-12-26 22:19:57","2008-12-26 22:19:57",
1385,1357,"15000082",1,"15000082-001",INV/15000082-001,"2007-11-29","0","",SL,"2007-11-29","0","",1,"",0,Rupiah,"2007-11-29","2008-12-26 22:19:57","2008-12-26 22:19:57",
1386,1358,"15000083",1,"15000083-001",INV/15000083-001,"2007-11-29","0","",SL,"2007-11-29","0","",1,"",0,Rupiah,"2007-11-29","2008-12-26 22:19:57","2008-12-26 22:19:57",
1387,1359,"15000085",1,"15000085-001",INV/15000085-001,"2007-11-29","0","",SL,"2007-11-29","0","",1,"",0,Rupiah,"2007-11-29","2008-12-26 22:19:57","2008-12-26 22:19:57",
1388,1360,"15000086",1,"15000086-001",INV/15000086-001,"2007-11-29","0","",SL,"2007-11-29","0","",1,"",0,Rupiah,"2007-11-29","2008-12-26 22:19:57","2008-12-26 22:19:57",
1389,1361,"15000087",1,"15000087-001",INV/15000087-001,"2007-11-29","0","",SL,"2007-11-29","0","",1,"",0,Rupiah,"2007-11-29","2008-12-26 22:19:57","2008-12-26 22:19:57",
1390,1362,"26000077",1,"26000077-002",INV/26000077-002,"2007-11-29","0","",SL,"2007-11-29","0","",1,"",0,Rupiah,"2007-11-29","2008-12-26 22:19:57","2008-12-26 22:19:57",
1391,1363,"26000088",1,"26000088-001",INV/26000088-001,"2007-11-29","0","",SL,"2007-11-29","0","",1,"",0,Rupiah,"2007-11-29","2008-12-26 22:19:57","2008-12-26 22:19:57",
1392,1364,"26000089",1,"26000089-001",INV/26000089-001,"2007-11-29","0","",SL,"2007-11-29","0","",1,"",0,Rupiah,"2007-11-29","2008-12-26 22:19:57","2008-12-26 22:19:57",
1393,1365,"26000090",1,"26000090-001",INV/26000090-001,"2007-11-29","0","",SL,"2007-11-29","0","",1,"",0,Rupiah,"2007-11-29","2008-12-26 22:19:57","2008-12-26 22:19:57",
1394,1366,"26000092",1,"26000092-001",INV/26000092-001,"2007-11-29","0","",SL,"2007-11-29","0","",1,"",0,Rupiah,"2007-11-29","2008-12-26 22:19:57","2008-12-26 22:19:57",
1395,1367,"26000093",1,"26000093-001",INV/26000093-001,"2007-11-29","0","",SL,"2007-11-29","0","",1,"",0,Rupiah,"2007-11-29","2008-12-26 22:19:57","2008-12-26 22:19:57",
1396,1368,"26000096",1,"26000096-002",INV/26000096-002,"2007-11-29","0","",SL,"2007-11-29","0","",1,"",0,Rupiah,"2007-11-29","2008-12-26 22:19:57","2008-12-26 22:19:57",
1397,969,"26000097",1,"26000097-001",INV/26000097-001,"2007-11-29","0","",SL,"2007-11-29","0","",1,"",0,Rupiah,"2007-11-29","2008-12-26 22:19:57","2008-12-26 22:19:57",
1398,1369,"26000098",1,"26000098-002",INV/26000098-002,"2007-11-29","0","",SL,"2007-11-29","0","",1,"",0,Rupiah,"2007-11-29","2008-12-26 22:19:57","2008-12-26 22:19:57",
1399,1370,"14000038",1,"14000038-002",INV/14000038-002,"2007-11-29","0","",SL,"2007-11-29","0","",1,"",0,Rupiah,"2007-11-29","2008-12-26 22:19:57","2008-12-26 22:19:57",
1400,1371,"12000124",1,"12000124-001",INV/12000124-001,"2007-11-29","0","",SL,"2007-11-29","0","",1,"",0,Rupiah,"2007-11-29","2008-12-26 22:19:57","2008-12-26 22:19:57",
1401,1372,"12000125",1,"12000125-001",INV/12000125-001,"2007-11-29","0","",SL,"2007-11-29","0","",1,"",0,Rupiah,"2007-11-29","2008-12-26 22:19:57","2008-12-26 22:19:57",
1402,1372,"12000125",1,"12000125-002",INV/12000125-002,"2007-11-29","0","",SL,"2007-11-29","0","",1,"",0,Rupiah,"2007-11-29","2008-12-26 22:19:57","2008-12-26 22:19:57",
1403,1373,"12000126",1,"12000126-001",INV/12000126-001,"2007-11-29","0","",SL,"2007-11-29","0","",1,"",0,Rupiah,"2007-11-29","2008-12-26 22:19:57","2008-12-26 22:19:57",
1404,1373,"12000126",1,"12000126-002",INV/12000126-002,"2007-11-29","0","",SL,"2007-11-29","0","",1,"",0,Rupiah,"2007-11-29","2008-12-26 22:19:57","2008-12-26 22:19:57",
1405,1374,"12000127",1,"12000127-001",INV/12000127-001,"2007-11-29","0","",SL,"2007-11-29","0","",1,"",0,Rupiah,"2007-11-29","2008-12-26 22:19:57","2008-12-26 22:19:57",
1406,1374,"12000127",1,"12000127-002",INV/12000127-002,"2007-11-29","0","",SL,"2007-11-29","0","",1,"",0,Rupiah,"2007-11-29","2008-12-26 22:19:57","2008-12-26 22:19:57",
1407,1375,"12000128",1,"12000128-001",INV/12000128-001,"2007-11-29","0","",SL,"2007-11-29","0","",1,"",0,Rupiah,"2007-11-29","2008-12-26 22:19:57","2008-12-26 22:19:57",
1408,1375,"12000128",1,"12000128-002",INV/12000128-002,"2007-11-29","0","",SL,"2007-11-29","0","",1,"",0,Rupiah,"2007-11-29","2008-12-26 22:19:57","2008-12-26 22:19:57",
1409,1376,"12000129",1,"12000129-001",INV/12000129-001,"2007-11-29","0","",SL,"2007-11-29","0","",1,"",0,Rupiah,"2007-11-29","2008-12-26 22:19:57","2008-12-26 22:19:57",
1410,1377,"12000130",1,"12000130-001",INV/12000130-001,"2007-11-29","0","",SL,"2007-11-29","0","",1,"",0,Rupiah,"2007-11-29","2008-12-26 22:19:57","2008-12-26 22:19:57",
1411,1378,"12000131",1,"12000131-001",INV/12000131-001,"2007-11-29","0","",SL,"2007-11-29","0","",1,"",0,Rupiah,"2007-11-29","2008-12-26 22:19:57","2008-12-26 22:19:57",
1412,1379,"12000132",1,"12000132-001",INV/12000132-001,"2007-11-29","0","",SL,"2007-11-29","0","",1,"",0,Rupiah,"2007-11-29","2008-12-26 22:19:57","2008-12-26 22:19:57",
1413,1380,"12000135",1,"12000135-001",INV/12000135-001,"2007-11-29","0","",SL,"2007-11-29","0","",1,"",0,Rupiah,"2007-11-29","2008-12-26 22:19:57","2008-12-26 22:19:57",
1414,1381,"19000079",1,"19000079-001",INV/19000079-001,"2007-11-29","0","",SL,"2007-11-29","0","",1,"",0,Rupiah,"2007-11-29","2008-12-26 22:19:57","2008-12-26 22:19:57",
1415,1382,"12000141",1,"12000141-001",INV/12000141-001,"2007-11-29","0","",SL,"2007-11-29","0","",1,"",0,Rupiah,"2007-11-29","2008-12-26 22:19:57","2008-12-26 22:19:57",
1416,1383,"12000143",1,"12000143-001",INV/12000143-001,"2007-11-29","0","",SL,"2007-11-29","0","",1,"",0,Rupiah,"2007-11-29","2008-12-26 22:19:57","2008-12-26 22:19:57",
1417,1383,"12000143",1,"12000143-002",INV/12000143-002,"2007-11-29","0","",SL,"2007-11-29","0","",1,"",0,Rupiah,"2007-11-29","2008-12-26 22:19:57","2008-12-26 22:19:57",
1418,1384,"12000144",1,"12000144-001",INV/12000144-001,"2007-11-29","0","",SL,"2007-11-29","0","",1,"",0,Rupiah,"2007-11-29","2008-12-26 22:19:57","2008-12-26 22:19:57",
1419,1385,"12000145",1,"12000145-001",INV/12000145-001,"2007-11-29","0","",SL,"2007-11-29","0","",1,"",0,Rupiah,"2007-11-29","2008-12-26 22:19:57","2008-12-26 22:19:57",
1420,1386,"12000147",1,"12000147-001",INV/12000147-001,"2007-11-29","0","",SL,"2007-11-29","0","",1,"",0,Rupiah,"2007-11-29","2008-12-26 22:19:57","2008-12-26 22:19:57",
1421,1387,"12000149",1,"12000149-001",INV/12000149-001,"2007-11-29","0","",SL,"2007-11-29","0","",1,"",0,Rupiah,"2007-11-29","2008-12-26 22:19:57","2008-12-26 22:19:57",
1422,1388,"12000150",1,"12000150-001",INV/12000150-001,"2007-11-29","0","",SL,"2007-11-29","0","",1,"",0,Rupiah,"2007-11-29","2008-12-26 22:19:57","2008-12-26 22:19:57",
1423,1389,"12000151",1,"12000151-001",INV/12000151-001,"2007-11-29","0","",SL,"2007-11-29","0","",1,"",0,Rupiah,"2007-11-29","2008-12-26 22:19:57","2008-12-26 22:19:57",
1424,1390,"18000281",1,"18000281-001",INV/18000281-001,"2007-11-29","0","",SL,"2007-11-29","0","",1,"",0,Rupiah,"2007-11-29","2008-12-26 22:19:57","2008-12-26 22:19:57",
1425,1391,"12000154",1,"12000154-001",INV/12000154-001,"2007-11-29","0","",SL,"2007-11-29","0","",1,"",0,Rupiah,"2007-11-29","2008-12-26 22:19:57","2008-12-26 22:19:57",
1426,1392,"12000155",1,"12000155-001",INV/12000155-001,"2007-11-29","0","",SL,"2007-11-29","0","",1,"",0,Rupiah,"2007-11-29","2008-12-26 22:19:57","2008-12-26 22:19:57",
1427,1393,"12000156",1,"12000156-001",INV/12000156-001,"2007-11-29","0","",SL,"2007-11-29","0","",1,"",0,Rupiah,"2007-11-29","2008-12-26 22:19:57","2008-12-26 22:19:57",
1428,1394,"12000158",1,"12000158-001",INV/12000158-001,"2007-11-29","0","",SL,"2007-11-29","0","",1,"",0,Rupiah,"2007-11-29","2008-12-26 22:19:57","2008-12-26 22:19:57",
1429,1395,"18000202",1,"18000202-001",INV/18000202-001,"2007-11-29","0","",SL,"2007-11-29","0","",1,"",0,Rupiah,"2007-11-29","2008-12-26 22:19:57","2008-12-26 22:19:57",
1430,1396,"18000203",1,"18000203-001",INV/18000203-001,"2007-11-29","0","",SL,"2007-11-29","0","",1,"",0,Rupiah,"2007-11-29","2008-12-26 22:19:57","2008-12-26 22:19:57",
1431,1397,"18000205",1,"18000205-001",INV/18000205-001,"2007-11-29","0","",SL,"2007-11-29","0","",1,"",0,Rupiah,"2007-11-29","2008-12-26 22:19:57","2008-12-26 22:19:57",
1432,1398,"18000206",1,"18000206-001",INV/18000206-001,"2007-11-29","0","",SL,"2007-11-29","0","",1,"",0,Rupiah,"2007-11-29","2008-12-26 22:19:57","2008-12-26 22:19:57",
1433,1399,"18000207",1,"18000207-001",INV/18000207-001,"2007-11-29","0","",SL,"2007-11-29","0","",1,"",0,Rupiah,"2007-11-29","2008-12-26 22:19:57","2008-12-26 22:19:57",
1434,1400,"18000208",1,"18000208-001",INV/18000208-001,"2007-11-29","0","",SL,"2007-11-29","0","",1,"",0,Rupiah,"2007-11-29","2008-12-26 22:19:57","2008-12-26 22:19:57",
1435,1401,"18000210",1,"18000210-001",INV/18000210-001,"2007-11-29","0","",SL,"2007-11-29","0","",1,"",0,Rupiah,"2007-11-29","2008-12-26 22:19:57","2008-12-26 22:19:57",
1436,1402,"18000211",1,"18000211-001",INV/18000211-001,"2007-11-29","0","",SL,"2007-11-29","0","",1,"",0,Rupiah,"2007-11-29","2008-12-26 22:19:57","2008-12-26 22:19:57",
1437,1403,"18000212",1,"18000212-001",INV/18000212-001,"2007-11-29","0","",SL,"2007-11-29","0","",1,"",0,Rupiah,"2007-11-29","2008-12-26 22:19:57","2008-12-26 22:19:57",
1438,1404,"18000213",1,"18000213-001",INV/18000213-001,"2007-11-29","0","",SL,"2007-11-29","0","",1,"",0,Rupiah,"2007-11-29","2008-12-26 22:19:57","2008-12-26 22:19:57",
1439,1405,"18000214",1,"18000214-001",INV/18000214-001,"2007-11-29","0","",SL,"2007-11-29","0","",1,"",0,Rupiah,"2007-11-29","2008-12-26 22:19:57","2008-12-26 22:19:57",
1440,1406,"18000216",1,"18000216-001",INV/18000216-001,"2007-11-29","0","",SL,"2007-11-29","0","",1,"",0,Rupiah,"2007-11-29","2008-12-26 22:19:57","2008-12-26 22:19:57",
1441,1407,"18000217",1,"18000217-001",INV/18000217-001,"2007-11-29","0","",SL,"2007-11-29","0","",1,"",0,Rupiah,"2007-11-29","2008-12-26 22:19:57","2008-12-26 22:19:57",
1442,1408,"18000218",1,"18000218-001",INV/18000218-001,"2007-11-29","0","",SL,"2007-11-29","0","",1,"",0,Rupiah,"2007-11-29","2008-12-26 22:19:57","2008-12-26 22:19:57",
1443,1409,"18000219",1,"18000219-001",INV/18000219-001,"2007-11-29","0","",SL,"2007-11-29","0","",1,"",0,Rupiah,"2007-11-29","2008-12-26 22:19:57","2008-12-26 22:19:57",
1444,1410,"18000220",1,"18000220-001",INV/18000220-001,"2007-11-29","0","",SL,"2007-11-29","0","",1,"",0,Rupiah,"2007-11-29","2008-12-26 22:19:57","2008-12-26 22:19:57",
1445,1411,"18000221",1,"18000221-001",INV/18000221-001,"2007-11-29","0","",SL,"2007-11-29","0","",1,"",0,Rupiah,"2007-11-29","2008-12-26 22:19:57","2008-12-26 22:19:57",
1446,1411,"18000221",1,"18000221-002",INV/18000221-002,"2007-11-29","0","",SL,"2007-11-29","0","",1,"",0,Rupiah,"2007-11-29","2008-12-26 22:19:57","2008-12-26 22:19:57",
1447,1411,"18000221",1,"18000221-003",INV/18000221-003,"2007-11-29","0","",SL,"2007-11-29","0","",1,"",0,Rupiah,"2007-11-29","2008-12-26 22:19:57","2008-12-26 22:19:57",
1448,475,"18000002",1,"18000002-002",INV/18000002-002,"2007-11-29","0","",SL,"2007-11-29","0","",1,"",0,Rupiah,"2007-11-29","2008-12-26 22:19:57","2008-12-26 22:19:57",
1449,1412,"28000054",1,"28000054-001",INV/28000054-001,"2007-11-29","0","",SL,"2007-11-29","0","",1,"",0,Rupiah,"2007-11-29","2008-12-26 22:19:57","2008-12-26 22:19:57",
1450,1412,"28000054",1,"28000054-002",INV/28000054-002,"2007-11-29","0","",SL,"2007-11-29","0","",1,"",0,Rupiah,"2007-11-29","2008-12-26 22:19:57","2008-12-26 22:19:57",
1451,1413,"28000055",1,"28000055-002",INV/28000055-002,"2007-11-29","0","",SL,"2007-11-29","0","",1,"",0,Rupiah,"2007-11-29","2008-12-26 22:19:57","2008-12-26 22:19:57",
1452,1414,"28000048",1,"28000048-002",INV/28000048-002,"2007-11-29","0","",SL,"2007-11-29","0","",1,"",0,Rupiah,"2007-11-29","2008-12-26 22:19:57","2008-12-26 22:19:57",
1453,1415,"18000046",1,"18000046-002",INV/18000046-002,"2007-11-29","0","",SL,"2007-11-29","0","",1,"",0,Rupiah,"2007-11-29","2008-12-26 22:19:57","2008-12-26 22:19:57",
1454,1416,"18000223",1,"18000223-001",INV/18000223-001,"2007-11-29","0","",SL,"2007-11-29","0","",1,"",0,Rupiah,"2007-11-29","2008-12-26 22:19:57","2008-12-26 22:19:57",
1455,1417,"18000224",1,"18000224-001",INV/18000224-001,"2007-11-29","0","",SL,"2007-11-29","0","",1,"",0,Rupiah,"2007-11-29","2008-12-26 22:19:57","2008-12-26 22:19:57",
1456,1418,"18000225",1,"18000225-001",INV/18000225-001,"2007-11-29","0","",SL,"2007-11-29","0","",1,"",0,Rupiah,"2007-11-29","2008-12-26 22:19:57","2008-12-26 22:19:57",
1457,1419,"18000226",1,"18000226-001",INV/18000226-001,"2007-11-29","0","",SL,"2007-11-29","0","",1,"",0,Rupiah,"2007-11-29","2008-12-26 22:19:57","2008-12-26 22:19:57",
1458,1420,"18000227",1,"18000227-001",INV/18000227-001,"2007-11-29","0","",SL,"2007-11-29","0","",1,"",0,Rupiah,"2007-11-29","2008-12-26 22:19:57","2008-12-26 22:19:57",
1459,1420,"18000227",1,"18000227-002",INV/18000227-002,"2007-11-29","0","",SL,"2007-11-29","0","",1,"",0,Rupiah,"2007-11-29","2008-12-26 22:19:57","2008-12-26 22:19:57",
1460,1421,"18000228",1,"18000228-001",INV/18000228-001,"2007-11-29","0","",SL,"2007-11-29","0","",1,"",0,Rupiah,"2007-11-29","2008-12-26 22:19:57","2008-12-26 22:19:57",
1461,1422,"18000229",1,"18000229-001",INV/18000229-001,"2007-11-29","0","",SL,"2007-11-29","0","",1,"",0,Rupiah,"2007-11-29","2008-12-26 22:19:57","2008-12-26 22:19:57",
1462,1423,"18000230",1,"18000230-001",INV/18000230-001,"2007-11-29","0","",SL,"2007-11-29","0","",1,"",0,Rupiah,"2007-11-29","2008-12-26 22:19:57","2008-12-26 22:19:57",
1463,1424,"18000231",1,"18000231-001",INV/18000231-001,"2007-11-29","0","",SL,"2007-11-29","0","",1,"",0,Rupiah,"2007-11-29","2008-12-26 22:19:57","2008-12-26 22:19:57",
1464,1425,"18000232",1,"18000232-001",INV/18000232-001,"2007-11-29","0","",SL,"2007-11-29","0","",1,"",0,Rupiah,"2007-11-29","2008-12-26 22:19:57","2008-12-26 22:19:57",
1465,1426,"18000233",1,"18000233-001",INV/18000233-001,"2007-11-29","0","",SL,"2007-11-29","0","",1,"",0,Rupiah,"2007-11-29","2008-12-26 22:19:57","2008-12-26 22:19:57",
1466,1427,"18000234",1,"18000234-001",INV/18000234-001,"2007-11-29","0","",SL,"2007-11-29","0","",1,"",0,Rupiah,"2007-11-29","2008-12-26 22:19:57","2008-12-26 22:19:57",
1467,1428,"18000235",1,"18000235-001",INV/18000235-001,"2007-11-29","0","",SL,"2007-11-29","0","",1,"",0,Rupiah,"2007-11-29","2008-12-26 22:19:57","2008-12-26 22:19:57",
1468,1429,"18000236",1,"18000236-001",INV/18000236-001,"2007-11-29","0","",SL,"2007-11-29","0","",1,"",0,Rupiah,"2007-11-29","2008-12-26 22:19:57","2008-12-26 22:19:57",
1469,1430,"18000237",1,"18000237-001",INV/18000237-001,"2007-11-29","0","",SL,"2007-11-29","0","",1,"",0,Rupiah,"2007-11-29","2008-12-26 22:19:57","2008-12-26 22:19:57",
1470,1431,"18000238",1,"18000238-001",INV/18000238-001,"2007-11-29","0","",SL,"2007-11-29","0","",1,"",0,Rupiah,"2007-11-29","2008-12-26 22:19:57","2008-12-26 22:19:57",
1471,1432,"18000239",1,"18000239-001",INV/18000239-001,"2007-11-29","0","",SL,"2007-11-29","0","",1,"",0,Rupiah,"2007-11-29","2008-12-26 22:19:57","2008-12-26 22:19:57",
1472,1433,"18000240",1,"18000240-001",INV/18000240-001,"2007-11-29","0","",SL,"2007-11-29","0","",1,"",0,Rupiah,"2007-11-29","2008-12-26 22:19:57","2008-12-26 22:19:57",
1473,1434,"18000241",1,"18000241-001",INV/18000241-001,"2007-11-29","0","",SL,"2007-11-29","0","",1,"",0,Rupiah,"2007-11-29","2008-12-26 22:19:57","2008-12-26 22:19:57",
1474,1435,"18000242",1,"18000242-001",INV/18000242-001,"2007-11-29","0","",SL,"2007-11-29","0","",1,"",0,Rupiah,"2007-11-29","2008-12-26 22:19:57","2008-12-26 22:19:57",
1475,1436,"18000243",1,"18000243-001",INV/18000243-001,"2007-11-29","0","",SL,"2007-11-29","0","",1,"",0,Rupiah,"2007-11-29","2008-12-26 22:19:57","2008-12-26 22:19:57",
1476,1437,"18000244",1,"18000244-001",INV/18000244-001,"2007-11-29","0","",SL,"2007-11-29","0","",1,"",0,Rupiah,"2007-11-29","2008-12-26 22:19:57","2008-12-26 22:19:57",
1477,1438,"18000245",1,"18000245-001",INV/18000245-001,"2007-11-29","0","",SL,"2007-11-29","0","",1,"",0,Rupiah,"2007-11-29","2008-12-26 22:19:57","2008-12-26 22:19:57",
1478,1439,"18000246",1,"18000246-001",INV/18000246-001,"2007-11-29","0","",SL,"2007-11-29","0","",1,"",0,Rupiah,"2007-11-29","2008-12-26 22:19:57","2008-12-26 22:19:57",
1479,1440,"18000247",1,"18000247-001",INV/18000247-001,"2007-11-29","0","",SL,"2007-11-29","0","",1,"",0,Rupiah,"2007-11-29","2008-12-26 22:19:57","2008-12-26 22:19:57",
1480,1441,"18000248",1,"18000248-001",INV/18000248-001,"2007-11-29","0","",SL,"2007-11-29","0","",1,"",0,Rupiah,"2007-11-29","2008-12-26 22:19:57","2008-12-26 22:19:57",
1481,1442,"18000249",1,"18000249-001",INV/18000249-001,"2007-11-29","0","",SL,"2007-11-29","0","",1,"",0,Rupiah,"2007-11-29","2008-12-26 22:19:57","2008-12-26 22:19:57",
1482,1443,"18000250",1,"18000250-001",INV/18000250-001,"2007-11-29","0","",SL,"2007-11-29","0","",1,"",0,Rupiah,"2007-11-29","2008-12-26 22:19:57","2008-12-26 22:19:57",
1483,1444,"18000251",1,"18000251-001",INV/18000251-001,"2007-11-29","0","",SL,"2007-11-29","0","",1,"",0,Rupiah,"2007-11-29","2008-12-26 22:19:57","2008-12-26 22:19:57",
1484,1445,"18000252",1,"18000252-001",INV/18000252-001,"2007-11-29","0","",SL,"2007-11-29","0","",1,"",0,Rupiah,"2007-11-29","2008-12-26 22:19:57","2008-12-26 22:19:57",
1485,1446,"18000283",1,"18000283-001",INV/18000283-001,"2007-11-29","0","",SL,"2007-11-29","0","",1,"",0,Rupiah,"2007-11-29","2008-12-26 22:19:57","2008-12-26 22:19:57",
1486,1447,"18000284",1,"18000284-001",INV/18000284-001,"2007-11-29","0","",SL,"2007-11-29","0","",1,"",0,Rupiah,"2007-11-29","2008-12-26 22:19:57","2008-12-26 22:19:57",
1487,1448,"18000253",1,"18000253-001",INV/18000253-001,"2007-11-29","0","",SL,"2007-11-29","0","",1,"",0,Rupiah,"2007-11-29","2008-12-26 22:19:57","2008-12-26 22:19:57",
1488,1449,"18000254",1,"18000254-001",INV/18000254-001,"2007-11-29","0","",SL,"2007-11-29","0","",1,"",0,Rupiah,"2007-11-29","2008-12-26 22:19:57","2008-12-26 22:19:57",
1489,1450,"18000255",1,"18000255-001",INV/18000255-001,"2007-11-29","0","",SL,"2007-11-29","0","",1,"",0,Rupiah,"2007-11-29","2008-12-26 22:19:57","2008-12-26 22:19:57",
1490,1451,"18000256",1,"18000256-001",INV/18000256-001,"2007-11-29","0","",SL,"2007-11-29","0","",1,"",0,Rupiah,"2007-11-29","2008-12-26 22:19:57","2008-12-26 22:19:57",
1491,1452,"18000257",1,"18000257-001",INV/18000257-001,"2007-11-29","0","",SL,"2007-11-29","0","",1,"",0,Rupiah,"2007-11-29","2008-12-26 22:19:57","2008-12-26 22:19:57",
1492,1453,"18000258",1,"18000258-001",INV/18000258-001,"2007-11-29","0","",SL,"2007-11-29","0","",1,"",0,Rupiah,"2007-11-29","2008-12-26 22:19:57","2008-12-26 22:19:57",
1493,1454,"18000259",1,"18000259-001",INV/18000259-001,"2007-11-29","0","",SL,"2007-11-29","0","",1,"",0,Rupiah,"2007-11-29","2008-12-26 22:19:57","2008-12-26 22:19:57",
1494,1455,"18000260",1,"18000260-001",INV/18000260-001,"2007-11-29","0","",SL,"2007-11-29","0","",1,"",0,Rupiah,"2007-11-29","2008-12-26 22:19:57","2008-12-26 22:19:57",
1495,1030,"18000261",1,"18000261-001",INV/18000261-001,"2007-11-29","0","",SL,"2007-11-29","0","",1,"",0,Rupiah,"2007-11-29","2008-12-26 22:19:57","2008-12-26 22:19:57",
1496,548,"18000084",1,"18000084-002",INV/18000084-002,"2007-11-29","0","",SL,"2007-11-29","0","",1,"",0,Rupiah,"2007-11-29","2008-12-26 22:19:57","2008-12-26 22:19:57",
1497,1456,"18000263",1,"18000263-001",INV/18000263-001,"2007-11-29","0","",SL,"2007-11-29","0","",1,"",0,Rupiah,"2007-11-29","2008-12-26 22:19:57","2008-12-26 22:19:57",
1498,1457,"18000264",1,"18000264-001",INV/18000264-001,"2007-11-29","0","",SL,"2007-11-29","0","",1,"",0,Rupiah,"2007-11-29","2008-12-26 22:19:57","2008-12-26 22:19:57",
1499,1064,"18000265",1,"18000265-001",INV/18000265-001,"2007-11-29","0","",SL,"2007-11-29","0","",1,"",0,Rupiah,"2007-11-29","2008-12-26 22:19:57","2008-12-26 22:19:57",
1500,1458,"18000266",1,"18000266-001",INV/18000266-001,"2007-11-29","0","",SL,"2007-11-29","0","",1,"",0,Rupiah,"2007-11-29","2008-12-26 22:19:57","2008-12-26 22:19:57",
1501,1459,"18000267",1,"18000267-001",INV/18000267-001,"2007-11-29","0","",SL,"2007-11-29","0","",1,"",0,Rupiah,"2007-11-29","2008-12-26 22:19:57","2008-12-26 22:19:57",
1502,1460,"18000268",1,"18000268-001",INV/18000268-001,"2007-11-29","0","",SL,"2007-11-29","0","",1,"",0,Rupiah,"2007-11-29","2008-12-26 22:19:57","2008-12-26 22:19:57",
1503,1461,"20000021",1,"20000021-001",INV/20000021-001,"2007-11-29","0","",SL,"2007-11-29","0","",1,"",0,Rupiah,"2007-11-29","2008-12-26 22:19:57","2008-12-26 22:19:57",
1504,1462,"20000022",1,"20000022-001",INV/20000022-001,"2007-11-29","0","",SL,"2007-11-29","0","",1,"",0,Rupiah,"2007-11-29","2008-12-26 22:19:57","2008-12-26 22:19:57",
1505,1463,"20000023",1,"20000023-001",INV/20000023-001,"2007-11-29","0","",SL,"2007-11-29","0","",1,"",0,Rupiah,"2007-11-29","2008-12-26 22:19:57","2008-12-26 22:19:57",
1506,1464,"22000077",1,"22000077-001",INV/22000077-001,"2007-11-29","0","",SL,"2007-11-29","0","",1,"",0,Rupiah,"2007-11-29","2008-12-26 22:19:57","2008-12-26 22:19:57",
1507,1465,"22000078",1,"22000078-001",INV/22000078-001,"2007-11-29","0","",SL,"2007-11-29","0","",1,"",0,Rupiah,"2007-11-29","2008-12-26 22:19:57","2008-12-26 22:19:57",
1508,1466,"13000064",1,"13000064-001",INV/13000064-001,"2007-11-29",,"",SL,"2007-11-29","0","",1,"",0,Rupiah,"2007-11-29","2008-12-26 22:19:57","2026-07-25 12:05:35",
1509,1467,"22000080",1,"22000080-001",INV/22000080-001,"2007-11-29","0","",SL,"2007-11-29","0","",1,"",0,Rupiah,"2007-11-29","2008-12-26 22:19:57","2008-12-26 22:19:57",
1510,1468,"22000081",1,"22000081-001",INV/22000081-001,"2007-11-29","0","",SL,"2007-11-29","0","",1,"",0,Rupiah,"2007-11-29","2008-12-26 22:19:57","2008-12-26 22:19:57",
1511,1469,"22000082",1,"22000082-001",INV/22000082-001,"2007-11-29","0","",SL,"2007-11-29","0","",1,"",0,Rupiah,"2007-11-29","2008-12-26 22:19:57","2008-12-26 22:19:57",
1512,1470,"22000083",1,"22000083-001",INV/22000083-001,"2007-11-29","0","",SL,"2007-11-29","0","",1,"",0,Rupiah,"2007-11-29","2008-12-26 22:19:57","2008-12-26 22:19:57",
1513,1471,"22000084",1,"22000084-001",INV/22000084-001,"2007-11-29","0","",SL,"2007-11-29","0","",1,"",0,Rupiah,"2007-11-29","2008-12-26 22:19:57","2008-12-26 22:19:57",
1514,1472,"13000066",1,"13000066-001",INV/13000066-001,"2007-11-29","0","",SL,"2007-11-29","0","",1,"",0,Rupiah,"2007-11-29","2008-12-26 22:19:57","2008-12-26 22:19:57",
1515,1473,"22000086",1,"22000086-001",INV/22000086-001,"2007-11-29","0","",SL,"2007-11-29","0","",1,"",0,Rupiah,"2007-11-29","2008-12-26 22:19:57","2008-12-26 22:19:57",
1516,1474,"28000059",1,"28000059-001",INV/28000059-001,"2007-11-29","0","",SL,"2007-11-29","0","",1,"",0,Rupiah,"2007-11-29","2008-12-26 22:19:57","2008-12-26 22:19:57",
1517,1475,"22000087",1,"22000087-001",INV/22000087-001,"2007-11-29","0","",SL,"2007-11-29","0","",1,"",0,Rupiah,"2007-11-29","2008-12-26 22:19:57","2008-12-26 22:19:57",
1518,1476,"22000088",1,"22000088-001",INV/22000088-001,"2007-11-29","0","",SL,"2007-11-29","0","",1,"",0,Rupiah,"2007-11-29","2008-12-26 22:19:57","2008-12-26 22:19:57",
1519,1477,"22000089",1,"22000089-001",INV/22000089-001,"2007-11-29","0","",SL,"2007-11-29","0","",1,"",0,Rupiah,"2007-11-29","2008-12-26 22:19:57","2008-12-26 22:19:57",
1520,1478,"22000090",1,"22000090-001",INV/22000090-001,"2007-11-29","0","",SL,"2007-11-29","0","",1,"",0,Rupiah,"2007-11-29","2008-12-26 22:19:57","2008-12-26 22:19:57",
1521,1479,"22000091",1,"22000091-001",INV/22000091-001,"2007-11-29","0","",SL,"2007-11-29","0","",1,"",0,Rupiah,"2007-11-29","2008-12-26 22:19:57","2008-12-26 22:19:57",
1522,1480,"23000029",1,"23000029-001",INV/23000029-001,"2007-11-29","0","",SL,"2007-11-29","0","",1,"",0,Rupiah,"2007-11-29","2008-12-26 22:19:57","2008-12-26 22:19:57",
1523,1481,"23000030",1,"23000030-001",INV/23000030-001,"2007-11-29","0","",SL,"2007-11-29","0","",1,"",0,Rupiah,"2007-11-29","2008-12-26 22:19:57","2008-12-26 22:19:57",
1524,1482,"23000031",1,"23000031-001",INV/23000031-001,"2007-11-29","0","",SL,"2007-11-29","0","",1,"",0,Rupiah,"2007-11-29","2008-12-26 22:19:57","2008-12-26 22:19:57",
1525,1483,"23000032",1,"23000032-001",INV/23000032-001,"2007-11-29","0","",SL,"2007-11-29","0","",1,"",0,Rupiah,"2007-11-29","2008-12-26 22:19:57","2008-12-26 22:19:57",
1526,1484,"23000033",1,"23000033-001",INV/23000033-001,"2007-11-29","0","",SL,"2007-11-29","0","",1,"",0,Rupiah,"2007-11-29","2008-12-26 22:19:57","2008-12-26 22:19:57",
1527,1485,"23000034",1,"23000034-001",INV/23000034-001,"2007-11-29","0","",SL,"2007-11-29","0","",1,"",0,Rupiah,"2007-11-29","2008-12-26 22:19:57","2008-12-26 22:19:57",
1528,1486,"23000035",1,"23000035-001",INV/23000035-001,"2007-11-29","0","",SL,"2007-11-29","0","",1,"",0,Rupiah,"2007-11-29","2008-12-26 22:19:57","2008-12-26 22:19:57",
1529,1487,"23000036",1,"23000036-001",INV/23000036-001,"2007-11-29","0","",SL,"2007-11-29","0","",1,"",0,Rupiah,"2007-11-29","2008-12-26 22:19:57","2008-12-26 22:19:57",
1530,1488,"23000037",1,"23000037-001",INV/23000037-001,"2007-11-29","0","",SL,"2007-11-29","0","",1,"",0,Rupiah,"2007-11-29","2008-12-26 22:19:57","2008-12-26 22:19:57",
1531,1489,"23000038",1,"23000038-001",INV/23000038-001,"2007-11-29","0","",SL,"2007-11-29","0","",1,"",0,Rupiah,"2007-11-29","2008-12-26 22:19:57","2008-12-26 22:19:57",
1532,1490,"23000039",1,"23000039-001",INV/23000039-001,"2007-11-29","0","",SL,"2007-11-29","0","",1,"",0,Rupiah,"2007-11-29","2008-12-26 22:19:57","2008-12-26 22:19:57",
1533,1491,"23000040",1,"23000040-001",INV/23000040-001,"2007-11-29","0","",SL,"2007-11-29","0","",1,"",0,Rupiah,"2007-11-29","2008-12-26 22:19:57","2008-12-26 22:19:57",
1534,1492,"23000041",1,"23000041-001",INV/23000041-001,"2007-11-29","0","",SL,"2007-11-29","0","",1,"",0,Rupiah,"2007-11-29","2008-12-26 22:19:57","2008-12-26 22:19:57",
1535,1493,"23000042",1,"23000042-001",INV/23000042-001,"2007-11-29","0","",SL,"2007-11-29","0","",1,"",0,Rupiah,"2007-11-29","2008-12-26 22:19:57","2008-12-26 22:19:57",
1536,1494,"23000043",1,"23000043-001",INV/23000043-001,"2007-11-29","0","",SL,"2007-11-29","0","",1,"",0,Rupiah,"2007-11-29","2008-12-26 22:19:57","2008-12-26 22:19:57",
1537,1495,"23000044",1,"23000044-001",INV/23000044-001,"2007-11-29","0","",SL,"2007-11-29","0","",1,"",0,Rupiah,"2007-11-29","2008-12-26 22:19:57","2008-12-26 22:19:57",
1538,904,"24000339",1,"24000339-001",INV/24000339-001,"2007-11-29","0","",SL,"2007-11-29","0","",1,"",0,Rupiah,"2007-11-29","2008-12-26 22:19:57","2008-12-26 22:19:57",
1539,1496,"24000011",1,"24000011-001",INV/24000011-001,"2007-11-29","0","",SL,"2007-11-29","0","",1,"",0,Rupiah,"2007-11-29","2008-12-26 22:19:57","2008-12-26 22:19:57",
1540,1497,"24000341",1,"24000341-001",INV/24000341-001,"2007-11-29","0","",SL,"2007-11-29","0","",1,"",0,Rupiah,"2007-11-29","2008-12-26 22:19:57","2008-12-26 22:19:57",
1541,1498,"24000342",1,"24000342-001",INV/24000342-001,"2007-11-29","0","",SL,"2007-11-29","0","",1,"",0,Rupiah,"2007-11-29","2008-12-26 22:19:57","2008-12-26 22:19:57",
1542,1499,"24000343",1,"24000343-001",INV/24000343-001,"2007-11-29","0","",SL,"2007-11-29","0","",1,"",0,Rupiah,"2007-11-29","2008-12-26 22:19:57","2008-12-26 22:19:57",
1543,1500,"24000345",1,"24000345-001",INV/24000345-001,"2007-11-29","0","",SL,"2007-11-29","0","",1,"",0,Rupiah,"2007-11-29","2008-12-26 22:19:57","2008-12-26 22:19:57",
1544,1501,"24000346",1,"24000346-001",INV/24000346-001,"2007-11-29","0","",SL,"2007-11-29","0","",1,"",0,Rupiah,"2007-11-29","2008-12-26 22:19:57","2008-12-26 22:19:57",
1545,1502,"24000347",1,"24000347-001",INV/24000347-001,"2007-11-29","0","",SL,"2007-11-29","0","",1,"",0,Rupiah,"2007-11-29","2008-12-26 22:19:57","2008-12-26 22:19:57",
1546,1503,"24000349",1,"24000349-001",INV/24000349-001,"2007-11-29","0","",SL,"2007-11-29","0","",1,"",0,Rupiah,"2007-11-29","2008-12-26 22:19:57","2008-12-26 22:19:57",
1547,874,"24000351",1,"24000351-001",INV/24000351-001,"2007-11-29","0","",SL,"2007-11-29","0","",1,"",0,Rupiah,"2007-11-29","2008-12-26 22:19:57","2008-12-26 22:19:57",
1548,1504,"24000352",1,"24000352-001",INV/24000352-001,"2007-11-29","0","",SL,"2007-11-29","0","",1,"",0,Rupiah,"2007-11-29","2008-12-26 22:19:57","2008-12-26 22:19:57",
1549,1505,"18000287",1,"18000287-001",INV/18000287-001,"2007-11-29","0","",SL,"2007-11-29","0","",1,"",0,Rupiah,"2007-11-29","2008-12-26 22:19:57","2008-12-26 22:19:57",
1550,1506,"24000354",1,"24000354-001",INV/24000354-001,"2007-11-29","0","",SL,"2007-11-29","0","",1,"",0,Rupiah,"2007-11-29","2008-12-26 22:19:57","2008-12-26 22:19:57",
1551,1507,"24000001",1,"24000001-001",INV/24000001-001,"2007-11-29","0","",SL,"2007-11-29","0","",1,"",0,Rupiah,"2007-11-29","2008-12-26 22:19:57","2008-12-26 22:19:57",
1552,1508,"24000357",1,"24000357-001",INV/24000357-001,"2007-11-29","0","",SL,"2007-11-29","0","",1,"",0,Rupiah,"2007-11-29","2008-12-26 22:19:57","2008-12-26 22:19:57",
1553,1509,"24000359",1,"24000359-001",INV/24000359-001,"2007-11-29","0","",SL,"2007-11-29","0","",1,"",0,Rupiah,"2007-11-29","2008-12-26 22:19:57","2008-12-26 22:19:57",
1554,1510,"24000361",1,"24000361-001",INV/24000361-001,"2007-11-29","0","",SL,"2007-11-29","0","",1,"",0,Rupiah,"2007-11-29","2008-12-26 22:19:57","2008-12-26 22:19:57",
1555,1511,"24000362",1,"24000362-001",INV/24000362-001,"2007-11-29","0","",SL,"2007-11-29","0","",1,"",0,Rupiah,"2007-11-29","2008-12-26 22:19:57","2008-12-26 22:19:57",
1556,1512,"24000363",1,"24000363-001",INV/24000363-001,"2007-11-29","0","",SL,"2007-11-29","0","",1,"",0,Rupiah,"2007-11-29","2008-12-26 22:19:57","2008-12-26 22:19:57",
1557,1513,"24000364",1,"24000364-001",INV/24000364-001,"2007-11-29","0","",SL,"2007-11-29","0","",1,"",0,Rupiah,"2007-11-29","2008-12-26 22:19:57","2008-12-26 22:19:57",
1558,1514,"24000365",1,"24000365-001",INV/24000365-001,"2007-11-29","0","",SL,"2007-11-29","0","",1,"",0,Rupiah,"2007-11-29","2008-12-26 22:19:57","2008-12-26 22:19:57",
1559,1515,"24000366",1,"24000366-001",INV/24000366-001,"2007-11-29","0","",SL,"2007-11-29","0","",1,"",0,Rupiah,"2007-11-29","2008-12-26 22:19:57","2008-12-26 22:19:57",
1560,1516,"24000368",1,"24000368-001",INV/24000368-001,"2007-11-29","0","",SL,"2007-11-29","0","",1,"",0,Rupiah,"2007-11-29","2008-12-26 22:19:57","2008-12-26 22:19:57",
1561,1517,"24000369",1,"24000369-001",INV/24000369-001,"2007-11-29","0","",SL,"2007-11-29","0","",1,"",0,Rupiah,"2007-11-29","2008-12-26 22:19:57","2008-12-26 22:19:57",
1562,1518,"24000373",1,"24000373-001",INV/24000373-001,"2007-11-29","0","",SL,"2007-11-29","0","",1,"",0,Rupiah,"2007-11-29","2008-12-26 22:19:57","2008-12-26 22:19:57",
1563,1519,"24000384",1,"24000384-001",INV/24000384-001,"2007-11-29","0","",SL,"2007-11-29","0","",1,"",0,Rupiah,"2007-11-29","2008-12-26 22:19:57","2008-12-26 22:19:57",
1564,1520,"24000408",1,"24000408-001",INV/24000408-001,"2007-11-29","0","",SL,"2007-11-29","0","",1,"",0,Rupiah,"2007-11-29","2008-12-26 22:19:57","2008-12-26 22:19:57",
1565,1521,"24000412",1,"24000412-001",INV/24000412-001,"2007-11-29","0","",SL,"2007-11-29","0","",1,"",0,Rupiah,"2007-11-29","2008-12-26 22:19:57","2008-12-26 22:19:57",
1566,1522,"24000417",1,"24000417-001",INV/24000417-001,"2007-11-29","0","",SL,"2007-11-29","0","",1,"",0,Rupiah,"2007-11-29","2008-12-26 22:19:57","2008-12-26 22:19:57",
1567,1523,"24000418",1,"24000418-001",INV/24000418-001,"2007-11-29","0","",SL,"2007-11-29","0","",1,"",0,Rupiah,"2007-11-29","2008-12-26 22:19:57","2008-12-26 22:19:57",
1568,1524,"24000419",1,"24000419-001",INV/24000419-001,"2007-11-29","0","",SL,"2007-11-29","0","",1,"",0,Rupiah,"2007-11-29","2008-12-26 22:19:57","2008-12-26 22:19:57",
1569,1525,"24000420",1,"24000420-001",INV/24000420-001,"2007-11-29","0","",SL,"2007-11-29","0","",1,"",0,Rupiah,"2007-11-29","2008-12-26 22:19:57","2008-12-26 22:19:57",
1570,1526,"24000421",1,"24000421-001",INV/24000421-001,"2007-11-29","0","",SL,"2007-11-29","0","",1,"",0,Rupiah,"2007-11-29","2008-12-26 22:19:57","2008-12-26 22:19:57",
1571,1527,"24000422",1,"24000422-001",INV/24000422-001,"2007-11-29","0","",SL,"2007-11-29","0","",1,"",0,Rupiah,"2007-11-29","2008-12-26 22:19:57","2008-12-26 22:19:57",
1572,1528,"24000423",1,"24000423-001",INV/24000423-001,"2007-11-29","0","",SL,"2007-11-29","0","",1,"",0,Rupiah,"2007-11-29","2008-12-26 22:19:57","2008-12-26 22:19:57",
1573,1529,"24000424",1,"24000424-001",INV/24000424-001,"2007-11-29","0","",SL,"2007-11-29","0","",1,"",0,Rupiah,"2007-11-29","2008-12-26 22:19:57","2008-12-26 22:19:57",
1574,1530,"24000425",1,"24000425-001",INV/24000425-001,"2007-11-29","0","",SL,"2007-11-29","0","",1,"",0,Rupiah,"2007-11-29","2008-12-26 22:19:57","2008-12-26 22:19:57",
1575,1531,"24000426",1,"24000426-001",INV/24000426-001,"2007-11-29","0","",SL,"2007-11-29","0","",1,"",0,Rupiah,"2007-11-29","2008-12-26 22:19:57","2008-12-26 22:19:57",
1576,1532,"24000427",1,"24000427-001",INV/24000427-001,"2007-11-29","0","",SL,"2007-11-29","0","",1,"",0,Rupiah,"2007-11-29","2008-12-26 22:19:57","2008-12-26 22:19:57",
1577,1533,"24000428",1,"24000428-001",INV/24000428-001,"2007-11-29","0","",SL,"2007-11-29","0","",1,"",0,Rupiah,"2007-11-29","2008-12-26 22:19:57","2008-12-26 22:19:57",
1578,1534,"18000288",1,"18000288-001",INV/18000288-001,"2007-11-29","0","",SL,"2007-11-29","0","",1,"",0,Rupiah,"2007-11-29","2008-12-26 22:19:57","2008-12-26 22:19:57",
1579,1535,"15000108",1,"15000108-001",INV/15000108-001,"2007-11-29","0","",SL,"2007-11-29","0","",1,"",0,Rupiah,"2007-11-29","2008-12-26 22:19:57","2008-12-26 22:19:57",
1580,1536,"15000109",1,"15000109-001",INV/15000109-001,"2007-11-29","0","",SL,"2007-11-29","0","",1,"",0,Rupiah,"2007-11-29","2008-12-26 22:19:57","2008-12-26 22:19:57",
1581,865,"24000034",1,"24000034-002",INV/24000034-002,"2007-11-29","0","",SL,"2007-11-29","0","",1,"",0,Rupiah,"2007-11-29","2008-12-26 22:19:57","2008-12-26 22:19:57",
1582,921,"24000093",1,"24000093-002",INV/24000093-002,"2007-11-29","0","",SL,"2007-11-29","0","",1,"",0,Rupiah,"2007-11-29","2008-12-26 22:19:57","2008-12-26 22:19:57",
1583,1537,"24000039",1,"24000039-002",INV/24000039-002,"2007-11-29","0","",SL,"2007-11-29","0","",1,"",0,Rupiah,"2007-11-29","2008-12-26 22:19:57","2008-12-26 22:19:57",
1584,1538,"24000429",1,"24000429-001",INV/24000429-001,"2007-11-29","0","",SL,"2007-11-29","0","",1,"",0,Rupiah,"2007-11-29","2008-12-26 22:19:57","2008-12-26 22:19:57",
1585,1539,"24000430",1,"24000430-001",INV/24000430-001,"2007-11-29","0","",SL,"2007-11-29","0","",1,"",0,Rupiah,"2007-11-29","2008-12-26 22:19:57","2008-12-26 22:19:57",
1586,1540,"24000431",1,"24000431-001",INV/24000431-001,"2007-11-29","0","",SL,"2007-11-29","0","",1,"",0,Rupiah,"2007-11-29","2008-12-26 22:19:57","2008-12-26 22:19:57",
1587,1541,"24000432",1,"24000432-001",INV/24000432-001,"2007-11-29","0","",SL,"2007-11-29","0","",1,"",0,Rupiah,"2007-11-29","2008-12-26 22:19:57","2008-12-26 22:19:57",
1588,1542,"24000433",1,"24000433-001",INV/24000433-001,"2007-11-29","0","",SL,"2007-11-29","0","",1,"",0,Rupiah,"2007-11-29","2008-12-26 22:19:57","2008-12-26 22:19:57",
1589,1543,"24000434",1,"24000434-001",INV/24000434-001,"2007-11-29","0","",SL,"2007-11-29","0","",1,"",0,Rupiah,"2007-11-29","2008-12-26 22:19:57","2008-12-26 22:19:57",
1590,1544,"24000435",1,"24000435-001",INV/24000435-001,"2007-11-29","0","",SL,"2007-11-29","0","",1,"",0,Rupiah,"2007-11-29","2008-12-26 22:19:57","2008-12-26 22:19:57",
1591,1545,"24000436",1,"24000436-001",INV/24000436-001,"2007-11-29","0","",SL,"2007-11-29","0","",1,"",0,Rupiah,"2007-11-29","2008-12-26 22:19:57","2008-12-26 22:19:57",
1592,1546,"24000437",1,"24000437-001",INV/24000437-001,"2007-11-29","0","",SL,"2007-11-29","0","",1,"",0,Rupiah,"2007-11-29","2008-12-26 22:19:57","2008-12-26 22:19:57",
1593,1547,"24000438",1,"24000438-001",INV/24000438-001,"2007-11-29","0","",SL,"2007-11-29","0","",1,"",0,Rupiah,"2007-11-29","2008-12-26 22:19:57","2008-12-26 22:19:57",
1594,1548,"24000439",1,"24000439-001",INV/24000439-001,"2007-11-29","0","",SL,"2007-11-29","0","",1,"",0,Rupiah,"2007-11-29","2008-12-26 22:19:57","2008-12-26 22:19:57",
1595,1549,"24000440",1,"24000440-001",INV/24000440-001,"2007-11-29","0","",SL,"2007-11-29","0","",1,"",0,Rupiah,"2007-11-29","2008-12-26 22:19:57","2008-12-26 22:19:57",
1596,1550,"24000441",1,"24000441-001",INV/24000441-001,"2007-11-29","0","",SL,"2007-11-29","0","",1,"",0,Rupiah,"2007-11-29","2008-12-26 22:19:57","2008-12-26 22:19:57",
1597,1551,"24000442",1,"24000442-001",INV/24000442-001,"2007-11-29","0","",SL,"2007-11-29","0","",1,"",0,Rupiah,"2007-11-29","2008-12-26 22:19:57","2008-12-26 22:19:57",
1598,1552,"24000443",1,"24000443-001",INV/24000443-001,"2007-11-29","0","",SL,"2007-11-29","0","",1,"",0,Rupiah,"2007-11-29","2008-12-26 22:19:57","2008-12-26 22:19:57",
1599,1553,"24000444",1,"24000444-001",INV/24000444-001,"2007-11-29","0","",SL,"2007-11-29","0","",1,"",0,Rupiah,"2007-11-29","2008-12-26 22:19:57","2008-12-26 22:19:57",
1600,1554,"24000458",1,"24000458-001",INV/24000458-001,"2007-11-29","0","",SL,"2007-11-29","0","",1,"",0,Rupiah,"2007-11-29","2008-12-26 22:19:57","2008-12-26 22:19:57",
1601,1555,"24000473",1,"24000473-001",INV/24000473-001,"2007-11-29","0","",SL,"2007-11-29","0","",1,"",0,Rupiah,"2007-11-29","2008-12-26 22:19:57","2008-12-26 22:19:57",
1602,1556,"24000498",1,"24000498-001",INV/24000498-001,"2007-11-29","0","",SL,"2007-11-29","0","",1,"",0,Rupiah,"2007-11-29","2008-12-26 22:19:57","2008-12-26 22:19:57",
1603,1557,"24000499",1,"24000499-001",INV/24000499-001,"2007-11-29","0","",SL,"2007-11-29","0","",1,"",0,Rupiah,"2007-11-29","2008-12-26 22:19:57","2008-12-26 22:19:57",
1604,1558,"24000500",1,"24000500-001",INV/24000500-001,"2007-11-29","0","",SL,"2007-11-29","0","",1,"",0,Rupiah,"2007-11-29","2008-12-26 22:19:57","2008-12-26 22:19:57",
1605,1559,"24000501",1,"24000501-001",INV/24000501-001,"2007-11-29","0","",SL,"2007-11-29","0","",1,"",0,Rupiah,"2007-11-29","2008-12-26 22:19:57","2008-12-26 22:19:57",
1606,1560,"24000503",1,"24000503-001",INV/24000503-001,"2007-11-29","0","",SL,"2007-11-29","0","",1,"",0,Rupiah,"2007-11-29","2008-12-26 22:19:57","2008-12-26 22:19:57",
1607,1561,"22000092",1,"22000092-001",INV/22000092-001,"2007-11-29","0","",SL,"2007-11-29","0","",1,"",0,Rupiah,"2007-11-29","2008-12-26 22:19:57","2008-12-26 22:19:57",
1608,1561,"22000092",1,"22000092-002",INV/22000092-002,"2007-11-29","0","",SL,"2007-11-29","0","",1,"",0,Rupiah,"2007-11-29","2008-12-26 22:19:57","2008-12-26 22:19:57",
1609,1562,"22000093",1,"22000093-001",INV/22000093-001,"2007-11-29","0","",SL,"2007-11-29","0","",1,"",0,Rupiah,"2007-11-29","2008-12-26 22:19:57","2008-12-26 22:19:57",
1610,1563,"22000094",1,"22000094-001",INV/22000094-001,"2007-11-29","0","",SL,"2007-11-29","0","",1,"",0,Rupiah,"2007-11-29","2008-12-26 22:19:57","2008-12-26 22:19:57",
1611,1564,"22000095",1,"22000095-001",INV/22000095-001,"2007-11-29","0","",SL,"2007-11-29","0","",1,"",0,Rupiah,"2007-11-29","2008-12-26 22:19:57","2008-12-26 22:19:57",
1612,1565,"22000096",1,"22000096-001",INV/22000096-001,"2007-11-29","0","",SL,"2007-11-29","0","",1,"",0,Rupiah,"2007-11-29","2008-12-26 22:19:57","2008-12-26 22:19:57",
1613,1566,"22000097",1,"22000097-001",INV/22000097-001,"2007-11-29","0","",SL,"2007-11-29","0","",1,"",0,Rupiah,"2007-11-29","2008-12-26 22:19:57","2008-12-26 22:19:57",
1614,1002,"24000178",1,"24000178-002",INV/24000178-002,"2007-11-29","0","",SL,"2007-11-29","0","",1,"",0,Rupiah,"2007-11-29","2008-12-26 22:19:57","2008-12-26 22:19:57",
1615,1567,"22000100",1,"22000100-001",INV/22000100-001,"2007-11-29","0","",SL,"2007-11-29","0","",1,"",0,Rupiah,"2007-11-29","2008-12-26 22:19:57","2008-12-26 22:19:57",
1616,1568,"22000102",1,"22000102-001",INV/22000102-001,"2007-11-29","0","",SL,"2007-11-29","0","",1,"",0,Rupiah,"2007-11-29","2008-12-26 22:19:57","2008-12-26 22:19:57",
1618,1570,"22000104",1,"22000104-001",INV/22000104-001,"2007-11-29","0","",SL,"2007-11-29","0","",1,"",0,Rupiah,"2007-11-29","2008-12-26 22:19:57","2008-12-26 22:19:57",
1667,1619,"15000110",1,"15000110-001",INV/15000110-001,"2007-11-29","0","",SL,"2007-11-29","0","",1,"",0,Rupiah,"2007-11-29","2008-12-26 22:19:57","2008-12-26 22:19:57",
1691,1643,"15000111",1,"15000111-001",INV/15000111-001,"2007-11-29","0","",SL,"2007-11-29","0","",1,"",0,Rupiah,"2007-11-29","2008-12-26 22:19:57","2008-12-26 22:19:57",
1692,1644,"15000112",1,"15000112-001",INV/15000112-001,"2007-11-29","0","",SL,"2007-11-29","0","",1,"",0,Rupiah,"2007-11-29","2008-12-26 22:19:57","2008-12-26 22:19:57",
1712,1664,"15000113",1,"15000113-001",INV/15000113-001,"2007-11-29","0","",SL,"2007-11-29","0","",1,"",0,Rupiah,"2007-11-29","2008-12-26 22:19:57","2008-12-26 22:19:57",
1713,1665,"15000114",1,"15000114-001",INV/15000114-001,"2007-11-29","0","",SL,"2007-11-29","0","",1,"",0,Rupiah,"2007-11-29","2008-12-26 22:19:57","2008-12-26 22:19:57",
1736,1688,"15000115",1,"15000115-001",INV/15000115-001,"2007-11-29","0","",SL,"2007-11-29","0","",1,"",0,Rupiah,"2007-11-29","2008-12-26 22:19:57","2008-12-26 22:19:57",
1737,1049,"24000226",1,"24000226-002",INV/24000226-002,"2007-11-29","0","",SL,"2007-11-29","0","",1,"",0,Rupiah,"2007-11-29","2008-12-26 22:19:57","2008-12-26 22:19:57",
1786,1737,"17000041",1,"17000041-001",INV/17000041-001,"2007-11-29","0","",SL,"2007-11-29","0","",1,"",0,Rupiah,"2007-11-29","2008-12-26 22:19:57","2008-12-26 22:19:57",
1845,1796,"15000116",1,"15000116-001",INV/15000116-001,"2007-11-29","0","",SL,"2007-11-29","0","",1,"",0,Rupiah,"2007-11-29","2008-12-26 22:19:57","2008-12-26 22:19:57",
1846,1797,"17000040",1,"17000040-001",INV/17000040-001,"2007-11-29","0","",SL,"2007-11-29","0","",1,"",0,Rupiah,"2007-11-29","2008-12-26 22:19:57","2008-12-26 22:19:57",
1904,1855,"15000117",1,"15000117-001",INV/15000117-001,"2007-11-29","0","",SL,"2007-11-29","0","",1,"",0,Rupiah,"2007-11-29","2008-12-26 22:19:57","2008-12-26 22:19:57",
1932,1883,"15000118",1,"15000118-001",INV/15000118-001,"2007-11-29","0","",SL,"2007-11-29","0","",1,"",0,Rupiah,"2007-11-29","2008-12-26 22:19:57","2008-12-26 22:19:57",
1951,1902,"36000009",1,"36000009-001",INV/36000009-001,"2007-11-29","0","",SL,"2007-11-29","0","",1,"",0,Rupiah,"2007-11-29","2008-12-26 22:19:57","2008-12-26 22:19:57",
1952,1903,"36000010",1,"36000010-001",INV/36000010-001,"2007-11-29","0","",SL,"2007-11-29","0","",1,"",0,Rupiah,"2007-11-29","2008-12-26 22:19:57","2008-12-26 22:19:57",
1953,1904,"36000011",1,"36000011-001",INV/36000011-001,"2007-11-29","0","",SL,"2007-11-29","0","",1,"",0,Rupiah,"2007-11-29","2008-12-26 22:19:57","2008-12-26 22:19:57",
1954,1905,"36000012",1,"36000012-001",INV/36000012-001,"2007-11-29","0","",SL,"2007-11-29","0","",1,"",0,Rupiah,"2007-11-29","2008-12-26 22:19:57","2008-12-26 22:19:57",
1955,1906,"36000013",1,"36000013-001",INV/36000013-001,"2007-11-29","0","",SL,"2007-11-29","0","",1,"",0,Rupiah,"2007-11-29","2008-12-26 22:19:57","2008-12-26 22:19:57",
1956,1907,"36000014",1,"36000014-001",INV/36000014-001,"2007-11-29","0","",SL,"2007-11-29","0","",1,"",0,Rupiah,"2007-11-29","2008-12-26 22:19:57","2008-12-26 22:19:57",
1957,1507,"24000001",1,"24000001-002",INV/24000001-002,"2007-11-29","0","",SL,"2007-11-29","0","",1,"",0,Rupiah,"2007-11-29","2008-12-26 22:19:57","2008-12-26 22:19:57",
1958,1513,"24000364",1,"24000364-002",INV/24000364-002,"2007-11-29","0","",SL,"2007-11-29","0","",1,"",0,Rupiah,"2007-11-29","2008-12-26 22:19:57","2008-12-26 22:19:57",
1959,1516,"24000368",1,"24000368-002",INV/24000368-002,"2007-11-29","0","",SL,"2007-11-29","0","",1,"",0,Rupiah,"2007-11-29","2008-12-26 22:19:57","2008-12-26 22:19:57",
1960,1143,"27000016",1,"27000016-002",INV/27000016-002,"2007-11-29","0","",SL,"2007-11-29","0","",1,"",0,Rupiah,"2007-11-29","2008-12-26 22:19:57","2008-12-26 22:19:57",
1961,874,"24000351",1,"24000351-002",INV/24000351-002,"2007-11-29","0","",SL,"2007-11-29","0","",1,"",0,Rupiah,"2007-11-29","2008-12-26 22:19:57","2008-12-26 22:19:57",
1962,852,"24000002",1,"24000002-002",INV/24000002-002,"2007-11-29","0","",SL,"2007-11-29","0","",1,"",0,Rupiah,"2007-11-29","2008-12-26 22:19:57","2008-12-26 22:19:57",
1963,853,"24000003",1,"24000003-002",INV/24000003-002,"2007-11-29","0","",SL,"2007-11-29","0","",1,"",0,Rupiah,"2007-11-29","2008-12-26 22:19:57","2008-12-26 22:19:57",
1964,854,"24000004",1,"24000004-002",INV/24000004-002,"2007-11-29","0","",SL,"2007-11-29","0","",1,"",0,Rupiah,"2007-11-29","2008-12-26 22:19:57","2008-12-26 22:19:57",
1965,859,"24000008",1,"24000008-002",INV/24000008-002,"2007-11-29","0","",SL,"2007-11-29","0","",1,"",0,Rupiah,"2007-11-29","2008-12-26 22:19:57","2008-12-26 22:19:57",
1966,860,"24000010",1,"24000010-002",INV/24000010-002,"2007-11-29","0","",SL,"2007-11-29","0","",1,"",0,Rupiah,"2007-11-29","2008-12-26 22:19:57","2008-12-26 22:19:57",
1967,1235,"24000335",1,"24000335-002",INV/24000335-002,"2007-11-29","0","",SL,"2007-11-29","0","",1,"",0,Rupiah,"2007-11-29","2008-12-26 22:19:57","2008-12-26 22:19:57",
1968,1236,"24000336",1,"24000336-002",INV/24000336-002,"2007-11-29","0","",SL,"2007-11-29","0","",1,"",0,Rupiah,"2007-11-29","2008-12-26 22:19:57","2008-12-26 22:19:57",
1969,1289,"24000376",1,"24000376-002",INV/24000376-002,"2007-11-29","0","",SL,"2007-11-29","0","",1,"",0,Rupiah,"2007-11-29","2008-12-26 22:19:57","2008-12-26 22:19:57",
1970,924,"24000098",1,"24000098-002",INV/24000098-002,"2007-11-29","0","",SL,"2007-11-29","0","",1,"",0,Rupiah,"2007-11-29","2008-12-26 22:19:57","2008-12-26 22:19:57",
1971,1290,"24000374",1,"24000374-002",INV/24000374-002,"2007-11-29","0","",SL,"2007-11-29","0","",1,"",0,Rupiah,"2007-11-29","2008-12-26 22:19:57","2008-12-26 22:19:57",
1972,926,"24000101",1,"24000101-002",INV/24000101-002,"2007-11-29","0","",SL,"2007-11-29","0","",1,"",0,Rupiah,"2007-11-29","2008-12-26 22:19:57","2008-12-26 22:19:57",
1973,1174,"27000050",1,"27000050-002",INV/27000050-002,"2007-11-29","0","",SL,"2007-11-29","0","",1,"",0,Rupiah,"2007-11-29","2008-12-26 22:19:57","2008-12-26 22:19:57",
1974,378,"14000020",1,"14000020-002",INV/14000020-002,"2007-11-29","0","",SL,"2007-11-29","0","",1,"",0,Rupiah,"2007-11-29","2008-12-26 22:19:57","2008-12-26 22:19:57",
1975,1908,"10000012",1,"10000012-001",INV/10000012-001,"2007-11-29","0","",SL,"2007-11-29","0","",1,"",0,Rupiah,"2007-11-29","2008-12-26 22:19:57","2008-12-26 22:19:57",
1976,1909,"15000119",1,"15000119-001",INV/15000119-001,"2007-11-29","0","",SL,"2007-11-29","0","",1,"",0,Rupiah,"2007-11-29","2008-12-26 22:19:57","2008-12-26 22:19:57",
1977,1910,"15000121",1,"15000121-001",INV/15000121-001,"2007-11-29","0","",SL,"2007-11-29","0","",1,"",0,Rupiah,"2007-11-29","2008-12-26 22:19:57","2008-12-26 22:19:57",
1978,1911,"15000122",1,"15000122-001",INV/15000122-001,"2007-11-29","0","",SL,"2007-11-29","0","",1,"",0,Rupiah,"2007-11-29","2008-12-26 22:19:57","2008-12-26 22:19:57",
1979,1912,"17000076",1,"17000076-001",INV/17000076-001,"2007-11-29",,"",SL,"2007-11-29","0","",1,"",0,Rupiah,"2007-11-29","2008-12-26 22:19:57","2026-07-23 13:33:58",
1980,1913,"17000077",1,"17000077-001",INV/17000077-001,"2007-11-29","0","",SL,"2007-11-29","0","",1,"",0,Rupiah,"2007-11-29","2008-12-26 22:19:57","2008-12-26 22:19:57",
1981,1914,"17000078",1,"17000078-001",INV/17000078-001,"2007-11-29","0","",SL,"2007-11-29","0","",1,"",0,Rupiah,"2007-11-29","2008-12-26 22:19:57","2008-12-26 22:19:57",
1982,1915,"17000079",1,"17000079-001",INV/17000079-001,"2007-11-29","0","",SL,"2007-11-29","0","",1,"",0,Rupiah,"2007-11-29","2008-12-26 22:19:57","2008-12-26 22:19:57",
1983,1916,"17000080",1,"17000080-001",INV/17000080-001,"2007-11-29","0","",SL,"2007-11-29","0","",1,"",0,Rupiah,"2007-11-29","2008-12-26 22:19:57","2008-12-26 22:19:57",
1984,1917,"17000081",1,"17000081-001",INV/17000081-001,"2007-11-29","0","",SL,"2007-11-29","0","",1,"",0,Rupiah,"2007-11-29","2008-12-26 22:19:57","2008-12-26 22:19:57",
1986,1919,"19000081",1,"19000081-001",INV/19000081-001,"2007-11-29",,"",SL,"2007-11-29","0","",1,"",0,Rupiah,"2007-11-29","2008-12-26 22:19:57","2026-07-19 11:05:24",
1987,1920,"25000032",1,"25000032-001",INV/25000032-001,"2007-11-29","0","",SL,"2007-11-29","0","",1,"",0,Rupiah,"2007-11-29","2008-12-26 22:19:57","2008-12-26 22:19:57",
1988,1921,"25000033",1,"25000033-001",INV/25000033-001,"2007-11-29","0","",SL,"2007-11-29","0","",1,"",0,Rupiah,"2007-11-29","2008-12-26 22:19:57","2008-12-26 22:19:57",
1989,1922,"25000034",1,"25000034-001",INV/25000034-001,"2007-11-29","0","",SL,"2007-11-29","0","",1,"",0,Rupiah,"2007-11-29","2008-12-26 22:19:57","2008-12-26 22:19:57",
1990,1496,"24000011",1,"24000011-002",INV/24000011-002,"2007-11-29","0","",SL,"2007-11-29","0","",1,"",0,Rupiah,"2007-11-29","2008-12-26 22:19:57","2008-12-26 22:19:57",
1991,769,"15000071",1,"15000071-002",INV/15000071-002,"2007-11-29","0","",SL,"2007-11-29","0","",1,"",0,Rupiah,"2007-11-29","2008-12-26 22:19:57","2008-12-26 22:19:57",
1992,1923,"19000082",1,"19000082-001",INV/19000082-001,"2007-11-29","0","",SL,"2007-11-29","0","",1,"",0,Rupiah,"2007-11-29","2008-12-26 22:19:57","2008-12-26 22:19:57",
1993,1924,"19000083",1,"19000083-001",INV/19000083-001,"2007-11-29",,"",SL,"2007-11-29","0","",1,"",0,Rupiah,"2007-11-29","2008-12-26 22:19:57","2026-07-16 14:30:50",
1994,1925,"19000084",1,"19000084-001",INV/19000084-001,"2007-11-29",,"",SL,"2007-11-29","0","",1,"",0,Rupiah,"2007-11-29","2008-12-26 22:19:57","2026-07-16 14:32:33",
1995,1926,"19000085",1,"19000085-001",INV/19000085-001,"2007-11-29",,"",SL,"2007-11-29","0","",1,"",0,Rupiah,"2007-11-29","2008-12-26 22:19:57","2026-07-16 14:33:59",
1996,1927,"18000289",1,"18000289-001",INV/18000289-001,"2007-11-29","0","",SL,"2007-11-29","0","",1,"",0,Rupiah,"2007-11-29","2008-12-26 22:19:57","2008-12-26 22:19:57",
1998,1929,"27000085",1,"27000085-001",INV/27000085-001,"2007-11-29","0","",SL,"2007-11-29","0","",1,"",0,Rupiah,"2007-11-29","2008-12-26 22:19:57","2008-12-26 22:19:57",
1999,1930,"27000086",1,"27000086-001",INV/27000086-001,"2007-11-29","0","",SL,"2007-11-29","0","",1,"",0,Rupiah,"2007-11-29","2008-12-26 22:19:57","2008-12-26 22:19:57",
2000,1931,"27000087",1,"27000087-001",INV/27000087-001,"2007-11-29","0","",SL,"2007-11-29","0","",1,"",0,Rupiah,"2007-11-29","2008-12-26 22:19:57","2008-12-26 22:19:57",
2001,1932,"27000088",1,"27000088-001",INV/27000088-001,"2007-11-29","0","",SL,"2007-11-29","0","",1,"",0,Rupiah,"2007-11-29","2008-12-26 22:19:57","2008-12-26 22:19:57",
2002,1933,"18000292",1,"18000292-001",INV/18000292-001,"2007-11-29","0","",SL,"2007-11-29","0","",1,"",0,Rupiah,"2007-11-29","2008-12-26 22:19:57","2008-12-26 22:19:57",
2003,1934,"18000293",1,"18000293-001",INV/18000293-001,"2007-11-29","0","",SL,"2007-11-29","0","",1,"",0,Rupiah,"2007-11-29","2008-12-26 22:19:57","2008-12-26 22:19:57",
2004,1935,"15000136",1,"15000136-001",INV/15000136-001,"2007-11-29","0","",SL,"2007-11-29","0","",1,"",0,Rupiah,"2007-11-29","2008-12-26 22:19:57","2008-12-26 22:19:57",
2005,1936,"15000137",1,"15000137-001",INV/15000137-001,"2007-11-29","0","",SL,"2007-11-29","0","",1,"",0,Rupiah,"2007-11-29","2008-12-26 22:19:57","2008-12-26 22:19:57",
2006,1937,"15000138",1,"15000138-001",INV/15000138-001,"2007-11-29","0","",SL,"2007-11-29","0","",1,"",0,Rupiah,"2007-11-29","2008-12-26 22:19:57","2008-12-26 22:19:57",
2007,1938,"15000139",1,"15000139-001",INV/15000139-001,"2007-11-29","0","",SL,"2007-11-29","0","",1,"",0,Rupiah,"2007-11-29","2008-12-26 22:19:57","2008-12-26 22:19:57",
2008,1939,"16000040",1,"16000040-001",INV/16000040-001,"2007-11-29","0","",SL,"2007-11-29","0","",1,"",0,Rupiah,"2007-11-29","2008-12-26 22:19:57","2008-12-26 22:19:57",
2009,1940,"16000041",1,"16000041-001",INV/16000041-001,"2007-11-29","0","",SL,"2007-11-29","0","",1,"",0,Rupiah,"2007-11-29","2008-12-26 22:19:57","2008-12-26 22:19:57",
2010,1941,"16000042",1,"16000042-001",INV/16000042-001,"2007-11-29","0","",SL,"2007-11-29","0","",1,"",0,Rupiah,"2007-11-29","2008-12-26 22:19:57","2008-12-26 22:19:57",
2011,1942,"16000043",1,"16000043-001",INV/16000043-001,"2007-11-29","0","",SL,"2007-11-29","0","",1,"",0,Rupiah,"2007-11-29","2008-12-26 22:19:57","2008-12-26 22:19:57",
2012,1536,"15000109",1,"15000109-002",INV/15000109-002,"2007-11-29","0","",SL,"2007-11-29","0","",1,"",0,Rupiah,"2007-11-29","2008-12-26 22:19:57","2008-12-26 22:19:57",
2013,1943,"23000061",1,"23000061-001",INV/23000061-001,"2007-11-29","0","",SL,"2007-11-29","0","",1,"",0,Rupiah,"2007-11-29","2008-12-26 22:19:57","2008-12-26 22:19:57",
2014,1944,"23000063",1,"23000063-001",INV/23000063-001,"2007-11-29","0","",SL,"2007-11-29","0","",1,"",0,Rupiah,"2007-11-29","2008-12-26 22:19:57","2008-12-26 22:19:57",
2015,1945,"12000190",1,"12000190-001",INV/12000190-001,"2007-11-29","0","",SL,"2007-11-29","0","",1,"",0,Rupiah,"2007-11-29","2008-12-26 22:19:57","2008-12-26 22:19:57",
2016,1946,"24000520",1,"24000520-001",INV/24000520-001,"2007-11-29","0","",SL,"2007-11-29","0","",1,"",0,Rupiah,"2007-11-29","2008-12-26 22:19:57","2008-12-26 22:19:57",
2017,1947,"24000521",1,"24000521-001",INV/24000521-001,"2007-11-29","0","",SL,"2007-11-29","0","",1,"",0,Rupiah,"2007-11-29","2008-12-26 22:19:57","2008-12-26 22:19:57",
2018,1948,"24000522",1,"24000522-001",INV/24000522-001,"2007-11-29","0","",SL,"2007-11-29","0","",1,"",0,Rupiah,"2007-11-29","2008-12-26 22:19:57","2008-12-26 22:19:57",
2019,1949,"24000523",1,"24000523-001",INV/24000523-001,"2007-11-29","0","",SL,"2007-11-29","0","",1,"",0,Rupiah,"2007-11-29","2008-12-26 22:19:57","2008-12-26 22:19:57",
2020,1950,"24000524",1,"24000524-001",INV/24000524-001,"2007-11-29","0","",SL,"2007-11-29","0","",1,"",0,Rupiah,"2007-11-29","2008-12-26 22:19:57","2008-12-26 22:19:57",
2021,1951,"24000525",1,"24000525-001",INV/24000525-001,"2007-11-29","0","",SL,"2007-11-29","0","",1,"",0,Rupiah,"2007-11-29","2008-12-26 22:19:57","2008-12-26 22:19:57",
2022,1952,"24000526",1,"24000526-001",INV/24000526-001,"2007-11-29","0","",SL,"2007-11-29","0","",1,"",0,Rupiah,"2007-11-29","2008-12-26 22:19:57","2008-12-26 22:19:57",
2023,1953,"24000527",1,"24000527-001",INV/24000527-001,"2007-11-29","0","",SL,"2007-11-29","0","",1,"",0,Rupiah,"2007-11-29","2008-12-26 22:19:57","2008-12-26 22:19:57",
2024,1954,"24000528",1,"24000528-001",INV/24000528-001,"2007-11-29","0","",SL,"2007-11-29","0","",1,"",0,Rupiah,"2007-11-29","2008-12-26 22:19:57","2008-12-26 22:19:57",
2025,1955,"24000529",1,"24000529-001",INV/24000529-001,"2007-11-29","0","",SL,"2007-11-29","0","",1,"",0,Rupiah,"2007-11-29","2008-12-26 22:19:57","2008-12-26 22:19:57",
2029,1958,"24000140",1,"24000140-001",INV/24000140-001,"2007-11-29","0","",SL,"2007-11-29","0","",1,"",0,Rupiah,"2007-11-29","2008-12-26 22:19:57","2008-12-26 22:19:57",
2031,1960,"25000035",1,"25000035-001",INV/25000035-001,"2007-11-29","0","",SL,"2007-11-29","0","",1,"",0,Rupiah,"2007-11-29","2008-12-26 22:19:57","2008-12-26 22:19:57",
2032,1961,"12000168",1,"12000168-001",INV/12000168-001,"2007-11-29","0","",SL,"2007-11-29","0","",1,"",0,Rupiah,"2007-11-29","2008-12-26 22:19:57","2008-12-26 22:19:57",
2033,1962,"12000169",1,"12000169-001",INV/12000169-001,"2007-11-29","0","",SL,"2007-11-29","0","",1,"",0,Rupiah,"2007-11-29","2008-12-26 22:19:57","2008-12-26 22:19:57",
2034,1963,"12000170",1,"12000170-001",INV/12000170-001,"2007-11-29","0","",SL,"2007-11-29","0","",1,"",0,Rupiah,"2007-11-29","2008-12-26 22:19:57","2008-12-26 22:19:57",
2035,1964,"12000171",1,"12000171-001",INV/12000171-001,"2007-11-29","0","",SL,"2007-11-29","0","",1,"",0,Rupiah,"2007-11-29","2008-12-26 22:19:57","2008-12-26 22:19:57",
2036,1965,"12000172",1,"12000172-001",INV/12000172-001,"2007-11-29","0","",SL,"2007-11-29","0","",1,"",0,Rupiah,"2007-11-29","2008-12-26 22:19:57","2008-12-26 22:19:57",
2037,1966,"12000173",1,"12000173-001",INV/12000173-001,"2007-11-29","0","",SL,"2007-11-29","0","",1,"",0,Rupiah,"2007-11-29","2008-12-26 22:19:57","2008-12-26 22:19:57",
2038,1966,"12000173",1,"12000173-002",INV/12000173-002,"2007-11-29","0","",SL,"2007-11-29","0","",1,"",0,Rupiah,"2007-11-29","2008-12-26 22:19:57","2008-12-26 22:19:57",
2039,1967,"12000174",1,"12000174-001",INV/12000174-001,"2007-11-29","0","",SL,"2007-11-29","0","",1,"",0,Rupiah,"2007-11-29","2008-12-26 22:19:57","2008-12-26 22:19:57",
2040,1968,"12000176",1,"12000176-001",INV/12000176-001,"2007-11-29","0","",SL,"2007-11-29","0","",1,"",0,Rupiah,"2007-11-29","2008-12-26 22:19:57","2008-12-26 22:19:57",
2041,1969,"12000177",1,"12000177-001",INV/12000177-001,"2007-11-29","0","",SL,"2007-11-29","0","",1,"",0,Rupiah,"2007-11-29","2008-12-26 22:19:57","2008-12-26 22:19:57",
2042,1970,"12000178",1,"12000178-001",INV/12000178-001,"2007-11-29","0","",SL,"2007-11-29","0","",1,"",0,Rupiah,"2007-11-29","2008-12-26 22:19:57","2008-12-26 22:19:57",
2043,1971,"12000182",1,"12000182-001",INV/12000182-001,"2007-11-29","0","",SL,"2007-11-29","0","",1,"",0,Rupiah,"2007-11-29","2008-12-26 22:19:57","2008-12-26 22:19:57",
2044,1972,"12000183",1,"12000183-001",INV/12000183-001,"2007-11-29","0","",SL,"2007-11-29","0","",1,"",0,Rupiah,"2007-11-29","2008-12-26 22:19:57","2008-12-26 22:19:57",
2045,1973,"12000184",1,"12000184-001",INV/12000184-001,"2007-11-29","0","",SL,"2007-11-29","0","",1,"",0,Rupiah,"2007-11-29","2008-12-26 22:19:57","2008-12-26 22:19:57",
2046,1974,"12000185",1,"12000185-001",INV/12000185-001,"2007-11-29","0","",SL,"2007-11-29","0","",1,"",0,Rupiah,"2007-11-29","2008-12-26 22:19:57","2008-12-26 22:19:57",
2047,1975,"14000056",1,"14000056-001",INV/14000056-001,"2007-11-29",,"",SL,"2007-11-29","0","",1,"",0,Rupiah,"2007-11-29","2008-12-26 22:19:57","2026-07-15 16:10:03",
2048,1976,"23000045",1,"23000045-001",INV/23000045-001,"2007-11-29","0","",SL,"2007-11-29","0","",1,"",0,Rupiah,"2007-11-29","2008-12-26 22:19:57","2008-12-26 22:19:57",
2049,1977,"23000046",1,"23000046-001",INV/23000046-001,"2007-11-29","0","",SL,"2007-11-29","0","",1,"",0,Rupiah,"2007-11-29","2008-12-26 22:19:57","2008-12-26 22:19:57",
2050,1978,"23000049",1,"23000049-001",INV/23000049-001,"2007-11-29","0","",SL,"2007-11-29","0","",1,"",0,Rupiah,"2007-11-29","2008-12-26 22:19:57","2008-12-26 22:19:57",
2051,1979,"23000050",1,"23000050-001",INV/23000050-001,"2007-11-29","0","",SL,"2007-11-29","0","",1,"",0,Rupiah,"2007-11-29","2008-12-26 22:19:57","2008-12-26 22:19:57",
2052,1980,"23000051",1,"23000051-001",INV/23000051-001,"2007-11-29","0","",SL,"2007-11-29","0","",1,"",0,Rupiah,"2007-11-29","2008-12-26 22:19:57","2008-12-26 22:19:57",
2054,1982,"23000053",1,"23000053-001",INV/23000053-001,"2007-11-29","0","",SL,"2007-11-29","0","",1,"",0,Rupiah,"2007-11-29","2008-12-26 22:19:57","2008-12-26 22:19:57",
2055,1983,"23000054",1,"23000054-001",INV/23000054-001,"2007-11-29","0","",SL,"2007-11-29","0","",1,"",0,Rupiah,"2007-11-29","2008-12-26 22:19:57","2008-12-26 22:19:57",
2056,1984,"23000055",1,"23000055-001",INV/23000055-001,"2007-11-29","0","",SL,"2007-11-29","0","",1,"",0,Rupiah,"2007-11-29","2008-12-26 22:19:57","2008-12-26 22:19:57",
2057,1985,"23000056",1,"23000056-001",INV/23000056-001,"2007-11-29","0","",SL,"2007-11-29","0","",1,"",0,Rupiah,"2007-11-29","2008-12-26 22:19:57","2008-12-26 22:19:57",
2058,1986,"23000057",1,"23000057-001",INV/23000057-001,"2007-11-29","0","",SL,"2007-11-29","0","",1,"",0,Rupiah,"2007-11-29","2008-12-26 22:19:57","2008-12-26 22:19:57",
2059,1987,"23000058",1,"23000058-001",INV/23000058-001,"2007-11-29","0","",SL,"2007-11-29","0","",1,"",0,Rupiah,"2007-11-29","2008-12-26 22:19:57","2008-12-26 22:19:57",
2060,1988,"23000059",1,"23000059-001",INV/23000059-001,"2007-11-29","0","",SL,"2007-11-29","0","",1,"",0,Rupiah,"2007-11-29","2008-12-26 22:19:57","2008-12-26 22:19:57",
2061,1989,"23000060",1,"23000060-001",INV/23000060-001,"2007-11-29","0","",SL,"2007-11-29","0","",1,"",0,Rupiah,"2007-11-29","2008-12-26 22:19:57","2008-12-26 22:19:57",
2062,1990,"13000068",1,"13000068-001",INV/13000068-001,"2007-11-29","0","",SL,"2007-11-29","0","",1,"",0,Rupiah,"2007-11-29","2008-12-26 22:19:57","2008-12-26 22:19:57",
2063,1991,"11000132",1,"11000132-001",INV/11000132-001,"2007-11-29","0","",SL,"2007-11-29","0","",1,"",0,Rupiah,"2007-11-29","2008-12-26 22:19:57","2008-12-26 22:19:57",
2064,1992,"11000133",1,"11000133-001",INV/11000133-001,"2007-11-29","0","",SL,"2007-11-29","0","",1,"",0,Rupiah,"2007-11-29","2008-12-26 22:19:57","2008-12-26 22:19:57",
2065,1993,"11000134",1,"11000134-001",INV/11000134-001,"2007-11-29","0","",SL,"2007-11-29","0","",1,"",0,Rupiah,"2007-11-29","2008-12-26 22:19:57","2008-12-26 22:19:57",
2066,1994,"11000135",1,"11000135-001",INV/11000135-001,"2007-11-29","0","",SL,"2007-11-29","0","",1,"",0,Rupiah,"2007-11-29","2008-12-26 22:19:57","2008-12-26 22:19:57",
2067,1995,"27000084",1,"27000084-001",INV/27000084-001,"2007-11-29","0","",SL,"2007-11-29","0","",1,"",0,Rupiah,"2007-11-29","2008-12-26 22:19:57","2008-12-26 22:19:57",
2068,1996,"21000042",1,"21000042-001",INV/21000042-001,"2007-11-29","0","",SL,"2007-11-29","0","",1,"",0,Rupiah,"2007-11-29","2008-12-26 22:19:57","2008-12-26 22:19:57",
2070,856,"22000106",1,"22000106-002",INV/22000106-002,"2007-11-29","0","",SL,"2007-11-29","0","",1,"",0,Rupiah,"2007-11-29","2008-12-26 22:19:57","2008-12-26 22:19:57",
2071,1379,"12000132",1,"12000132-002",INV/12000132-002,"2007-11-29","0","",SL,"2007-11-29","0","",1,"",0,Rupiah,"2007-11-29","2008-12-26 22:19:57","2008-12-26 22:19:57",
2072,1455,"18000260",1,"18000260-002",INV/18000260-002,"2007-11-29","0","",SL,"2007-11-29","0","",1,"",0,Rupiah,"2007-11-29","2008-12-26 22:19:57","2008-12-26 22:19:57",
2073,759,"23000027",1,"23000027-002",INV/23000027-002,"2007-11-29","0","",SL,"2007-11-29","0","",1,"",0,Rupiah,"2007-11-29","2008-12-26 22:19:57","2008-12-26 22:19:57",
2074,1918,"19000080",1,"19000080-002",INV/19000080-002,"2007-11-29","0","",SL,"2007-11-29","0","",1,"",0,Rupiah,"2007-11-29","2008-12-26 22:19:57","2008-12-26 22:19:57",
2075,1997,"24000016",1,"24000016-001",INV/24000016-001,"2007-11-29","0","",SL,"2007-11-29","0","",1,"",0,Rupiah,"2007-11-29","2008-12-26 22:19:57","2008-12-26 22:19:57",
2076,651,"21000001",1,"21000001-003",INV/21000001-003,"2007-11-29","0","",SL,"2007-11-29","0","",1,"",0,Rupiah,"2007-11-29","2008-12-26 22:19:57","2008-12-26 22:19:57",
2077,1998,"21000037",1,"21000037-002",INV/21000037-002,"2007-11-29","0","",SL,"2007-11-29","0","",1,"",0,Rupiah,"2007-11-29","2008-12-26 22:19:57","2008-12-26 22:19:57",
2078,1999,"15000013",1,"15000013-001",INV/15000013-001,"2007-11-29","0","",SL,"2007-11-29","0","",1,"",0,Rupiah,"2007-11-29","2008-12-26 22:19:57","2008-12-26 22:19:57",
2079,2000,"11000136",1,"11000136-001",INV/11000136-001,"2007-11-29","0","",SL,"2007-11-29","0","",1,"",0,Rupiah,"2007-11-29","2008-12-26 22:19:57","2008-12-26 22:19:57",
2080,2001,"24000513",1,"24000513-002",INV/24000513-002,"2007-11-29","0","",SL,"2007-11-29","0","",1,"",0,Rupiah,"2007-11-29","2008-12-26 22:19:57","2008-12-26 22:19:57",
2081,2002,"17000082",1,"17000082-001",INV/17000082-001,"2007-11-29","0","",SL,"2007-11-29","0","",1,"",0,Rupiah,"2007-11-29","2008-12-26 22:19:57","2008-12-26 22:19:57",
2082,2003,"17000083",1,"17000083-001",INV/17000083-001,"2007-11-29",,"",SL,"2007-11-29","0","",1,"",0,Rupiah,"2007-11-29","2008-12-26 22:19:57","2026-07-23 13:58:40",
2083,2004,"17000084",1,"17000084-001",INV/17000084-001,"2007-11-29",,"",SL,"2007-11-29","0","",1,"",0,Rupiah,"2007-11-29","2008-12-26 22:19:57","2026-07-23 13:56:50",
2084,2005,"15000014",1,"15000014-001",INV/15000014-001,"2007-11-29","0","",SL,"2007-11-29","0","",1,"",0,Rupiah,"2007-11-29","2008-12-26 22:19:57","2008-12-26 22:19:57",
2085,2006,"24000519",1,"24000519-001",INV/24000519-001,"2007-11-29","0","",SL,"2007-11-29","0","",1,"",0,Rupiah,"2007-11-29","2008-12-26 22:19:57","2008-12-26 22:19:57",
2091,2007,"12000076",1,"12000076-001",INV/12000076-001,"2007-11-29","0","",SL,"2007-11-29","0","",1,"",0,Rupiah,"2007-11-29","2008-12-26 22:19:57","2008-12-26 22:19:57",
2092,2008,"18000309",1,"18000309-001",INV/18000309-001,"2007-11-29","0","",SL,"2007-11-29","0","",1,"",0,Rupiah,"2007-11-29","2008-12-26 22:19:57","2008-12-26 22:19:57",
2093,2009,"18000310",1,"18000310-001",INV/18000310-001,"2007-11-29","0","",SL,"2007-11-29","0","",1,"",0,Rupiah,"2007-11-29","2008-12-26 22:19:57","2008-12-26 22:19:57",
2094,2010,"18000311",1,"18000311-001",INV/18000311-001,"2007-11-29","0","",SL,"2007-11-29","0","",1,"",0,Rupiah,"2007-11-29","2008-12-26 22:19:57","2008-12-26 22:19:57",
2095,2011,"18000313",1,"18000313-001",INV/18000313-001,"2007-11-29","0","",SL,"2007-11-29","0","",1,"",0,Rupiah,"2007-11-29","2008-12-26 22:19:57","2008-12-26 22:19:57",
2096,2012,"18000315",1,"18000315-001",INV/18000315-001,"2007-11-29","0","",SL,"2007-11-29","0","",1,"",0,Rupiah,"2007-11-29","2008-12-26 22:19:57","2008-12-26 22:19:57",
2097,2013,"18000316",1,"18000316-001",INV/18000316-001,"2007-11-29","0","",SL,"2007-11-29","0","",1,"",0,Rupiah,"2007-11-29","2008-12-26 22:19:57","2008-12-26 22:19:57",
2098,116,"10000016",1,"10000016-002",INV/10000016-002,"2007-11-29","0","",SL,"2007-11-29","0","",1,"",0,Rupiah,"2007-11-29","2008-12-26 22:19:57","2008-12-26 22:19:57",
2099,2014,"10000120",1,"10000120-001",INV/10000120-001,"2007-11-29","0","",SL,"2007-11-29","0","",1,"",0,Rupiah,"2007-11-29","2008-12-26 22:19:57","2008-12-26 22:19:57",
2100,2015,"10000122",1,"10000122-001",INV/10000122-001,"2007-11-29","0","",SL,"2007-11-29","0","",1,"",0,Rupiah,"2007-11-29","2008-12-26 22:19:57","2008-12-26 22:19:57",
2101,2016,"11000142",1,"11000142-001",INV/11000142-001,"2007-11-29","0","",SL,"2007-11-29","0","",1,"",0,Rupiah,"2007-11-29","2008-12-26 22:19:57","2008-12-26 22:19:57",
2102,2017,"12000075",1,"12000075-001",INV/12000075-001,"2007-11-29","0","",SL,"2007-11-29","0","",1,"",0,Rupiah,"2007-11-29","2008-12-26 22:19:57","2008-12-26 22:19:57",
2103,2018,"12000216",1,"12000216-001",INV/12000216-001,"2007-11-29","0","",SL,"2007-11-29","0","",1,"",0,Rupiah,"2007-11-29","2008-12-26 22:19:57","2008-12-26 22:19:57",
2104,2019,"40000038",1,"40000038-001",INV/40000038-001,"2007-11-29","0","",SL,"2007-11-29","0","",1,"",0,Rupiah,"2007-11-29","2008-12-26 22:19:57","2008-12-26 22:19:57",
2105,2020,"20120901",1,"2012090166-001",INV/2012090166-001,"2007-11-29","0","",SL,"2007-11-29","0","",1,"",0,Rupiah,"2007-11-29","2008-12-26 22:19:57","2008-12-26 22:19:57",
2106,2021,"12000218",1,"12000218-001",INV/12000218-001,"2007-11-29","0","",SL,"2007-11-29","0","",1,"",0,Rupiah,"2007-11-29","2008-12-26 22:19:57","2008-12-26 22:19:57",
2107,2022,"12000219",1,"12000219-001",INV/12000219-001,"2007-11-29","0","",SL,"2007-11-29","0","",1,"",0,Rupiah,"2007-11-29","2008-12-26 22:19:57","2008-12-26 22:19:57",
2108,2023,"12000220",1,"12000220-001",INV/12000220-001,"2007-11-29","0","",SL,"2007-11-29","0","",1,"",0,Rupiah,"2007-11-29","2008-12-26 22:19:57","2008-12-26 22:19:57",
2109,2024,"12000221",1,"12000221-001",INV/12000221-001,"2007-11-29","0","",SL,"2007-11-29","0","",1,"",0,Rupiah,"2007-11-29","2008-12-26 22:19:57","2008-12-26 22:19:57",
2110,2025,"12000223",1,"12000223-001",INV/12000223-001,"2007-11-29","0","",SL,"2007-11-29","0","",1,"",0,Rupiah,"2007-11-29","2008-12-26 22:19:57","2008-12-26 22:19:57",
2111,2026,"12000225",1,"12000225-001",INV/12000225-001,"2007-11-29","0","",SL,"2007-11-29","0","",1,"",0,Rupiah,"2007-11-29","2008-12-26 22:19:57","2008-12-26 22:19:57",
2112,2027,"12000226",1,"12000226-001",INV/12000226-001,"2007-11-29","0","",SL,"2007-11-29","0","",1,"",0,Rupiah,"2007-11-29","2008-12-26 22:19:57","2008-12-26 22:19:57",
2113,2028,"12000227",1,"12000227-001",INV/12000227-001,"2007-11-29","0","",SL,"2007-11-29","0","",1,"",0,Rupiah,"2007-11-29","2008-12-26 22:19:57","2008-12-26 22:19:57",
2114,2029,"13000071",1,"13000071-001",INV/13000071-001,"2007-11-29","0","",SL,"2007-11-29","0","",1,"",0,Rupiah,"2007-11-29","2008-12-26 22:19:57","2008-12-26 22:19:57",
2115,2030,"14000058",1,"14000058-001",INV/14000058-001,"2007-11-29","0","",SL,"2007-11-29","0","",1,"",0,Rupiah,"2007-11-29","2008-12-26 22:19:57","2008-12-26 22:19:57",
2116,2031,"14000059",1,"14000059-001",INV/14000059-001,"2007-11-29","0","",SL,"2007-11-29","0","",1,"",0,Rupiah,"2007-11-29","2008-12-26 22:19:57","2008-12-26 22:19:57",
2117,2032,"15000140",1,"15000140-001",INV/15000140-001,"2007-11-29","0","",SL,"2007-11-29","0","",1,"",0,Rupiah,"2007-11-29","2008-12-26 22:19:57","2008-12-26 22:19:57",
2118,2033,"15000141",1,"15000141-001",INV/15000141-001,"2007-11-29","0","",SL,"2007-11-29","0","",1,"",0,Rupiah,"2007-11-29","2008-12-26 22:19:57","2008-12-26 22:19:57",
2119,2034,"15000142",1,"15000142-001",INV/15000142-001,"2007-11-29","0","",SL,"2007-11-29","0","",1,"",0,Rupiah,"2007-11-29","2008-12-26 22:19:57","2008-12-26 22:19:57",
2120,2035,"15000143",1,"15000143-001",INV/15000143-001,"2007-11-29","0","",SL,"2007-11-29","0","",1,"",0,Rupiah,"2007-11-29","2008-12-26 22:19:57","2008-12-26 22:19:57",
2121,2036,"15000144",1,"15000144-001",INV/15000144-001,"2007-11-29","0","",SL,"2007-11-29","0","",1,"",0,Rupiah,"2007-11-29","2008-12-26 22:19:57","2008-12-26 22:19:57",
2122,2037,"15000145",1,"15000145-001",INV/15000145-001,"2007-11-29","0","",SL,"2007-11-29","0","",1,"",0,Rupiah,"2007-11-29","2008-12-26 22:19:57","2008-12-26 22:19:57",
2123,2038,"15000146",1,"15000146-001",INV/15000146-001,"2007-11-29","0","",SL,"2007-11-29","0","",1,"",0,Rupiah,"2007-11-29","2008-12-26 22:19:57","2008-12-26 22:19:57",
2124,2039,"15000147",1,"15000147-001",INV/15000147-001,"2007-11-29","0","",SL,"2007-11-29","0","",1,"",0,Rupiah,"2007-11-29","2008-12-26 22:19:57","2008-12-26 22:19:57",
2125,2040,"15000148",1,"15000148-001",INV/15000148-001,"2007-11-29","0","",SL,"2007-11-29","0","",1,"",0,Rupiah,"2007-11-29","2008-12-26 22:19:57","2008-12-26 22:19:57",
2126,2041,"15000149",1,"15000149-001",INV/15000149-001,"2007-11-29","0","",SL,"2007-11-29","0","",1,"",0,Rupiah,"2007-11-29","2008-12-26 22:19:57","2008-12-26 22:19:57",
2127,2042,"15000150",1,"15000150-001",INV/15000150-001,"2007-11-29","0","",SL,"2007-11-29","0","",1,"",0,Rupiah,"2007-11-29","2008-12-26 22:19:57","2008-12-26 22:19:57",
2128,2043,"15000151",1,"15000151-001",INV/15000151-001,"2007-11-29","0","",SL,"2007-11-29","0","",1,"",0,Rupiah,"2007-11-29","2008-12-26 22:19:57","2008-12-26 22:19:57",
2129,2044,"15000152",1,"15000152-001",INV/15000152-001,"2007-11-29","0","",SL,"2007-11-29","0","",1,"",0,Rupiah,"2007-11-29","2008-12-26 22:19:57","2008-12-26 22:19:57",
2130,2045,"15000153",1,"15000153-001",INV/15000153-001,"2007-11-29","0","",SL,"2007-11-29","0","",1,"",0,Rupiah,"2007-11-29","2008-12-26 22:19:57","2008-12-26 22:19:57",
2131,2046,"15000154",1,"15000154-001",INV/15000154-001,"2007-11-29","0","",SL,"2007-11-29","0","",1,"",0,Rupiah,"2007-11-29","2008-12-26 22:19:57","2008-12-26 22:19:57",
2132,581,"18000122",1,"18000122-002",INV/18000122-002,"2007-11-29","0","",SL,"2007-11-29","0","",1,"",0,Rupiah,"2007-11-29","2008-12-26 22:19:57","2008-12-26 22:19:57",
2133,2047,"20000003",1,"20000003-001",INV/20000003-001,"2007-11-29","0","",SL,"2007-11-29","0","",1,"",0,Rupiah,"2007-11-29","2008-12-26 22:19:57","2008-12-26 22:19:57",
2134,2048,"16000077",1,"16000077-001",INV/16000077-001,"2007-11-29","0","",SL,"2007-11-29","0","",1,"",0,Rupiah,"2007-11-29","2008-12-26 22:19:57","2008-12-26 22:19:57",
2135,2049,"15000155",1,"15000155-001",INV/15000155-001,"2007-11-29","0","",SL,"2007-11-29","0","",1,"",0,Rupiah,"2007-11-29","2008-12-26 22:19:57","2008-12-26 22:19:57",
2136,2050,"15000156",1,"15000156-001",INV/15000156-001,"2007-11-29","0","",SL,"2007-11-29","0","",1,"",0,Rupiah,"2007-11-29","2008-12-26 22:19:57","2008-12-26 22:19:57",
2137,2051,"15000157",1,"15000157-001",INV/15000157-001,"2007-11-29","0","",SL,"2007-11-29","0","",1,"",0,Rupiah,"2007-11-29","2008-12-26 22:19:57","2008-12-26 22:19:57",
2138,2052,"15000158",1,"15000158-001",INV/15000158-001,"2007-11-29","0","",SL,"2007-11-29","0","",1,"",0,Rupiah,"2007-11-29","2008-12-26 22:19:57","2008-12-26 22:19:57",
2139,2053,"15000159",1,"15000159-001",INV/15000159-001,"2007-11-29","0","",SL,"2007-11-29","0","",1,"",0,Rupiah,"2007-11-29","2008-12-26 22:19:57","2008-12-26 22:19:57",
2140,2054,"15000160",1,"15000160-001",INV/15000160-001,"2007-11-29","0","",SL,"2007-11-29","0","",1,"",0,Rupiah,"2007-11-29","2008-12-26 22:19:57","2008-12-26 22:19:57",
2141,2055,"15000161",1,"15000161-001",INV/15000161-001,"2007-11-29","0","",SL,"2007-11-29","0","",1,"",0,Rupiah,"2007-11-29","2008-12-26 22:19:57","2008-12-26 22:19:57",
2142,2056,"15000162",1,"15000162-001",INV/15000162-001,"2007-11-29","0","",SL,"2007-11-29","0","",1,"",0,Rupiah,"2007-11-29","2008-12-26 22:19:57","2008-12-26 22:19:57",
2143,2057,"15000163",1,"15000163-001",INV/15000163-001,"2007-11-29","0","",SL,"2007-11-29","0","",1,"",0,Rupiah,"2007-11-29","2008-12-26 22:19:57","2008-12-26 22:19:57",
2144,2058,"15000164",1,"15000164-001",INV/15000164-001,"2007-11-29","0","",SL,"2007-11-29","0","",1,"",0,Rupiah,"2007-11-29","2008-12-26 22:19:57","2008-12-26 22:19:57",
2145,2059,"15000165",1,"15000165-001",INV/15000165-001,"2007-11-29","0","",SL,"2007-11-29","0","",1,"",0,Rupiah,"2007-11-29","2008-12-26 22:19:57","2008-12-26 22:19:57",
2146,2060,"15000166",1,"15000166-001",INV/15000166-001,"2007-11-29","0","",SL,"2007-11-29","0","",1,"",0,Rupiah,"2007-11-29","2008-12-26 22:19:57","2008-12-26 22:19:57",
2147,2061,"15000167",1,"15000167-001",INV/15000167-001,"2007-11-29","0","",SL,"2007-11-29","0","",1,"",0,Rupiah,"2007-11-29","2008-12-26 22:19:57","2008-12-26 22:19:57",
2148,2062,"15000168",1,"15000168-001",INV/15000168-001,"2007-11-29","0","",SL,"2007-11-29","0","",1,"",0,Rupiah,"2007-11-29","2008-12-26 22:19:57","2008-12-26 22:19:57",
2149,2063,"15000169",1,"15000169-001",INV/15000169-001,"2007-11-29","0","",SL,"2007-11-29","0","",1,"",0,Rupiah,"2007-11-29","2008-12-26 22:19:57","2008-12-26 22:19:57",
2150,2064,"15000170",1,"15000170-001",INV/15000170-001,"2007-11-29","0","",SL,"2007-11-29","0","",1,"",0,Rupiah,"2007-11-29","2008-12-26 22:19:57","2008-12-26 22:19:57",
2151,2065,"16000044",1,"16000044-001",INV/16000044-001,"2007-11-29","0","",SL,"2007-11-29","0","",1,"",0,Rupiah,"2007-11-29","2008-12-26 22:19:57","2008-12-26 22:19:57",
2152,2066,"17000101",1,"17000101-001",INV/17000101-001,"2007-11-29","0","",SL,"2007-11-29","0","",1,"",0,Rupiah,"2007-11-29","2008-12-26 22:19:57","2008-12-26 22:19:57",
2153,2067,"17000102",1,"17000102-001",INV/17000102-001,"2007-11-29","0","",SL,"2007-11-29","0","",1,"",0,Rupiah,"2007-11-29","2008-12-26 22:19:57","2008-12-26 22:19:57",
2154,2068,"18000327",1,"18000327-001",INV/18000327-001,"2007-11-29","0","",SL,"2007-11-29","0","",1,"",0,Rupiah,"2007-11-29","2008-12-26 22:19:57","2008-12-26 22:19:57",
2155,2069,"18000328",1,"18000328-001",INV/18000328-001,"2007-11-29","0","",SL,"2007-11-29","0","",1,"",0,Rupiah,"2007-11-29","2008-12-26 22:19:57","2008-12-26 22:19:57",
2156,2070,"18000330",1,"18000330-001",INV/18000330-001,"2007-11-29","0","",SL,"2007-11-29","0","",1,"",0,Rupiah,"2007-11-29","2008-12-26 22:19:57","2008-12-26 22:19:57",
2157,2071,"18000331",1,"18000331-001",INV/18000331-001,"2007-11-29","0","",SL,"2007-11-29","0","",1,"",0,Rupiah,"2007-11-29","2008-12-26 22:19:57","2008-12-26 22:19:57",
2158,2072,"18000332",1,"18000332-001",INV/18000332-001,"2007-11-29","0","",SL,"2007-11-29","0","",1,"",0,Rupiah,"2007-11-29","2008-12-26 22:19:57","2008-12-26 22:19:57",
2159,2073,"19000087",1,"19000087-001",INV/19000087-001,"2007-11-29","0","",SL,"2007-11-29","0","",1,"",0,Rupiah,"2007-11-29","2008-12-26 22:19:57","2008-12-26 22:19:57",
2160,2074,"19000088",1,"19000088-001",INV/19000088-001,"2007-11-29",,"",SL,"2007-11-29","0","",1,"",0,Rupiah,"2007-11-29","2008-12-26 22:19:57","2026-07-16 14:37:46",
2161,2075,"19000089",1,"19000089-001",INV/19000089-001,"2007-11-29",,"",SL,"2007-11-29","0","",1,"",0,Rupiah,"2007-11-29","2008-12-26 22:19:57","2026-07-16 14:39:14",
2162,2076,"28000004",1,"28000004-001",INV/28000004-001,"2007-11-29","0","",SL,"2007-11-29","0","",1,"",0,Rupiah,"2007-11-29","2008-12-26 22:19:57","2008-12-26 22:19:57",
2163,2077,"28000101",1,"28000101-002",INV/28000101-002,"2007-11-29","0","",SL,"2007-11-29","0","",1,"",0,Rupiah,"2007-11-29","2008-12-26 22:19:57","2008-12-26 22:19:57",
2164,2078,"21000054",1,"21000054-001",INV/21000054-001,"2007-11-29","0","",SL,"2007-11-29","0","",1,"",0,Rupiah,"2007-11-29","2008-12-26 22:19:57","2008-12-26 22:19:57",
2165,2079,"22000109",1,"22000109-001",INV/22000109-001,"2007-11-29","0","",SL,"2007-11-29","0","",1,"",0,Rupiah,"2007-11-29","2008-12-26 22:19:57","2008-12-26 22:19:57",
2166,2080,"23000065",1,"23000065-001",INV/23000065-001,"2007-11-29","0","",SL,"2007-11-29","0","",1,"",0,Rupiah,"2007-11-29","2008-12-26 22:19:57","2008-12-26 22:19:57",
2167,2081,"23000066",1,"23000066-001",INV/23000066-001,"2007-11-29","0","",SL,"2007-11-29","0","",1,"",0,Rupiah,"2007-11-29","2008-12-26 22:19:57","2008-12-26 22:19:57",
2168,2082,"23000067",1,"23000067-001",INV/23000067-001,"2007-11-29","0","",SL,"2007-11-29","0","",1,"",0,Rupiah,"2007-11-29","2008-12-26 22:19:57","2008-12-26 22:19:57",
2169,2083,"23000068",1,"23000068-001",INV/23000068-001,"2007-11-29","0","",SL,"2007-11-29","0","",1,"",0,Rupiah,"2007-11-29","2008-12-26 22:19:57","2008-12-26 22:19:57",
2170,2084,"23000069",1,"23000069-001",INV/23000069-001,"2007-11-29","0","",SL,"2007-11-29","0","",1,"",0,Rupiah,"2007-11-29","2008-12-26 22:19:57","2008-12-26 22:19:57",
2171,2085,"24000137",1,"24000137-001",INV/24000137-001,"2007-11-29","0","",SL,"2007-11-29","0","",1,"",0,Rupiah,"2007-11-29","2008-12-26 22:19:57","2008-12-26 22:19:57",
2172,2006,"24000519",1,"24000519-002",INV/24000519-002,"2007-11-29","0","",SL,"2007-11-29","0","",1,"",0,Rupiah,"2007-11-29","2008-12-26 22:19:57","2008-12-26 22:19:57",
2173,2086,"24000531",1,"24000531-001",INV/24000531-001,"2007-11-29","0","",SL,"2007-11-29","0","",1,"",0,Rupiah,"2007-11-29","2008-12-26 22:19:57","2008-12-26 22:19:57",
2174,2087,"24000532",1,"24000532-001",INV/24000532-001,"2007-11-29","0","",SL,"2007-11-29","0","",1,"",0,Rupiah,"2007-11-29","2008-12-26 22:19:57","2008-12-26 22:19:57",
2175,2088,"24000533",1,"24000533-001",INV/24000533-001,"2007-11-29","0","",SL,"2007-11-29","0","",1,"",0,Rupiah,"2007-11-29","2008-12-26 22:19:57","2008-12-26 22:19:57",
2176,2089,"24000534",1,"24000534-001",INV/24000534-001,"2007-11-29","0","",SL,"2007-11-29","0","",1,"",0,Rupiah,"2007-11-29","2008-12-26 22:19:57","2008-12-26 22:19:57",
2177,2090,"24000535",1,"24000535-001",INV/24000535-001,"2007-11-29","0","",SL,"2007-11-29","0","",1,"",0,Rupiah,"2007-11-29","2008-12-26 22:19:57","2008-12-26 22:19:57",
2178,2091,"24000536",1,"24000536-001",INV/24000536-001,"2007-11-29","0","",SL,"2007-11-29","0","",1,"",0,Rupiah,"2007-11-29","2008-12-26 22:19:57","2008-12-26 22:19:57",
2179,2092,"24000537",1,"24000537-001",INV/24000537-001,"2007-11-29","0","",SL,"2007-11-29","0","",1,"",0,Rupiah,"2007-11-29","2008-12-26 22:19:57","2008-12-26 22:19:57",
2180,2093,"24000538",1,"24000538-001",INV/24000538-001,"2007-11-29","0","",SL,"2007-11-29","0","",1,"",0,Rupiah,"2007-11-29","2008-12-26 22:19:57","2008-12-26 22:19:57",
2181,2094,"24000539",1,"24000539-001",INV/24000539-001,"2007-11-29","0","",SL,"2007-11-29","0","",1,"",0,Rupiah,"2007-11-29","2008-12-26 22:19:57","2008-12-26 22:19:57",
2182,2095,"24000540",1,"24000540-001",INV/24000540-001,"2007-11-29","0","",SL,"2007-11-29","0","",1,"",0,Rupiah,"2007-11-29","2008-12-26 22:19:57","2008-12-26 22:19:57",
2183,2096,"24000541",1,"24000541-001",INV/24000541-001,"2007-11-29","0","",SL,"2007-11-29","0","",1,"",0,Rupiah,"2007-11-29","2008-12-26 22:19:57","2008-12-26 22:19:57",
2184,2097,"24000542",1,"24000542-001",INV/24000542-001,"2007-11-29","0","",SL,"2007-11-29","0","",1,"",0,Rupiah,"2007-11-29","2008-12-26 22:19:57","2008-12-26 22:19:57",
2185,2098,"24000543",1,"24000543-001",INV/24000543-001,"2007-11-29","0","",SL,"2007-11-29","0","",1,"",0,Rupiah,"2007-11-29","2008-12-26 22:19:57","2008-12-26 22:19:57",
2186,2099,"24000544",1,"24000544-001",INV/24000544-001,"2007-11-29","0","",SL,"2007-11-29","0","",1,"",0,Rupiah,"2007-11-29","2008-12-26 22:19:57","2008-12-26 22:19:57",
2187,2100,"24000545",1,"24000545-001",INV/24000545-001,"2007-11-29","0","",SL,"2007-11-29","0","",1,"",0,Rupiah,"2007-11-29","2008-12-26 22:19:57","2008-12-26 22:19:57",
2188,2101,"24000546",1,"24000546-001",INV/24000546-001,"2007-11-29","0","",SL,"2007-11-29","0","",1,"",0,Rupiah,"2007-11-29","2008-12-26 22:19:57","2008-12-26 22:19:57",
2189,2102,"24000547",1,"24000547-001",INV/24000547-001,"2007-11-29","0","",SL,"2007-11-29","0","",1,"",0,Rupiah,"2007-11-29","2008-12-26 22:19:57","2008-12-26 22:19:57",
2190,2103,"24000548",1,"24000548-001",INV/24000548-001,"2007-11-29","0","",SL,"2007-11-29","0","",1,"",0,Rupiah,"2007-11-29","2008-12-26 22:19:57","2008-12-26 22:19:57",
2191,2104,"28000065",1,"28000065-001",INV/28000065-001,"2007-11-29","0","",SL,"2007-11-29","0","",1,"",0,Rupiah,"2007-11-29","2008-12-26 22:19:57","2008-12-26 22:19:57",
2192,2105,"24000549",1,"24000549-001",INV/24000549-001,"2007-11-29","0","",SL,"2007-11-29","0","",1,"",0,Rupiah,"2007-11-29","2008-12-26 22:19:57","2008-12-26 22:19:57",
2193,2106,"24000550",1,"24000550-001",INV/24000550-001,"2007-11-29","0","",SL,"2007-11-29","0","",1,"",0,Rupiah,"2007-11-29","2008-12-26 22:19:57","2008-12-26 22:19:57",
2194,2107,"24000551",1,"24000551-001",INV/24000551-001,"2007-11-29","0","",SL,"2007-11-29","0","",1,"",0,Rupiah,"2007-11-29","2008-12-26 22:19:57","2008-12-26 22:19:57",
2195,2108,"24000552",1,"24000552-001",INV/24000552-001,"2007-11-29","0","",SL,"2007-11-29","0","",1,"",0,Rupiah,"2007-11-29","2008-12-26 22:19:57","2008-12-26 22:19:57",
2196,2109,"24000553",1,"24000553-001",INV/24000553-001,"2007-11-29","0","",SL,"2007-11-29","0","",1,"",0,Rupiah,"2007-11-29","2008-12-26 22:19:57","2008-12-26 22:19:57",
2197,2110,"24000554",1,"24000554-001",INV/24000554-001,"2007-11-29","0","",SL,"2007-11-29","0","",1,"",0,Rupiah,"2007-11-29","2008-12-26 22:19:57","2008-12-26 22:19:57",
2198,2111,"24000555",1,"24000555-001",INV/24000555-001,"2007-11-29","0","",SL,"2007-11-29","0","",1,"",0,Rupiah,"2007-11-29","2008-12-26 22:19:57","2008-12-26 22:19:57",
2199,2112,"24000556",1,"24000556-001",INV/24000556-001,"2007-11-29","0","",SL,"2007-11-29","0","",1,"",0,Rupiah,"2007-11-29","2008-12-26 22:19:57","2008-12-26 22:19:57",
2200,2113,"24000557",1,"24000557-001",INV/24000557-001,"2007-11-29","0","",SL,"2007-11-29","0","",1,"",0,Rupiah,"2007-11-29","2008-12-26 22:19:57","2008-12-26 22:19:57",
2201,2114,"24000558",1,"24000558-001",INV/24000558-001,"2007-11-29","0","",SL,"2007-11-29","0","",1,"",0,Rupiah,"2007-11-29","2008-12-26 22:19:57","2008-12-26 22:19:57",
2202,2115,"24000559",1,"24000559-001",INV/24000559-001,"2007-11-29","0","",SL,"2007-11-29","0","",1,"",0,Rupiah,"2007-11-29","2008-12-26 22:19:57","2008-12-26 22:19:57",
2203,2116,"24000560",1,"24000560-001",INV/24000560-001,"2007-11-29","0","",SL,"2007-11-29","0","",1,"",0,Rupiah,"2007-11-29","2008-12-26 22:19:57","2008-12-26 22:19:57",
2204,2117,"24000561",1,"24000561-001",INV/24000561-001,"2007-11-29","0","",SL,"2007-11-29","0","",1,"",0,Rupiah,"2007-11-29","2008-12-26 22:19:57","2008-12-26 22:19:57",
2205,2117,"24000561",1,"24000561-002",INV/24000561-002,"2007-11-29","0","",SL,"2007-11-29","0","",1,"",0,Rupiah,"2007-11-29","2008-12-26 22:19:57","2008-12-26 22:19:57",
2206,2118,"24000562",1,"24000562-001",INV/24000562-001,"2007-11-29","0","",SL,"2007-11-29","0","",1,"",0,Rupiah,"2007-11-29","2008-12-26 22:19:57","2008-12-26 22:19:57",
2207,2119,"24000563",1,"24000563-001",INV/24000563-001,"2007-11-29","0","",SL,"2007-11-29","0","",1,"",0,Rupiah,"2007-11-29","2008-12-26 22:19:57","2008-12-26 22:19:57",
2208,2120,"24000564",1,"24000564-001",INV/24000564-001,"2007-11-29","0","",SL,"2007-11-29","0","",1,"",0,Rupiah,"2007-11-29","2008-12-26 22:19:57","2008-12-26 22:19:57",
2209,2121,"24000565",1,"24000565-001",INV/24000565-001,"2007-11-29","0","",SL,"2007-11-29","0","",1,"",0,Rupiah,"2007-11-29","2008-12-26 22:19:57","2008-12-26 22:19:57",
2210,2122,"24000566",1,"24000566-001",INV/24000566-001,"2007-11-29","0","",SL,"2007-11-29","0","",1,"",0,Rupiah,"2007-11-29","2008-12-26 22:19:57","2008-12-26 22:19:57",
2211,2123,"24000567",1,"24000567-001",INV/24000567-001,"2007-11-29","0","",SL,"2007-11-29","0","",1,"",0,Rupiah,"2007-11-29","2008-12-26 22:19:57","2008-12-26 22:19:57",
2212,2124,"24000568",1,"24000568-001",INV/24000568-001,"2007-11-29","0","",SL,"2007-11-29","0","",1,"",0,Rupiah,"2007-11-29","2008-12-26 22:19:57","2008-12-26 22:19:57",
2213,2125,"24000569",1,"24000569-001",INV/24000569-001,"2007-11-29","0","",SL,"2007-11-29","0","",1,"",0,Rupiah,"2007-11-29","2008-12-26 22:19:57","2008-12-26 22:19:57",
2214,2126,"24000570",1,"24000570-001",INV/24000570-001,"2007-11-29","0","",SL,"2007-11-29","0","",1,"",0,Rupiah,"2007-11-29","2008-12-26 22:19:57","2008-12-26 22:19:57",
2215,2127,"24000571",1,"24000571-001",INV/24000571-001,"2007-11-29","0","",SL,"2007-11-29","0","",1,"",0,Rupiah,"2007-11-29","2008-12-26 22:19:57","2008-12-26 22:19:57",
2216,2128,"24000572",1,"24000572-001",INV/24000572-001,"2007-11-29","0","",SL,"2007-11-29","0","",1,"",0,Rupiah,"2007-11-29","2008-12-26 22:19:57","2008-12-26 22:19:57",
2217,2129,"24000574",1,"24000574-001",INV/24000574-001,"2007-11-29","0","",SL,"2007-11-29","0","",1,"",0,Rupiah,"2007-11-29","2008-12-26 22:19:57","2008-12-26 22:19:57",
2218,2130,"24000575",1,"24000575-001",INV/24000575-001,"2007-11-29","0","",SL,"2007-11-29","0","",1,"",0,Rupiah,"2007-11-29","2008-12-26 22:19:57","2008-12-26 22:19:57",
2219,2131,"24000576",1,"24000576-001",INV/24000576-001,"2007-11-29","0","",SL,"2007-11-29","0","",1,"",0,Rupiah,"2007-11-29","2008-12-26 22:19:57","2008-12-26 22:19:57",
2220,2132,"24000577",1,"24000577-001",INV/24000577-001,"2007-11-29","0","",SL,"2007-11-29","0","",1,"",0,Rupiah,"2007-11-29","2008-12-26 22:19:57","2008-12-26 22:19:57",
2221,2133,"28000005",1,"28000005-001",INV/28000005-001,"2007-11-29","0","",SL,"2007-11-29","0","",1,"",0,Rupiah,"2007-11-29","2008-12-26 22:19:57","2008-12-26 22:19:57",
2222,2134,"12000074",1,"12000074-001",INV/12000074-001,"2007-11-29","0","",SL,"2007-11-29","0","",1,"",0,Rupiah,"2007-11-29","2008-12-26 22:19:57","2008-12-26 22:19:57",
2223,2135,"24000578",1,"24000578-001",INV/24000578-001,"2007-11-29","0","",SL,"2007-11-29","0","",1,"",0,Rupiah,"2007-11-29","2008-12-26 22:19:57","2008-12-26 22:19:57",
2224,2136,"24000579",1,"24000579-001",INV/24000579-001,"2007-11-29","0","",SL,"2007-11-29","0","",1,"",0,Rupiah,"2007-11-29","2008-12-26 22:19:57","2008-12-26 22:19:57",
2225,2137,"24000580",1,"24000580-001",INV/24000580-001,"2007-11-29","0","",SL,"2007-11-29","0","",1,"",0,Rupiah,"2007-11-29","2008-12-26 22:19:57","2008-12-26 22:19:57",
2226,2138,"24000581",1,"24000581-001",INV/24000581-001,"2007-11-29","0","",SL,"2007-11-29","0","",1,"",0,Rupiah,"2007-11-29","2008-12-26 22:19:57","2008-12-26 22:19:57",
2227,2139,"24000582",1,"24000582-001",INV/24000582-001,"2007-11-29","0","",SL,"2007-11-29","0","",1,"",0,Rupiah,"2007-11-29","2008-12-26 22:19:57","2008-12-26 22:19:57",
2228,2140,"24000583",1,"24000583-001",INV/24000583-001,"2007-11-29","0","",SL,"2007-11-29","0","",1,"",0,Rupiah,"2007-11-29","2008-12-26 22:19:57","2008-12-26 22:19:57",
2229,2141,"24000584",1,"24000584-001",INV/24000584-001,"2007-11-29","0","",SL,"2007-11-29","0","",1,"",0,Rupiah,"2007-11-29","2008-12-26 22:19:57","2008-12-26 22:19:57",
2230,2142,"24000585",1,"24000585-001",INV/24000585-001,"2007-11-29","0","",SL,"2007-11-29","0","",1,"",0,Rupiah,"2007-11-29","2008-12-26 22:19:57","2008-12-26 22:19:57",
2231,2143,"24000586",1,"24000586-001",INV/24000586-001,"2007-11-29","0","",SL,"2007-11-29","0","",1,"",0,Rupiah,"2007-11-29","2008-12-26 22:19:57","2008-12-26 22:19:57",
2232,2144,"26000099",1,"26000099-001",INV/26000099-001,"2007-11-29","0","",SL,"2007-11-29","0","",1,"",0,Rupiah,"2007-11-29","2008-12-26 22:19:57","2008-12-26 22:19:57",
2233,2145,"26000100",1,"26000100-001",INV/26000100-001,"2007-11-29","0","",SL,"2007-11-29","0","",1,"",0,Rupiah,"2007-11-29","2008-12-26 22:19:57","2008-12-26 22:19:57",
2234,2146,"26000101",1,"26000101-001",INV/26000101-001,"2007-11-29","0","",SL,"2007-11-29","0","",1,"",0,Rupiah,"2007-11-29","2008-12-26 22:19:57","2008-12-26 22:19:57",
2235,2147,"26000102",1,"26000102-001",INV/26000102-001,"2007-11-29","0","",SL,"2007-11-29","0","",1,"",0,Rupiah,"2007-11-29","2008-12-26 22:19:57","2008-12-26 22:19:57",
2236,2148,"26000104",1,"26000104-001",INV/26000104-001,"2007-11-29","0","",SL,"2007-11-29","0","",1,"",0,Rupiah,"2007-11-29","2008-12-26 22:19:57","2008-12-26 22:19:57",
2237,2149,"26000105",1,"26000105-001",INV/26000105-001,"2007-11-29","0","",SL,"2007-11-29","0","",1,"",0,Rupiah,"2007-11-29","2008-12-26 22:19:57","2008-12-26 22:19:57",
2238,2150,"26000106",1,"26000106-001",INV/26000106-001,"2007-11-29","0","",SL,"2007-11-29","0","",1,"",0,Rupiah,"2007-11-29","2008-12-26 22:19:57","2008-12-26 22:19:57",
2239,2151,"26000107",1,"26000107-001",INV/26000107-001,"2007-11-29","0","",SL,"2007-11-29","0","",1,"",0,Rupiah,"2007-11-29","2008-12-26 22:19:57","2008-12-26 22:19:57",
2240,2152,"26000108",1,"26000108-001",INV/26000108-001,"2007-11-29","0","",SL,"2007-11-29","0","",1,"",0,Rupiah,"2007-11-29","2008-12-26 22:19:57","2008-12-26 22:19:57",
2241,2153,"26000109",1,"26000109-001",INV/26000109-001,"2007-11-29","0","",SL,"2007-11-29","0","",1,"",0,Rupiah,"2007-11-29","2008-12-26 22:19:57","2008-12-26 22:19:57",
2242,2154,"26000110",1,"26000110-001",INV/26000110-001,"2007-11-29","0","",SL,"2007-11-29","0","",1,"",0,Rupiah,"2007-11-29","2008-12-26 22:19:57","2008-12-26 22:19:57",
2243,2155,"26000111",1,"26000111-001",INV/26000111-001,"2007-11-29","0","",SL,"2007-11-29","0","",1,"",0,Rupiah,"2007-11-29","2008-12-26 22:19:57","2008-12-26 22:19:57",
2244,2156,"26000112",1,"26000112-001",INV/26000112-001,"2007-11-29","0","",SL,"2007-11-29","0","",1,"",0,Rupiah,"2007-11-29","2008-12-26 22:19:57","2008-12-26 22:19:57",
2245,2157,"26000113",1,"26000113-001",INV/26000113-001,"2007-11-29","0","",SL,"2007-11-29","0","",1,"",0,Rupiah,"2007-11-29","2008-12-26 22:19:57","2008-12-26 22:19:57",
2246,2158,"26000114",1,"26000114-001",INV/26000114-001,"2007-11-29","0","",SL,"2007-11-29","0","",1,"",0,Rupiah,"2007-11-29","2008-12-26 22:19:57","2008-12-26 22:19:57",
2247,2159,"26000115",1,"26000115-001",INV/26000115-001,"2007-11-29","0","",SL,"2007-11-29","0","",1,"",0,Rupiah,"2007-11-29","2008-12-26 22:19:57","2008-12-26 22:19:57",
2248,2160,"27000089",1,"27000089-001",INV/27000089-001,"2007-11-29","0","",SL,"2007-11-29","0","",1,"",0,Rupiah,"2007-11-29","2008-12-26 22:19:57","2008-12-26 22:19:57",
2249,2161,"27000090",1,"27000090-001",INV/27000090-001,"2007-11-29","0","",SL,"2007-11-29","0","",1,"",0,Rupiah,"2007-11-29","2008-12-26 22:19:57","2008-12-26 22:19:57",
2250,2162,"27000091",1,"27000091-001",INV/27000091-001,"2007-11-29","0","",SL,"2007-11-29","0","",1,"",0,Rupiah,"2007-11-29","2008-12-26 22:19:57","2008-12-26 22:19:57",
2251,2163,"27000092",1,"27000092-001",INV/27000092-001,"2007-11-29","0","",SL,"2007-11-29","0","",1,"",0,Rupiah,"2007-11-29","2008-12-26 22:19:57","2008-12-26 22:19:57",
2252,2164,"28000016",1,"28000016-001",INV/28000016-001,"2007-11-29","0","",SL,"2007-11-29","0","",1,"",0,Rupiah,"2007-11-29","2008-12-26 22:19:57","2008-12-26 22:19:57",
2253,2165,"22000110",1,"22000110-001",INV/22000110-001,"2007-11-29","0","",SL,"2007-11-29","0","",1,"",0,Rupiah,"2007-11-29","2008-12-26 22:19:57","2008-12-26 22:19:57",
2254,2166,"26000116",1,"26000116-001",INV/26000116-001,"2007-11-29","0","",SL,"2007-11-29","0","",1,"",0,Rupiah,"2007-11-29","2008-12-26 22:19:57","2008-12-26 22:19:57",
2255,2167,"15000029",1,"15000029-001",INV/15000029-001,"2007-11-29","0","",SL,"2007-11-29","0","",1,"",0,Rupiah,"2007-11-29","2008-12-26 22:19:57","2008-12-26 22:19:57",
2256,2168,"15000040",1,"15000040-001",INV/15000040-001,"2007-11-29","0","",SL,"2007-11-29","0","",1,"",0,Rupiah,"2007-11-29","2008-12-26 22:19:57","2008-12-26 22:19:57",
2257,2169,"15000052",1,"15000052-001",INV/15000052-001,"2007-11-29","0","",SL,"2007-11-29","0","",1,"",0,Rupiah,"2007-11-29","2008-12-26 22:19:57","2008-12-26 22:19:57",
2258,2170,"28000017",1,"28000017-001",INV/28000017-001,"2007-11-29","0","",SL,"2007-11-29","0","",1,"",0,Rupiah,"2007-11-29","2008-12-26 22:19:57","2008-12-26 22:19:57",
2259,661,"22000004",1,"22000004-002",INV/22000004-002,"2007-11-29","0","",SL,"2007-11-29","0","",1,"",0,Rupiah,"2007-11-29","2008-12-26 22:19:57","2008-12-26 22:19:57",
2260,695,"22000042",1,"22000042-002",INV/22000042-002,"2007-11-29","0","",SL,"2007-11-29","0","",1,"",0,Rupiah,"2007-11-29","2008-12-26 22:19:57","2008-12-26 22:19:57",
2261,698,"22000045",1,"22000045-002",INV/22000045-002,"2007-11-29","0","",SL,"2007-11-29","0","",1,"",0,Rupiah,"2007-11-29","2008-12-26 22:19:57","2008-12-26 22:19:57",
2262,1469,"22000082",1,"22000082-002",INV/22000082-002,"2007-11-29","0","",SL,"2007-11-29","0","",1,"",0,Rupiah,"2007-11-29","2008-12-26 22:19:57","2008-12-26 22:19:57",
2263,2171,"25000025",1,"25000025-001",INV/25000025-001,"2007-11-29","0","",SL,"2007-11-29","0","",1,"",0,Rupiah,"2007-11-29","2008-12-26 22:19:57","2008-12-26 22:19:57",
2264,2172,"12000054",1,"12000054-001",INV/12000054-001,"2007-11-29","0","",SL,"2007-11-29","0","",1,"",0,Rupiah,"2007-11-29","2008-12-26 22:19:57","2008-12-26 22:19:57",
2265,2173,"12000078",1,"12000078-001",INV/12000078-001,"2007-11-29","0","",SL,"2007-11-29","0","",1,"",0,Rupiah,"2007-11-29","2008-12-26 22:19:57","2008-12-26 22:19:57",
2266,2174,"12000079",1,"12000079-001",INV/12000079-001,"2007-11-29","0","",SL,"2007-11-29","0","",1,"",0,Rupiah,"2007-11-29","2008-12-26 22:19:57","2008-12-26 22:19:57",
2267,2175,"18000333",1,"18000333-001",INV/18000333-001,"2007-11-29","0","",SL,"2007-11-29","0","",1,"",0,Rupiah,"2007-11-29","2008-12-26 22:19:57","2008-12-26 22:19:57",
2268,2176,"23000002",1,"23000002-001",INV/23000002-001,"2007-11-29","0","",SL,"2007-11-29","0","",1,"",0,Rupiah,"2007-11-29","2008-12-26 22:19:57","2008-12-26 22:19:57",
2269,103,"24000367",1,"24000367-001",INV/24000367-001,"2007-11-29","0","",SL,"2007-11-29","0","",1,"",0,Rupiah,"2007-11-29","2008-12-26 22:19:57","2008-12-26 22:19:57",
2270,2177,"24000013",1,"24000013-001",INV/24000013-001,"2007-11-29","0","",SL,"2007-11-29","0","",1,"",0,Rupiah,"2007-11-29","2008-12-26 22:19:57","2008-12-26 22:19:57",
2271,2178,"24000044",1,"24000044-001",INV/24000044-001,"2007-11-29","0","",SL,"2007-11-29","0","",1,"",0,Rupiah,"2007-11-29","2008-12-26 22:19:57","2008-12-26 22:19:57",
2272,2179,"24000020",1,"24000020-001",INV/24000020-001,"2007-11-29","0","",SL,"2007-11-29","0","",1,"",0,Rupiah,"2007-11-29","2008-12-26 22:19:57","2008-12-26 22:19:57",
2273,2180,"24000028",1,"24000028-001",INV/24000028-001,"2007-11-29","0","",SL,"2007-11-29","0","",1,"",0,Rupiah,"2007-11-29","2008-12-26 22:19:57","2008-12-26 22:19:57",
2274,2181,"24000021",1,"24000021-001",INV/24000021-001,"2007-11-29","0","",SL,"2007-11-29","0","",1,"",0,Rupiah,"2007-11-29","2008-12-26 22:19:57","2008-12-26 22:19:57",
2275,2182,"24000022",1,"24000022-001",INV/24000022-001,"2007-11-29","0","",SL,"2007-11-29","0","",1,"",0,Rupiah,"2007-11-29","2008-12-26 22:19:57","2008-12-26 22:19:57",
2276,2183,"24000036",1,"24000036-001",INV/24000036-001,"2007-11-29","0","",SL,"2007-11-29","0","",1,"",0,Rupiah,"2007-11-29","2008-12-26 22:19:57","2008-12-26 22:19:57",
2277,2184,"17000060",1,"17000060-001",INV/17000060-001,"2007-11-29","0","",SL,"2007-11-29","0","",1,"",0,Rupiah,"2007-11-29","2008-12-26 22:19:57","2008-12-26 22:19:57",
2278,2185,"12000229",1,"12000229-001",INV/12000229-001,"2007-11-29","0","",SL,"2007-11-29","0","",1,"",0,Rupiah,"2007-11-29","2008-12-26 22:19:57","2008-12-26 22:19:57",
2279,2186,"12000230",1,"12000230-001",INV/12000230-001,"2007-11-29","0","",SL,"2007-11-29","0","",1,"",0,Rupiah,"2007-11-29","2008-12-26 22:19:57","2008-12-26 22:19:57",
2280,2187,"12000231",1,"12000231-001",INV/12000231-001,"2007-11-29","0","",SL,"2007-11-29","0","",1,"",0,Rupiah,"2007-11-29","2008-12-26 22:19:57","2008-12-26 22:19:57",
2281,2188,"12000232",1,"12000232-001",INV/12000232-001,"2007-11-29","0","",SL,"2007-11-29","0","",1,"",0,Rupiah,"2007-11-29","2008-12-26 22:19:57","2008-12-26 22:19:57",
2282,2189,"12000233",1,"12000233-001",INV/12000233-001,"2007-11-29","0","",SL,"2007-11-29","0","",1,"",0,Rupiah,"2007-11-29","2008-12-26 22:19:57","2008-12-26 22:19:57",
2283,2190,"12000234",1,"12000234-001",INV/12000234-001,"2007-11-29","0","",SL,"2007-11-29","0","",1,"",0,Rupiah,"2007-11-29","2008-12-26 22:19:57","2008-12-26 22:19:57",
2284,2191,"12000235",1,"12000235-001",INV/12000235-001,"2007-11-29","0","",SL,"2007-11-29","0","",1,"",0,Rupiah,"2007-11-29","2008-12-26 22:19:57","2008-12-26 22:19:57",
2285,2192,"12000237",1,"12000237-001",INV/12000237-001,"2007-11-29","0","",SL,"2007-11-29","0","",1,"",0,Rupiah,"2007-11-29","2008-12-26 22:19:57","2008-12-26 22:19:57",
2286,2193,"12000238",1,"12000238-001",INV/12000238-001,"2007-11-29","0","",SL,"2007-11-29","0","",1,"",0,Rupiah,"2007-11-29","2008-12-26 22:19:57","2008-12-26 22:19:57",
2287,2194,"12000240",1,"12000240-001",INV/12000240-001,"2007-11-29","0","",SL,"2007-11-29","0","",1,"",0,Rupiah,"2007-11-29","2008-12-26 22:19:57","2008-12-26 22:19:57",
2288,2195,"12000245",1,"12000245-001",INV/12000245-001,"2007-11-29","0","",SL,"2007-11-29","0","",1,"",0,Rupiah,"2007-11-29","2008-12-26 22:19:57","2008-12-26 22:19:57",
2289,2196,"12000251",1,"12000251-001",INV/12000251-001,"2007-11-29","0","",SL,"2007-11-29","0","",1,"",0,Rupiah,"2007-11-29","2008-12-26 22:19:57","2008-12-26 22:19:57",
2290,419,"15000044",1,"15000044-002",INV/15000044-002,"2007-11-29","0","",SL,"2007-11-29","0","",1,"",0,Rupiah,"2007-11-29","2008-12-26 22:19:57","2008-12-26 22:19:57",
2291,1500,"24000345",1,"24000345-002",INV/24000345-002,"2007-11-29","0","",SL,"2007-11-29","0","",1,"",0,Rupiah,"2007-11-29","2008-12-26 22:19:57","2008-12-26 22:19:57",
2292,1517,"24000369",1,"24000369-002",INV/24000369-002,"2007-11-29","0","",SL,"2007-11-29","0","",1,"",0,Rupiah,"2007-11-29","2008-12-26 22:19:57","2008-12-26 22:19:57",
2293,2197,"26000117",1,"26000117-001",INV/26000117-001,"2007-11-29","0","",SL,"2007-11-29","0","",1,"",0,Rupiah,"2007-11-29","2008-12-26 22:19:57","2008-12-26 22:19:57",
2294,2198,"26000119",1,"26000119-001",INV/26000119-001,"2007-11-29","0","",SL,"2007-11-29","0","",1,"",0,Rupiah,"2007-11-29","2008-12-26 22:19:57","2008-12-26 22:19:57",
2295,2199,"12000253",1,"12000253-001",INV/12000253-001,"2007-11-29","0","",SL,"2007-11-29","0","",1,"",0,Rupiah,"2007-11-29","2008-12-26 22:19:57","2008-12-26 22:19:57",
2296,2199,"12000253",1,"12000253-002",INV/12000253-002,"2007-11-29","0","",SL,"2007-11-29","0","",1,"",0,Rupiah,"2007-11-29","2008-12-26 22:19:57","2008-12-26 22:19:57",
2297,2200,"15000171",1,"15000171-001",INV/15000171-001,"2007-11-29","0","",SL,"2007-11-29","0","",1,"",0,Rupiah,"2007-11-29","2008-12-26 22:19:57","2008-12-26 22:19:57",
2298,2201,"27000094",1,"27000094-001",INV/27000094-001,"2007-11-29","0","",SL,"2007-11-29","0","",1,"",0,Rupiah,"2007-11-29","2008-12-26 22:19:57","2008-12-26 22:19:57",
2299,2202,"12000254",1,"12000254-001",INV/12000254-001,"2007-11-29","0","",SL,"2007-11-29","0","",1,"",0,Rupiah,"2007-11-29","2008-12-26 22:19:57","2008-12-26 22:19:57",
2300,2203,"12000255",1,"12000255-001",INV/12000255-001,"2007-11-29","0","",SL,"2007-11-29","0","",1,"",0,Rupiah,"2007-11-29","2008-12-26 22:19:57","2008-12-26 22:19:57",
2301,2204,"12000256",1,"12000256-001",INV/12000256-001,"2007-11-29","0","",SL,"2007-11-29","0","",1,"",0,Rupiah,"2007-11-29","2008-12-26 22:19:57","2008-12-26 22:19:57",
2302,1480,"23000029",1,"23000029-002",INV/23000029-002,"2007-11-29","0","",SL,"2007-11-29","0","",1,"",0,Rupiah,"2007-11-29","2008-12-26 22:19:57","2008-12-26 22:19:57",
2303,2205,"16000046",1,"16000046-001",INV/16000046-001,"2007-11-29","0","",SL,"2007-11-29","0","",1,"",0,Rupiah,"2007-11-29","2008-12-26 22:19:57","2008-12-26 22:19:57",
2305,841,"23000012",1,"23000012-002",INV/23000012-002,"2007-11-29","0","",SL,"2007-11-29","0","",1,"",0,Rupiah,"2007-11-29","2008-12-26 22:19:57","2008-12-26 22:19:57",
2306,2207,"27000096",1,"27000096-001",INV/27000096-001,"2007-11-29","0","",SL,"2007-11-29","0","",1,"",0,Rupiah,"2007-11-29","2008-12-26 22:19:57","2008-12-26 22:19:57",
2307,2208,"10000123",1,"10000123-001",INV/10000123-001,"2007-11-29","0","",SL,"2007-11-29","0","",1,"",0,Rupiah,"2007-11-29","2008-12-26 22:19:57","2008-12-26 22:19:57",
2308,2209,"23000072",1,"23000072-001",INV/23000072-001,"2007-11-29","0","",SL,"2007-11-29","0","",1,"",0,Rupiah,"2007-11-29","2008-12-26 22:19:57","2008-12-26 22:19:57",
2309,2210,"23000073",1,"23000073-001",INV/23000073-001,"2007-11-29","0","",SL,"2007-11-29","0","",1,"",0,Rupiah,"2007-11-29","2008-12-26 22:19:57","2008-12-26 22:19:57",
2310,2211,"28000018",1,"28000018-001",INV/28000018-001,"2007-11-29","0","",SL,"2007-11-29","0","",1,"",0,Rupiah,"2007-11-29","2008-12-26 22:19:57","2008-12-26 22:19:57",
2311,2212,"28000019",1,"28000019-001",INV/28000019-001,"2007-11-29","0","",SL,"2007-11-29","0","",1,"",0,Rupiah,"2007-11-29","2008-12-26 22:19:57","2008-12-26 22:19:57",
2312,2213,"28000020",1,"28000020-001",INV/28000020-001,"2007-11-29","0","",SL,"2007-11-29","0","",1,"",0,Rupiah,"2007-11-29","2008-12-26 22:19:57","2008-12-26 22:19:57",
2313,2214,"25000036",1,"25000036-001",INV/25000036-001,"2007-11-29","0","",SL,"2007-11-29","0","",1,"",0,Rupiah,"2007-11-29","2008-12-26 22:19:57","2008-12-26 22:19:57",
2314,2215,"15000173",1,"15000173-001",INV/15000173-001,"2007-11-29","0","",SL,"2007-11-29","0","",1,"",0,Rupiah,"2007-11-29","2008-12-26 22:19:57","2008-12-26 22:19:57",
2315,2216,"11000145",1,"11000145-001",INV/11000145-001,"2007-11-29","0","",SL,"2007-11-29","0","",1,"",0,Rupiah,"2007-11-29","2008-12-26 22:19:57","2008-12-26 22:19:57",
2316,2217,"11000146",1,"11000146-001",INV/11000146-001,"2007-11-29","0","",SL,"2007-11-29","0","",1,"",0,Rupiah,"2007-11-29","2008-12-26 22:19:57","2008-12-26 22:19:57",
2317,2218,"11000147",1,"11000147-001",INV/11000147-001,"2007-11-29","0","",SL,"2007-11-29","0","",1,"",0,Rupiah,"2007-11-29","2008-12-26 22:19:57","2008-12-26 22:19:57",
2318,2219,"15000178",1,"15000178-002",INV/15000178-002,"2007-11-29","0","",SL,"2007-11-29","0","",1,"",0,Rupiah,"2007-11-29","2008-12-26 22:19:57","2008-12-26 22:19:57",
2319,2220,"15000194",1,"15000194-001",INV/15000194-001,"2007-11-29","0","",SL,"2007-11-29","0","",1,"",0,Rupiah,"2007-11-29","2008-12-26 22:19:57","2008-12-26 22:19:57",
2320,2221,"15000195",1,"15000195-001",INV/15000195-001,"2007-11-29","0","",SL,"2007-11-29","0","",1,"",0,Rupiah,"2007-11-29","2008-12-26 22:19:57","2008-12-26 22:19:57",
2321,2222,"15000196",1,"15000196-001",INV/15000196-001,"2007-11-29","0","",SL,"2007-11-29","0","",1,"",0,Rupiah,"2007-11-29","2008-12-26 22:19:57","2008-12-26 22:19:57",
2322,2223,"18000345",1,"18000345-001",INV/18000345-001,"2007-11-29","0","",SL,"2007-11-29","0","",1,"",0,Rupiah,"2007-11-29","2008-12-26 22:19:57","2008-12-26 22:19:57",
2323,2224,"24000594",1,"24000594-001",INV/24000594-001,"2007-11-29","0","",SL,"2007-11-29","0","",1,"",0,Rupiah,"2007-11-29","2008-12-26 22:19:57","2008-12-26 22:19:57",
2324,2225,"18000346",1,"18000346-001",INV/18000346-001,"2007-11-29","0","",SL,"2007-11-29","0","",1,"",0,Rupiah,"2007-11-29","2008-12-26 22:19:57","2008-12-26 22:19:57",
2325,2226,"18000347",1,"18000347-001",INV/18000347-001,"2007-11-29","0","",SL,"2007-11-29","0","",1,"",0,Rupiah,"2007-11-29","2008-12-26 22:19:57","2008-12-26 22:19:57",
2326,2227,"18000348",1,"18000348-001",INV/18000348-001,"2007-11-29","0","",SL,"2007-11-29","0","",1,"",0,Rupiah,"2007-11-29","2008-12-26 22:19:57","2008-12-26 22:19:57",
2327,2228,"24000595",1,"24000595-001",INV/24000595-001,"2007-11-29","0","",SL,"2007-11-29","0","",1,"",0,Rupiah,"2007-11-29","2008-12-26 22:19:57","2008-12-26 22:19:57",
2328,2229,"24000596",1,"24000596-001",INV/24000596-001,"2007-11-29","0","",SL,"2007-11-29","0","",1,"",0,Rupiah,"2007-11-29","2008-12-26 22:19:57","2008-12-26 22:19:57",
2329,2230,"24000597",1,"24000597-001",INV/24000597-001,"2007-11-29","0","",SL,"2007-11-29","0","",1,"",0,Rupiah,"2007-11-29","2008-12-26 22:19:57","2008-12-26 22:19:57",
2330,2231,"24000598",1,"24000598-001",INV/24000598-001,"2007-11-29","0","",SL,"2007-11-29","0","",1,"",0,Rupiah,"2007-11-29","2008-12-26 22:19:57","2008-12-26 22:19:57",
2331,2232,"24000599",1,"24000599-001",INV/24000599-001,"2007-11-29","0","",SL,"2007-11-29","0","",1,"",0,Rupiah,"2007-11-29","2008-12-26 22:19:57","2008-12-26 22:19:57",
2332,2233,"24000600",1,"24000600-001",INV/24000600-001,"2007-11-29","0","",SL,"2007-11-29","0","",1,"",0,Rupiah,"2007-11-29","2008-12-26 22:19:57","2008-12-26 22:19:57",
2333,2234,"24000601",1,"24000601-001",INV/24000601-001,"2007-11-29","0","",SL,"2007-11-29","0","",1,"",0,Rupiah,"2007-11-29","2008-12-26 22:19:57","2008-12-26 22:19:57",
2334,2235,"24000604",1,"24000604-002",INV/24000604-002,"2007-11-29","0","",SL,"2007-11-29","0","",1,"",0,Rupiah,"2007-11-29","2008-12-26 22:19:57","2008-12-26 22:19:57",
2335,659,"22000114",1,"22000114-001",INV/22000114-001,"2007-11-29","0","",SL,"2007-11-29","0","",1,"",0,Rupiah,"2007-11-29","2008-12-26 22:19:57","2008-12-26 22:19:57",
2336,1536,"15000109",1,"15000109-003",INV/15000109-003,"2007-11-29","0","",SL,"2007-11-29","0","",1,"",0,Rupiah,"2007-11-29","2008-12-26 22:19:57","2008-12-26 22:19:57",
2337,2236,"15000199",1,"15000199-001",INV/15000199-001,"2007-11-29","0","",SL,"2007-11-29","0","",1,"",0,Rupiah,"2007-11-29","2008-12-26 22:19:57","2008-12-26 22:19:57",
2338,2237,"15000200",1,"15000200-001",INV/15000200-001,"2007-11-29","0","",SL,"2007-11-29","0","",1,"",0,Rupiah,"2007-11-29","2008-12-26 22:19:57","2008-12-26 22:19:57",
2339,2238,"15000201",1,"15000201-001",INV/15000201-001,"2007-11-29","0","",SL,"2007-11-29","0","",1,"",0,Rupiah,"2007-11-29","2008-12-26 22:19:57","2008-12-26 22:19:57",
2340,2239,"15000202",1,"15000202-001",INV/15000202-001,"2007-11-29","0","",SL,"2007-11-29","0","",1,"",0,Rupiah,"2007-11-29","2008-12-26 22:19:57","2008-12-26 22:19:57",
2341,2240,"15000203",1,"15000203-001",INV/15000203-001,"2007-11-29","0","",SL,"2007-11-29","0","",1,"",0,Rupiah,"2007-11-29","2008-12-26 22:19:57","2008-12-26 22:19:57",
2342,2241,"15000205",1,"15000205-001",INV/15000205-001,"2007-11-29","0","",SL,"2007-11-29","0","",1,"",0,Rupiah,"2007-11-29","2008-12-26 22:19:57","2008-12-26 22:19:57",
2343,2242,"15000206",1,"15000206-001",INV/15000206-001,"2007-11-29","0","",SL,"2007-11-29","0","",1,"",0,Rupiah,"2007-11-29","2008-12-26 22:19:57","2008-12-26 22:19:57",
2344,338,"15000050",1,"15000050-003",INV/15000050-003,"2007-11-29","0","",SL,"2007-11-29","0","",1,"",0,Rupiah,"2007-11-29","2008-12-26 22:19:57","2008-12-26 22:19:57",
2345,335,"15000051",1,"15000051-003",INV/15000051-003,"2007-11-29","0","",SL,"2007-11-29","0","",1,"",0,Rupiah,"2007-11-29","2008-12-26 22:19:57","2008-12-26 22:19:57",
2346,2243,"23000079",1,"23000079-002",INV/23000079-002,"2007-11-29","0","",SL,"2007-11-29","0","",1,"",0,Rupiah,"2007-11-29","2008-12-26 22:19:57","2008-12-26 22:19:57",
2347,2244,"14000044",1,"14000044-002",INV/14000044-002,"2007-11-29","0","",SL,"2007-11-29","0","",1,"",0,Rupiah,"2007-11-29","2008-12-26 22:19:57","2008-12-26 22:19:57",
2348,424,"15000049",1,"15000049-003",INV/15000049-003,"2007-11-29","0","",SL,"2007-11-29","0","",1,"",0,Rupiah,"2007-11-29","2008-12-26 22:19:57","2008-12-26 22:19:57",
2349,2245,"15000190",1,"15000190-001",INV/15000190-001,"2007-11-29","0","",SL,"2007-11-29","0","",1,"",0,Rupiah,"2007-11-29","2008-12-26 22:19:57","2008-12-26 22:19:57",
2350,2246,"24000610",1,"24000610-001",INV/24000610-001,"2007-11-29","0","",SL,"2007-11-29","0","",1,"",0,Rupiah,"2007-11-29","2008-12-26 22:19:57","2008-12-26 22:19:57",
2351,2247,"24000611",1,"24000611-001",INV/24000611-001,"2007-11-29","0","",SL,"2007-11-29","0","",1,"",0,Rupiah,"2007-11-29","2008-12-26 22:19:57","2008-12-26 22:19:57",
2352,2248,"24000612",1,"24000612-001",INV/24000612-001,"2007-11-29","0","",SL,"2007-11-29","0","",1,"",0,Rupiah,"2007-11-29","2008-12-26 22:19:57","2008-12-26 22:19:57",
2353,2249,"24000613",1,"24000613-001",INV/24000613-001,"2007-11-29","0","",SL,"2007-11-29","0","",1,"",0,Rupiah,"2007-11-29","2008-12-26 22:19:57","2008-12-26 22:19:57",
2354,2250,"24000614",1,"24000614-001",INV/24000614-001,"2007-11-29","0","",SL,"2007-11-29","0","",1,"",0,Rupiah,"2007-11-29","2008-12-26 22:19:57","2008-12-26 22:19:57",
2355,2251,"24000615",1,"24000615-001",INV/24000615-001,"2007-11-29","0","",SL,"2007-11-29","0","",1,"",0,Rupiah,"2007-11-29","2008-12-26 22:19:57","2008-12-26 22:19:57",
2356,2252,"24000616",1,"24000616-001",INV/24000616-001,"2007-11-29","0","",SL,"2007-11-29","0","",1,"",0,Rupiah,"2007-11-29","2008-12-26 22:19:57","2008-12-26 22:19:57",
2357,2253,"24000617",1,"24000617-001",INV/24000617-001,"2007-11-29","0","",SL,"2007-11-29","0","",1,"",0,Rupiah,"2007-11-29","2008-12-26 22:19:57","2008-12-26 22:19:57",
2358,2254,"24000624",1,"24000624-001",INV/24000624-001,"2007-11-29","0","",SL,"2007-11-29","0","",1,"",0,Rupiah,"2007-11-29","2008-12-26 22:19:57","2008-12-26 22:19:57",
2359,2122,"24000566",1,"24000566-002",INV/24000566-002,"2007-11-29","0","",SL,"2007-11-29","0","",1,"",0,Rupiah,"2007-11-29","2008-12-26 22:19:57","2008-12-26 22:19:57",
2360,2122,"24000566",1,"24000566-003",INV/24000566-003,"2007-11-29","0","",SL,"2007-11-29","0","",1,"",0,Rupiah,"2007-11-29","2008-12-26 22:19:57","2008-12-26 22:19:57",
2361,2255,"36000015",1,"36000015-002",INV/36000015-002,"2007-11-29","0","",SL,"2007-11-29","0","",1,"",0,Rupiah,"2007-11-29","2008-12-26 22:19:57","2008-12-26 22:19:57",
2362,979,"24000154",1,"24000154-002",INV/24000154-002,"2007-11-29","0","",SL,"2007-11-29","0","",1,"",0,Rupiah,"2007-11-29","2008-12-26 22:19:57","2008-12-26 22:19:57",
2363,2256,"24000587",1,"24000587-002",INV/24000587-002,"2007-11-29","0","",SL,"2007-11-29","0","",1,"",0,Rupiah,"2007-11-29","2008-12-26 22:19:57","2008-12-26 22:19:57",
2364,1231,"24000331",1,"24000331-002",INV/24000331-002,"2007-11-29","0","",SL,"2007-11-29","0","",1,"",0,Rupiah,"2007-11-29","2008-12-26 22:19:57","2008-12-26 22:19:57",
2365,258,"11000059",1,"11000059-002",INV/11000059-002,"2007-11-29","0","",SL,"2007-11-29","0","",1,"",0,Rupiah,"2007-11-29","2008-12-26 22:19:57","2008-12-26 22:19:57",
2366,423,"15000048",1,"15000048-003",INV/15000048-003,"2007-11-29","0","",SL,"2007-11-29","0","",1,"",0,Rupiah,"2007-11-29","2008-12-26 22:19:57","2008-12-26 22:19:57",
2374,2261,"24000401",1,"24000401-002",INV/24000401-002,"2007-11-29","0","",SL,"2007-11-29","0","",1,"",0,Rupiah,"2007-11-29","2008-12-26 22:19:57","2008-12-26 22:19:57",
2375,1555,"24000473",1,"24000473-002",INV/24000473-002,"2007-11-29","0","",SL,"2007-11-29","0","",1,"",0,Rupiah,"2007-11-29","2008-12-26 22:19:57","2008-12-26 22:19:57",
2376,2105,"24000549",1,"24000549-002",INV/24000549-002,"2007-11-29","0","",SL,"2007-11-29","0","",1,"",0,Rupiah,"2007-11-29","2008-12-26 22:19:57","2008-12-26 22:19:57",
2377,134,"24000273",1,"24000273-002",INV/24000273-002,"2007-11-29","0","",SL,"2007-11-29","0","",1,"",0,Rupiah,"2007-11-29","2008-12-26 22:19:57","2008-12-26 22:19:57",
2378,2262,"18000320",1,"18000320-002",INV/18000320-002,"2007-11-29","0","",SL,"2007-11-29","0","",1,"",0,Rupiah,"2007-11-29","2008-12-26 22:19:57","2008-12-26 22:19:57",
2379,893,"24000072",1,"24000072-002",INV/24000072-002,"2007-11-29","0","",SL,"2007-11-29","0","",1,"",0,Rupiah,"2007-11-29","2008-12-26 22:19:57","2008-12-26 22:19:57",
2380,1295,"24000446",1,"24000446-002",INV/24000446-002,"2007-11-29","0","",SL,"2007-11-29","0","",1,"",0,Rupiah,"2007-11-29","2008-12-26 22:19:57","2008-12-26 22:19:57",
2382,2263,"28000023",1,"28000023-001",INV/28000023-001,"2007-11-29","0","",SL,"2007-11-29","0","",1,"",0,Rupiah,"2007-11-29","2008-12-26 22:19:57","2008-12-26 22:19:57",
2383,2263,"28000023",1,"28000023-002",INV/28000023-002,"2007-11-29","0","",SL,"2007-11-29","0","",1,"",0,Rupiah,"2007-11-29","2008-12-26 22:19:57","2008-12-26 22:19:57",
2384,2263,"28000023",1,"28000023-003",INV/28000023-003,"2007-11-29","0","",SL,"2007-11-29","0","",1,"",0,Rupiah,"2007-11-29","2008-12-26 22:19:57","2008-12-26 22:19:57",
2385,2263,"28000023",1,"28000023-004",INV/28000023-004,"2007-11-29","0","",SL,"2007-11-29","0","",1,"",0,Rupiah,"2007-11-29","2008-12-26 22:19:57","2008-12-26 22:19:57",
2386,2264,"18000001",1,"18000001-001",INV/18000001-001,"2007-11-29","0","",SL,"2007-11-29","0","",1,"",0,Rupiah,"2007-11-29","2008-12-26 22:19:57","2008-12-26 22:19:57",
2387,2265,"28000027",1,"28000027-001",INV/28000027-001,"2007-11-29","0","",SL,"2007-11-29","0","",1,"",0,Rupiah,"2007-11-29","2008-12-26 22:19:57","2008-12-26 22:19:57",
2388,2266,"28000028",1,"28000028-001",INV/28000028-001,"2007-11-29","0","",SL,"2007-11-29","0","",1,"",0,Rupiah,"2007-11-29","2008-12-26 22:19:57","2008-12-26 22:19:57",
2389,2267,"21000058",1,"21000058-001",INV/21000058-001,"2007-11-29","0","",SL,"2007-11-29","0","",1,"",0,Rupiah,"2007-11-29","2008-12-26 22:19:57","2008-12-26 22:19:57",
2391,2269,"24000626",1,"24000626-001",INV/24000626-001,"2007-11-29","0","",SL,"2007-11-29","0","",1,"",0,Rupiah,"2007-11-29","2008-12-26 22:19:57","2008-12-26 22:19:57",
2392,2270,"24000627",1,"24000627-001",INV/24000627-001,"2007-11-29","0","",SL,"2007-11-29","0","",1,"",0,Rupiah,"2007-11-29","2008-12-26 22:19:57","2008-12-26 22:19:57",
2393,2271,"24000628",1,"24000628-001",INV/24000628-001,"2007-11-29","0","",SL,"2007-11-29","0","",1,"",0,Rupiah,"2007-11-29","2008-12-26 22:19:57","2008-12-26 22:19:57",
2394,2272,"24000629",1,"24000629-001",INV/24000629-001,"2007-11-29","0","",SL,"2007-11-29","0","",1,"",0,Rupiah,"2007-11-29","2008-12-26 22:19:57","2008-12-26 22:19:57",
2395,2273,"23000087",1,"23000087-001",INV/23000087-001,"2007-11-29","0","",SL,"2007-11-29","0","",1,"",0,Rupiah,"2007-11-29","2008-12-26 22:19:57","2008-12-26 22:19:57",
2396,2274,"23000088",1,"23000088-001",INV/23000088-001,"2007-11-29","0","",SL,"2007-11-29","0","",1,"",0,Rupiah,"2007-11-29","2008-12-26 22:19:57","2008-12-26 22:19:57",
2397,2275,"15000209",1,"15000209-001",INV/15000209-001,"2007-11-29","0","",SL,"2007-11-29","0","",1,"",0,Rupiah,"2007-11-29","2008-12-26 22:19:57","2008-12-26 22:19:57",
2399,334,"13000011",1,"13000011-003",INV/13000011-003,"2007-11-29","0","",SL,"2007-11-29","0","",1,"",0,Rupiah,"2007-11-29","2008-12-26 22:19:57","2008-12-26 22:19:57",
2400,2076,"28000004",1,"28000004-002",INV/28000004-002,"2007-11-29","0","",SL,"2007-11-29","0","",1,"",0,Rupiah,"2007-11-29","2008-12-26 22:19:57","2008-12-26 22:19:57",
2401,2276,"28000003",1,"28000003-001",INV/28000003-001,"2007-11-29","0","",SL,"2007-11-29","0","",1,"",0,Rupiah,"2007-11-29","2008-12-26 22:19:57","2008-12-26 22:19:57",
2402,2277,"18000361",1,"18000361-001",INV/18000361-001,"2007-11-29","0","",SL,"2007-11-29","0","",1,"",0,Rupiah,"2007-11-29","2008-12-26 22:19:57","2008-12-26 22:19:57",
2403,2278,"15-001",1,"15-001",INV/15-001,"2007-11-29","0","",SL,"2007-11-29","0","",1,"",0,Rupiah,"2007-11-29","2008-12-26 22:19:57","2008-12-26 22:19:57",
2404,2279,"16000049",1,"16000049-002",INV/16000049-002,"2007-11-29","0","",SL,"2007-11-29","0","",1,"",0,Rupiah,"2007-11-29","2008-12-26 22:19:57","2008-12-26 22:19:57",
2405,2280,"15000215",1,"15000215-001",INV/15000215-001,"2007-11-29","0","",SL,"2007-11-29","0","",1,"",0,Rupiah,"2007-11-29","2008-12-26 22:19:57","2008-12-26 22:19:57",
2406,2281,"28000031",1,"28000031-001",INV/28000031-001,"2007-11-29","0","",SL,"2007-11-29","0","",1,"",0,Rupiah,"2007-11-29","2008-12-26 22:19:57","2008-12-26 22:19:57",
2407,2282,"28000032",1,"28000032-001",INV/28000032-001,"2007-11-29","0","",SL,"2007-11-29","0","",1,"",0,Rupiah,"2007-11-29","2008-12-26 22:19:57","2008-12-26 22:19:57",
2408,2283,"13000079",1,"13000079-001",INV/13000079-001,"2007-11-29",,"",SL,"2007-11-29","0","",1,"",0,Rupiah,"2007-11-29","2008-12-26 22:19:57","2026-07-30 11:04:41",
2409,2284,"11000154",1,"11000154-001",INV/11000154-001,"2007-11-29","0","",SL,"2007-11-29","0","",1,"",0,Rupiah,"2007-11-29","2008-12-26 22:19:57","2008-12-26 22:19:57",
2410,2285,"18000370",1,"18000370-001",INV/18000370-001,"2007-11-29","0","",SL,"2007-11-29","0","",1,"",0,Rupiah,"2007-11-29","2008-12-26 22:19:57","2008-12-26 22:19:57",
2411,2286,"12000261",1,"12000261-001",INV/12000261-001,"2007-11-29","0","",SL,"2007-11-29","0","",1,"",0,Rupiah,"2007-11-29","2008-12-26 22:19:57","2008-12-26 22:19:57",
2412,2287,"22000116",1,"22000116-001",INV/22000116-001,"2007-11-29","0","",SL,"2007-11-29","0","",1,"",0,Rupiah,"2007-11-29","2008-12-26 22:19:57","2008-12-26 22:19:57",
2413,2288,"21000006",1,"21000006-001",INV/21000006-001,"2007-11-29","0","",SL,"2007-11-29","0","",1,"",0,Rupiah,"2007-11-29","2008-12-26 22:19:57","2008-12-26 22:19:57",
2414,2289,"24000216",1,"24000216-001",INV/24000216-001,"2007-11-29","0","",SL,"2007-11-29","0","",1,"",0,Rupiah,"2007-11-29","2008-12-26 22:19:57","2008-12-26 22:19:57",
2415,2290,"24000645",1,"24000645-001",INV/24000645-001,"2007-11-29","0","",SL,"2007-11-29","0","",1,"",0,Rupiah,"2007-11-29","2008-12-26 22:19:57","2008-12-26 22:19:57",
2416,2291,"24000648",1,"24000648-001",INV/24000648-001,"2007-11-29","0","",SL,"2007-11-29","0","",1,"",0,Rupiah,"2007-11-29","2008-12-26 22:19:57","2008-12-26 22:19:57",
2417,2292,"24000654",1,"24000654-002",INV/24000654-002,"2007-11-29","0","",SL,"2007-11-29","0","",1,"",0,Rupiah,"2007-11-29","2008-12-26 22:19:57","2008-12-26 22:19:57",
2418,2293,"28000033",1,"28000033-001",INV/28000033-001,"2007-11-29","0","",SL,"2007-11-29","0","",1,"",0,Rupiah,"2007-11-29","2008-12-26 22:19:57","2008-12-26 22:19:57",
2419,2294,"24000652",1,"24000652-001",INV/24000652-001,"2007-11-29","0","",SL,"2007-11-29","0","",1,"",0,Rupiah,"2007-11-29","2008-12-26 22:19:57","2008-12-26 22:19:57",
2420,2295,"11000157",1,"11000157-001",INV/11000157-001,"2007-11-29","0","",SL,"2007-11-29","0","",1,"",0,Rupiah,"2007-11-29","2008-12-26 22:19:57","2008-12-26 22:19:57",
2421,2296,"11000158",1,"11000158-001",INV/11000158-001,"2007-11-29","0","",SL,"2007-11-29","0","",1,"",0,Rupiah,"2007-11-29","2008-12-26 22:19:57","2008-12-26 22:19:57",
2422,2297,"18000374",1,"18000374-001",INV/18000374-001,"2007-11-29","0","",SL,"2007-11-29","0","",1,"",0,Rupiah,"2007-11-29","2008-12-26 22:19:57","2008-12-26 22:19:57",
2423,2298,"18000375",1,"18000375-001",INV/18000375-001,"2007-11-29","0","",SL,"2007-11-29","0","",1,"",0,Rupiah,"2007-11-29","2008-12-26 22:19:57","2008-12-26 22:19:57",
2424,2299,"24000666",1,"24000666-001",INV/24000666-001,"2007-11-29","0","",SL,"2007-11-29","0","",1,"",0,Rupiah,"2007-11-29","2008-12-26 22:19:57","2008-12-26 22:19:57",
2425,2300,"18000376",1,"18000376-001",INV/18000376-001,"2007-11-29","0","",SL,"2007-11-29","0","",1,"",0,Rupiah,"2007-11-29","2008-12-26 22:19:57","2008-12-26 22:19:57",
2427,2302,"11000159",1,"11000159-001",INV/11000159-001,"2007-11-29","0","",SL,"2007-11-29","0","",1,"",0,Rupiah,"2007-11-29","2008-12-26 22:19:57","2008-12-26 22:19:57",
2428,2303,"18000377",1,"18000377-001",INV/18000377-001,"2007-11-29","0","",SL,"2007-11-29","0","",1,"",0,Rupiah,"2007-11-29","2008-12-26 22:19:57","2008-12-26 22:19:57",
2429,2304,"17000110",1,"17000110-001",INV/17000110-001,"2007-11-29","0","",SL,"2007-11-29","0","",1,"",0,Rupiah,"2007-11-29","2008-12-26 22:19:57","2008-12-26 22:19:57",
2430,2305,"18000379",1,"18000379-001",INV/18000379-001,"2007-11-29","0","",SL,"2007-11-29","0","",1,"",0,Rupiah,"2007-11-29","2008-12-26 22:19:57","2008-12-26 22:19:57",
2431,2306,"18000380",1,"18000380-001",INV/18000380-001,"2007-11-29","0","",SL,"2007-11-29","0","",1,"",0,Rupiah,"2007-11-29","2008-12-26 22:19:57","2008-12-26 22:19:57",
2432,2307,"18000381",1,"18000381-001",INV/18000381-001,"2007-11-29","0","",SL,"2007-11-29","0","",1,"",0,Rupiah,"2007-11-29","2008-12-26 22:19:57","2008-12-26 22:19:57",
2433,106,"24000687",1,"24000687-002",INV/24000687-002,"2007-11-29","0","",SL,"2007-11-29","0","",1,"",0,Rupiah,"2007-11-29","2008-12-26 22:19:57","2008-12-26 22:19:57",
2434,2308,"24000689",1,"24000689-001",INV/24000689-001,"2007-11-29","0","",SL,"2007-11-29","0","",1,"",0,Rupiah,"2007-11-29","2008-12-26 22:19:57","2008-12-26 22:19:57",
2435,2309,"24000690",1,"24000690-001",INV/24000690-001,"2007-11-29","0","",SL,"2007-11-29","0","",1,"",0,Rupiah,"2007-11-29","2008-12-26 22:19:57","2008-12-26 22:19:57",
2436,2310,"24000691",1,"24000691-001",INV/24000691-001,"2007-11-29","0","",SL,"2007-11-29","0","",1,"",0,Rupiah,"2007-11-29","2008-12-26 22:19:57","2008-12-26 22:19:57",
2437,2311,"24000692",1,"24000692-001",INV/24000692-001,"2007-11-29","0","",SL,"2007-11-29","0","",1,"",0,Rupiah,"2007-11-29","2008-12-26 22:19:57","2008-12-26 22:19:57",
2438,2312,"24000693",1,"24000693-001",INV/24000693-001,"2007-11-29","0","",SL,"2007-11-29","0","",1,"",0,Rupiah,"2007-11-29","2008-12-26 22:19:57","2008-12-26 22:19:57",
2439,2313,"24000694",1,"24000694-001",INV/24000694-001,"2007-11-29","0","",SL,"2007-11-29","0","",1,"",0,Rupiah,"2007-11-29","2008-12-26 22:19:57","2008-12-26 22:19:57",
2440,2314,"24000695",1,"24000695-001",INV/24000695-001,"2007-11-29","0","",SL,"2007-11-29","0","",1,"",0,Rupiah,"2007-11-29","2008-12-26 22:19:57","2008-12-26 22:19:57",
2441,2315,"24000696",1,"24000696-001",INV/24000696-001,"2007-11-29","0","",SL,"2007-11-29","0","",1,"",0,Rupiah,"2007-11-29","2008-12-26 22:19:57","2008-12-26 22:19:57",
2442,2316,"24000697",1,"24000697-001",INV/24000697-001,"2007-11-29","0","",SL,"2007-11-29","0","",1,"",0,Rupiah,"2007-11-29","2008-12-26 22:19:57","2008-12-26 22:19:57",
2443,2317,"24000698",1,"24000698-001",INV/24000698-001,"2007-11-29","0","",SL,"2007-11-29","0","",1,"",0,Rupiah,"2007-11-29","2008-12-26 22:19:57","2008-12-26 22:19:57",
2444,2318,"24000699",1,"24000699-001",INV/24000699-001,"2007-11-29","0","",SL,"2007-11-29","0","",1,"",0,Rupiah,"2007-11-29","2008-12-26 22:19:57","2008-12-26 22:19:57",
2445,2319,"24000700",1,"24000700-001",INV/24000700-001,"2007-11-29","0","",SL,"2007-11-29","0","",1,"",0,Rupiah,"2007-11-29","2008-12-26 22:19:57","2008-12-26 22:19:57",
2446,2320,"24000701",1,"24000701-001",INV/24000701-001,"2007-11-29","0","",SL,"2007-11-29","0","",1,"",0,Rupiah,"2007-11-29","2008-12-26 22:19:57","2008-12-26 22:19:57",
2447,2321,"11000160",1,"11000160-001",INV/11000160-001,"2007-11-29","0","",SL,"2007-11-29","0","",1,"",0,Rupiah,"2007-11-29","2008-12-26 22:19:57","2008-12-26 22:19:57",
2448,2322,"11000161",1,"11000161-001",INV/11000161-001,"2007-11-29","0","",SL,"2007-11-29","0","",1,"",0,Rupiah,"2007-11-29","2008-12-26 22:19:57","2008-12-26 22:19:57",
2449,2323,"24000684",1,"24000684-001",INV/24000684-001,"2007-11-29","0","",SL,"2007-11-29","0","",1,"",0,Rupiah,"2007-11-29","2008-12-26 22:19:57","2008-12-26 22:19:57",
2450,2324,"23000092",1,"23000092-001",INV/23000092-001,"2007-11-29","0","",SL,"2007-11-29","0","",1,"",0,Rupiah,"2007-11-29","2008-12-26 22:19:57","2008-12-26 22:19:57",
2451,2325,"17000043",1,"17000043-001",INV/17000043-001,"2007-11-29","0","",SL,"2007-11-29","0","",1,"",0,Rupiah,"2007-11-29","2008-12-26 22:19:57","2008-12-26 22:19:57",
2452,2326,"24000709",1,"24000709-001",INV/24000709-001,"2007-11-29","0","",SL,"2007-11-29","0","",1,"",0,Rupiah,"2007-11-29","2008-12-26 22:19:57","2008-12-26 22:19:57",
2453,2327,"24000708",1,"24000708-001",INV/24000708-001,"2007-11-29","0","",SL,"2007-11-29","0","",1,"",0,Rupiah,"2007-11-29","2008-12-26 22:19:57","2008-12-26 22:19:57",
2454,2328,"24000707",1,"24000707-001",INV/24000707-001,"2007-11-29","0","",SL,"2007-11-29","0","",1,"",0,Rupiah,"2007-11-29","2008-12-26 22:19:57","2008-12-26 22:19:57",
2455,2329,"24000706",1,"24000706-001",INV/24000706-001,"2007-11-29","0","",SL,"2007-11-29","0","",1,"",0,Rupiah,"2007-11-29","2008-12-26 22:19:57","2008-12-26 22:19:57",
2456,2330,"24000705",1,"24000705-001",INV/24000705-001,"2007-11-29","0","",SL,"2007-11-29","0","",1,"",0,Rupiah,"2007-11-29","2008-12-26 22:19:57","2008-12-26 22:19:57",
2457,2331,"12000264",1,"12000264-001",INV/12000264-001,"2007-11-29","0","",SL,"2007-11-29","0","",1,"",0,Rupiah,"2007-11-29","2008-12-26 22:19:57","2008-12-26 22:19:57",
2458,2332,"20000028",1,"20000028-002",INV/20000028-002,"2007-11-29","0","",SL,"2007-11-29","0","",1,"",0,Rupiah,"2007-11-29","2008-12-26 22:19:57","2008-12-26 22:19:57",
2459,2332,"20000028",1,"20000028-003",INV/20000028-003,"2007-11-29","0","",SL,"2007-11-29","0","",1,"",0,Rupiah,"2007-11-29","2008-12-26 22:19:57","2008-12-26 22:19:57",
2460,2333,"20000029",1,"20000029-001",INV/20000029-001,"2007-11-29","0","",SL,"2007-11-29","0","",1,"",0,Rupiah,"2007-11-29","2008-12-26 22:19:57","2008-12-26 22:19:57",
2461,2334,"24000713",1,"24000713-001",INV/24000713-001,"2007-11-29","0","",SL,"2007-11-29","0","",1,"",0,Rupiah,"2007-11-29","2008-12-26 22:19:57","2008-12-26 22:19:57",
2462,2335,"25000039",1,"25000039-001",INV/25000039-001,"2007-11-29","0","",SL,"2007-11-29","0","",1,"",0,Rupiah,"2007-11-29","2008-12-26 22:19:57","2008-12-26 22:19:57",
2463,2336,"24000681",1,"24000681-001",INV/24000681-001,"2007-11-29","0","",SL,"2007-11-29","0","",1,"",0,Rupiah,"2007-11-29","2008-12-26 22:19:57","2008-12-26 22:19:57",
2475,2348,"13000082",1,"13000082-001",INV/13000082-001,"2007-11-29","0","",SL,"2007-11-29","0","",1,"",0,Rupiah,"2007-11-29","2008-12-26 22:19:57","2008-12-26 22:19:57",
2476,2349,"11000165",1,"11000165-001",INV/11000165-001,"2007-11-29","0","",SL,"2007-11-29","0","",1,"",0,Rupiah,"2007-11-29","2008-12-26 22:19:57","2008-12-26 22:19:57",
2477,232,"11000024",1,"11000024-002",INV/11000024-002,"2007-11-29","0","",SL,"2007-11-29","0","",1,"",0,Rupiah,"2007-11-29","2008-12-26 22:19:57","2008-12-26 22:19:57",
2478,222,"11000014",1,"11000014-002",INV/11000014-002,"2007-11-29","0","",SL,"2007-11-29","0","",1,"",0,Rupiah,"2007-11-29","2008-12-26 22:19:57","2008-12-26 22:19:57",
2479,1055,"24000233",1,"24000233-002",INV/24000233-002,"2007-11-29","0","",SL,"2007-11-29","0","",1,"",0,Rupiah,"2007-11-29","2008-12-26 22:19:57","2008-12-26 22:19:57",
2480,2131,"24000576",1,"24000576-002",INV/24000576-002,"2007-11-29","0","",SL,"2007-11-29","0","",1,"",0,Rupiah,"2007-11-29","2008-12-26 22:19:57","2008-12-26 22:19:57",
2481,2350,"24000636",1,"24000636-002",INV/24000636-002,"2007-11-29","0","",SL,"2007-11-29","0","",1,"",0,Rupiah,"2007-11-29","2008-12-26 22:19:57","2008-12-26 22:19:57",
2482,2351,"24000637",1,"24000637-002",INV/24000637-002,"2007-11-29","0","",SL,"2007-11-29","0","",1,"",0,Rupiah,"2007-11-29","2008-12-26 22:19:57","2008-12-26 22:19:57",
2483,2352,"17000044",1,"17000044-001",INV/17000044-001,"2007-11-29","0","",SL,"2007-11-29","0","",1,"",0,Rupiah,"2007-11-29","2008-12-26 22:19:57","2008-12-26 22:19:57",
2484,1020,"24000202",1,"24000202-002",INV/24000202-002,"2007-11-29","0","",SL,"2007-11-29","0","",1,"",0,Rupiah,"2007-11-29","2008-12-26 22:19:57","2008-12-26 22:19:57",
2485,2353,"23000095",1,"23000095-001",INV/23000095-001,"2007-11-29","0","",SL,"2007-11-29","0","",1,"",0,Rupiah,"2007-11-29","2008-12-26 22:19:57","2008-12-26 22:19:57",
2486,843,"23000014",1,"23000014-002",INV/23000014-002,"2007-11-29","0","",SL,"2007-11-29","0","",1,"",0,Rupiah,"2007-11-29","2008-12-26 22:19:57","2008-12-26 22:19:57",
2487,1494,"23000043",1,"23000043-002",INV/23000043-002,"2007-11-29","0","",SL,"2007-11-29","0","",1,"",0,Rupiah,"2007-11-29","2008-12-26 22:19:57","2008-12-26 22:19:57",
2488,2354,"23000096",1,"23000096-001",INV/23000096-001,"2007-11-29","0","",SL,"2007-11-29","0","",1,"",0,Rupiah,"2007-11-29","2008-12-26 22:19:57","2008-12-26 22:19:57",
2489,2355,"23000097",1,"23000097-001",INV/23000097-001,"2007-11-29","0","",SL,"2007-11-29","0","",1,"",0,Rupiah,"2007-11-29","2008-12-26 22:19:57","2008-12-26 22:19:57",
2490,2356,"23000098",1,"23000098-001",INV/23000098-001,"2007-11-29","0","",SL,"2007-11-29","0","",1,"",0,Rupiah,"2007-11-29","2008-12-26 22:19:57","2008-12-26 22:19:57",
2491,1141,"27000011",1,"27000011-002",INV/27000011-002,"2007-11-29","0","",SL,"2007-11-29","0","",1,"",0,Rupiah,"2007-11-29","2008-12-26 22:19:57","2008-12-26 22:19:57",
2492,1180,"27000119",1,"27000119-001",INV/27000119-001,"2007-11-29","0","",SL,"2007-11-29","0","",1,"",0,Rupiah,"2007-11-29","2008-12-26 22:19:57","2008-12-26 22:19:57",
2493,439,"16000015",1,"16000015-002",INV/16000015-002,"2007-11-29","0","",SL,"2007-11-29","0","",1,"",0,Rupiah,"2007-11-29","2008-12-26 22:19:57","2008-12-26 22:19:57",
2494,1208,"24000302",1,"24000302-002",INV/24000302-002,"2007-11-29","0","",SL,"2007-11-29","0","",1,"",0,Rupiah,"2007-11-29","2008-12-26 22:19:57","2008-12-26 22:19:57",
2495,1211,"24000305",1,"24000305-002",INV/24000305-002,"2007-11-29","0","",SL,"2007-11-29","0","",1,"",0,Rupiah,"2007-11-29","2008-12-26 22:19:57","2008-12-26 22:19:57",
2496,2357,"16000053",1,"16000053-001",INV/16000053-001,"2007-11-29","0","",SL,"2007-11-29","0","",1,"",0,Rupiah,"2007-11-29","2008-12-26 22:19:57","2008-12-26 22:19:57",
2497,2358,"16000054",1,"16000054-001",INV/16000054-001,"2007-11-29","0","",SL,"2007-11-29","0","",1,"",0,Rupiah,"2007-11-29","2008-12-26 22:19:57","2008-12-26 22:19:57",
2498,1134,"27000002",1,"27000002-002",INV/27000002-002,"2007-11-29","0","",SL,"2007-11-29","0","",1,"",0,Rupiah,"2007-11-29","2008-12-26 22:19:57","2008-12-26 22:19:57",
2499,2359,"17000057",1,"17000057-001",INV/17000057-001,"2007-11-29","0","",SL,"2007-11-29","0","",1,"",0,Rupiah,"2007-11-29","2008-12-26 22:19:57","2008-12-26 22:19:57",
2500,2360,"23000083",1,"23000083-002",INV/23000083-002,"2007-11-29","0","",SL,"2007-11-29","0","",1,"",0,Rupiah,"2007-11-29","2008-12-26 22:19:57","2008-12-26 22:19:57",
2501,2361,"20000031",1,"20000031-001",INV/20000031-001,"2007-11-29","0","",SL,"2007-11-29","0","",1,"",0,Rupiah,"2007-11-29","2008-12-26 22:19:57","2008-12-26 22:19:57",
2502,2362,"20000030",1,"20000030-001",INV/20000030-001,"2007-11-29","0","",SL,"2007-11-29","0","",1,"",0,Rupiah,"2007-11-29","2008-12-26 22:19:57","2008-12-26 22:19:57",
2503,2363,"27000120",1,"27000120-001",INV/27000120-001,"2007-11-29","0","",SL,"2007-11-29","0","",1,"",0,Rupiah,"2007-11-29","2008-12-26 22:19:57","2008-12-26 22:19:57",
2504,2364,"13000085",1,"13000085-001",INV/13000085-001,"2007-11-29","0","",SL,"2007-11-29","0","",1,"",0,Rupiah,"2007-11-29","2008-12-26 22:19:57","2008-12-26 22:19:57",
2505,1461,"20000021",1,"20000021-002",INV/20000021-002,"2007-11-29","0","",SL,"2007-11-29","0","",1,"",0,Rupiah,"2007-11-29","2008-12-26 22:19:57","2008-12-26 22:19:57",
2506,2365,"17000033",1,"17000033-001",INV/17000033-001,"2007-11-29","0","",SL,"2007-11-29","0","",1,"",0,Rupiah,"2007-11-29","2008-12-26 22:19:57","2008-12-26 22:19:57",
2507,2332,"20000028",1,"20000028-004",INV/20000028-004,"2007-11-29","0","",SL,"2007-11-29","0","",1,"",0,Rupiah,"2007-11-29","2008-12-26 22:19:57","2008-12-26 22:19:57",
2508,2366,"20000032",1,"20000032-001",INV/20000032-001,"2007-11-29","0","",SL,"2007-11-29","0","",1,"",0,Rupiah,"2007-11-29","2008-12-26 22:19:57","2008-12-26 22:19:57",
2509,2367,"20000033",1,"20000033-001",INV/20000033-001,"2007-11-29","0","",SL,"2007-11-29","0","",1,"",0,Rupiah,"2007-11-29","2008-12-26 22:19:57","2008-12-26 22:19:57",
2510,2368,"20000034",1,"20000034-001",INV/20000034-001,"2007-11-29","0","",SL,"2007-11-29","0","",1,"",0,Rupiah,"2007-11-29","2008-12-26 22:19:57","2008-12-26 22:19:57",
2511,2369,"20000035",1,"20000035-001",INV/20000035-001,"2007-11-29","0","",SL,"2007-11-29","0","",1,"",0,Rupiah,"2007-11-29","2008-12-26 22:19:57","2008-12-26 22:19:57",
2512,2370,"20000036",1,"20000036-001",INV/20000036-001,"2007-11-29","0","",SL,"2007-11-29","0","",1,"",0,Rupiah,"2007-11-29","2008-12-26 22:19:57","2008-12-26 22:19:57",
2513,2371,"20000037",1,"20000037-001",INV/20000037-001,"2007-11-29","0","",SL,"2007-11-29","0","",1,"",0,Rupiah,"2007-11-29","2008-12-26 22:19:57","2008-12-26 22:19:57",
2514,2372,"40000005",1,"40000005-001",INV/40000005-001,"2007-11-29","0","",SL,"2007-11-29","0","",1,"",0,Rupiah,"2007-11-29","2008-12-26 22:19:57","2008-12-26 22:19:57",
2515,2119,"24000563",1,"24000563-002",INV/24000563-002,"2007-11-29","0","",SL,"2007-11-29","0","",1,"",0,Rupiah,"2007-11-29","2008-12-26 22:19:57","2008-12-26 22:19:57",
2516,2373,"24000670",1,"24000670-002",INV/24000670-002,"2007-11-29","0","",SL,"2007-11-29","0","",1,"",0,Rupiah,"2007-11-29","2008-12-26 22:19:57","2008-12-26 22:19:57",
2517,1045,"24000222",1,"24000222-002",INV/24000222-002,"2007-11-29","0","",SL,"2007-11-29","0","",1,"",0,Rupiah,"2007-11-29","2008-12-26 22:19:57","2008-12-26 22:19:57",
2518,2374,"24000097",1,"24000097-001",INV/24000097-001,"2007-11-29","0","",SL,"2007-11-29","0","",1,"",0,Rupiah,"2007-11-29","2008-12-26 22:19:57","2008-12-26 22:19:57",
2519,2375,"24000100",1,"24000100-001",INV/24000100-001,"2007-11-29","0","",SL,"2007-11-29","0","",1,"",0,Rupiah,"2007-11-29","2008-12-26 22:19:57","2008-12-26 22:19:57",
2520,2376,"24000116",1,"24000116-001",INV/24000116-001,"2007-11-29","0","",SL,"2007-11-29","0","",1,"",0,Rupiah,"2007-11-29","2008-12-26 22:19:57","2008-12-26 22:19:57",
2521,2377,"24000127",1,"24000127-001",INV/24000127-001,"2007-11-29","0","",SL,"2007-11-29","0","",1,"",0,Rupiah,"2007-11-29","2008-12-26 22:19:57","2008-12-26 22:19:57",
2522,2378,"24000128",1,"24000128-001",INV/24000128-001,"2007-11-29","0","",SL,"2007-11-29","0","",1,"",0,Rupiah,"2007-11-29","2008-12-26 22:19:57","2008-12-26 22:19:57",
2523,2379,"17000034",1,"17000034-001",INV/17000034-001,"2007-11-29","0","",SL,"2007-11-29","0","",1,"",0,Rupiah,"2007-11-29","2008-12-26 22:19:57","2008-12-26 22:19:57",
2524,2380,"17000055",1,"17000055-001",INV/17000055-001,"2007-11-29","0","",SL,"2007-11-29","0","",1,"",0,Rupiah,"2007-11-29","2008-12-26 22:19:57","2008-12-26 22:19:57",
2525,2381,"11000038",1,"11000038-001",INV/11000038-001,"2007-11-29","0","",SL,"2007-11-29","0","",1,"",0,Rupiah,"2007-11-29","2008-12-26 22:19:57","2008-12-26 22:19:57",
2526,2382,"18000003",1,"18000003-001",INV/18000003-001,"2007-11-29","0","",SL,"2007-11-29","0","",1,"",0,Rupiah,"2007-11-29","2008-12-26 22:19:57","2008-12-26 22:19:57",
2527,2383,"15000207",1,"15000207-002",INV/15000207-002,"2007-11-29","0","",SL,"2007-11-29","0","",1,"",0,Rupiah,"2007-11-29","2008-12-26 22:19:57","2008-12-26 22:19:57",
2528,2384,"18000357",1,"18000357-001",INV/18000357-001,"2007-11-29","0","",SL,"2007-11-29","0","",1,"",0,Rupiah,"2007-11-29","2008-12-26 22:19:57","2008-12-26 22:19:57",
2529,1855,"15000117",1,"15000117-002",INV/15000117-002,"2007-11-29","0","",SL,"2007-11-29","0","",1,"",0,Rupiah,"2007-11-29","2008-12-26 22:19:57","2008-12-26 22:19:57",
2530,2385,"14000040",1,"14000040-002",INV/14000040-002,"2007-11-29","0","",SL,"2007-11-29","0","",1,"",0,Rupiah,"2007-11-29","2008-12-26 22:19:57","2008-12-26 22:19:57",
2531,2386,"14000063",1,"14000063-001",INV/14000063-001,"2007-11-29","0","",SL,"2007-11-29","0","",1,"",0,Rupiah,"2007-11-29","2008-12-26 22:19:57","2008-12-26 22:19:57",
2532,2387,"14000001",1,"14000001-001",INV/14000001-001,"2007-11-29","0","",SL,"2007-11-29","0","",1,"",0,Rupiah,"2007-11-29","2008-12-26 22:19:57","2008-12-26 22:19:57",
2533,85,"20000012",1,"20000012-002",INV/20000012-002,"2007-11-29","0","",SL,"2007-11-29","0","",1,"",0,Rupiah,"2007-11-29","2008-12-26 22:19:57","2008-12-26 22:19:57",
2534,2388,"16000003",1,"16000003-001",INV/16000003-001,"2007-11-29","0","",SL,"2007-11-29","0","",1,"",0,Rupiah,"2007-11-29","2008-12-26 22:19:57","2008-12-26 22:19:57",
2536,2390,"16000017",1,"16000017-001",INV/16000017-001,"2007-11-29","0","",SL,"2007-11-29","0","",1,"",0,Rupiah,"2007-11-29","2008-12-26 22:19:57","2008-12-26 22:19:57",
2537,2391,"16000022",1,"16000022-001",INV/16000022-001,"2007-11-29","0","",SL,"2007-11-29","0","",1,"",0,Rupiah,"2007-11-29","2008-12-26 22:19:57","2008-12-26 22:19:57",
2538,2392,"18000011",1,"18000011-001",INV/18000011-001,"2007-11-29","0","",SL,"2007-11-29","0","",1,"",0,Rupiah,"2007-11-29","2008-12-26 22:19:57","2008-12-26 22:19:57",
2539,2393,"14000026",1,"14000026-001",INV/14000026-001,"2007-11-29","0","",SL,"2007-11-29","0","",1,"",0,Rupiah,"2007-11-29","2008-12-26 22:19:57","2008-12-26 22:19:57",
2540,2394,"14000027",1,"14000027-001",INV/14000027-001,"2007-11-29","0","",SL,"2007-11-29","0","",1,"",0,Rupiah,"2007-11-29","2008-12-26 22:19:57","2008-12-26 22:19:57",
2541,2395,"40000008",1,"40000008-002",INV/40000008-002,"2007-11-29","0","",SL,"2007-11-29","0","",1,"",0,Rupiah,"2007-11-29","2008-12-26 22:19:57","2008-12-26 22:19:57",
2542,2396,"40000009",1,"40000009-002",INV/40000009-002,"2007-11-29","0","",SL,"2007-11-29","0","",1,"",0,Rupiah,"2007-11-29","2008-12-26 22:19:57","2008-12-26 22:19:57",
2543,2397,"40000010",1,"40000010-002",INV/40000010-002,"2007-11-29","0","",SL,"2007-11-29","0","",1,"",0,Rupiah,"2007-11-29","2008-12-26 22:19:57","2008-12-26 22:19:57",
2544,2398,"40000011",1,"40000011-002",INV/40000011-002,"2007-11-29","0","",SL,"2007-11-29","0","",1,"",0,Rupiah,"2007-11-29","2008-12-26 22:19:57","2008-12-26 22:19:57",
2545,2399,"17000035",1,"17000035-001",INV/17000035-001,"2007-11-29","0","",SL,"2007-11-29","0","",1,"",0,Rupiah,"2007-11-29","2008-12-26 22:19:57","2008-12-26 22:19:57",
2546,2400,"40000015",1,"40000015-001",INV/40000015-001,"2007-11-29","0","",SL,"2007-11-29","0","",1,"",0,Rupiah,"2007-11-29","2008-12-26 22:19:57","2008-12-26 22:19:57",
2547,2401,"40000019",1,"40000019-002",INV/40000019-002,"2007-11-29","0","",SL,"2007-11-29","0","",1,"",0,Rupiah,"2007-11-29","2008-12-26 22:19:57","2008-12-26 22:19:57",
2548,397,"15000020",1,"15000020-002",INV/15000020-002,"2007-11-29","0","",SL,"2007-11-29","0","",1,"",0,Rupiah,"2007-11-29","2008-12-26 22:19:57","2008-12-26 22:19:57",
2549,2402,"15000128",1,"15000128-002",INV/15000128-002,"2007-11-29","0","",SL,"2007-11-29","0","",1,"",0,Rupiah,"2007-11-29","2008-12-26 22:19:57","2008-12-26 22:19:57",
2550,2403,"17000114",1,"17000114-001",INV/17000114-001,"2007-11-29",,"",SL,"2007-11-29","0","",1,"",0,Rupiah,"2007-11-29","2008-12-26 22:19:57","2026-07-23 14:22:54",
2551,2404,"17000115",1,"17000115-001",INV/17000115-001,"2007-11-29",,"",SL,"2007-11-29","0","",1,"",0,Rupiah,"2007-11-29","2008-12-26 22:19:57","2026-07-23 14:24:52",
2552,2405,"17000116",1,"17000116-001",INV/17000116-001,"2007-11-29",,"",SL,"2007-11-29","0","",1,"",0,Rupiah,"2007-11-29","2008-12-26 22:19:57","2026-07-23 14:26:34",
2553,2406,"17000117",1,"17000117-001",INV/17000117-001,"2007-11-29",,"",SL,"2007-11-29","0","",1,"",0,Rupiah,"2007-11-29","2008-12-26 22:19:57","2026-07-23 14:28:37",
2554,2407,"17000118",1,"17000118-001",INV/17000118-001,"2007-11-29",,"",SL,"2007-11-29","0","",1,"",0,Rupiah,"2007-11-29","2008-12-26 22:19:57","2026-07-23 14:32:44",
5021,4689,"13000170",1,"13000170-001",INV/13000170-001,"2026-08-02","0","",SL,"2026-08-02","0","",1,"",0,,"2026-08-02","2026-08-02 10:03:01","2026-08-02 10:03:01",1
5022,4690,"13000171",1,"13000171-001",INV/13000171-001,"2026-08-02","0","",SL,"2026-08-02","0","",1,"",0,,"2026-08-02","2026-08-02 10:05:19","2026-08-02 10:05:19",1
5023,4691,"13000172",1,"13000172-001",INV/13000172-001,"2026-08-02","0","",SL,"2026-08-02","0","",1,"",0,,"2026-08-02","2026-08-02 10:07:12","2026-08-02 10:07:12",1
2559,2412,"13000069",1,"13000069-001",INV/13000069-001,"2007-11-29","0","",SL,"2007-11-29","0","",1,"",0,Rupiah,"2007-11-29","2008-12-26 22:19:57","2008-12-26 22:19:57",
2560,2413,"16000032",1,"16000032-002",INV/16000032-002,"2007-11-29","0","",SL,"2007-11-29","0","",1,"",0,Rupiah,"2007-11-29","2008-12-26 22:19:57","2008-12-26 22:19:57",
2561,2414,"27000058",1,"27000058-002",INV/27000058-002,"2007-11-29","0","",SL,"2007-11-29","0","",1,"",0,Rupiah,"2007-11-29","2008-12-26 22:19:57","2008-12-26 22:19:57",
2562,2415,"18000337",1,"18000337-002",INV/18000337-002,"2007-11-29","0","",SL,"2007-11-29","0","",1,"",0,Rupiah,"2007-11-29","2008-12-26 22:19:57","2008-12-26 22:19:57",
2563,2185,"12000229",1,"12000229-002",INV/12000229-002,"2007-11-29","0","",SL,"2007-11-29","0","",1,"",0,Rupiah,"2007-11-29","2008-12-26 22:19:57","2008-12-26 22:19:57",
2564,2416,"24000407",1,"24000407-001",INV/24000407-001,"2007-11-29","0","",SL,"2007-11-29","0","",1,"",0,Rupiah,"2007-11-29","2008-12-26 22:19:57","2008-12-26 22:19:57",
2565,2417,"12000277",1,"12000277-001",INV/12000277-001,"2007-11-29","0","",SL,"2007-11-29","0","",1,"",0,Rupiah,"2007-11-29","2008-12-26 22:19:57","2008-12-26 22:19:57",
2566,2418,"12000278",1,"12000278-001",INV/12000278-001,"2007-11-29","0","",SL,"2007-11-29","0","",1,"",0,Rupiah,"2007-11-29","2008-12-26 22:19:57","2008-12-26 22:19:57",
2567,2419,"12000280",1,"12000280-001",INV/12000280-001,"2007-11-29","0","",SL,"2007-11-29","0","",1,"",0,Rupiah,"2007-11-29","2008-12-26 22:19:57","2008-12-26 22:19:57",
2568,2420,"12000281",1,"12000281-001",INV/12000281-001,"2007-11-29","0","",SL,"2007-11-29","0","",1,"",0,Rupiah,"2007-11-29","2008-12-26 22:19:57","2008-12-26 22:19:57",
2569,2420,"12000281",1,"12000281-002",INV/12000281-002,"2007-11-29","0","",SL,"2007-11-29","0","",1,"",0,Rupiah,"2007-11-29","2008-12-26 22:19:57","2008-12-26 22:19:57",
2570,2421,"15000240",1,"15000240-001",INV/15000240-001,"2007-11-29","0","",SL,"2007-11-29","0","",1,"",0,Rupiah,"2007-11-29","2008-12-26 22:19:57","2008-12-26 22:19:57",
2571,2421,"15000240",1,"15000240-002",INV/15000240-002,"2007-11-29","0","",SL,"2007-11-29","0","",1,"",0,Rupiah,"2007-11-29","2008-12-26 22:19:57","2008-12-26 22:19:57",
2572,2422,"15000241",1,"15000241-001",INV/15000241-001,"2007-11-29","0","",SL,"2007-11-29","0","",1,"",0,Rupiah,"2007-11-29","2008-12-26 22:19:57","2008-12-26 22:19:57",
2573,2422,"15000241",1,"15000241-002",INV/15000241-002,"2007-11-29","0","",SL,"2007-11-29","0","",1,"",0,Rupiah,"2007-11-29","2008-12-26 22:19:57","2008-12-26 22:19:57",
2574,2423,"10000127",1,"10000127-001",INV/10000127-001,"2007-11-29","0","",SL,"2007-11-29","0","",1,"",0,Rupiah,"2007-11-29","2008-12-26 22:19:57","2008-12-26 22:19:57",
2575,2424,"18000386",1,"18000386-001",INV/18000386-001,"2007-11-29","0","",SL,"2007-11-29","0","",1,"",0,Rupiah,"2007-11-29","2008-12-26 22:19:57","2008-12-26 22:19:57",
2576,2425,"18000107",1,"18000107-002",INV/18000107-002,"2007-11-29","0","",SL,"2007-11-29","0","",1,"",0,Rupiah,"2007-11-29","2008-12-26 22:19:57","2008-12-26 22:19:57",
2577,2426,"28000063",1,"28000063-002",INV/28000063-002,"2007-11-29","0","",SL,"2007-11-29","0","",1,"",0,Rupiah,"2007-11-29","2008-12-26 22:19:57","2008-12-26 22:19:57",
2578,2427,"28000064",1,"28000064-002",INV/28000064-002,"2007-11-29","0","",SL,"2007-11-29","0","",1,"",0,Rupiah,"2007-11-29","2008-12-26 22:19:57","2008-12-26 22:19:57",
2579,2427,"28000064",1,"28000064-003",INV/28000064-003,"2007-11-29","0","",SL,"2007-11-29","0","",1,"",0,Rupiah,"2007-11-29","2008-12-26 22:19:57","2008-12-26 22:19:57",
2580,2428,"28000039",1,"28000039-002",INV/28000039-002,"2007-11-29","0","",SL,"2007-11-29","0","",1,"",0,Rupiah,"2007-11-29","2008-12-26 22:19:57","2008-12-26 22:19:57",
2581,2104,"28000065",1,"28000065-002",INV/28000065-002,"2007-11-29","0","",SL,"2007-11-29","0","",1,"",0,Rupiah,"2007-11-29","2008-12-26 22:19:57","2008-12-26 22:19:57",
2582,2429,"28000070",1,"28000070-001",INV/28000070-001,"2007-11-29","0","",SL,"2007-11-29","0","",1,"",0,Rupiah,"2007-11-29","2008-12-26 22:19:57","2008-12-26 22:19:57",
2583,2430,"28000071",1,"28000071-001",INV/28000071-001,"2007-11-29","0","",SL,"2007-11-29","0","",1,"",0,Rupiah,"2007-11-29","2008-12-26 22:19:57","2008-12-26 22:19:57",
2584,2431,"25000011",1,"25000011-001",INV/25000011-001,"2007-11-29","0","",SL,"2007-11-29","0","",1,"",0,Rupiah,"2007-11-29","2008-12-26 22:19:57","2008-12-26 22:19:57",
2585,2432,"23000099",1,"23000099-001",INV/23000099-001,"2007-11-29","0","",SL,"2007-11-29","0","",1,"",0,Rupiah,"2007-11-29","2008-12-26 22:19:57","2008-12-26 22:19:57",
2586,2230,"24000597",1,"24000597-002",INV/24000597-002,"2007-11-29","0","",SL,"2007-11-29","0","",1,"",0,Rupiah,"2007-11-29","2008-12-26 22:19:57","2008-12-26 22:19:57",
2587,1016,"24000195",1,"24000195-002",INV/24000195-002,"2007-11-29","0","",SL,"2007-11-29","0","",1,"",0,Rupiah,"2007-11-29","2008-12-26 22:19:57","2008-12-26 22:19:57",
2588,2433,"18000312",1,"18000312-001",INV/18000312-001,"2007-11-29","0","",SL,"2007-11-29","0","",1,"",0,Rupiah,"2007-11-29","2008-12-26 22:19:57","2008-12-26 22:19:57",
2589,2434,"40000027",1,"40000027-001",INV/40000027-001,"2007-11-29","0","",SL,"2007-11-29","0","",1,"",0,Rupiah,"2007-11-29","2008-12-26 22:19:57","2008-12-26 22:19:57",
2590,2435,"40000028",1,"40000028-001",INV/40000028-001,"2007-11-29","0","",SL,"2007-11-29","0","",1,"",0,Rupiah,"2007-11-29","2008-12-26 22:19:57","2008-12-26 22:19:57",
2591,2436,"18000387",1,"18000387-001",INV/18000387-001,"2007-11-29","0","",SL,"2007-11-29","0","",1,"",0,Rupiah,"2007-11-29","2008-12-26 22:19:57","2008-12-26 22:19:57",
2592,2437,"18000388",1,"18000388-001",INV/18000388-001,"2007-11-29","0","",SL,"2007-11-29","0","",1,"",0,Rupiah,"2007-11-29","2008-12-26 22:19:57","2008-12-26 22:19:57",
2593,2438,"24000742",1,"24000742-001",INV/24000742-001,"2007-11-29","0","",SL,"2007-11-29","0","",1,"",0,Rupiah,"2007-11-29","2008-12-26 22:19:57","2008-12-26 22:19:57",
2594,2439,"24000743",1,"24000743-001",INV/24000743-001,"2007-11-29","0","",SL,"2007-11-29","0","",1,"",0,Rupiah,"2007-11-29","2008-12-26 22:19:57","2008-12-26 22:19:57",
2595,2440,"24000744",1,"24000744-001",INV/24000744-001,"2007-11-29","0","",SL,"2007-11-29","0","",1,"",0,Rupiah,"2007-11-29","2008-12-26 22:19:57","2008-12-26 22:19:57",
2596,2441,"24000745",1,"24000745-001",INV/24000745-001,"2007-11-29","0","",SL,"2007-11-29","0","",1,"",0,Rupiah,"2007-11-29","2008-12-26 22:19:57","2008-12-26 22:19:57",
2597,2442,"24000746",1,"24000746-001",INV/24000746-001,"2007-11-29","0","",SL,"2007-11-29","0","",1,"",0,Rupiah,"2007-11-29","2008-12-26 22:19:57","2008-12-26 22:19:57",
2598,2443,"40000029",1,"40000029-001",INV/40000029-001,"2007-11-29","0","",SL,"2007-11-29","0","",1,"",0,Rupiah,"2007-11-29","2008-12-26 22:19:57","2008-12-26 22:19:57",
2599,2444,"40000030",1,"40000030-001",INV/40000030-001,"2007-11-29","0","",SL,"2007-11-29","0","",1,"",0,Rupiah,"2007-11-29","2008-12-26 22:19:57","2008-12-26 22:19:57",
2600,2445,"40000031",1,"40000031-001",INV/40000031-001,"2007-11-29","0","",SL,"2007-11-29","0","",1,"",0,Rupiah,"2007-11-29","2008-12-26 22:19:57","2008-12-26 22:19:57",
2601,2446,"40000032",1,"40000032-001",INV/40000032-001,"2007-11-29","0","",SL,"2007-11-29","0","",1,"",0,Rupiah,"2007-11-29","2008-12-26 22:19:57","2008-12-26 22:19:57",
2602,2447,"28000080",1,"28000080-002",INV/28000080-002,"2007-11-29","0","",SL,"2007-11-29","0","",1,"",0,Rupiah,"2007-11-29","2008-12-26 22:19:57","2008-12-26 22:19:57",
2603,2448,"28000095",1,"28000095-002",INV/28000095-002,"2007-11-29","0","",SL,"2007-11-29","0","",1,"",0,Rupiah,"2007-11-29","2008-12-26 22:19:57","2008-12-26 22:19:57",
2604,2448,"28000095",1,"28000095-003",INV/28000095-003,"2007-11-29","0","",SL,"2007-11-29","0","",1,"",0,Rupiah,"2007-11-29","2008-12-26 22:19:57","2008-12-26 22:19:57",
2605,2449,"17000038",1,"17000038-001",INV/17000038-001,"2007-11-29","0","",SL,"2007-11-29","0","",1,"",0,Rupiah,"2007-11-29","2008-12-26 22:19:57","2008-12-26 22:19:57",
2606,2450,"28000102",1,"28000102-001",INV/28000102-001,"2007-11-29","0","",SL,"2007-11-29","0","",1,"",0,Rupiah,"2007-11-29","2008-12-26 22:19:57","2008-12-26 22:19:57",
2607,2451,"28000103",1,"28000103-001",INV/28000103-001,"2007-11-29","0","",SL,"2007-11-29","0","",1,"",0,Rupiah,"2007-11-29","2008-12-26 22:19:57","2008-12-26 22:19:57",
2608,2451,"28000103",1,"28000103-002",INV/28000103-002,"2007-11-29","0","",SL,"2007-11-29","0","",1,"",0,Rupiah,"2007-11-29","2008-12-26 22:19:57","2008-12-26 22:19:57",
2609,2441,"24000745",1,"24000745-002",INV/24000745-002,"2007-11-29","0","",SL,"2007-11-29","0","",1,"",0,Rupiah,"2007-11-29","2008-12-26 22:19:57","2008-12-26 22:19:57",
2610,2452,"24000055",1,"24000055-002",INV/24000055-002,"2007-11-29","0","",SL,"2007-11-29","0","",1,"",0,Rupiah,"2007-11-29","2008-12-26 22:19:57","2008-12-26 22:19:57",
2611,2453,"24000733",1,"24000733-002",INV/24000733-002,"2007-11-29","0","",SL,"2007-11-29","0","",1,"",0,Rupiah,"2007-11-29","2008-12-26 22:19:57","2008-12-26 22:19:57",
2612,2454,"24000732",1,"24000732-002",INV/24000732-002,"2007-11-29","0","",SL,"2007-11-29","0","",1,"",0,Rupiah,"2007-11-29","2008-12-26 22:19:57","2008-12-26 22:19:57",
2613,1527,"24000422",1,"24000422-002",INV/24000422-002,"2007-11-29","0","",SL,"2007-11-29","0","",1,"",0,Rupiah,"2007-11-29","2008-12-26 22:19:57","2008-12-26 22:19:57",
2614,2455,"24000770",1,"24000770-001",INV/24000770-001,"2007-11-29","0","",SL,"2007-11-29","0","",1,"",0,Rupiah,"2007-11-29","2008-12-26 22:19:57","2008-12-26 22:19:57",
2615,1502,"24000347",1,"24000347-002",INV/24000347-002,"2007-11-29","0","",SL,"2007-11-29","0","",1,"",0,Rupiah,"2007-11-29","2008-12-26 22:19:57","2008-12-26 22:19:57",
2616,2456,"20000013",1,"20000013-001",INV/20000013-001,"2007-11-29","0","",SL,"2007-11-29","0","",1,"",0,Rupiah,"2007-11-29","2008-12-26 22:19:57","2008-12-26 22:19:57",
2617,1502,"24000347",1,"24000347-003",INV/24000347-003,"2007-11-29","0","",SL,"2007-11-29","0","",1,"",0,Rupiah,"2007-11-29","2008-12-26 22:19:57","2008-12-26 22:19:57",
2618,1514,"24000365",1,"24000365-002",INV/24000365-002,"2007-11-29","0","",SL,"2007-11-29","0","",1,"",0,Rupiah,"2007-11-29","2008-12-26 22:19:57","2008-12-26 22:19:57",
2619,1501,"24000346",1,"24000346-002",INV/24000346-002,"2007-11-29","0","",SL,"2007-11-29","0","",1,"",0,Rupiah,"2007-11-29","2008-12-26 22:19:57","2008-12-26 22:19:57",
2620,1501,"24000346",1,"24000346-003",INV/24000346-003,"2007-11-29","0","",SL,"2007-11-29","0","",1,"",0,Rupiah,"2007-11-29","2008-12-26 22:19:57","2008-12-26 22:19:57",
2621,2457,"14000067",1,"14000067-001",INV/14000067-001,"2007-11-29","0","",SL,"2007-11-29","0","",1,"",0,Rupiah,"2007-11-29","2008-12-26 22:19:57","2008-12-26 22:19:57",
2622,2458,"14000068",1,"14000068-001",INV/14000068-001,"2007-11-29","0","",SL,"2007-11-29","0","",1,"",0,Rupiah,"2007-11-29","2008-12-26 22:19:57","2008-12-26 22:19:57",
2623,2459,"24000734",1,"24000734-002",INV/24000734-002,"2007-11-29","0","",SL,"2007-11-29","0","",1,"",0,Rupiah,"2007-11-29","2008-12-26 22:19:57","2008-12-26 22:19:57",
2624,2460,"24000735",1,"24000735-002",INV/24000735-002,"2007-11-29","0","",SL,"2007-11-29","0","",1,"",0,Rupiah,"2007-11-29","2008-12-26 22:19:57","2008-12-26 22:19:57",
2625,2461,"24000719",1,"24000719-002",INV/24000719-002,"2007-11-29","0","",SL,"2007-11-29","0","",1,"",0,Rupiah,"2007-11-29","2008-12-26 22:19:57","2008-12-26 22:19:57",
2626,2414,"27000058",1,"27000058-001",INV/27000058-001,"2007-11-29","0","",SL,"2007-11-29","0","",1,"",0,Rupiah,"2007-11-29","2008-12-26 22:19:57","2008-12-26 22:19:57",
2627,2462,"27000045",1,"27000045-001",INV/27000045-001,"2007-11-29","0","",SL,"2007-11-29","0","",1,"",0,Rupiah,"2007-11-29","2008-12-26 22:19:57","2008-12-26 22:19:57",
2628,2463,"27000031",1,"27000031-001",INV/27000031-001,"2007-11-29","0","",SL,"2007-11-29","0","",1,"",0,Rupiah,"2007-11-29","2008-12-26 22:19:57","2008-12-26 22:19:57",
2629,2464,"27000023",1,"27000023-001",INV/27000023-001,"2007-11-29","0","",SL,"2007-11-29","0","",1,"",0,Rupiah,"2007-11-29","2008-12-26 22:19:57","2008-12-26 22:19:57",
2631,2466,"40000033",1,"40000033-001",INV/40000033-001,"2007-11-29","0","",SL,"2007-11-29","0","",1,"",0,Rupiah,"2007-11-29","2008-12-26 22:19:57","2008-12-26 22:19:57",
2632,2467,"19000095",1,"19000095-001",INV/19000095-001,"2007-11-29","0","",SL,"2007-11-29","0","",1,"",0,Rupiah,"2007-11-29","2008-12-26 22:19:57","2008-12-26 22:19:57",
2633,2450,"28000102",1,"28000102-002",INV/28000102-002,"2007-11-29","0","",SL,"2007-11-29","0","",1,"",0,Rupiah,"2007-11-29","2008-12-26 22:19:57","2008-12-26 22:19:57",
2634,868,"24000041",1,"24000041-002",INV/24000041-002,"2007-11-29","0","",SL,"2007-11-29","0","",1,"",0,Rupiah,"2007-11-29","2008-12-26 22:19:57","2008-12-26 22:19:57",
2635,2251,"24000615",1,"24000615-002",INV/24000615-002,"2007-11-29","0","",SL,"2007-11-29","0","",1,"",0,Rupiah,"2007-11-29","2008-12-26 22:19:57","2008-12-26 22:19:57",
2636,2468,"24000404",1,"24000404-002",INV/24000404-002,"2007-11-29","0","",SL,"2007-11-29","0","",1,"",0,Rupiah,"2007-11-29","2008-12-26 22:19:57","2008-12-26 22:19:57",
2637,2469,"24000405",1,"24000405-002",INV/24000405-002,"2007-11-29","0","",SL,"2007-11-29","0","",1,"",0,Rupiah,"2007-11-29","2008-12-26 22:19:57","2008-12-26 22:19:57",
2638,2182,"24000022",1,"24000022-002",INV/24000022-002,"2007-11-29","0","",SL,"2007-11-29","0","",1,"",0,Rupiah,"2007-11-29","2008-12-26 22:19:57","2008-12-26 22:19:57",
2639,2470,"28000014",1,"28000014-001",INV/28000014-001,"2007-11-29","0","",SL,"2007-11-29","0","",1,"",0,Rupiah,"2007-11-29","2008-12-26 22:19:57","2008-12-26 22:19:57",
2640,2181,"24000021",1,"24000021-002",INV/24000021-002,"2007-11-29","0","",SL,"2007-11-29","0","",1,"",0,Rupiah,"2007-11-29","2008-12-26 22:19:57","2008-12-26 22:19:57",
2641,863,"24000029",1,"24000029-002",INV/24000029-002,"2007-11-29","0","",SL,"2007-11-29","0","",1,"",0,Rupiah,"2007-11-29","2008-12-26 22:19:57","2008-12-26 22:19:57",
2642,2180,"24000028",1,"24000028-002",INV/24000028-002,"2007-11-29","0","",SL,"2007-11-29","0","",1,"",0,Rupiah,"2007-11-29","2008-12-26 22:19:57","2008-12-26 22:19:57",
2643,2179,"24000020",1,"24000020-002",INV/24000020-002,"2007-11-29","0","",SL,"2007-11-29","0","",1,"",0,Rupiah,"2007-11-29","2008-12-26 22:19:57","2008-12-26 22:19:57",
2644,2183,"24000036",1,"24000036-002",INV/24000036-002,"2007-11-29","0","",SL,"2007-11-29","0","",1,"",0,Rupiah,"2007-11-29","2008-12-26 22:19:57","2008-12-26 22:19:57",
2645,876,"24000047",1,"24000047-002",INV/24000047-002,"2007-11-29","0","",SL,"2007-11-29","0","",1,"",0,Rupiah,"2007-11-29","2008-12-26 22:19:57","2008-12-26 22:19:57",
2646,859,"24000008",1,"24000008-003",INV/24000008-003,"2007-11-29","0","",SL,"2007-11-29","0","",1,"",0,Rupiah,"2007-11-29","2008-12-26 22:19:57","2008-12-26 22:19:57",
2647,877,"24000048",1,"24000048-002",INV/24000048-002,"2007-11-29","0","",SL,"2007-11-29","0","",1,"",0,Rupiah,"2007-11-29","2008-12-26 22:19:57","2008-12-26 22:19:57",
2648,877,"24000048",1,"24000048-003",INV/24000048-003,"2007-11-29","0","",SL,"2007-11-29","0","",1,"",0,Rupiah,"2007-11-29","2008-12-26 22:19:57","2008-12-26 22:19:57",
2649,2177,"24000013",1,"24000013-002",INV/24000013-002,"2007-11-29","0","",SL,"2007-11-29","0","",1,"",0,Rupiah,"2007-11-29","2008-12-26 22:19:57","2008-12-26 22:19:57",
2650,1019,"24000201",1,"24000201-002",INV/24000201-002,"2007-11-29","0","",SL,"2007-11-29","0","",1,"",0,Rupiah,"2007-11-29","2008-12-26 22:19:57","2008-12-26 22:19:57",
2651,896,"24000075",1,"24000075-002",INV/24000075-002,"2007-11-29","0","",SL,"2007-11-29","0","",1,"",0,Rupiah,"2007-11-29","2008-12-26 22:19:57","2008-12-26 22:19:57",
2652,1537,"24000039",1,"24000039-003",INV/24000039-003,"2007-11-29","0","",SL,"2007-11-29","0","",1,"",0,Rupiah,"2007-11-29","2008-12-26 22:19:57","2008-12-26 22:19:57",
2653,1022,"24000204",1,"24000204-002",INV/24000204-002,"2007-11-29","0","",SL,"2007-11-29","0","",1,"",0,Rupiah,"2007-11-29","2008-12-26 22:19:57","2008-12-26 22:19:57",
2654,953,"24000126",1,"24000126-002",INV/24000126-002,"2007-11-29","0","",SL,"2007-11-29","0","",1,"",0,Rupiah,"2007-11-29","2008-12-26 22:19:57","2008-12-26 22:19:57",
2655,953,"24000126",1,"24000126-003",INV/24000126-003,"2007-11-29","0","",SL,"2007-11-29","0","",1,"",0,Rupiah,"2007-11-29","2008-12-26 22:19:57","2008-12-26 22:19:57",
2656,2471,"16000079",1,"16000079-001",INV/16000079-001,"2007-11-29","0","",SL,"2007-11-29","0","",1,"",0,Rupiah,"2007-11-29","2008-12-26 22:19:57","2008-12-26 22:19:57",
2657,2472,"16000078",1,"16000078-001",INV/16000078-001,"2007-11-29","0","",SL,"2007-11-29","0","",1,"",0,Rupiah,"2007-11-29","2008-12-26 22:19:57","2008-12-26 22:19:57",
2658,2473,"16000014",1,"16000014-001",INV/16000014-001,"2007-11-29","0","",SL,"2007-11-29","0","",1,"",0,Rupiah,"2007-11-29","2008-12-26 22:19:57","2008-12-26 22:19:57",
2659,2474,"15000254",1,"15000254-001",INV/15000254-001,"2007-11-29","0","",SL,"2007-11-29","0","",1,"",0,Rupiah,"2007-11-29","2008-12-26 22:19:57","2008-12-26 22:19:57",
2660,2475,"15000253",1,"15000253-001",INV/15000253-001,"2007-11-29","0","",SL,"2007-11-29","0","",1,"",0,Rupiah,"2007-11-29","2008-12-26 22:19:57","2008-12-26 22:19:57",
2661,2476,"15000252",1,"15000252-001",INV/15000252-001,"2007-11-29","0","",SL,"2007-11-29","0","",1,"",0,Rupiah,"2007-11-29","2008-12-26 22:19:57","2008-12-26 22:19:57",
2662,2477,"15000251",1,"15000251-001",INV/15000251-001,"2007-11-29","0","",SL,"2007-11-29","0","",1,"",0,Rupiah,"2007-11-29","2008-12-26 22:19:57","2008-12-26 22:19:57",
2663,2478,"15000250",1,"15000250-001",INV/15000250-001,"2007-11-29","0","",SL,"2007-11-29","0","",1,"",0,Rupiah,"2007-11-29","2008-12-26 22:19:57","2008-12-26 22:19:57",
2664,2479,"15000249",1,"15000249-001",INV/15000249-001,"2007-11-29","0","",SL,"2007-11-29","0","",1,"",0,Rupiah,"2007-11-29","2008-12-26 22:19:57","2008-12-26 22:19:57",
2665,2480,"14000060",1,"14000060-001",INV/14000060-001,"2007-11-29","0","",SL,"2007-11-29","0","",1,"",0,Rupiah,"2007-11-29","2008-12-26 22:19:57","2008-12-26 22:19:57",
2666,2481,"15000062",1,"15000062-002",INV/15000062-002,"2007-11-29","0","",SL,"2007-11-29","0","",1,"",0,Rupiah,"2007-11-29","2008-12-26 22:19:57","2008-12-26 22:19:57",
2667,2063,"15000169",1,"15000169-002",INV/15000169-002,"2007-11-29","0","",SL,"2007-11-29","0","",1,"",0,Rupiah,"2007-11-29","2008-12-26 22:19:57","2008-12-26 22:19:57",
2668,2482,"16000075",1,"16000075-002",INV/16000075-002,"2007-11-29","0","",SL,"2007-11-29","0","",1,"",0,Rupiah,"2007-11-29","2008-12-26 22:19:57","2008-12-26 22:19:57",
2669,2483,"16000056",1,"16000056-002",INV/16000056-002,"2007-11-29","0","",SL,"2007-11-29","0","",1,"",0,Rupiah,"2007-11-29","2008-12-26 22:19:57","2008-12-26 22:19:57",
2670,2484,"18000340",1,"18000340-002",INV/18000340-002,"2007-11-29","0","",SL,"2007-11-29","0","",1,"",0,Rupiah,"2007-11-29","2008-12-26 22:19:57","2008-12-26 22:19:57",
2671,2484,"18000340",1,"18000340-003",INV/18000340-003,"2007-11-29","0","",SL,"2007-11-29","0","",1,"",0,Rupiah,"2007-11-29","2008-12-26 22:19:57","2008-12-26 22:19:57",
2672,2485,"11000027",1,"11000027-002",INV/11000027-002,"2007-11-29","0","",SL,"2007-11-29","0","",1,"",0,Rupiah,"2007-11-29","2008-12-26 22:19:57","2008-12-26 22:19:57",
2673,2000,"11000136",1,"11000136-002",INV/11000136-002,"2007-11-29","0","",SL,"2007-11-29","0","",1,"",0,Rupiah,"2007-11-29","2008-12-26 22:19:57","2008-12-26 22:19:57",
2674,2486,"11000180",1,"11000180-002",INV/11000180-002,"2007-11-29","0","",SL,"2007-11-29","0","",1,"",0,Rupiah,"2007-11-29","2008-12-26 22:19:57","2008-12-26 22:19:57",
2675,2487,"11000033",1,"11000033-002",INV/11000033-002,"2007-11-29","0","",SL,"2007-11-29","0","",1,"",0,Rupiah,"2007-11-29","2008-12-26 22:19:57","2008-12-26 22:19:57",
2676,2486,"11000180",1,"11000180-003",INV/11000180-003,"2007-11-29","0","",SL,"2007-11-29","0","",1,"",0,Rupiah,"2007-11-29","2008-12-26 22:19:57","2008-12-26 22:19:57",
2677,2488,"11000067",1,"11000067-001",INV/11000067-001,"2007-11-29","0","",SL,"2007-11-29","0","",1,"",0,Rupiah,"2007-11-29","2008-12-26 22:19:57","2008-12-26 22:19:57",
2678,2489,"11000055",1,"11000055-001",INV/11000055-001,"2007-11-29","0","",SL,"2007-11-29","0","",1,"",0,Rupiah,"2007-11-29","2008-12-26 22:19:57","2008-12-26 22:19:57",
2679,2490,"13000101",1,"13000101-001",INV/13000101-001,"2007-11-29",,"",SL,"2007-11-29","0","",1,"",0,Rupiah,"2007-11-29","2008-12-26 22:19:57","2026-07-25 13:23:14",
2680,2491,"13000103",1,"13000103-001",INV/13000103-001,"2007-11-29","0","",SL,"2007-11-29","0","",1,"",0,Rupiah,"2007-11-29","2008-12-26 22:19:57","2008-12-26 22:19:57",
2681,2492,"40000037",1,"40000037-001",INV/40000037-001,"2007-11-29","0","",SL,"2007-11-29","0","",1,"",0,Rupiah,"2007-11-29","2008-12-26 22:19:57","2008-12-26 22:19:57",
2682,2493,"40000036",1,"40000036-001",INV/40000036-001,"2007-11-29","0","",SL,"2007-11-29","0","",1,"",0,Rupiah,"2007-11-29","2008-12-26 22:19:57","2008-12-26 22:19:57",
2683,2494,"40000035",1,"40000035-001",INV/40000035-001,"2007-11-29","0","",SL,"2007-11-29","0","",1,"",0,Rupiah,"2007-11-29","2008-12-26 22:19:57","2008-12-26 22:19:57",
2684,2495,"40000034",1,"40000034-001",INV/40000034-001,"2007-11-29","0","",SL,"2007-11-29","0","",1,"",0,Rupiah,"2007-11-29","2008-12-26 22:19:57","2008-12-26 22:19:57",
2685,2496,"27000138",1,"27000138-001",INV/27000138-001,"2007-11-29","0","",SL,"2007-11-29","0","",1,"",0,Rupiah,"2007-11-29","2008-12-26 22:19:57","2008-12-26 22:19:57",
2686,2497,"27000132",1,"27000132-001",INV/27000132-001,"2007-11-29","0","",SL,"2007-11-29","0","",1,"",0,Rupiah,"2007-11-29","2008-12-26 22:19:57","2008-12-26 22:19:57",
2687,2498,"16000108",1,"16000108-001",INV/16000108-001,"2007-11-29","0","",SL,"2007-11-29","0","",1,"",0,Rupiah,"2007-11-29","2008-12-26 22:19:57","2008-12-26 22:19:57",
2688,2499,"16000107",1,"16000107-001",INV/16000107-001,"2007-11-29","0","",SL,"2007-11-29","0","",1,"",0,Rupiah,"2007-11-29","2008-12-26 22:19:57","2008-12-26 22:19:57",
2689,2500,"16000106",1,"16000106-001",INV/16000106-001,"2007-11-29","0","",SL,"2007-11-29","0","",1,"",0,Rupiah,"2007-11-29","2008-12-26 22:19:57","2008-12-26 22:19:57",
2690,2501,"16000105",1,"16000105-001",INV/16000105-001,"2007-11-29","0","",SL,"2007-11-29","0","",1,"",0,Rupiah,"2007-11-29","2008-12-26 22:19:57","2008-12-26 22:19:57",
2691,2502,"16000104",1,"16000104-001",INV/16000104-001,"2007-11-29","0","",SL,"2007-11-29","0","",1,"",0,Rupiah,"2007-11-29","2008-12-26 22:19:57","2008-12-26 22:19:57",
2692,2503,"16000100",1,"16000100-001",INV/16000100-001,"2007-11-29","0","",SL,"2007-11-29","0","",1,"",0,Rupiah,"2007-11-29","2008-12-26 22:19:57","2008-12-26 22:19:57",
2693,2504,"16000119",1,"16000119-001",INV/16000119-001,"2007-11-29","0","",SL,"2007-11-29","0","",1,"",0,Rupiah,"2007-11-29","2008-12-26 22:19:57","2008-12-26 22:19:57",
2694,2505,"28000110",1,"28000110-002",INV/28000110-002,"2007-11-29","0","",SL,"2007-11-29","0","",1,"",0,Rupiah,"2007-11-29","2008-12-26 22:19:57","2008-12-26 22:19:57",
2695,2506,"28000021",1,"28000021-002",INV/28000021-002,"2007-11-29","0","",SL,"2007-11-29","0","",1,"",0,Rupiah,"2007-11-29","2008-12-26 22:19:57","2008-12-26 22:19:57",
2696,2507,"28000066",1,"28000066-002",INV/28000066-002,"2007-11-29","0","",SL,"2007-11-29","0","",1,"",0,Rupiah,"2007-11-29","2008-12-26 22:19:57","2008-12-26 22:19:57",
2697,2508,"28000121",1,"28000121-001",INV/28000121-001,"2007-11-29","0","",SL,"2007-11-29","0","",1,"",0,Rupiah,"2007-11-29","2008-12-26 22:19:57","2008-12-26 22:19:57",
2698,2509,"28000122",1,"28000122-001",INV/28000122-001,"2007-11-29","0","",SL,"2007-11-29","0","",1,"",0,Rupiah,"2007-11-29","2008-12-26 22:19:57","2008-12-26 22:19:57",
2699,2510,"24000478",1,"24000478-001",INV/24000478-001,"2007-11-29","0","",SL,"2007-11-29","0","",1,"",0,Rupiah,"2007-11-29","2008-12-26 22:19:57","2008-12-26 22:19:57",
2700,2511,"18000007",1,"18000007-002",INV/18000007-002,"2007-11-29","0","",SL,"2007-11-29","0","",1,"",0,Rupiah,"2007-11-29","2008-12-26 22:19:57","2008-12-26 22:19:57",
2701,2512,"14000061",1,"14000061-002",INV/14000061-002,"2007-11-29","0","",SL,"2007-11-29","0","",1,"",0,Rupiah,"2007-11-29","2008-12-26 22:19:57","2008-12-26 22:19:57",
2702,2513,"27000130",1,"27000130-002",INV/27000130-002,"2007-11-29","0","",SL,"2007-11-29","0","",1,"",0,Rupiah,"2007-11-29","2008-12-26 22:19:57","2008-12-26 22:19:57",
2703,2514,"15000247",1,"15000247-002",INV/15000247-002,"2007-11-29","0","",SL,"2007-11-29","0","",1,"",0,Rupiah,"2007-11-29","2008-12-26 22:19:57","2008-12-26 22:19:57",
2704,2515,"27000052",1,"27000052-002",INV/27000052-002,"2007-11-29","0","",SL,"2007-11-29","0","",1,"",0,Rupiah,"2007-11-29","2008-12-26 22:19:57","2008-12-26 22:19:57",
2705,2516,"21000062",1,"21000062-002",INV/21000062-002,"2007-11-29","0","",SL,"2007-11-29","0","",1,"",0,Rupiah,"2007-11-29","2008-12-26 22:19:57","2008-12-26 22:19:57",
2706,2517,"18000317",1,"18000317-001",INV/18000317-001,"2007-11-29","0","",SL,"2007-11-29","0","",1,"",0,Rupiah,"2007-11-29","2008-12-26 22:19:57","2008-12-26 22:19:57",
2707,2518,"24000056",1,"24000056-001",INV/24000056-001,"2007-11-29","0","",SL,"2007-11-29","0","",1,"",0,Rupiah,"2007-11-29","2008-12-26 22:19:57","2008-12-26 22:19:57",
2708,2519,"28000091",1,"28000091-002",INV/28000091-002,"2007-11-29","0","",SL,"2007-11-29","0","",1,"",0,Rupiah,"2007-11-29","2008-12-26 22:19:57","2008-12-26 22:19:57",
2709,2520,"13000086",1,"13000086-002",INV/13000086-002,"2007-11-29",,"",SL,"2007-11-29","0","",1,"",0,Rupiah,"2007-11-29","2008-12-26 22:19:57","2026-07-26 11:40:55",
2710,2521,"20000042",1,"20000042-002",INV/20000042-002,"2007-11-29","0","",SL,"2007-11-29","0","",1,"",0,Rupiah,"2007-11-29","2008-12-26 22:19:57","2008-12-26 22:19:57",
2711,2522,"11000198",1,"11000198-001",INV/11000198-001,"2007-11-29","0","",SL,"2007-11-29","0","",1,"",0,Rupiah,"2007-11-29","2008-12-26 22:19:57","2008-12-26 22:19:57",
2712,2523,"27000143",1,"27000143-002",INV/27000143-002,"2007-11-29","0","",SL,"2007-11-29","0","",1,"",0,Rupiah,"2007-11-29","2008-12-26 22:19:57","2008-12-26 22:19:57",
2713,2524,"24000769",1,"24000769-002",INV/24000769-002,"2007-11-29","0","",SL,"2007-11-29","0","",1,"",0,Rupiah,"2007-11-29","2008-12-26 22:19:57","2008-12-26 22:19:57",
2715,2525,"18000294",1,"18000294-001",INV/18000294-001,"2007-11-29","0","",SL,"2007-11-29","0","",1,"",0,Rupiah,"2007-11-29","2008-12-26 22:19:57","2008-12-26 22:19:57",
2716,2139,"24000582",1,"24000582-002",INV/24000582-002,"2007-11-29","0","",SL,"2007-11-29","0","",1,"",0,Rupiah,"2007-11-29","2008-12-26 22:19:57","2008-12-26 22:19:57",
2717,2526,"24000782",1,"24000782-001",INV/24000782-001,"2007-11-29","0","",SL,"2007-11-29","0","",1,"",0,Rupiah,"2007-11-29","2008-12-26 22:19:57","2008-12-26 22:19:57",
2718,2527,"13000116",1,"13000116-002",INV/13000116-002,"2007-11-29","0","",SL,"2007-11-29","0","",1,"",0,Rupiah,"2007-11-29","2008-12-26 22:19:57","2008-12-26 22:19:57",
2719,732,"15000258",1,"15000258-003",INV/15000258-003,"2007-11-29","0","",SL,"2007-11-29","0","",1,"",0,Rupiah,"2007-11-29","2008-12-26 22:19:57","2008-12-26 22:19:57",
2720,2528,"15000239",1,"15000239-002",INV/15000239-002,"2007-11-29","0","",SL,"2007-11-29","0","",1,"",0,Rupiah,"2007-11-29","2008-12-26 22:19:57","2008-12-26 22:19:57",
2721,2529,"27000121",1,"27000121-002",INV/27000121-002,"2007-11-29","0","",SL,"2007-11-29","0","",1,"",0,Rupiah,"2007-11-29","2008-12-26 22:19:57","2008-12-26 22:19:57",
2722,2530,"15000221",1,"15000221-002",INV/15000221-002,"2007-11-29","0","",SL,"2007-11-29","0","",1,"",0,Rupiah,"2007-11-29","2008-12-26 22:19:57","2008-12-26 22:19:57",
2723,2531,"12000269",1,"12000269-002",INV/12000269-002,"2007-11-29","0","",SL,"2007-11-29","0","",1,"",0,Rupiah,"2007-11-29","2008-12-26 22:19:57","2008-12-26 22:19:57",
2724,1948,"24000522",1,"24000522-002",INV/24000522-002,"2007-11-29","0","",SL,"2007-11-29","0","",1,"",0,Rupiah,"2007-11-29","2008-12-26 22:19:57","2008-12-26 22:19:57",
2725,2532,"11000036",1,"11000036-002",INV/11000036-002,"2007-11-29","0","",SL,"2007-11-29","0","",1,"",0,Rupiah,"2007-11-29","2008-12-26 22:19:57","2008-12-26 22:19:57",
2726,1954,"24000528",1,"24000528-002",INV/24000528-002,"2007-11-29","0","",SL,"2007-11-29","0","",1,"",0,Rupiah,"2007-11-29","2008-12-26 22:19:57","2008-12-26 22:19:57",
2727,2156,"26000112",1,"26000112-002",INV/26000112-002,"2007-11-29","0","",SL,"2007-11-29","0","",1,"",0,Rupiah,"2007-11-29","2008-12-26 22:19:57","2008-12-26 22:19:57",
2728,2235,"24000604",1,"24000604-001",INV/24000604-001,"2007-11-29","0","",SL,"2007-11-29","0","",1,"",0,Rupiah,"2007-11-29","2008-12-26 22:19:57","2008-12-26 22:19:57",
2729,2533,"26000147",1,"26000147-001",INV/26000147-001,"2007-11-29","0","",SL,"2007-11-29","0","",1,"",0,Rupiah,"2007-11-29","2008-12-26 22:19:57","2008-12-26 22:19:57",
2730,2534,"26000148",1,"26000148-001",INV/26000148-001,"2007-11-29","0","",SL,"2007-11-29","0","",1,"",0,Rupiah,"2007-11-29","2008-12-26 22:19:57","2008-12-26 22:19:57",
2731,2535,"18000318",1,"18000318-001",INV/18000318-001,"2007-11-29","0","",SL,"2007-11-29","0","",1,"",0,Rupiah,"2007-11-29","2008-12-26 22:19:57","2008-12-26 22:19:57",
2732,2536,"26000072",1,"26000072-002",INV/26000072-002,"2007-11-29","0","",SL,"2007-11-29","0","",1,"",0,Rupiah,"2007-11-29","2008-12-26 22:19:57","2008-12-26 22:19:57",
2733,2158,"26000114",1,"26000114-002",INV/26000114-002,"2007-11-29","0","",SL,"2007-11-29","0","",1,"",0,Rupiah,"2007-11-29","2008-12-26 22:19:57","2008-12-26 22:19:57",
2734,2147,"26000102",1,"26000102-002",INV/26000102-002,"2007-11-29","0","",SL,"2007-11-29","0","",1,"",0,Rupiah,"2007-11-29","2008-12-26 22:19:57","2008-12-26 22:19:57",
2735,2151,"26000107",1,"26000107-002",INV/26000107-002,"2007-11-29","0","",SL,"2007-11-29","0","",1,"",0,Rupiah,"2007-11-29","2008-12-26 22:19:57","2008-12-26 22:19:57",
2736,2152,"26000108",1,"26000108-002",INV/26000108-002,"2007-11-29","0","",SL,"2007-11-29","0","",1,"",0,Rupiah,"2007-11-29","2008-12-26 22:19:57","2008-12-26 22:19:57",
2737,2537,"27000151",1,"27000151-001",INV/27000151-001,"2007-11-29","0","",SL,"2007-11-29","0","",1,"",0,Rupiah,"2007-11-29","2008-12-26 22:19:57","2008-12-26 22:19:57",
2738,2538,"26000159",1,"26000159-002",INV/26000159-002,"2007-11-29","0","",SL,"2007-11-29","0","",1,"",0,Rupiah,"2007-11-29","2008-12-26 22:19:57","2008-12-26 22:19:57",
2739,2148,"26000104",1,"26000104-002",INV/26000104-002,"2007-11-29","0","",SL,"2007-11-29","0","",1,"",0,Rupiah,"2007-11-29","2008-12-26 22:19:57","2008-12-26 22:19:57",
2740,2539,"18000296",1,"18000296-001",INV/18000296-001,"2007-11-29","0","",SL,"2007-11-29","0","",1,"",0,Rupiah,"2007-11-29","2008-12-26 22:19:57","2008-12-26 22:19:57",
2741,2540,"24000189",1,"24000189-002",INV/24000189-002,"2007-11-29","0","",SL,"2007-11-29","0","",1,"",0,Rupiah,"2007-11-29","2008-12-26 22:19:57","2008-12-26 22:19:57",
2742,2166,"26000116",1,"26000116-002",INV/26000116-002,"2007-11-29","0","",SL,"2007-11-29","0","",1,"",0,Rupiah,"2007-11-29","2008-12-26 22:19:57","2008-12-26 22:19:57",
2743,2541,"28000124",1,"28000124-002",INV/28000124-002,"2007-11-29","0","",SL,"2007-11-29","0","",1,"",0,Rupiah,"2007-11-29","2008-12-26 22:19:57","2008-12-26 22:19:57",
2744,2542,"26000151",1,"26000151-002",INV/26000151-002,"2007-11-29","0","",SL,"2007-11-29","0","",1,"",0,Rupiah,"2007-11-29","2008-12-26 22:19:57","2008-12-26 22:19:57",
2745,2543,"26000138",1,"26000138-002",INV/26000138-002,"2007-11-29","0","",SL,"2007-11-29","0","",1,"",0,Rupiah,"2007-11-29","2008-12-26 22:19:57","2008-12-26 22:19:57",
2746,2148,"26000104",1,"26000104-003",INV/26000104-003,"2007-11-29","0","",SL,"2007-11-29","0","",1,"",0,Rupiah,"2007-11-29","2008-12-26 22:19:57","2008-12-26 22:19:57",
2747,2157,"26000113",1,"26000113-002",INV/26000113-002,"2007-11-29","0","",SL,"2007-11-29","0","",1,"",0,Rupiah,"2007-11-29","2008-12-26 22:19:57","2008-12-26 22:19:57",
2748,2544,"26000174",1,"26000174-002",INV/26000174-002,"2007-11-29","0","",SL,"2007-11-29","0","",1,"",0,Rupiah,"2007-11-29","2008-12-26 22:19:57","2008-12-26 22:19:57",
2750,2546,"18000323",1,"18000323-002",INV/18000323-002,"2007-11-29","0","",SL,"2007-11-29","0","",1,"",0,Rupiah,"2007-11-29","2008-12-26 22:19:57","2008-12-26 22:19:57",
2752,2548,"26000251",1,"26000251-002",INV/26000251-002,"2007-11-29","0","",SL,"2007-11-29","0","",1,"",0,Rupiah,"2007-11-29","2008-12-26 22:19:57","2008-12-26 22:19:57",
2753,2549,"26000252",1,"26000252-002",INV/26000252-002,"2007-11-29","0","",SL,"2007-11-29","0","",1,"",0,Rupiah,"2007-11-29","2008-12-26 22:19:57","2008-12-26 22:19:57",
2754,2550,"24000091",1,"24000091-002",INV/24000091-002,"2007-11-29","0","",SL,"2007-11-29","0","",1,"",0,Rupiah,"2007-11-29","2008-12-26 22:19:57","2008-12-26 22:19:57",
2755,2550,"24000091",1,"24000091-003",INV/24000091-003,"2007-11-29","0","",SL,"2007-11-29","0","",1,"",0,Rupiah,"2007-11-29","2008-12-26 22:19:57","2008-12-26 22:19:57",
2756,2374,"24000097",1,"24000097-002",INV/24000097-002,"2007-11-29","0","",SL,"2007-11-29","0","",1,"",0,Rupiah,"2007-11-29","2008-12-26 22:19:57","2008-12-26 22:19:57",
2757,2551,"24000724",1,"24000724-002",INV/24000724-002,"2007-11-29","0","",SL,"2007-11-29","0","",1,"",0,Rupiah,"2007-11-29","2008-12-26 22:19:57","2008-12-26 22:19:57",
2758,2552,"24000791",1,"24000791-002",INV/24000791-002,"2007-11-29","0","",SL,"2007-11-29","0","",1,"",0,Rupiah,"2007-11-29","2008-12-26 22:19:57","2008-12-26 22:19:57",
2759,2553,"26000259",1,"26000259-002",INV/26000259-002,"2007-11-29","0","",SL,"2007-11-29","0","",1,"",0,Rupiah,"2007-11-29","2008-12-26 22:19:57","2008-12-26 22:19:57",
2760,2554,"24000530",1,"24000530-001",INV/24000530-001,"2007-11-29","0","",SL,"2007-11-29","0","",1,"",0,Rupiah,"2007-11-29","2008-12-26 22:19:57","2008-12-26 22:19:57",
2761,2555,"12000060",1,"12000060-002",INV/12000060-002,"2007-11-29","0","",SL,"2007-11-29","0","",1,"",0,Rupiah,"2007-11-29","2008-12-26 22:19:57","2008-12-26 22:19:57",
2764,2558,"18000298",1,"18000298-001",INV/18000298-001,"2007-11-29","0","",SL,"2007-11-29","0","",1,"",0,Rupiah,"2007-11-29","2008-12-26 22:19:57","2008-12-26 22:19:57",
2765,2559,"26000275",1,"26000275-002",INV/26000275-002,"2007-11-29","0","",SL,"2007-11-29","0","",1,"",0,Rupiah,"2007-11-29","2008-12-26 22:19:57","2008-12-26 22:19:57",
2766,2559,"26000275",1,"26000275-003",INV/26000275-003,"2007-11-29","0","",SL,"2007-11-29","0","",1,"",0,Rupiah,"2007-11-29","2008-12-26 22:19:57","2008-12-26 22:19:57",
2767,2243,"23000079",1,"23000079-001",INV/23000079-001,"2007-11-29","0","",SL,"2007-11-29","0","",1,"",0,Rupiah,"2007-11-29","2008-12-26 22:19:57","2008-12-26 22:19:57",
2768,2262,"18000320",1,"18000320-001",INV/18000320-001,"2007-11-29","0","",SL,"2007-11-29","0","",1,"",0,Rupiah,"2007-11-29","2008-12-26 22:19:57","2008-12-26 22:19:57",
2769,2560,"11000035",1,"11000035-001",INV/11000035-001,"2007-11-29","0","",SL,"2007-11-29","0","",1,"",0,Rupiah,"2007-11-29","2008-12-26 22:19:57","2008-12-26 22:19:57",
2770,2415,"18000337",1,"18000337-001",INV/18000337-001,"2007-11-29","0","",SL,"2007-11-29","0","",1,"",0,Rupiah,"2007-11-29","2008-12-26 22:19:57","2008-12-26 22:19:57",
2771,2561,"18000299",1,"18000299-001",INV/18000299-001,"2007-11-29","0","",SL,"2007-11-29","0","",1,"",0,Rupiah,"2007-11-29","2008-12-26 22:19:57","2008-12-26 22:19:57",
2772,2562,"10000132",1,"10000132-002",INV/10000132-002,"2007-11-29","0","",SL,"2007-11-29","0","",1,"",0,Rupiah,"2007-11-29","2008-12-26 22:19:57","2008-12-26 22:19:57",
2773,2563,"24000573",1,"24000573-001",INV/24000573-001,"2007-11-29","0","",SL,"2007-11-29","0","",1,"",0,Rupiah,"2007-11-29","2008-12-26 22:19:57","2008-12-26 22:19:57",
2774,2564,"55000016",1,"55000016-001",INV/55000016-001,"2007-11-29","0","",SL,"2007-11-29","0","",1,"",0,Rupiah,"2007-11-29","2008-12-26 22:19:57","2008-12-26 22:19:57",
2775,2565,"55000017",1,"55000017-001",INV/55000017-001,"2007-11-29","0","",SL,"2007-11-29","0","",1,"",0,Rupiah,"2007-11-29","2008-12-26 22:19:57","2008-12-26 22:19:57",
2776,2566,"55000019",1,"55000019-001",INV/55000019-001,"2007-11-29","0","",SL,"2007-11-29","0","",1,"",0,Rupiah,"2007-11-29","2008-12-26 22:19:57","2008-12-26 22:19:57",
2777,2567,"55000021",1,"55000021-001",INV/55000021-001,"2007-11-29","0","",SL,"2007-11-29","0","",1,"",0,Rupiah,"2007-11-29","2008-12-26 22:19:57","2008-12-26 22:19:57",
2778,2568,"55000022",1,"55000022-001",INV/55000022-001,"2007-11-29","0","",SL,"2007-11-29","0","",1,"",0,Rupiah,"2007-11-29","2008-12-26 22:19:57","2008-12-26 22:19:57",
2779,2569,"55000023",1,"55000023-001",INV/55000023-001,"2007-11-29","0","",SL,"2007-11-29","0","",1,"",0,Rupiah,"2007-11-29","2008-12-26 22:19:57","2008-12-26 22:19:57",
2780,2570,"55000024",1,"55000024-001",INV/55000024-001,"2007-11-29","0","",SL,"2007-11-29","0","",1,"",0,Rupiah,"2007-11-29","2008-12-26 22:19:57","2008-12-26 22:19:57",
2781,2571,"55000025",1,"55000025-001",INV/55000025-001,"2007-11-29","0","",SL,"2007-11-29","0","",1,"",0,Rupiah,"2007-11-29","2008-12-26 22:19:57","2008-12-26 22:19:57",
2782,2572,"55000027",1,"55000027-001",INV/55000027-001,"2007-11-29","0","",SL,"2007-11-29","0","",1,"",0,Rupiah,"2007-11-29","2008-12-26 22:19:57","2008-12-26 22:19:57",
2783,2573,"55000028",1,"55000028-001",INV/55000028-001,"2007-11-29","0","",SL,"2007-11-29","0","",1,"",0,Rupiah,"2007-11-29","2008-12-26 22:19:57","2008-12-26 22:19:57",
2784,2574,"55000029",1,"55000029-001",INV/55000029-001,"2007-11-29","0","",SL,"2007-11-29","0","",1,"",0,Rupiah,"2007-11-29","2008-12-26 22:19:57","2008-12-26 22:19:57",
2786,2576,"24000717",1,"24000717-001",INV/24000717-001,"2007-11-29","0","",SL,"2007-11-29","0","",1,"",0,Rupiah,"2007-11-29","2008-12-26 22:19:57","2008-12-26 22:19:57",
2787,2577,"18000300",1,"18000300-001",INV/18000300-001,"2007-11-29","0","",SL,"2007-11-29","0","",1,"",0,Rupiah,"2007-11-29","2008-12-26 22:19:57","2008-12-26 22:19:57",
2788,2578,"18000321",1,"18000321-001",INV/18000321-001,"2007-11-29","0","",SL,"2007-11-29","0","",1,"",0,Rupiah,"2007-11-29","2008-12-26 22:19:57","2008-12-26 22:19:57",
2789,2579,"18000078",1,"18000078-001",INV/18000078-001,"2007-11-29","0","",SL,"2007-11-29","0","",1,"",0,Rupiah,"2007-11-29","2008-12-26 22:19:57","2008-12-26 22:19:57",
2792,2582,"18000302",1,"18000302-001",INV/18000302-001,"2007-11-29","0","",SL,"2007-11-29","0","",1,"",0,Rupiah,"2007-11-29","2008-12-26 22:19:57","2008-12-26 22:19:57",
2793,2583,"10000153",1,"10000153-001",INV/10000153-001,"2007-11-29","0","",SL,"2007-11-29","0","",1,"",0,Rupiah,"2007-11-29","2008-12-26 22:19:57","2008-12-26 22:19:57",
2794,2584,"18000322",1,"18000322-001",INV/18000322-001,"2007-11-29","0","",SL,"2007-11-29","0","",1,"",0,Rupiah,"2007-11-29","2008-12-26 22:19:57","2008-12-26 22:19:57",
2795,2585,"14000105",1,"14000105-002",INV/14000105-002,"2007-11-29","0","",SL,"2007-11-29","0","",1,"",0,Rupiah,"2007-11-29","2008-12-26 22:19:57","2008-12-26 22:19:57",
2796,2586,"14000106",1,"14000106-002",INV/14000106-002,"2007-11-29","0","",SL,"2007-11-29","0","",1,"",0,Rupiah,"2007-11-29","2008-12-26 22:19:57","2008-12-26 22:19:57",
2797,2587,"17000001",1,"17000001-001",INV/17000001-001,"2007-11-29","0","",SL,"2007-11-29","0","",1,"",0,Rupiah,"2007-11-29","2008-12-26 22:19:57","2008-12-26 22:19:57",
2798,472,"17000026",1,"17000026-002",INV/17000026-002,"2007-11-29","0","",SL,"2007-11-29","0","",1,"",0,Rupiah,"2007-11-29","2008-12-26 22:19:57","2008-12-26 22:19:57",
2799,2588,"17000103",1,"17000103-002",INV/17000103-002,"2007-11-29","0","",SL,"2007-11-29","0","",1,"",0,Rupiah,"2007-11-29","2008-12-26 22:19:57","2008-12-26 22:19:57",
2800,2589,"18000303",1,"18000303-001",INV/18000303-001,"2007-11-29","0","",SL,"2007-11-29","0","",1,"",0,Rupiah,"2007-11-29","2008-12-26 22:19:57","2008-12-26 22:19:57",
2801,48,"21000070",1,"21000070-002",INV/21000070-002,"2007-11-29","0","",SL,"2007-11-29","0","",1,"",0,Rupiah,"2007-11-29","2008-12-26 22:19:57","2008-12-26 22:19:57",
2802,2067,"17000102",1,"17000102-002",INV/17000102-002,"2007-11-29","0","",SL,"2007-11-29","0","",1,"",0,Rupiah,"2007-11-29","2008-12-26 22:19:57","2008-12-26 22:19:57",
2803,2067,"17000102",1,"17000102-003",INV/17000102-003,"2007-11-29","0","",SL,"2007-11-29","0","",1,"",0,Rupiah,"2007-11-29","2008-12-26 22:19:57","2008-12-26 22:19:57",
2805,2591,"18000304",1,"18000304-001",INV/18000304-001,"2007-11-29","0","",SL,"2007-11-29","0","",1,"",0,Rupiah,"2007-11-29","2008-12-26 22:19:57","2008-12-26 22:19:57",
2806,2546,"18000323",1,"18000323-001",INV/18000323-001,"2007-11-29","0","",SL,"2007-11-29","0","",1,"",0,Rupiah,"2007-11-29","2008-12-26 22:19:57","2008-12-26 22:19:57",
2809,2594,"24000360",1,"24000360-001",INV/24000360-001,"2007-11-29","0","",SL,"2007-11-29","0","",1,"",0,Rupiah,"2007-11-29","2008-12-26 22:19:57","2008-12-26 22:19:57",
2811,2596,"24000783",1,"24000783-001",INV/24000783-001,"2007-11-29","0","",SL,"2007-11-29","0","",1,"",0,Rupiah,"2007-11-29","2008-12-26 22:19:57","2008-12-26 22:19:57",
2812,2597,"18000305",1,"18000305-001",INV/18000305-001,"2007-11-29","0","",SL,"2007-11-29","0","",1,"",0,Rupiah,"2007-11-29","2008-12-26 22:19:57","2008-12-26 22:19:57",
2815,2600,"23000081",1,"23000081-001",INV/23000081-001,"2007-11-29","0","",SL,"2007-11-29","0","",1,"",0,Rupiah,"2007-11-29","2008-12-26 22:19:57","2008-12-26 22:19:57",
2816,2601,"28000042",1,"28000042-001",INV/28000042-001,"2007-11-29","0","",SL,"2007-11-29","0","",1,"",0,Rupiah,"2007-11-29","2008-12-26 22:19:57","2008-12-26 22:19:57",
2819,2604,"18000307",1,"18000307-001",INV/18000307-001,"2007-11-29","0","",SL,"2007-11-29","0","",1,"",0,Rupiah,"2007-11-29","2008-12-26 22:19:57","2008-12-26 22:19:57",
2820,2605,"18000325",1,"18000325-001",INV/18000325-001,"2007-11-29","0","",SL,"2007-11-29","0","",1,"",0,Rupiah,"2007-11-29","2008-12-26 22:19:57","2008-12-26 22:19:57",
2825,2610,"18000326",1,"18000326-001",INV/18000326-001,"2007-11-29","0","",SL,"2007-11-29","0","",1,"",0,Rupiah,"2007-11-29","2008-12-26 22:19:57","2008-12-26 22:19:57",
2827,2612,"15000123",1,"15000123-001",INV/15000123-001,"2007-11-29","0","",SL,"2007-11-29","0","",1,"",0,Rupiah,"2007-11-29","2008-12-26 22:19:57","2008-12-26 22:19:57",
2829,2614,"28000002",1,"28000002-001",INV/28000002-001,"2007-11-29","0","",SL,"2007-11-29","0","",1,"",0,Rupiah,"2007-11-29","2008-12-26 22:19:57","2008-12-26 22:19:57",
2831,2616,"15000124",1,"15000124-001",INV/15000124-001,"2007-11-29","0","",SL,"2007-11-29","0","",1,"",0,Rupiah,"2007-11-29","2008-12-26 22:19:57","2008-12-26 22:19:57",
2832,2617,"15000125",1,"15000125-001",INV/15000125-001,"2007-11-29","0","",SL,"2007-11-29","0","",1,"",0,Rupiah,"2007-11-29","2008-12-26 22:19:57","2008-12-26 22:19:57",
2835,2620,"15000126",1,"15000126-001",INV/15000126-001,"2007-11-29","0","",SL,"2007-11-29","0","",1,"",0,Rupiah,"2007-11-29","2008-12-26 22:19:57","2008-12-26 22:19:57",
2836,2621,"22000111",1,"22000111-001",INV/22000111-001,"2007-11-29","0","",SL,"2007-11-29","0","",1,"",0,Rupiah,"2007-11-29","2008-12-26 22:19:57","2008-12-26 22:19:57",
2837,2622,"11000083",1,"11000083-001",INV/11000083-001,"2007-11-29","0","",SL,"2007-11-29","0","",1,"",0,Rupiah,"2007-11-29","2008-12-26 22:19:57","2008-12-26 22:19:57",
2840,2624,"15000127",1,"15000127-001",INV/15000127-001,"2007-11-29","0","",SL,"2007-11-29","0","",1,"",0,Rupiah,"2007-11-29","2008-12-26 22:19:57","2008-12-26 22:19:57",
2849,2402,"15000128",1,"15000128-001",INV/15000128-001,"2007-11-29","0","",SL,"2007-11-29","0","",1,"",0,Rupiah,"2007-11-29","2008-12-26 22:19:57","2008-12-26 22:19:57",
2854,2637,"15000129",1,"15000129-001",INV/15000129-001,"2007-11-29","0","",SL,"2007-11-29","0","",1,"",0,Rupiah,"2007-11-29","2008-12-26 22:19:57","2008-12-26 22:19:57",
2858,240,"12000159",1,"12000159-001",INV/12000159-001,"2007-11-29","0","",SL,"2007-11-29","0","",1,"",0,Rupiah,"2007-11-29","2008-12-26 22:19:57","2008-12-26 22:19:57",
2859,2641,"24000267",1,"24000267-001",INV/24000267-001,"2007-11-29","0","",SL,"2007-11-29","0","",1,"",0,Rupiah,"2007-11-29","2008-12-26 22:19:57","2008-12-26 22:19:57",
2860,2642,"15000130",1,"15000130-001",INV/15000130-001,"2007-11-29","0","",SL,"2007-11-29","0","",1,"",0,Rupiah,"2007-11-29","2008-12-26 22:19:57","2008-12-26 22:19:57",
2867,2648,"15000131",1,"15000131-001",INV/15000131-001,"2007-11-29","0","",SL,"2007-11-29","0","",1,"",0,Rupiah,"2007-11-29","2008-12-26 22:19:57","2008-12-26 22:19:57",
2872,2653,"18000192",1,"18000192-001",INV/18000192-001,"2007-11-29","0","",SL,"2007-11-29","0","",1,"",0,Rupiah,"2007-11-29","2008-12-26 22:19:57","2008-12-26 22:19:57",
2874,2655,"18000195",1,"18000195-001",INV/18000195-001,"2007-11-29","0","",SL,"2007-11-29","0","",1,"",0,Rupiah,"2007-11-29","2008-12-26 22:19:57","2008-12-26 22:19:57",
2877,2658,"15000132",1,"15000132-001",INV/15000132-001,"2007-11-29","0","",SL,"2007-11-29","0","",1,"",0,Rupiah,"2007-11-29","2008-12-26 22:19:57","2008-12-26 22:19:57",
2879,2660,"15000133",1,"15000133-001",INV/15000133-001,"2007-11-29","0","",SL,"2007-11-29","0","",1,"",0,Rupiah,"2007-11-29","2008-12-26 22:19:57","2008-12-26 22:19:57",
2881,2662,"15000134",1,"15000134-001",INV/15000134-001,"2007-11-29","0","",SL,"2007-11-29","0","",1,"",0,Rupiah,"2007-11-29","2008-12-26 22:19:57","2008-12-26 22:19:57",
2883,2664,"15000135",1,"15000135-001",INV/15000135-001,"2007-11-29","0","",SL,"2007-11-29","0","",1,"",0,Rupiah,"2007-11-29","2008-12-26 22:19:57","2008-12-26 22:19:57",
2884,2665,"12000120",1,"12000120-001",INV/12000120-001,"2007-11-29","0","",SL,"2007-11-29","0","",1,"",0,Rupiah,"2007-11-29","2008-12-26 22:19:57","2008-12-26 22:19:57",
2885,2666,"12000121",1,"12000121-001",INV/12000121-001,"2007-11-29","0","",SL,"2007-11-29","0","",1,"",0,Rupiah,"2007-11-29","2008-12-26 22:19:57","2008-12-26 22:19:57",
2887,2668,"24000288",1,"24000288-001",INV/24000288-001,"2007-11-29","0","",SL,"2007-11-29","0","",1,"",0,Rupiah,"2007-11-29","2008-12-26 22:19:57","2008-12-26 22:19:57",
2888,2669,"24000291",1,"24000291-001",INV/24000291-001,"2007-11-29","0","",SL,"2007-11-29","0","",1,"",0,Rupiah,"2007-11-29","2008-12-26 22:19:57","2008-12-26 22:19:57",
2889,2670,"28000022",1,"28000022-001",INV/28000022-001,"2007-11-29","0","",SL,"2007-11-29","0","",1,"",0,Rupiah,"2007-11-29","2008-12-26 22:19:57","2008-12-26 22:19:57",
2890,2671,"24000292",1,"24000292-001",INV/24000292-001,"2007-11-29","0","",SL,"2007-11-29","0","",1,"",0,Rupiah,"2007-11-29","2008-12-26 22:19:57","2008-12-26 22:19:57",
2891,2672,"24000293",1,"24000293-001",INV/24000293-001,"2007-11-29","0","",SL,"2007-11-29","0","",1,"",0,Rupiah,"2007-11-29","2008-12-26 22:19:57","2008-12-26 22:19:57",
2892,2673,"18000366",1,"18000366-001",INV/18000366-001,"2007-11-29","0","",SL,"2007-11-29","0","",1,"",0,Rupiah,"2007-11-29","2008-12-26 22:19:57","2008-12-26 22:19:57",
2893,2674,"24000299",1,"24000299-001",INV/24000299-001,"2007-11-29","0","",SL,"2007-11-29","0","",1,"",0,Rupiah,"2007-11-29","2008-12-26 22:19:57","2008-12-26 22:19:57",
2894,2675,"15000210",1,"15000210-001",INV/15000210-001,"2007-11-29","0","",SL,"2007-11-29","0","",1,"",0,Rupiah,"2007-11-29","2008-12-26 22:19:57","2008-12-26 22:19:57",
2895,2676,"24000295",1,"24000295-001",INV/24000295-001,"2007-11-29","0","",SL,"2007-11-29","0","",1,"",0,Rupiah,"2007-11-29","2008-12-26 22:19:57","2008-12-26 22:19:57",
2896,2516,"21000062",1,"21000062-001",INV/21000062-001,"2007-11-29","0","",SL,"2007-11-29","0","",1,"",0,Rupiah,"2007-11-29","2008-12-26 22:19:57","2008-12-26 22:19:57",
2897,2677,"18000367",1,"18000367-001",INV/18000367-001,"2007-11-29","0","",SL,"2007-11-29","0","",1,"",0,Rupiah,"2007-11-29","2008-12-26 22:19:57","2008-12-26 22:19:57",
2899,2679,"27000101",1,"27000101-001",INV/27000101-001,"2007-11-29","0","",SL,"2007-11-29","0","",1,"",0,Rupiah,"2007-11-29","2008-12-26 22:19:57","2008-12-26 22:19:57",
2900,2680,"16000047",1,"16000047-001",INV/16000047-001,"2007-11-29","0","",SL,"2007-11-29","0","",1,"",0,Rupiah,"2007-11-29","2008-12-26 22:19:57","2008-12-26 22:19:57",
2902,2682,"18000371",1,"18000371-001",INV/18000371-001,"2007-11-29","0","",SL,"2007-11-29","0","",1,"",0,Rupiah,"2007-11-29","2008-12-26 22:19:57","2008-12-26 22:19:57",
2909,2689,"15000211",1,"15000211-001",INV/15000211-001,"2007-11-29","0","",SL,"2007-11-29","0","",1,"",0,Rupiah,"2007-11-29","2008-12-26 22:19:57","2008-12-26 22:19:57",
2910,2690,"15000192",1,"15000192-001",INV/15000192-001,"2007-11-29","0","",SL,"2007-11-29","0","",1,"",0,Rupiah,"2007-11-29","2008-12-26 22:19:57","2008-12-26 22:19:57",
2912,2692,"18000199",1,"18000199-001",INV/18000199-001,"2007-11-29","0","",SL,"2007-11-29","0","",1,"",0,Rupiah,"2007-11-29","2008-12-26 22:19:57","2008-12-26 22:19:57",
5071,4720,"21000080",1,"21000080-002",INV/21000080-001,"2026-08-09","0","",SL,"2026-08-09","0","",1,"",0,,"2026-08-09","2026-08-09 09:59:35","2026-08-09 09:59:35",1
2917,2697,"11000143",1,"11000143-001",INV/11000143-001,"2007-11-29","0","",SL,"2007-11-29","0","",1,"",0,Rupiah,"2007-11-29","2008-12-26 22:19:57","2008-12-26 22:19:57",
2920,2700,"24000605",1,"24000605-001",INV/24000605-001,"2007-11-29","0","",SL,"2007-11-29","0","",1,"",0,Rupiah,"2007-11-29","2008-12-26 22:19:57","2008-12-26 22:19:57",
2927,2707,"15000259",1,"15000259-001",INV/15000259-001,"2007-11-29","0","",SL,"2007-11-29","0","",1,"",0,Rupiah,"2007-11-29","2008-12-26 22:19:57","2008-12-26 22:19:57",
2928,2708,"15000260",1,"15000260-001",INV/15000260-001,"2007-11-29","0","",SL,"2007-11-29","0","",1,"",0,Rupiah,"2007-11-29","2008-12-26 22:19:57","2008-12-26 22:19:57",
5017,4685,"13000166",1,"13000166-001",INV/13000166-001,"2026-08-02","0","",SL,"2026-08-02","0","",1,"",0,,"2026-08-02","2026-08-02 09:55:19","2026-08-02 09:55:19",1
5018,4686,"13000167",1,"13000167-001",INV/13000167-001,"2026-08-02","0","",SL,"2026-08-02","0","",1,"",0,,"2026-08-02","2026-08-02 09:57:18","2026-08-02 09:57:18",1
5019,4687,"13000168",1,"13000168-001",INV/13000168-001,"2026-08-02","0","",SL,"2026-08-02","0","",1,"",0,,"2026-08-02","2026-08-02 09:58:44","2026-08-02 09:58:44",1
2941,2720,"24000392",1,"24000392-001",INV/24000392-001,"2007-11-29","0","",SL,"2007-11-29","0","",1,"",0,Rupiah,"2007-11-29","2008-12-26 22:19:57","2008-12-26 22:19:57",
2943,2722,"24000391",1,"24000391-001",INV/24000391-001,"2007-11-29","0","",SL,"2007-11-29","0","",1,"",0,Rupiah,"2007-11-29","2008-12-26 22:19:57","2008-12-26 22:19:57",
2945,2724,"24000390",1,"24000390-001",INV/24000390-001,"2007-11-29","0","",SL,"2007-11-29","0","",1,"",0,Rupiah,"2007-11-29","2008-12-26 22:19:57","2008-12-26 22:19:57",
2946,2725,"24000389",1,"24000389-001",INV/24000389-001,"2007-11-29","0","",SL,"2007-11-29","0","",1,"",0,Rupiah,"2007-11-29","2008-12-26 22:19:57","2008-12-26 22:19:57",
2947,2726,"24000388",1,"24000388-001",INV/24000388-001,"2007-11-29","0","",SL,"2007-11-29","0","",1,"",0,Rupiah,"2007-11-29","2008-12-26 22:19:57","2008-12-26 22:19:57",
2948,2727,"24000471",1,"24000471-001",INV/24000471-001,"2007-11-29","0","",SL,"2007-11-29","0","",1,"",0,Rupiah,"2007-11-29","2008-12-26 22:19:57","2008-12-26 22:19:57",
2949,2728,"24000387",1,"24000387-001",INV/24000387-001,"2007-11-29","0","",SL,"2007-11-29","0","",1,"",0,Rupiah,"2007-11-29","2008-12-26 22:19:57","2008-12-26 22:19:57",
2950,2729,"24000386",1,"24000386-001",INV/24000386-001,"2007-11-29","0","",SL,"2007-11-29","0","",1,"",0,Rupiah,"2007-11-29","2008-12-26 22:19:57","2008-12-26 22:19:57",
2951,2730,"24000385",1,"24000385-001",INV/24000385-001,"2007-11-29","0","",SL,"2007-11-29","0","",1,"",0,Rupiah,"2007-11-29","2008-12-26 22:19:57","2008-12-26 22:19:57",
2952,2731,"24000397",1,"24000397-001",INV/24000397-001,"2007-11-29","0","",SL,"2007-11-29","0","",1,"",0,Rupiah,"2007-11-29","2008-12-26 22:19:57","2008-12-26 22:19:57",
2953,2732,"24000395",1,"24000395-001",INV/24000395-001,"2007-11-29","0","",SL,"2007-11-29","0","",1,"",0,Rupiah,"2007-11-29","2008-12-26 22:19:57","2008-12-26 22:19:57",
2954,2733,"24000409",1,"24000409-001",INV/24000409-001,"2007-11-29","0","",SL,"2007-11-29","0","",1,"",0,Rupiah,"2007-11-29","2008-12-26 22:19:57","2008-12-26 22:19:57",
2955,2734,"24000414",1,"24000414-001",INV/24000414-001,"2007-11-29","0","",SL,"2007-11-29","0","",1,"",0,Rupiah,"2007-11-29","2008-12-26 22:19:57","2008-12-26 22:19:57",
2956,2735,"24000415",1,"24000415-001",INV/24000415-001,"2007-11-29","0","",SL,"2007-11-29","0","",1,"",0,Rupiah,"2007-11-29","2008-12-26 22:19:57","2008-12-26 22:19:57",
2957,2736,"24000410",1,"24000410-001",INV/24000410-001,"2007-11-29","0","",SL,"2007-11-29","0","",1,"",0,Rupiah,"2007-11-29","2008-12-26 22:19:57","2008-12-26 22:19:57",
2958,2737,"24000466",1,"24000466-001",INV/24000466-001,"2007-11-29","0","",SL,"2007-11-29","0","",1,"",0,Rupiah,"2007-11-29","2008-12-26 22:19:57","2008-12-26 22:19:57",
2959,2738,"24000406",1,"24000406-001",INV/24000406-001,"2007-11-29","0","",SL,"2007-11-29","0","",1,"",0,Rupiah,"2007-11-29","2008-12-26 22:19:57","2008-12-26 22:19:57",
2960,2469,"24000405",1,"24000405-001",INV/24000405-001,"2007-11-29","0","",SL,"2007-11-29","0","",1,"",0,Rupiah,"2007-11-29","2008-12-26 22:19:57","2008-12-26 22:19:57",
2961,2468,"24000404",1,"24000404-001",INV/24000404-001,"2007-11-29","0","",SL,"2007-11-29","0","",1,"",0,Rupiah,"2007-11-29","2008-12-26 22:19:57","2008-12-26 22:19:57",
2962,2739,"24000403",1,"24000403-001",INV/24000403-001,"2007-11-29","0","",SL,"2007-11-29","0","",1,"",0,Rupiah,"2007-11-29","2008-12-26 22:19:57","2008-12-26 22:19:57",
2963,2261,"24000401",1,"24000401-001",INV/24000401-001,"2007-11-29","0","",SL,"2007-11-29","0","",1,"",0,Rupiah,"2007-11-29","2008-12-26 22:19:57","2008-12-26 22:19:57",
2964,2740,"24000463",1,"24000463-001",INV/24000463-001,"2007-11-29","0","",SL,"2007-11-29","0","",1,"",0,Rupiah,"2007-11-29","2008-12-26 22:19:57","2008-12-26 22:19:57",
2965,2741,"24000495",1,"24000495-001",INV/24000495-001,"2007-11-29","0","",SL,"2007-11-29","0","",1,"",0,Rupiah,"2007-11-29","2008-12-26 22:19:57","2008-12-26 22:19:57",
2966,2742,"24000496",1,"24000496-001",INV/24000496-001,"2007-11-29","0","",SL,"2007-11-29","0","",1,"",0,Rupiah,"2007-11-29","2008-12-26 22:19:57","2008-12-26 22:19:57",
2967,2743,"24000497",1,"24000497-001",INV/24000497-001,"2007-11-29","0","",SL,"2007-11-29","0","",1,"",0,Rupiah,"2007-11-29","2008-12-26 22:19:57","2008-12-26 22:19:57",
2968,2744,"24000457",1,"24000457-001",INV/24000457-001,"2007-11-29","0","",SL,"2007-11-29","0","",1,"",0,Rupiah,"2007-11-29","2008-12-26 22:19:57","2008-12-26 22:19:57",
2969,2745,"24000459",1,"24000459-001",INV/24000459-001,"2007-11-29","0","",SL,"2007-11-29","0","",1,"",0,Rupiah,"2007-11-29","2008-12-26 22:19:57","2008-12-26 22:19:57",
2970,2746,"10000113",1,"10000113-001",INV/10000113-001,"2007-11-29","0","",SL,"2007-11-29","0","",1,"",0,Rupiah,"2007-11-29","2008-12-26 22:19:57","2008-12-26 22:19:57",
2971,2747,"10000110",1,"10000110-001",INV/10000110-001,"2007-11-29","0","",SL,"2007-11-29","0","",1,"",0,Rupiah,"2007-11-29","2008-12-26 22:19:57","2008-12-26 22:19:57",
2972,2748,"10000114",1,"10000114-001",INV/10000114-001,"2007-11-29","0","",SL,"2007-11-29","0","",1,"",0,Rupiah,"2007-11-29","2008-12-26 22:19:57","2008-12-26 22:19:57",
2973,2749,"26000064",1,"26000064-001",INV/26000064-001,"2007-11-29","0","",SL,"2007-11-29","0","",1,"",0,Rupiah,"2007-11-29","2008-12-26 22:19:57","2008-12-26 22:19:57",
2974,2750,"10000112",1,"10000112-001",INV/10000112-001,"2007-11-29","0","",SL,"2007-11-29","0","",1,"",0,Rupiah,"2007-11-29","2008-12-26 22:19:57","2008-12-26 22:19:57",
2975,2751,"26000065",1,"26000065-001",INV/26000065-001,"2007-11-29","0","",SL,"2007-11-29","0","",1,"",0,Rupiah,"2007-11-29","2008-12-26 22:19:57","2008-12-26 22:19:57",
2976,2752,"19000071",1,"19000071-001",INV/19000071-001,"2007-11-29","0","",SL,"2007-11-29","0","",1,"",0,Rupiah,"2007-11-29","2008-12-26 22:19:57","2008-12-26 22:19:57",
2977,2753,"19000072",1,"19000072-001",INV/19000072-001,"2007-11-29","0","",SL,"2007-11-29","0","",1,"",0,Rupiah,"2007-11-29","2008-12-26 22:19:57","2008-12-26 22:19:57",
2978,2754,"26000066",1,"26000066-001",INV/26000066-001,"2007-11-29","0","",SL,"2007-11-29","0","",1,"",0,Rupiah,"2007-11-29","2008-12-26 22:19:57","2008-12-26 22:19:57",
2979,2755,"10000115",1,"10000115-001",INV/10000115-001,"2007-11-29","0","",SL,"2007-11-29","0","",1,"",0,Rupiah,"2007-11-29","2008-12-26 22:19:57","2008-12-26 22:19:57",
2980,2756,"19000073",1,"19000073-001",INV/19000073-001,"2007-11-29","0","",SL,"2007-11-29","0","",1,"",0,Rupiah,"2007-11-29","2008-12-26 22:19:57","2008-12-26 22:19:57",
2981,2757,"26000067",1,"26000067-001",INV/26000067-001,"2007-11-29","0","",SL,"2007-11-29","0","",1,"",0,Rupiah,"2007-11-29","2008-12-26 22:19:57","2008-12-26 22:19:57",
2982,2758,"21000031",1,"21000031-001",INV/21000031-001,"2007-11-29","0","",SL,"2007-11-29","0","",1,"",0,Rupiah,"2007-11-29","2008-12-26 22:19:57","2008-12-26 22:19:57",
2983,2759,"21000032",1,"21000032-001",INV/21000032-001,"2007-11-29","0","",SL,"2007-11-29","0","",1,"",0,Rupiah,"2007-11-29","2008-12-26 22:19:57","2008-12-26 22:19:57",
2984,2760,"26000068",1,"26000068-001",INV/26000068-001,"2007-11-29","0","",SL,"2007-11-29","0","",1,"",0,Rupiah,"2007-11-29","2008-12-26 22:19:57","2008-12-26 22:19:57",
2985,2761,"16000137",1,"16000137-001",INV/16000137-001,"2007-11-29","0","",SL,"2007-11-29","0","",1,"",0,Rupiah,"2007-11-29","2008-12-26 22:19:57","2008-12-26 22:19:57",
2986,2762,"28000139",1,"28000139-001",INV/28000139-001,"2007-11-29","0","",SL,"2007-11-29","0","",1,"",0,Rupiah,"2007-11-29","2008-12-26 22:19:57","2008-12-26 22:19:57",
2987,1369,"26000098",1,"26000098-001",INV/26000098-001,"2007-11-29","0","",SL,"2007-11-29","0","",1,"",0,Rupiah,"2007-11-29","2008-12-26 22:19:57","2008-12-26 22:19:57",
2988,2763,"23000062",1,"23000062-001",INV/23000062-001,"2007-11-29","0","",SL,"2007-11-29","0","",1,"",0,Rupiah,"2007-11-29","2008-12-26 22:19:57","2008-12-26 22:19:57",
2990,2765,"27000097",1,"27000097-001",INV/27000097-001,"2007-11-29","0","",SL,"2007-11-29","0","",1,"",0,Rupiah,"2007-11-29","2008-12-26 22:19:57","2008-12-26 22:19:57",
2991,2766,"21000033",1,"21000033-001",INV/21000033-001,"2007-11-29","0","",SL,"2007-11-29","0","",1,"",0,Rupiah,"2007-11-29","2008-12-26 22:19:57","2008-12-26 22:19:57",
2992,2767,"21000034",1,"21000034-001",INV/21000034-001,"2007-11-29","0","",SL,"2007-11-29","0","",1,"",0,Rupiah,"2007-11-29","2008-12-26 22:19:57","2008-12-26 22:19:57",
2993,2768,"26000069",1,"26000069-001",INV/26000069-001,"2007-11-29","0","",SL,"2007-11-29","0","",1,"",0,Rupiah,"2007-11-29","2008-12-26 22:19:57","2008-12-26 22:19:57",
2994,2769,"21000035",1,"21000035-001",INV/21000035-001,"2007-11-29","0","",SL,"2007-11-29","0","",1,"",0,Rupiah,"2007-11-29","2008-12-26 22:19:57","2008-12-26 22:19:57",
2995,2770,"26000070",1,"26000070-001",INV/26000070-001,"2007-11-29","0","",SL,"2007-11-29","0","",1,"",0,Rupiah,"2007-11-29","2008-12-26 22:19:57","2008-12-26 22:19:57",
2996,2771,"21000038",1,"21000038-001",INV/21000038-001,"2007-11-29","0","",SL,"2007-11-29","0","",1,"",0,Rupiah,"2007-11-29","2008-12-26 22:19:57","2008-12-26 22:19:57",
2997,2772,"26000071",1,"26000071-001",INV/26000071-001,"2007-11-29","0","",SL,"2007-11-29","0","",1,"",0,Rupiah,"2007-11-29","2008-12-26 22:19:57","2008-12-26 22:19:57",
2998,2773,"21000039",1,"21000039-001",INV/21000039-001,"2007-11-29","0","",SL,"2007-11-29","0","",1,"",0,Rupiah,"2007-11-29","2008-12-26 22:19:57","2008-12-26 22:19:57",
2999,2536,"26000072",1,"26000072-001",INV/26000072-001,"2007-11-29","0","",SL,"2007-11-29","0","",1,"",0,Rupiah,"2007-11-29","2008-12-26 22:19:57","2008-12-26 22:19:57",
3000,2774,"25000026",1,"25000026-001",INV/25000026-001,"2007-11-29","0","",SL,"2007-11-29","0","",1,"",0,Rupiah,"2007-11-29","2008-12-26 22:19:57","2008-12-26 22:19:57",
3001,2775,"11000099",1,"11000099-001",INV/11000099-001,"2007-11-29","0","",SL,"2007-11-29","0","",1,"",0,Rupiah,"2007-11-29","2008-12-26 22:19:57","2008-12-26 22:19:57",
3002,2776,"11000100",1,"11000100-001",INV/11000100-001,"2007-11-29","0","",SL,"2007-11-29","0","",1,"",0,Rupiah,"2007-11-29","2008-12-26 22:19:57","2008-12-26 22:19:57",
3003,2777,"26000073",1,"26000073-001",INV/26000073-001,"2007-11-29","0","",SL,"2007-11-29","0","",1,"",0,Rupiah,"2007-11-29","2008-12-26 22:19:57","2008-12-26 22:19:57",
3004,2778,"11000101",1,"11000101-001",INV/11000101-001,"2007-11-29","0","",SL,"2007-11-29","0","",1,"",0,Rupiah,"2007-11-29","2008-12-26 22:19:57","2008-12-26 22:19:57",
3005,2779,"25000028",1,"25000028-001",INV/25000028-001,"2007-11-29","0","",SL,"2007-11-29","0","",1,"",0,Rupiah,"2007-11-29","2008-12-26 22:19:57","2008-12-26 22:19:57",
3006,2780,"11000103",1,"11000103-001",INV/11000103-001,"2007-11-29","0","",SL,"2007-11-29","0","",1,"",0,Rupiah,"2007-11-29","2008-12-26 22:19:57","2008-12-26 22:19:57",
3007,2780,"11000103",1,"11000103-002",INV/11000103-002,"2007-11-29","0","",SL,"2007-11-29","0","",1,"",0,Rupiah,"2007-11-29","2008-12-26 22:19:57","2008-12-26 22:19:57",
3008,2781,"25000029",1,"25000029-001",INV/25000029-001,"2007-11-29","0","",SL,"2007-11-29","0","",1,"",0,Rupiah,"2007-11-29","2008-12-26 22:19:57","2008-12-26 22:19:57",
3009,2782,"11000105",1,"11000105-001",INV/11000105-001,"2007-11-29","0","",SL,"2007-11-29","0","",1,"",0,Rupiah,"2007-11-29","2008-12-26 22:19:57","2008-12-26 22:19:57",
3010,2783,"26000074",1,"26000074-001",INV/26000074-001,"2007-11-29","0","",SL,"2007-11-29","0","",1,"",0,Rupiah,"2007-11-29","2008-12-26 22:19:57","2008-12-26 22:19:57",
3011,2784,"11000106",1,"11000106-001",INV/11000106-001,"2007-11-29","0","",SL,"2007-11-29","0","",1,"",0,Rupiah,"2007-11-29","2008-12-26 22:19:57","2008-12-26 22:19:57",
3012,2785,"27000062",1,"27000062-001",INV/27000062-001,"2007-11-29","0","",SL,"2007-11-29","0","",1,"",0,Rupiah,"2007-11-29","2008-12-26 22:19:57","2008-12-26 22:19:57",
3013,2786,"27000063",1,"27000063-001",INV/27000063-001,"2007-11-29","0","",SL,"2007-11-29","0","",1,"",0,Rupiah,"2007-11-29","2008-12-26 22:19:57","2008-12-26 22:19:57",
3014,2787,"26000075",1,"26000075-001",INV/26000075-001,"2007-11-29","0","",SL,"2007-11-29","0","",1,"",0,Rupiah,"2007-11-29","2008-12-26 22:19:57","2008-12-26 22:19:57",
3015,2788,"27000064",1,"27000064-001",INV/27000064-001,"2007-11-29","0","",SL,"2007-11-29","0","",1,"",0,Rupiah,"2007-11-29","2008-12-26 22:19:57","2008-12-26 22:19:57",
3017,2790,"11000107",1,"11000107-001",INV/11000107-001,"2007-11-29","0","",SL,"2007-11-29","0","",1,"",0,Rupiah,"2007-11-29","2008-12-26 22:19:57","2008-12-26 22:19:57",
3018,2791,"27000065",1,"27000065-001",INV/27000065-001,"2007-11-29","0","",SL,"2007-11-29","0","",1,"",0,Rupiah,"2007-11-29","2008-12-26 22:19:57","2008-12-26 22:19:57",
3019,2792,"11000108",1,"11000108-001",INV/11000108-001,"2007-11-29","0","",SL,"2007-11-29","0","",1,"",0,Rupiah,"2007-11-29","2008-12-26 22:19:57","2008-12-26 22:19:57",
3020,2793,"26000076",1,"26000076-001",INV/26000076-001,"2007-11-29","0","",SL,"2007-11-29","0","",1,"",0,Rupiah,"2007-11-29","2008-12-26 22:19:57","2008-12-26 22:19:57",
3021,2794,"11000109",1,"11000109-001",INV/11000109-001,"2007-11-29","0","",SL,"2007-11-29","0","",1,"",0,Rupiah,"2007-11-29","2008-12-26 22:19:57","2008-12-26 22:19:57",
3022,2795,"27000066",1,"27000066-001",INV/27000066-001,"2007-11-29","0","",SL,"2007-11-29","0","",1,"",0,Rupiah,"2007-11-29","2008-12-26 22:19:57","2008-12-26 22:19:57",
3023,2796,"16000138",1,"16000138-001",INV/16000138-001,"2007-11-29","0","",SL,"2007-11-29","0","",1,"",0,Rupiah,"2007-11-29","2008-12-26 22:19:57","2008-12-26 22:19:57",
3024,2797,"23000064",1,"23000064-001",INV/23000064-001,"2007-11-29","0","",SL,"2007-11-29","0","",1,"",0,Rupiah,"2007-11-29","2008-12-26 22:19:57","2008-12-26 22:19:57",
3025,2798,"11000112",1,"11000112-001",INV/11000112-001,"2007-11-29","0","",SL,"2007-11-29","0","",1,"",0,Rupiah,"2007-11-29","2008-12-26 22:19:57","2008-12-26 22:19:57",
3026,2799,"27000067",1,"27000067-001",INV/27000067-001,"2007-11-29","0","",SL,"2007-11-29","0","",1,"",0,Rupiah,"2007-11-29","2008-12-26 22:19:57","2008-12-26 22:19:57",
3027,2798,"11000112",1,"11000112-002",INV/11000112-002,"2007-11-29","0","",SL,"2007-11-29","0","",1,"",0,Rupiah,"2007-11-29","2008-12-26 22:19:57","2008-12-26 22:19:57",
3028,1362,"26000077",1,"26000077-001",INV/26000077-001,"2007-11-29","0","",SL,"2007-11-29","0","",1,"",0,Rupiah,"2007-11-29","2008-12-26 22:19:57","2008-12-26 22:19:57",
3029,2800,"27000093",1,"27000093-001",INV/27000093-001,"2007-11-29","0","",SL,"2007-11-29","0","",1,"",0,Rupiah,"2007-11-29","2008-12-26 22:19:57","2008-12-26 22:19:57",
3030,2801,"27000068",1,"27000068-001",INV/27000068-001,"2007-11-29","0","",SL,"2007-11-29","0","",1,"",0,Rupiah,"2007-11-29","2008-12-26 22:19:57","2008-12-26 22:19:57",
3031,1204,"11000114",1,"11000114-001",INV/11000114-001,"2007-11-29","0","",SL,"2007-11-29","0","",1,"",0,Rupiah,"2007-11-29","2008-12-26 22:19:57","2008-12-26 22:19:57",
3032,2802,"12000239",1,"12000239-001",INV/12000239-001,"2007-11-29","0","",SL,"2007-11-29","0","",1,"",0,Rupiah,"2007-11-29","2008-12-26 22:19:57","2008-12-26 22:19:57",
3033,2803,"12000186",1,"12000186-001",INV/12000186-001,"2007-11-29","0","",SL,"2007-11-29","0","",1,"",0,Rupiah,"2007-11-29","2008-12-26 22:19:57","2008-12-26 22:19:57",
3034,2804,"27000069",1,"27000069-001",INV/27000069-001,"2007-11-29","0","",SL,"2007-11-29","0","",1,"",0,Rupiah,"2007-11-29","2008-12-26 22:19:57","2008-12-26 22:19:57",
3035,2805,"15000193",1,"15000193-001",INV/15000193-001,"2007-11-29","0","",SL,"2007-11-29","0","",1,"",0,Rupiah,"2007-11-29","2008-12-26 22:19:57","2008-12-26 22:19:57",
3036,2806,"26000079",1,"26000079-001",INV/26000079-001,"2007-11-29","0","",SL,"2007-11-29","0","",1,"",0,Rupiah,"2007-11-29","2008-12-26 22:19:57","2008-12-26 22:19:57",
3037,2807,"11000118",1,"11000118-001",INV/11000118-001,"2007-11-29","0","",SL,"2007-11-29","0","",1,"",0,Rupiah,"2007-11-29","2008-12-26 22:19:57","2008-12-26 22:19:57",
3038,2808,"27000070",1,"27000070-001",INV/27000070-001,"2007-11-29","0","",SL,"2007-11-29","0","",1,"",0,Rupiah,"2007-11-29","2008-12-26 22:19:57","2008-12-26 22:19:57",
3039,2809,"11000119",1,"11000119-001",INV/11000119-001,"2007-11-29","0","",SL,"2007-11-29","0","",1,"",0,Rupiah,"2007-11-29","2008-12-26 22:19:57","2008-12-26 22:19:57",
3040,2810,"12000187",1,"12000187-001",INV/12000187-001,"2007-11-29","0","",SL,"2007-11-29","0","",1,"",0,Rupiah,"2007-11-29","2008-12-26 22:19:57","2008-12-26 22:19:57",
3041,2811,"27000071",1,"27000071-001",INV/27000071-001,"2007-11-29","0","",SL,"2007-11-29","0","",1,"",0,Rupiah,"2007-11-29","2008-12-26 22:19:57","2008-12-26 22:19:57",
3042,2812,"22000112",1,"22000112-001",INV/22000112-001,"2007-11-29","0","",SL,"2007-11-29","0","",1,"",0,Rupiah,"2007-11-29","2008-12-26 22:19:57","2008-12-26 22:19:57",
3043,2813,"26000080",1,"26000080-001",INV/26000080-001,"2007-11-29","0","",SL,"2007-11-29","0","",1,"",0,Rupiah,"2007-11-29","2008-12-26 22:19:57","2008-12-26 22:19:57",
3044,2814,"27000072",1,"27000072-001",INV/27000072-001,"2007-11-29","0","",SL,"2007-11-29","0","",1,"",0,Rupiah,"2007-11-29","2008-12-26 22:19:57","2008-12-26 22:19:57",
3045,2815,"12000188",1,"12000188-001",INV/12000188-001,"2007-11-29","0","",SL,"2007-11-29","0","",1,"",0,Rupiah,"2007-11-29","2008-12-26 22:19:57","2008-12-26 22:19:57",
3046,2816,"27000073",1,"27000073-001",INV/27000073-001,"2007-11-29","0","",SL,"2007-11-29","0","",1,"",0,Rupiah,"2007-11-29","2008-12-26 22:19:57","2008-12-26 22:19:57",
3047,2817,"26000081",1,"26000081-001",INV/26000081-001,"2007-11-29","0","",SL,"2007-11-29","0","",1,"",0,Rupiah,"2007-11-29","2008-12-26 22:19:57","2008-12-26 22:19:57",
3048,2818,"12000241",1,"12000241-001",INV/12000241-001,"2007-11-29","0","",SL,"2007-11-29","0","",1,"",0,Rupiah,"2007-11-29","2008-12-26 22:19:57","2008-12-26 22:19:57",
3049,2819,"27000074",1,"27000074-001",INV/27000074-001,"2007-11-29","0","",SL,"2007-11-29","0","",1,"",0,Rupiah,"2007-11-29","2008-12-26 22:19:57","2008-12-26 22:19:57",
3050,2820,"12000189",1,"12000189-001",INV/12000189-001,"2007-11-29","0","",SL,"2007-11-29","0","",1,"",0,Rupiah,"2007-11-29","2008-12-26 22:19:57","2008-12-26 22:19:57",
3051,2821,"27000098",1,"27000098-001",INV/27000098-001,"2007-11-29","0","",SL,"2007-11-29","0","",1,"",0,Rupiah,"2007-11-29","2008-12-26 22:19:57","2008-12-26 22:19:57",
3052,2822,"12000242",1,"12000242-001",INV/12000242-001,"2007-11-29","0","",SL,"2007-11-29","0","",1,"",0,Rupiah,"2007-11-29","2008-12-26 22:19:57","2008-12-26 22:19:57",
3053,2823,"27000075",1,"27000075-001",INV/27000075-001,"2007-11-29","0","",SL,"2007-11-29","0","",1,"",0,Rupiah,"2007-11-29","2008-12-26 22:19:57","2008-12-26 22:19:57",
3054,2824,"23000089",1,"23000089-001",INV/23000089-001,"2007-11-29","0","",SL,"2007-11-29","0","",1,"",0,Rupiah,"2007-11-29","2008-12-26 22:19:57","2008-12-26 22:19:57",
3055,2825,"26000082",1,"26000082-001",INV/26000082-001,"2007-11-29","0","",SL,"2007-11-29","0","",1,"",0,Rupiah,"2007-11-29","2008-12-26 22:19:57","2008-12-26 22:19:57",
3056,2826,"23000070",1,"23000070-001",INV/23000070-001,"2007-11-29","0","",SL,"2007-11-29","0","",1,"",0,Rupiah,"2007-11-29","2008-12-26 22:19:57","2008-12-26 22:19:57",
3057,2827,"27000076",1,"27000076-001",INV/27000076-001,"2007-11-29","0","",SL,"2007-11-29","0","",1,"",0,Rupiah,"2007-11-29","2008-12-26 22:19:57","2008-12-26 22:19:57",
3058,2828,"22000117",1,"22000117-001",INV/22000117-001,"2007-11-29","0","",SL,"2007-11-29","0","",1,"",0,Rupiah,"2007-11-29","2008-12-26 22:19:57","2008-12-26 22:19:57",
3059,2829,"27000077",1,"27000077-001",INV/27000077-001,"2007-11-29","0","",SL,"2007-11-29","0","",1,"",0,Rupiah,"2007-11-29","2008-12-26 22:19:57","2008-12-26 22:19:57",
3060,2830,"12000192",1,"12000192-001",INV/12000192-001,"2007-11-29","0","",SL,"2007-11-29","0","",1,"",0,Rupiah,"2007-11-29","2008-12-26 22:19:57","2008-12-26 22:19:57",
3061,2831,"26000083",1,"26000083-001",INV/26000083-001,"2007-11-29","0","",SL,"2007-11-29","0","",1,"",0,Rupiah,"2007-11-29","2008-12-26 22:19:57","2008-12-26 22:19:57",
3062,2832,"12000244",1,"12000244-001",INV/12000244-001,"2007-11-29","0","",SL,"2007-11-29","0","",1,"",0,Rupiah,"2007-11-29","2008-12-26 22:19:57","2008-12-26 22:19:57",
3063,2833,"27000078",1,"27000078-001",INV/27000078-001,"2007-11-29","0","",SL,"2007-11-29","0","",1,"",0,Rupiah,"2007-11-29","2008-12-26 22:19:57","2008-12-26 22:19:57",
3064,2834,"12000193",1,"12000193-001",INV/12000193-001,"2007-11-29","0","",SL,"2007-11-29","0","",1,"",0,Rupiah,"2007-11-29","2008-12-26 22:19:57","2008-12-26 22:19:57",
3065,2835,"24000646",1,"24000646-001",INV/24000646-001,"2007-11-29","0","",SL,"2007-11-29","0","",1,"",0,Rupiah,"2007-11-29","2008-12-26 22:19:57","2008-12-26 22:19:57",
3066,2836,"12000246",1,"12000246-001",INV/12000246-001,"2007-11-29","0","",SL,"2007-11-29","0","",1,"",0,Rupiah,"2007-11-29","2008-12-26 22:19:57","2008-12-26 22:19:57",
3067,2837,"12000194",1,"12000194-001",INV/12000194-001,"2007-11-29","0","",SL,"2007-11-29","0","",1,"",0,Rupiah,"2007-11-29","2008-12-26 22:19:57","2008-12-26 22:19:57",
3068,2838,"26000084",1,"26000084-001",INV/26000084-001,"2007-11-29","0","",SL,"2007-11-29","0","",1,"",0,Rupiah,"2007-11-29","2008-12-26 22:19:57","2008-12-26 22:19:57",
3069,2839,"22000115",1,"22000115-001",INV/22000115-001,"2007-11-29","0","",SL,"2007-11-29","0","",1,"",0,Rupiah,"2007-11-29","2008-12-26 22:19:57","2008-12-26 22:19:57",
3070,2840,"12000247",1,"12000247-001",INV/12000247-001,"2007-11-29","0","",SL,"2007-11-29","0","",1,"",0,Rupiah,"2007-11-29","2008-12-26 22:19:57","2008-12-26 22:19:57",
3071,2841,"12000195",1,"12000195-001",INV/12000195-001,"2007-11-29","0","",SL,"2007-11-29","0","",1,"",0,Rupiah,"2007-11-29","2008-12-26 22:19:57","2008-12-26 22:19:57",
3072,2842,"12000166",1,"12000166-001",INV/12000166-001,"2007-11-29","0","",SL,"2007-11-29","0","",1,"",0,Rupiah,"2007-11-29","2008-12-26 22:19:57","2008-12-26 22:19:57",
3073,2843,"12000248",1,"12000248-001",INV/12000248-001,"2007-11-29","0","",SL,"2007-11-29","0","",1,"",0,Rupiah,"2007-11-29","2008-12-26 22:19:57","2008-12-26 22:19:57",
3074,2844,"26000085",1,"26000085-001",INV/26000085-001,"2007-11-29","0","",SL,"2007-11-29","0","",1,"",0,Rupiah,"2007-11-29","2008-12-26 22:19:57","2008-12-26 22:19:57",
3075,2845,"12000196",1,"12000196-001",INV/12000196-001,"2007-11-29","0","",SL,"2007-11-29","0","",1,"",0,Rupiah,"2007-11-29","2008-12-26 22:19:57","2008-12-26 22:19:57",
3076,2846,"18000369",1,"18000369-001",INV/18000369-001,"2007-11-29","0","",SL,"2007-11-29","0","",1,"",0,Rupiah,"2007-11-29","2008-12-26 22:19:57","2008-12-26 22:19:57",
3077,2847,"12000249",1,"12000249-001",INV/12000249-001,"2007-11-29","0","",SL,"2007-11-29","0","",1,"",0,Rupiah,"2007-11-29","2008-12-26 22:19:57","2008-12-26 22:19:57",
3078,2848,"12000197",1,"12000197-001",INV/12000197-001,"2007-11-29","0","",SL,"2007-11-29","0","",1,"",0,Rupiah,"2007-11-29","2008-12-26 22:19:57","2008-12-26 22:19:57",
3079,2849,"23000074",1,"23000074-001",INV/23000074-001,"2007-11-29","0","",SL,"2007-11-29","0","",1,"",0,Rupiah,"2007-11-29","2008-12-26 22:19:57","2008-12-26 22:19:57",
3080,2850,"12000250",1,"12000250-001",INV/12000250-001,"2007-11-29","0","",SL,"2007-11-29","0","",1,"",0,Rupiah,"2007-11-29","2008-12-26 22:19:57","2008-12-26 22:19:57",
3081,2851,"26000086",1,"26000086-001",INV/26000086-001,"2007-11-29","0","",SL,"2007-11-29","0","",1,"",0,Rupiah,"2007-11-29","2008-12-26 22:19:57","2008-12-26 22:19:57",
3082,2852,"16000030",1,"16000030-001",INV/16000030-001,"2007-11-29","0","",SL,"2007-11-29","0","",1,"",0,Rupiah,"2007-11-29","2008-12-26 22:19:57","2008-12-26 22:19:57",
3083,2853,"12000199",1,"12000199-001",INV/12000199-001,"2007-11-29","0","",SL,"2007-11-29","0","",1,"",0,Rupiah,"2007-11-29","2008-12-26 22:19:57","2008-12-26 22:19:57",
3084,2854,"16000021",1,"16000021-001",INV/16000021-001,"2007-11-29","0","",SL,"2007-11-29","0","",1,"",0,Rupiah,"2007-11-29","2008-12-26 22:19:57","2008-12-26 22:19:57",
3085,2855,"26000087",1,"26000087-001",INV/26000087-001,"2007-11-29","0","",SL,"2007-11-29","0","",1,"",0,Rupiah,"2007-11-29","2008-12-26 22:19:57","2008-12-26 22:19:57",
3086,2856,"23000075",1,"23000075-001",INV/23000075-001,"2007-11-29","0","",SL,"2007-11-29","0","",1,"",0,Rupiah,"2007-11-29","2008-12-26 22:19:57","2008-12-26 22:19:57",
3087,2857,"24000647",1,"24000647-001",INV/24000647-001,"2007-11-29","0","",SL,"2007-11-29","0","",1,"",0,Rupiah,"2007-11-29","2008-12-26 22:19:57","2008-12-26 22:19:57",
3088,2858,"12000202",1,"12000202-001",INV/12000202-001,"2007-11-29","0","",SL,"2007-11-29","0","",1,"",0,Rupiah,"2007-11-29","2008-12-26 22:19:57","2008-12-26 22:19:57",
3089,2859,"26000118",1,"26000118-001",INV/26000118-001,"2007-11-29","0","",SL,"2007-11-29","0","",1,"",0,Rupiah,"2007-11-29","2008-12-26 22:19:57","2008-12-26 22:19:57",
3090,2860,"23000076",1,"23000076-001",INV/23000076-001,"2007-11-29","0","",SL,"2007-11-29","0","",1,"",0,Rupiah,"2007-11-29","2008-12-26 22:19:57","2008-12-26 22:19:57",
3091,2861,"12000203",1,"12000203-001",INV/12000203-001,"2007-11-29","0","",SL,"2007-11-29","0","",1,"",0,Rupiah,"2007-11-29","2008-12-26 22:19:57","2008-12-26 22:19:57",
3092,2862,"26000120",1,"26000120-001",INV/26000120-001,"2007-11-29","0","",SL,"2007-11-29","0","",1,"",0,Rupiah,"2007-11-29","2008-12-26 22:19:57","2008-12-26 22:19:57",
3093,2863,"15000088",1,"15000088-001",INV/15000088-001,"2007-11-29","0","",SL,"2007-11-29","0","",1,"",0,Rupiah,"2007-11-29","2008-12-26 22:19:57","2008-12-26 22:19:57",
3094,2864,"18000362",1,"18000362-001",INV/18000362-001,"2007-11-29","0","",SL,"2007-11-29","0","",1,"",0,Rupiah,"2007-11-29","2008-12-26 22:19:57","2008-12-26 22:19:57",
3095,2865,"16000139",1,"16000139-001",INV/16000139-001,"2007-11-29","0","",SL,"2007-11-29","0","",1,"",0,Rupiah,"2007-11-29","2008-12-26 22:19:57","2008-12-26 22:19:57",
3096,2866,"15000089",1,"15000089-001",INV/15000089-001,"2007-11-29","0","",SL,"2007-11-29","0","",1,"",0,Rupiah,"2007-11-29","2008-12-26 22:19:57","2008-12-26 22:19:57",
3097,2867,"28000140",1,"28000140-001",INV/28000140-001,"2007-11-29","0","",SL,"2007-11-29","0","",1,"",0,Rupiah,"2007-11-29","2008-12-26 22:19:57","2008-12-26 22:19:57",
3098,2868,"24000609",1,"24000609-001",INV/24000609-001,"2007-11-29","0","",SL,"2007-11-29","0","",1,"",0,Rupiah,"2007-11-29","2008-12-26 22:19:57","2008-12-26 22:19:57",
3099,2869,"15000090",1,"15000090-001",INV/15000090-001,"2007-11-29","0","",SL,"2007-11-29","0","",1,"",0,Rupiah,"2007-11-29","2008-12-26 22:19:57","2008-12-26 22:19:57",
3100,2870,"12000204",1,"12000204-001",INV/12000204-001,"2007-11-29","0","",SL,"2007-11-29","0","",1,"",0,Rupiah,"2007-11-29","2008-12-26 22:19:57","2008-12-26 22:19:57",
3101,2871,"26000121",1,"26000121-001",INV/26000121-001,"2007-11-29","0","",SL,"2007-11-29","0","",1,"",0,Rupiah,"2007-11-29","2008-12-26 22:19:57","2008-12-26 22:19:57",
3102,2872,"16000140",1,"16000140-001",INV/16000140-001,"2007-11-29","0","",SL,"2007-11-29","0","",1,"",0,Rupiah,"2007-11-29","2008-12-26 22:19:57","2008-12-26 22:19:57",
3103,729,"26000060",1,"26000060-001",INV/26000060-001,"2007-11-29","0","",SL,"2007-11-29","0","",1,"",0,Rupiah,"2007-11-29","2008-12-26 22:19:57","2008-12-26 22:19:57",
3104,2873,"23000077",1,"23000077-001",INV/23000077-001,"2007-11-29","0","",SL,"2007-11-29","0","",1,"",0,Rupiah,"2007-11-29","2008-12-26 22:19:57","2008-12-26 22:19:57",
3105,2874,"28000141",1,"28000141-001",INV/28000141-001,"2007-11-29","0","",SL,"2007-11-29","0","",1,"",0,Rupiah,"2007-11-29","2008-12-26 22:19:57","2008-12-26 22:19:57",
3106,2875,"26000061",1,"26000061-001",INV/26000061-001,"2007-11-29","0","",SL,"2007-11-29","0","",1,"",0,Rupiah,"2007-11-29","2008-12-26 22:19:57","2008-12-26 22:19:57",
3107,2876,"12000205",1,"12000205-001",INV/12000205-001,"2007-11-29","0","",SL,"2007-11-29","0","",1,"",0,Rupiah,"2007-11-29","2008-12-26 22:19:57","2008-12-26 22:19:57",
3108,2877,"11000156",1,"11000156-001",INV/11000156-001,"2007-11-29","0","",SL,"2007-11-29","0","",1,"",0,Rupiah,"2007-11-29","2008-12-26 22:19:57","2008-12-26 22:19:57",
3109,2878,"16000141",1,"16000141-001",INV/16000141-001,"2007-11-29","0","",SL,"2007-11-29","0","",1,"",0,Rupiah,"2007-11-29","2008-12-26 22:19:57","2008-12-26 22:19:57",
3110,2879,"26000062",1,"26000062-001",INV/26000062-001,"2007-11-29","0","",SL,"2007-11-29","0","",1,"",0,Rupiah,"2007-11-29","2008-12-26 22:19:57","2008-12-26 22:19:57",
3111,2880,"15000212",1,"15000212-001",INV/15000212-001,"2007-11-29","0","",SL,"2007-11-29","0","",1,"",0,Rupiah,"2007-11-29","2008-12-26 22:19:57","2008-12-26 22:19:57",
3112,2881,"19000059",1,"19000059-001",INV/19000059-001,"2007-11-29","0","",SL,"2007-11-29","0","",1,"",0,Rupiah,"2007-11-29","2008-12-26 22:19:57","2008-12-26 22:19:57",
3113,2882,"26000063",1,"26000063-001",INV/26000063-001,"2007-11-29","0","",SL,"2007-11-29","0","",1,"",0,Rupiah,"2007-11-29","2008-12-26 22:19:57","2008-12-26 22:19:57",
3114,2883,"19000060",1,"19000060-001",INV/19000060-001,"2007-11-29","0","",SL,"2007-11-29","0","",1,"",0,Rupiah,"2007-11-29","2008-12-26 22:19:57","2008-12-26 22:19:57",
3115,2884,"13000078",1,"13000078-001",INV/13000078-001,"2007-11-29","0","",SL,"2007-11-29","0","",1,"",0,Rupiah,"2007-11-29","2008-12-26 22:19:57","2008-12-26 22:19:57",
3116,2885,"12000259",1,"12000259-001",INV/12000259-001,"2007-11-29","0","",SL,"2007-11-29","0","",1,"",0,Rupiah,"2007-11-29","2008-12-26 22:19:57","2008-12-26 22:19:57",
3117,1346,"19000062",1,"19000062-001",INV/19000062-001,"2007-11-29","0","",SL,"2007-11-29","0","",1,"",0,Rupiah,"2007-11-29","2008-12-26 22:19:57","2008-12-26 22:19:57",
3118,2886,"23000078",1,"23000078-001",INV/23000078-001,"2007-11-29","0","",SL,"2007-11-29","0","",1,"",0,Rupiah,"2007-11-29","2008-12-26 22:19:57","2008-12-26 22:19:57",
3119,2887,"18000372",1,"18000372-001",INV/18000372-001,"2007-11-29","0","",SL,"2007-11-29","0","",1,"",0,Rupiah,"2007-11-29","2008-12-26 22:19:57","2008-12-26 22:19:57",
3120,2888,"12000206",1,"12000206-001",INV/12000206-001,"2007-11-29","0","",SL,"2007-11-29","0","",1,"",0,Rupiah,"2007-11-29","2008-12-26 22:19:57","2008-12-26 22:19:57",
3121,2889,"26000094",1,"26000094-001",INV/26000094-001,"2007-11-29","0","",SL,"2007-11-29","0","",1,"",0,Rupiah,"2007-11-29","2008-12-26 22:19:57","2008-12-26 22:19:57",
3122,2890,"24000607",1,"24000607-001",INV/24000607-001,"2007-11-29","0","",SL,"2007-11-29","0","",1,"",0,Rupiah,"2007-11-29","2008-12-26 22:19:57","2008-12-26 22:19:57",
3123,2891,"27000103",1,"27000103-001",INV/27000103-001,"2007-11-29","0","",SL,"2007-11-29","0","",1,"",0,Rupiah,"2007-11-29","2008-12-26 22:19:57","2008-12-26 22:19:57",
3124,2892,"26000095",1,"26000095-001",INV/26000095-001,"2007-11-29","0","",SL,"2007-11-29","0","",1,"",0,Rupiah,"2007-11-29","2008-12-26 22:19:57","2008-12-26 22:19:57",
3125,2893,"12000207",1,"12000207-001",INV/12000207-001,"2007-11-29","0","",SL,"2007-11-29","0","",1,"",0,Rupiah,"2007-11-29","2008-12-26 22:19:57","2008-12-26 22:19:57",
3126,2894,"15000189",1,"15000189-001",INV/15000189-001,"2007-11-29","0","",SL,"2007-11-29","0","",1,"",0,Rupiah,"2007-11-29","2008-12-26 22:19:57","2008-12-26 22:19:57",
3128,1368,"26000096",1,"26000096-001",INV/26000096-001,"2007-11-29","0","",SL,"2007-11-29","0","",1,"",0,Rupiah,"2007-11-29","2008-12-26 22:19:57","2008-12-26 22:19:57",
3129,2895,"12000208",1,"12000208-001",INV/12000208-001,"2007-11-29","0","",SL,"2007-11-29","0","",1,"",0,Rupiah,"2007-11-29","2008-12-26 22:19:57","2008-12-26 22:19:57",
3130,2896,"15000191",1,"15000191-001",INV/15000191-001,"2007-11-29","0","",SL,"2007-11-29","0","",1,"",0,Rupiah,"2007-11-29","2008-12-26 22:19:57","2008-12-26 22:19:57",
3131,2897,"14000036",1,"14000036-001",INV/14000036-001,"2007-11-29","0","",SL,"2007-11-29","0","",1,"",0,Rupiah,"2007-11-29","2008-12-26 22:19:57","2008-12-26 22:19:57",
3132,2898,"15000213",1,"15000213-001",INV/15000213-001,"2007-11-29","0","",SL,"2007-11-29","0","",1,"",0,Rupiah,"2007-11-29","2008-12-26 22:19:57","2008-12-26 22:19:57",
3133,2899,"14000037",1,"14000037-001",INV/14000037-001,"2007-11-29","0","",SL,"2007-11-29","0","",1,"",0,Rupiah,"2007-11-29","2008-12-26 22:19:57","2008-12-26 22:19:57",
3134,2900,"12000209",1,"12000209-001",INV/12000209-001,"2007-11-29","0","",SL,"2007-11-29","0","",1,"",0,Rupiah,"2007-11-29","2008-12-26 22:19:57","2008-12-26 22:19:57",
3135,2901,"15000216",1,"15000216-001",INV/15000216-001,"2007-11-29","0","",SL,"2007-11-29","0","",1,"",0,Rupiah,"2007-11-29","2008-12-26 22:19:57","2008-12-26 22:19:57",
3136,1370,"14000038",1,"14000038-001",INV/14000038-001,"2007-11-29","0","",SL,"2007-11-29","0","",1,"",0,Rupiah,"2007-11-29","2008-12-26 22:19:57","2008-12-26 22:19:57",
3137,2256,"24000587",1,"24000587-001",INV/24000587-001,"2007-11-29","0","",SL,"2007-11-29","0","",1,"",0,Rupiah,"2007-11-29","2008-12-26 22:19:57","2008-12-26 22:19:57",
3138,2902,"12000210",1,"12000210-001",INV/12000210-001,"2007-11-29","0","",SL,"2007-11-29","0","",1,"",0,Rupiah,"2007-11-29","2008-12-26 22:19:57","2008-12-26 22:19:57",
3139,2385,"14000040",1,"14000040-001",INV/14000040-001,"2007-11-29","0","",SL,"2007-11-29","0","",1,"",0,Rupiah,"2007-11-29","2008-12-26 22:19:57","2008-12-26 22:19:57",
3140,2903,"24000644",1,"24000644-001",INV/24000644-001,"2007-11-29","0","",SL,"2007-11-29","0","",1,"",0,Rupiah,"2007-11-29","2008-12-26 22:19:57","2008-12-26 22:19:57",
3141,2904,"14000041",1,"14000041-001",INV/14000041-001,"2007-11-29","0","",SL,"2007-11-29","0","",1,"",0,Rupiah,"2007-11-29","2008-12-26 22:19:57","2008-12-26 22:19:57",
3142,2905,"11000155",1,"11000155-001",INV/11000155-001,"2007-11-29","0","",SL,"2007-11-29","0","",1,"",0,Rupiah,"2007-11-29","2008-12-26 22:19:57","2008-12-26 22:19:57",
3143,2906,"14000042",1,"14000042-001",INV/14000042-001,"2007-11-29","0","",SL,"2007-11-29","0","",1,"",0,Rupiah,"2007-11-29","2008-12-26 22:19:57","2008-12-26 22:19:57",
3144,2907,"12000211",1,"12000211-001",INV/12000211-001,"2007-11-29","0","",SL,"2007-11-29","0","",1,"",0,Rupiah,"2007-11-29","2008-12-26 22:19:57","2008-12-26 22:19:57",
3145,2908,"14000043",1,"14000043-001",INV/14000043-001,"2007-11-29","0","",SL,"2007-11-29","0","",1,"",0,Rupiah,"2007-11-29","2008-12-26 22:19:57","2008-12-26 22:19:57",
3146,2909,"24000588",1,"24000588-001",INV/24000588-001,"2007-11-29","0","",SL,"2007-11-29","0","",1,"",0,Rupiah,"2007-11-29","2008-12-26 22:19:57","2008-12-26 22:19:57",
3147,2244,"14000044",1,"14000044-001",INV/14000044-001,"2007-11-29","0","",SL,"2007-11-29","0","",1,"",0,Rupiah,"2007-11-29","2008-12-26 22:19:57","2008-12-26 22:19:57",
3148,2910,"11000200",1,"11000200-001",INV/11000200-001,"2007-11-29","0","",SL,"2007-11-29","0","",1,"",0,Rupiah,"2007-11-29","2008-12-26 22:19:57","2008-12-26 22:19:57",
3149,2911,"14000045",1,"14000045-001",INV/14000045-001,"2007-11-29","0","",SL,"2007-11-29","0","",1,"",0,Rupiah,"2007-11-29","2008-12-26 22:19:57","2008-12-26 22:19:57",
3150,2912,"12000212",1,"12000212-001",INV/12000212-001,"2007-11-29","0","",SL,"2007-11-29","0","",1,"",0,Rupiah,"2007-11-29","2008-12-26 22:19:57","2008-12-26 22:19:57",
3151,2913,"14000046",1,"14000046-001",INV/14000046-001,"2007-11-29","0","",SL,"2007-11-29","0","",1,"",0,Rupiah,"2007-11-29","2008-12-26 22:19:57","2008-12-26 22:19:57",
3152,2914,"24000608",1,"24000608-001",INV/24000608-001,"2007-11-29","0","",SL,"2007-11-29","0","",1,"",0,Rupiah,"2007-11-29","2008-12-26 22:19:57","2008-12-26 22:19:57",
3153,2915,"14000047",1,"14000047-001",INV/14000047-001,"2007-11-29","0","",SL,"2007-11-29","0","",1,"",0,Rupiah,"2007-11-29","2008-12-26 22:19:57","2008-12-26 22:19:57",
3154,2916,"24000589",1,"24000589-001",INV/24000589-001,"2007-11-29","0","",SL,"2007-11-29","0","",1,"",0,Rupiah,"2007-11-29","2008-12-26 22:19:57","2008-12-26 22:19:57",
3155,2917,"14000048",1,"14000048-001",INV/14000048-001,"2007-11-29","0","",SL,"2007-11-29","0","",1,"",0,Rupiah,"2007-11-29","2008-12-26 22:19:57","2008-12-26 22:19:57",
3156,2918,"12000213",1,"12000213-001",INV/12000213-001,"2007-11-29","0","",SL,"2007-11-29","0","",1,"",0,Rupiah,"2007-11-29","2008-12-26 22:19:57","2008-12-26 22:19:57",
3157,2919,"14000049",1,"14000049-001",INV/14000049-001,"2007-11-29","0","",SL,"2007-11-29","0","",1,"",0,Rupiah,"2007-11-29","2008-12-26 22:19:57","2008-12-26 22:19:57",
3158,2920,"25000046",1,"25000046-001",INV/25000046-001,"2007-11-29","0","",SL,"2007-11-29","0","",1,"",0,Rupiah,"2007-11-29","2008-12-26 22:19:57","2008-12-26 22:19:57",
3159,2921,"14000050",1,"14000050-001",INV/14000050-001,"2007-11-29","0","",SL,"2007-11-29","0","",1,"",0,Rupiah,"2007-11-29","2008-12-26 22:19:57","2008-12-26 22:19:57",
3160,2922,"20000026",1,"20000026-001",INV/20000026-001,"2007-11-29","0","",SL,"2007-11-29","0","",1,"",0,Rupiah,"2007-11-29","2008-12-26 22:19:57","2008-12-26 22:19:57",
3161,2923,"14000051",1,"14000051-001",INV/14000051-001,"2007-11-29","0","",SL,"2007-11-29","0","",1,"",0,Rupiah,"2007-11-29","2008-12-26 22:19:57","2008-12-26 22:19:57",
3162,2924,"12000214",1,"12000214-001",INV/12000214-001,"2007-11-29","0","",SL,"2007-11-29","0","",1,"",0,Rupiah,"2007-11-29","2008-12-26 22:19:57","2008-12-26 22:19:57",
3163,2925,"14000052",1,"14000052-001",INV/14000052-001,"2007-11-29","0","",SL,"2007-11-29","0","",1,"",0,Rupiah,"2007-11-29","2008-12-26 22:19:57","2008-12-26 22:19:57",
3164,2926,"14000053",1,"14000053-001",INV/14000053-001,"2007-11-29","0","",SL,"2007-11-29","0","",1,"",0,Rupiah,"2007-11-29","2008-12-26 22:19:57","2008-12-26 22:19:57",
3165,2927,"24000590",1,"24000590-001",INV/24000590-001,"2007-11-29","0","",SL,"2007-11-29","0","",1,"",0,Rupiah,"2007-11-29","2008-12-26 22:19:57","2008-12-26 22:19:57",
3166,2928,"14000054",1,"14000054-001",INV/14000054-001,"2007-11-29","0","",SL,"2007-11-29","0","",1,"",0,Rupiah,"2007-11-29","2008-12-26 22:19:57","2008-12-26 22:19:57",
3167,2929,"11000201",1,"11000201-001",INV/11000201-001,"2007-11-29","0","",SL,"2007-11-29","0","",1,"",0,Rupiah,"2007-11-29","2008-12-26 22:19:57","2008-12-26 22:19:57",
3168,2930,"12000258",1,"12000258-001",INV/12000258-001,"2007-11-29","0","",SL,"2007-11-29","0","",1,"",0,Rupiah,"2007-11-29","2008-12-26 22:19:57","2008-12-26 22:19:57",
3169,2931,"27000149",1,"27000149-001",INV/27000149-001,"2007-11-29","0","",SL,"2007-11-29","0","",1,"",0,Rupiah,"2007-11-29","2008-12-26 22:19:57","2008-12-26 22:19:57",
3170,2932,"11000137",1,"11000137-001",INV/11000137-001,"2007-11-29","0","",SL,"2007-11-29","0","",1,"",0,Rupiah,"2007-11-29","2008-12-26 22:19:57","2008-12-26 22:19:57",
3171,2933,"24000591",1,"24000591-001",INV/24000591-001,"2007-11-29","0","",SL,"2007-11-29","0","",1,"",0,Rupiah,"2007-11-29","2008-12-26 22:19:57","2008-12-26 22:19:57",
3172,2934,"16000050",1,"16000050-001",INV/16000050-001,"2007-11-29","0","",SL,"2007-11-29","0","",1,"",0,Rupiah,"2007-11-29","2008-12-26 22:19:57","2008-12-26 22:19:57",
3173,2935,"11000138",1,"11000138-001",INV/11000138-001,"2007-11-29","0","",SL,"2007-11-29","0","",1,"",0,Rupiah,"2007-11-29","2008-12-26 22:19:57","2008-12-26 22:19:57",
3174,2936,"15000093",1,"15000093-001",INV/15000093-001,"2007-11-29","0","",SL,"2007-11-29","0","",1,"",0,Rupiah,"2007-11-29","2008-12-26 22:19:57","2008-12-26 22:19:57",
3175,2937,"11000202",1,"11000202-001",INV/11000202-001,"2007-11-29","0","",SL,"2007-11-29","0","",1,"",0,Rupiah,"2007-11-29","2008-12-26 22:19:57","2008-12-26 22:19:57",
3176,554,"12000165",1,"12000165-002",INV/12000165-002,"2007-11-29","0","",SL,"2007-11-29","0","",1,"",0,Rupiah,"2007-11-29","2008-12-26 22:19:57","2008-12-26 22:19:57",
3177,2938,"11000139",1,"11000139-001",INV/11000139-001,"2007-11-29","0","",SL,"2007-11-29","0","",1,"",0,Rupiah,"2007-11-29","2008-12-26 22:19:57","2008-12-26 22:19:57",
3178,2939,"12000164",1,"12000164-001",INV/12000164-001,"2007-11-29","0","",SL,"2007-11-29","0","",1,"",0,Rupiah,"2007-11-29","2008-12-26 22:19:57","2008-12-26 22:19:57",
3179,2940,"24000592",1,"24000592-001",INV/24000592-001,"2007-11-29","0","",SL,"2007-11-29","0","",1,"",0,Rupiah,"2007-11-29","2008-12-26 22:19:57","2008-12-26 22:19:57",
3180,2941,"24000005",1,"24000005-001",INV/24000005-001,"2007-11-29","0","",SL,"2007-11-29","0","",1,"",0,Rupiah,"2007-11-29","2008-12-26 22:19:57","2008-12-26 22:19:57",
3181,2942,"22000098",1,"22000098-001",INV/22000098-001,"2007-11-29","0","",SL,"2007-11-29","0","",1,"",0,Rupiah,"2007-11-29","2008-12-26 22:19:57","2008-12-26 22:19:57",
3182,2943,"22000099",1,"22000099-001",INV/22000099-001,"2007-11-29","0","",SL,"2007-11-29","0","",1,"",0,Rupiah,"2007-11-29","2008-12-26 22:19:57","2008-12-26 22:19:57",
3183,2944,"12000163",1,"12000163-001",INV/12000163-001,"2007-11-29","0","",SL,"2007-11-29","0","",1,"",0,Rupiah,"2007-11-29","2008-12-26 22:19:57","2008-12-26 22:19:57",
3184,2945,"11000140",1,"11000140-001",INV/11000140-001,"2007-11-29","0","",SL,"2007-11-29","0","",1,"",0,Rupiah,"2007-11-29","2008-12-26 22:19:57","2008-12-26 22:19:57",
3185,2946,"26000124",1,"26000124-001",INV/26000124-001,"2007-11-29","0","",SL,"2007-11-29","0","",1,"",0,Rupiah,"2007-11-29","2008-12-26 22:19:57","2008-12-26 22:19:57",
3186,2947,"11000141",1,"11000141-001",INV/11000141-001,"2007-11-29","0","",SL,"2007-11-29","0","",1,"",0,Rupiah,"2007-11-29","2008-12-26 22:19:57","2008-12-26 22:19:57",
3187,2948,"24000593",1,"24000593-001",INV/24000593-001,"2007-11-29","0","",SL,"2007-11-29","0","",1,"",0,Rupiah,"2007-11-29","2008-12-26 22:19:57","2008-12-26 22:19:57",
3188,2949,"18000350",1,"18000350-001",INV/18000350-001,"2007-11-29","0","",SL,"2007-11-29","0","",1,"",0,Rupiah,"2007-11-29","2008-12-26 22:19:57","2008-12-26 22:19:57",
3189,2950,"12000162",1,"12000162-001",INV/12000162-001,"2007-11-29","0","",SL,"2007-11-29","0","",1,"",0,Rupiah,"2007-11-29","2008-12-26 22:19:57","2008-12-26 22:19:57",
3191,2952,"12000161",1,"12000161-001",INV/12000161-001,"2007-11-29","0","",SL,"2007-11-29","0","",1,"",0,Rupiah,"2007-11-29","2008-12-26 22:19:57","2008-12-26 22:19:57",
3192,2953,"14000057",1,"14000057-001",INV/14000057-001,"2007-11-29","0","",SL,"2007-11-29","0","",1,"",0,Rupiah,"2007-11-29","2008-12-26 22:19:57","2008-12-26 22:19:57",
3193,2954,"11000122",1,"11000122-001",INV/11000122-001,"2007-11-29","0","",SL,"2007-11-29","0","",1,"",0,Rupiah,"2007-11-29","2008-12-26 22:19:57","2008-12-26 22:19:57",
3194,2955,"11000124",1,"11000124-001",INV/11000124-001,"2007-11-29","0","",SL,"2007-11-29","0","",1,"",0,Rupiah,"2007-11-29","2008-12-26 22:19:57","2008-12-26 22:19:57",
3195,2956,"11000123",1,"11000123-001",INV/11000123-001,"2007-11-29","0","",SL,"2007-11-29","0","",1,"",0,Rupiah,"2007-11-29","2008-12-26 22:19:57","2008-12-26 22:19:57",
3196,2957,"24000784",1,"24000784-001",INV/24000784-001,"2007-11-29","0","",SL,"2007-11-29","0","",1,"",0,Rupiah,"2007-11-29","2008-12-26 22:19:57","2008-12-26 22:19:57",
3197,2958,"27000150",1,"27000150-001",INV/27000150-001,"2007-11-29","0","",SL,"2007-11-29","0","",1,"",0,Rupiah,"2007-11-29","2008-12-26 22:19:57","2008-12-26 22:19:57",
3198,2959,"14000055",1,"14000055-001",INV/14000055-001,"2007-11-29","0","",SL,"2007-11-29","0","",1,"",0,Rupiah,"2007-11-29","2008-12-26 22:19:57","2008-12-26 22:19:57",
3199,2960,"27000099",1,"27000099-001",INV/27000099-001,"2007-11-29","0","",SL,"2007-11-29","0","",1,"",0,Rupiah,"2007-11-29","2008-12-26 22:19:57","2008-12-26 22:19:57",
3200,2961,"28000036",1,"28000036-001",INV/28000036-001,"2007-11-29","0","",SL,"2007-11-29","0","",1,"",0,Rupiah,"2007-11-29","2008-12-26 22:19:57","2008-12-26 22:19:57",
3201,2962,"20000045",1,"20000045-001",INV/20000045-001,"2007-11-29",,"",SL,"2007-11-29","0","",1,"",0,Rupiah,"2007-11-29","2008-12-26 22:19:57","2026-07-12 11:22:34",
3202,2963,"13000070",1,"13000070-001",INV/13000070-001,"2007-11-29","0","",SL,"2007-11-29","0","",1,"",0,Rupiah,"2007-11-29","2008-12-26 22:19:57","2008-12-26 22:19:57",
3204,2964,"13000057",1,"13000057-001",INV/13000057-001,"2007-11-29",,"",SL,"2007-11-29","0","",1,"",0,Rupiah,"2007-11-29","2008-12-26 22:19:57","2026-07-26 10:32:14",
3205,2965,"13000058",1,"13000058-001",INV/13000058-001,"2007-11-29","0","",SL,"2007-11-29","0","",1,"",0,Rupiah,"2007-11-29","2008-12-26 22:19:57","2008-12-26 22:19:57",
3206,2966,"28000133",1,"28000133-001",INV/28000133-001,"2007-11-29","0","",SL,"2007-11-29","0","",1,"",0,Rupiah,"2007-11-29","2008-12-26 22:19:57","2008-12-26 22:19:57",
3207,2967,"15000204",1,"15000204-001",INV/15000204-001,"2007-11-29","0","",SL,"2007-11-29","0","",1,"",0,Rupiah,"2007-11-29","2008-12-26 22:19:57","2008-12-26 22:19:57",
3208,2968,"13000056",1,"13000056-001",INV/13000056-001,"2007-11-29",,"",SL,"2007-11-29","0","",1,"",0,Rupiah,"2007-11-29","2008-12-26 22:19:57","2026-07-26 10:28:14",
3209,2969,"28000134",1,"28000134-001",INV/28000134-001,"2007-11-29","0","",SL,"2007-11-29","0","",1,"",0,Rupiah,"2007-11-29","2008-12-26 22:19:57","2008-12-26 22:19:57",
3210,2970,"28000142",1,"28000142-001",INV/28000142-001,"2007-11-29","0","",SL,"2007-11-29","0","",1,"",0,Rupiah,"2007-11-29","2008-12-26 22:19:57","2008-12-26 22:19:57",
3211,2971,"15000098",1,"15000098-001",INV/15000098-001,"2007-11-29","0","",SL,"2007-11-29","0","",1,"",0,Rupiah,"2007-11-29","2008-12-26 22:19:57","2008-12-26 22:19:57",
3212,2972,"24000510",1,"24000510-001",INV/24000510-001,"2007-11-29","0","",SL,"2007-11-29","0","",1,"",0,Rupiah,"2007-11-29","2008-12-26 22:19:57","2008-12-26 22:19:57",
3213,2973,"18000352",1,"18000352-001",INV/18000352-001,"2007-11-29","0","",SL,"2007-11-29","0","",1,"",0,Rupiah,"2007-11-29","2008-12-26 22:19:57","2008-12-26 22:19:57",
3214,2974,"28000135",1,"28000135-001",INV/28000135-001,"2007-11-29","0","",SL,"2007-11-29","0","",1,"",0,Rupiah,"2007-11-29","2008-12-26 22:19:57","2008-12-26 22:19:57",
3215,2975,"24000511",1,"24000511-001",INV/24000511-001,"2007-11-29","0","",SL,"2007-11-29","0","",1,"",0,Rupiah,"2007-11-29","2008-12-26 22:19:57","2008-12-26 22:19:57",
3216,2976,"28000143",1,"28000143-001",INV/28000143-001,"2007-11-29","0","",SL,"2007-11-29","0","",1,"",0,Rupiah,"2007-11-29","2008-12-26 22:19:57","2008-12-26 22:19:57",
3217,2977,"15000099",1,"15000099-001",INV/15000099-001,"2007-11-29","0","",SL,"2007-11-29","0","",1,"",0,Rupiah,"2007-11-29","2008-12-26 22:19:57","2008-12-26 22:19:57",
3218,2978,"24000512",1,"24000512-001",INV/24000512-001,"2007-11-29","0","",SL,"2007-11-29","0","",1,"",0,Rupiah,"2007-11-29","2008-12-26 22:19:57","2008-12-26 22:19:57",
3219,2979,"15000100",1,"15000100-001",INV/15000100-001,"2007-11-29","0","",SL,"2007-11-29","0","",1,"",0,Rupiah,"2007-11-29","2008-12-26 22:19:57","2008-12-26 22:19:57",
3220,2980,"28000136",1,"28000136-001",INV/28000136-001,"2007-11-29","0","",SL,"2007-11-29","0","",1,"",0,Rupiah,"2007-11-29","2008-12-26 22:19:57","2008-12-26 22:19:57",
3221,2981,"15000101",1,"15000101-001",INV/15000101-001,"2007-11-29","0","",SL,"2007-11-29","0","",1,"",0,Rupiah,"2007-11-29","2008-12-26 22:19:57","2008-12-26 22:19:57",
3222,2982,"18000353",1,"18000353-001",INV/18000353-001,"2007-11-29","0","",SL,"2007-11-29","0","",1,"",0,Rupiah,"2007-11-29","2008-12-26 22:19:57","2008-12-26 22:19:57",
3223,2983,"15000102",1,"15000102-001",INV/15000102-001,"2007-11-29","0","",SL,"2007-11-29","0","",1,"",0,Rupiah,"2007-11-29","2008-12-26 22:19:57","2008-12-26 22:19:57",
3224,2001,"24000513",1,"24000513-001",INV/24000513-001,"2007-11-29","0","",SL,"2007-11-29","0","",1,"",0,Rupiah,"2007-11-29","2008-12-26 22:19:57","2008-12-26 22:19:57",
3225,2984,"15000103",1,"15000103-001",INV/15000103-001,"2007-11-29","0","",SL,"2007-11-29","0","",1,"",0,Rupiah,"2007-11-29","2008-12-26 22:19:57","2008-12-26 22:19:57",
3226,2985,"15000104",1,"15000104-001",INV/15000104-001,"2007-11-29","0","",SL,"2007-11-29","0","",1,"",0,Rupiah,"2007-11-29","2008-12-26 22:19:57","2008-12-26 22:19:57",
3227,2986,"24000514",1,"24000514-001",INV/24000514-001,"2007-11-29","0","",SL,"2007-11-29","0","",1,"",0,Rupiah,"2007-11-29","2008-12-26 22:19:57","2008-12-26 22:19:57",
3228,2987,"15000105",1,"15000105-001",INV/15000105-001,"2007-11-29","0","",SL,"2007-11-29","0","",1,"",0,Rupiah,"2007-11-29","2008-12-26 22:19:57","2008-12-26 22:19:57",
3229,2988,"26000122",1,"26000122-001",INV/26000122-001,"2007-11-29","0","",SL,"2007-11-29","0","",1,"",0,Rupiah,"2007-11-29","2008-12-26 22:19:57","2008-12-26 22:19:57",
3230,2989,"15000106",1,"15000106-001",INV/15000106-001,"2007-11-29","0","",SL,"2007-11-29","0","",1,"",0,Rupiah,"2007-11-29","2008-12-26 22:19:57","2008-12-26 22:19:57",
3231,2990,"15000172",1,"15000172-001",INV/15000172-001,"2007-11-29","0","",SL,"2007-11-29","0","",1,"",0,Rupiah,"2007-11-29","2008-12-26 22:19:57","2008-12-26 22:19:57",
3232,2991,"11000127",1,"11000127-001",INV/11000127-001,"2007-11-29","0","",SL,"2007-11-29","0","",1,"",0,Rupiah,"2007-11-29","2008-12-26 22:19:57","2008-12-26 22:19:57",
3233,2992,"24000515",1,"24000515-001",INV/24000515-001,"2007-11-29","0","",SL,"2007-11-29","0","",1,"",0,Rupiah,"2007-11-29","2008-12-26 22:19:57","2008-12-26 22:19:57",
3234,2993,"11000126",1,"11000126-001",INV/11000126-001,"2007-11-29","0","",SL,"2007-11-29","0","",1,"",0,Rupiah,"2007-11-29","2008-12-26 22:19:57","2008-12-26 22:19:57",
3235,2994,"27000104",1,"27000104-001",INV/27000104-001,"2007-11-29","0","",SL,"2007-11-29","0","",1,"",0,Rupiah,"2007-11-29","2008-12-26 22:19:57","2008-12-26 22:19:57",
3236,2995,"11000129",1,"11000129-001",INV/11000129-001,"2007-11-29","0","",SL,"2007-11-29","0","",1,"",0,Rupiah,"2007-11-29","2008-12-26 22:19:57","2008-12-26 22:19:57",
3237,2996,"18000335",1,"18000335-001",INV/18000335-001,"2007-11-29","0","",SL,"2007-11-29","0","",1,"",0,Rupiah,"2007-11-29","2008-12-26 22:19:57","2008-12-26 22:19:57",
3238,2997,"24000516",1,"24000516-001",INV/24000516-001,"2007-11-29","0","",SL,"2007-11-29","0","",1,"",0,Rupiah,"2007-11-29","2008-12-26 22:19:57","2008-12-26 22:19:57",
3239,2998,"26000123",1,"26000123-001",INV/26000123-001,"2007-11-29","0","",SL,"2007-11-29","0","",1,"",0,Rupiah,"2007-11-29","2008-12-26 22:19:57","2008-12-26 22:19:57",
3240,2999,"22000075",1,"22000075-001",INV/22000075-001,"2007-11-29","0","",SL,"2007-11-29","0","",1,"",0,Rupiah,"2007-11-29","2008-12-26 22:19:57","2008-12-26 22:19:57",
3241,3000,"24000517",1,"24000517-001",INV/24000517-001,"2007-11-29","0","",SL,"2007-11-29","0","",1,"",0,Rupiah,"2007-11-29","2008-12-26 22:19:57","2008-12-26 22:19:57",
3242,3001,"24000518",1,"24000518-001",INV/24000518-001,"2007-11-29","0","",SL,"2007-11-29","0","",1,"",0,Rupiah,"2007-11-29","2008-12-26 22:19:57","2008-12-26 22:19:57",
3243,3002,"19000090",1,"19000090-001",INV/19000090-001,"2007-11-29",,"",SL,"2007-11-29","0","",1,"",0,Rupiah,"2007-11-29","2008-12-26 22:19:57","2026-07-16 14:40:49",
3244,3003,"15000174",1,"15000174-001",INV/15000174-001,"2007-11-29","0","",SL,"2007-11-29","0","",1,"",0,Rupiah,"2007-11-29","2008-12-26 22:19:57","2008-12-26 22:19:57",
3245,3004,"11000128",1,"11000128-001",INV/11000128-001,"2007-11-29","0","",SL,"2007-11-29","0","",1,"",0,Rupiah,"2007-11-29","2008-12-26 22:19:57","2008-12-26 22:19:57",
3246,3005,"27000100",1,"27000100-001",INV/27000100-001,"2007-11-29","0","",SL,"2007-11-29","0","",1,"",0,Rupiah,"2007-11-29","2008-12-26 22:19:57","2008-12-26 22:19:57",
3247,3006,"11000130",1,"11000130-001",INV/11000130-001,"2007-11-29","0","",SL,"2007-11-29","0","",1,"",0,Rupiah,"2007-11-29","2008-12-26 22:19:57","2008-12-26 22:19:57",
3248,2506,"28000021",1,"28000021-001",INV/28000021-001,"2007-11-29","0","",SL,"2007-11-29","0","",1,"",0,Rupiah,"2007-11-29","2008-12-26 22:19:57","2008-12-26 22:19:57",
3249,3007,"18000338",1,"18000338-001",INV/18000338-001,"2007-11-29","0","",SL,"2007-11-29","0","",1,"",0,Rupiah,"2007-11-29","2008-12-26 22:19:57","2008-12-26 22:19:57",
3250,3008,"26000125",1,"26000125-001",INV/26000125-001,"2007-11-29","0","",SL,"2007-11-29","0","",1,"",0,Rupiah,"2007-11-29","2008-12-26 22:19:57","2008-12-26 22:19:57",
3251,3009,"28000137",1,"28000137-001",INV/28000137-001,"2007-11-29","0","",SL,"2007-11-29","0","",1,"",0,Rupiah,"2007-11-29","2008-12-26 22:19:57","2008-12-26 22:19:57",
3252,3010,"17000085",1,"17000085-001",INV/17000085-001,"2007-11-29","0","",SL,"2007-11-29","0","",1,"",0,Rupiah,"2007-11-29","2008-12-26 22:19:57","2008-12-26 22:19:57",
3254,3012,"17000086",1,"17000086-001",INV/17000086-001,"2007-11-29","0","",SL,"2007-11-29","0","",1,"",0,Rupiah,"2007-11-29","2008-12-26 22:19:57","2008-12-26 22:19:57",
3255,3013,"13000073",1,"13000073-001",INV/13000073-001,"2007-11-29","0","",SL,"2007-11-29","0","",1,"",0,Rupiah,"2007-11-29","2008-12-26 22:19:57","2008-12-26 22:19:57",
3256,3014,"24000606",1,"24000606-001",INV/24000606-001,"2007-11-29","0","",SL,"2007-11-29","0","",1,"",0,Rupiah,"2007-11-29","2008-12-26 22:19:57","2008-12-26 22:19:57",
3258,3016,"12000102",1,"12000102-001",INV/12000102-001,"2007-11-29","0","",SL,"2007-11-29","0","",1,"",0,Rupiah,"2007-11-29","2008-12-26 22:19:57","2008-12-26 22:19:57",
3259,2484,"18000340",1,"18000340-001",INV/18000340-001,"2007-11-29","0","",SL,"2007-11-29","0","",1,"",0,Rupiah,"2007-11-29","2008-12-26 22:19:57","2008-12-26 22:19:57",
3260,3017,"17000089",1,"17000089-001",INV/17000089-001,"2007-11-29","0","",SL,"2007-11-29","0","",1,"",0,Rupiah,"2007-11-29","2008-12-26 22:19:57","2008-12-26 22:19:57",
3261,3018,"12000257",1,"12000257-001",INV/12000257-001,"2007-11-29","0","",SL,"2007-11-29","0","",1,"",0,Rupiah,"2007-11-29","2008-12-26 22:19:57","2008-12-26 22:19:57",
3262,3019,"18000341",1,"18000341-001",INV/18000341-001,"2007-11-29","0","",SL,"2007-11-29","0","",1,"",0,Rupiah,"2007-11-29","2008-12-26 22:19:57","2008-12-26 22:19:57",
3263,3020,"28000138",1,"28000138-001",INV/28000138-001,"2007-11-29","0","",SL,"2007-11-29","0","",1,"",0,Rupiah,"2007-11-29","2008-12-26 22:19:57","2008-12-26 22:19:57",
3264,3021,"18000342",1,"18000342-001",INV/18000342-001,"2007-11-29","0","",SL,"2007-11-29","0","",1,"",0,Rupiah,"2007-11-29","2008-12-26 22:19:57","2008-12-26 22:19:57",
3265,3022,"24000716",1,"24000716-001",INV/24000716-001,"2007-11-29","0","",SL,"2007-11-29","0","",1,"",0,Rupiah,"2007-11-29","2008-12-26 22:19:57","2008-12-26 22:19:57",
3266,3023,"18000343",1,"18000343-001",INV/18000343-001,"2007-11-29","0","",SL,"2007-11-29","0","",1,"",0,Rupiah,"2007-11-29","2008-12-26 22:19:57","2008-12-26 22:19:57",
3267,2360,"23000083",1,"23000083-001",INV/23000083-001,"2007-11-29","0","",SL,"2007-11-29","0","",1,"",0,Rupiah,"2007-11-29","2008-12-26 22:19:57","2008-12-26 22:19:57",
3268,3024,"13000074",1,"13000074-001",INV/13000074-001,"2007-11-29","0","",SL,"2007-11-29","0","",1,"",0,Rupiah,"2007-11-29","2008-12-26 22:19:57","2008-12-26 22:19:57",
3269,3025,"17000095",1,"17000095-001",INV/17000095-001,"2007-11-29","0","",SL,"2007-11-29","0","",1,"",0,Rupiah,"2007-11-29","2008-12-26 22:19:57","2008-12-26 22:19:57",
3270,2532,"11000036",1,"11000036-001",INV/11000036-001,"2007-11-29","0","",SL,"2007-11-29","0","",1,"",0,Rupiah,"2007-11-29","2008-12-26 22:19:57","2008-12-26 22:19:57",
3271,3026,"12000110",1,"12000110-001",INV/12000110-001,"2007-11-29","0","",SL,"2007-11-29","0","",1,"",0,Rupiah,"2007-11-29","2008-12-26 22:19:57","2008-12-26 22:19:57",
3272,3027,"20000025",1,"20000025-001",INV/20000025-001,"2007-11-29","0","",SL,"2007-11-29","0","",1,"",0,Rupiah,"2007-11-29","2008-12-26 22:19:57","2008-12-26 22:19:57",
3273,3028,"23000080",1,"23000080-001",INV/23000080-001,"2007-11-29","0","",SL,"2007-11-29","0","",1,"",0,Rupiah,"2007-11-29","2008-12-26 22:19:57","2008-12-26 22:19:57",
3275,3030,"12000260",1,"12000260-001",INV/12000260-001,"2007-11-29","0","",SL,"2007-11-29","0","",1,"",0,Rupiah,"2007-11-29","2008-12-26 22:19:57","2008-12-26 22:19:57",
3276,3031,"18000363",1,"18000363-001",INV/18000363-001,"2007-11-29","0","",SL,"2007-11-29","0","",1,"",0,Rupiah,"2007-11-29","2008-12-26 22:19:57","2008-12-26 22:19:57",
3277,3032,"27000114",1,"27000114-001",INV/27000114-001,"2007-11-29","0","",SL,"2007-11-29","0","",1,"",0,Rupiah,"2007-11-29","2008-12-26 22:19:57","2008-12-26 22:19:57",
3278,3033,"23000102",1,"23000102-001",INV/23000102-001,"2007-11-29","0","",SL,"2007-11-29","0","",1,"",0,Rupiah,"2007-11-29","2008-12-26 22:19:57","2008-12-26 22:19:57",
3279,3034,"18000364",1,"18000364-001",INV/18000364-001,"2007-11-29","0","",SL,"2007-11-29","0","",1,"",0,Rupiah,"2007-11-29","2008-12-26 22:19:57","2008-12-26 22:19:57",
3280,3035,"19000091",1,"19000091-001",INV/19000091-001,"2007-11-29",,"",SL,"2007-11-29","0","",1,"",0,Rupiah,"2007-11-29","2008-12-26 22:19:57","2026-07-16 14:46:33",
3281,3036,"13000075",1,"13000075-001",INV/13000075-001,"2007-11-29","0","",SL,"2007-11-29","0","",1,"",0,Rupiah,"2007-11-29","2008-12-26 22:19:57","2008-12-26 22:19:57",
3282,3037,"11000148",1,"11000148-001",INV/11000148-001,"2007-11-29","0","",SL,"2007-11-29","0","",1,"",0,Rupiah,"2007-11-29","2008-12-26 22:19:57","2008-12-26 22:19:57",
3283,3038,"23000084",1,"23000084-001",INV/23000084-001,"2007-11-29","0","",SL,"2007-11-29","0","",1,"",0,Rupiah,"2007-11-29","2008-12-26 22:19:57","2008-12-26 22:19:57",
3284,3039,"11000149",1,"11000149-001",INV/11000149-001,"2007-11-29","0","",SL,"2007-11-29","0","",1,"",0,Rupiah,"2007-11-29","2008-12-26 22:19:57","2008-12-26 22:19:57",
3285,3040,"13000076",1,"13000076-001",INV/13000076-001,"2007-11-29","0","",SL,"2007-11-29","0","",1,"",0,Rupiah,"2007-11-29","2008-12-26 22:19:57","2008-12-26 22:19:57",
3286,3041,"19000076",1,"19000076-001",INV/19000076-001,"2007-11-29","0","",SL,"2007-11-29","0","",1,"",0,Rupiah,"2007-11-29","2008-12-26 22:19:57","2008-12-26 22:19:57",
3287,3042,"11000150",1,"11000150-001",INV/11000150-001,"2007-11-29","0","",SL,"2007-11-29","0","",1,"",0,Rupiah,"2007-11-29","2008-12-26 22:19:57","2008-12-26 22:19:57",
3288,3043,"17000109",1,"17000109-001",INV/17000109-001,"2007-11-29","0","",SL,"2007-11-29","0","",1,"",0,Rupiah,"2007-11-29","2008-12-26 22:19:57","2008-12-26 22:19:57",
3289,3044,"11000151",1,"11000151-001",INV/11000151-001,"2007-11-29","0","",SL,"2007-11-29","0","",1,"",0,Rupiah,"2007-11-29","2008-12-26 22:19:57","2008-12-26 22:19:57",
3290,3045,"24000602",1,"24000602-001",INV/24000602-001,"2007-11-29","0","",SL,"2007-11-29","0","",1,"",0,Rupiah,"2007-11-29","2008-12-26 22:19:57","2008-12-26 22:19:57",
3291,3046,"23000085",1,"23000085-001",INV/23000085-001,"2007-11-29","0","",SL,"2007-11-29","0","",1,"",0,Rupiah,"2007-11-29","2008-12-26 22:19:57","2008-12-26 22:19:57",
3292,3047,"24000603",1,"24000603-001",INV/24000603-001,"2007-11-29","0","",SL,"2007-11-29","0","",1,"",0,Rupiah,"2007-11-29","2008-12-26 22:19:57","2008-12-26 22:19:57",
3293,3048,"15000176",1,"15000176-001",INV/15000176-001,"2007-11-29","0","",SL,"2007-11-29","0","",1,"",0,Rupiah,"2007-11-29","2008-12-26 22:19:57","2008-12-26 22:19:57",
3294,3049,"21000055",1,"21000055-001",INV/21000055-001,"2007-11-29","0","",SL,"2007-11-29","0","",1,"",0,Rupiah,"2007-11-29","2008-12-26 22:19:57","2008-12-26 22:19:57",
3295,3050,"15000177",1,"15000177-001",INV/15000177-001,"2007-11-29","0","",SL,"2007-11-29","0","",1,"",0,Rupiah,"2007-11-29","2008-12-26 22:19:57","2008-12-26 22:19:57",
3296,3051,"24000718",1,"24000718-001",INV/24000718-001,"2007-11-29","0","",SL,"2007-11-29","0","",1,"",0,Rupiah,"2007-11-29","2008-12-26 22:19:57","2008-12-26 22:19:57",
3297,2219,"15000178",1,"15000178-001",INV/15000178-001,"2007-11-29","0","",SL,"2007-11-29","0","",1,"",0,Rupiah,"2007-11-29","2008-12-26 22:19:57","2008-12-26 22:19:57",
3298,3052,"13000077",1,"13000077-001",INV/13000077-001,"2007-11-29","0","",SL,"2007-11-29","0","",1,"",0,Rupiah,"2007-11-29","2008-12-26 22:19:57","2008-12-26 22:19:57",
3299,3053,"15000179",1,"15000179-001",INV/15000179-001,"2007-11-29","0","",SL,"2007-11-29","0","",1,"",0,Rupiah,"2007-11-29","2008-12-26 22:19:57","2008-12-26 22:19:57",
3300,3054,"19000078",1,"19000078-001",INV/19000078-001,"2007-11-29","0","",SL,"2007-11-29","0","",1,"",0,Rupiah,"2007-11-29","2008-12-26 22:19:57","2008-12-26 22:19:57",
3301,3055,"18000355",1,"18000355-001",INV/18000355-001,"2007-11-29","0","",SL,"2007-11-29","0","",1,"",0,Rupiah,"2007-11-29","2008-12-26 22:19:57","2008-12-26 22:19:57",
3302,3056,"15000180",1,"15000180-001",INV/15000180-001,"2007-11-29","0","",SL,"2007-11-29","0","",1,"",0,Rupiah,"2007-11-29","2008-12-26 22:19:57","2008-12-26 22:19:57",
3303,3057,"15000208",1,"15000208-001",INV/15000208-001,"2007-11-29","0","",SL,"2007-11-29","0","",1,"",0,Rupiah,"2007-11-29","2008-12-26 22:19:57","2008-12-26 22:19:57",
3304,3058,"15000181",1,"15000181-001",INV/15000181-001,"2007-11-29","0","",SL,"2007-11-29","0","",1,"",0,Rupiah,"2007-11-29","2008-12-26 22:19:57","2008-12-26 22:19:57",
3305,3059,"28000013",1,"28000013-001",INV/28000013-001,"2007-11-29","0","",SL,"2007-11-29","0","",1,"",0,Rupiah,"2007-11-29","2008-12-26 22:19:57","2008-12-26 22:19:57",
3306,3060,"15000182",1,"15000182-001",INV/15000182-001,"2007-11-29","0","",SL,"2007-11-29","0","",1,"",0,Rupiah,"2007-11-29","2008-12-26 22:19:57","2008-12-26 22:19:57",
3307,3061,"28000015",1,"28000015-001",INV/28000015-001,"2007-11-29","0","",SL,"2007-11-29","0","",1,"",0,Rupiah,"2007-11-29","2008-12-26 22:19:57","2008-12-26 22:19:57",
3308,3062,"18000119",1,"18000119-001",INV/18000119-001,"2007-11-29","0","",SL,"2007-11-29","0","",1,"",0,Rupiah,"2007-11-29","2008-12-26 22:19:57","2008-12-26 22:19:57",
3309,2255,"36000015",1,"36000015-001",INV/36000015-001,"2007-11-29","0","",SL,"2007-11-29","0","",1,"",0,Rupiah,"2007-11-29","2008-12-26 22:19:57","2008-12-26 22:19:57",
3310,3063,"26000078",1,"26000078-001",INV/26000078-001,"2007-11-29","0","",SL,"2007-11-29","0","",1,"",0,Rupiah,"2007-11-29","2008-12-26 22:19:57","2008-12-26 22:19:57",
3311,3064,"15000183",1,"15000183-001",INV/15000183-001,"2007-11-29","0","",SL,"2007-11-29","0","",1,"",0,Rupiah,"2007-11-29","2008-12-26 22:19:57","2008-12-26 22:19:57",
3312,3065,"11000203",1,"11000203-001",INV/11000203-001,"2007-11-29","0","",SL,"2007-11-29","0","",1,"",0,Rupiah,"2007-11-29","2008-12-26 22:19:57","2008-12-26 22:19:57",
3313,3066,"10000124",1,"10000124-001",INV/10000124-001,"2007-11-29","0","",SL,"2007-11-29","0","",1,"",0,Rupiah,"2007-11-29","2008-12-26 22:19:57","2008-12-26 22:19:57",
3314,3067,"25000031",1,"25000031-001",INV/25000031-001,"2007-11-29","0","",SL,"2007-11-29","0","",1,"",0,Rupiah,"2007-11-29","2008-12-26 22:19:57","2008-12-26 22:19:57",
3315,3068,"15000184",1,"15000184-001",INV/15000184-001,"2007-11-29","0","",SL,"2007-11-29","0","",1,"",0,Rupiah,"2007-11-29","2008-12-26 22:19:57","2008-12-26 22:19:57",
3317,3069,"15000185",1,"15000185-001",INV/15000185-001,"2007-11-29","0","",SL,"2007-11-29","0","",1,"",0,Rupiah,"2007-11-29","2008-12-26 22:19:57","2008-12-26 22:19:57",
3318,2383,"15000207",1,"15000207-001",INV/15000207-001,"2007-11-29","0","",SL,"2007-11-29","0","",1,"",0,Rupiah,"2007-11-29","2008-12-26 22:19:57","2008-12-26 22:19:57",
3319,3070,"15000186",1,"15000186-001",INV/15000186-001,"2007-11-29","0","",SL,"2007-11-29","0","",1,"",0,Rupiah,"2007-11-29","2008-12-26 22:19:57","2008-12-26 22:19:57",
3320,3071,"15000187",1,"15000187-001",INV/15000187-001,"2007-11-29","0","",SL,"2007-11-29","0","",1,"",0,Rupiah,"2007-11-29","2008-12-26 22:19:57","2008-12-26 22:19:57",
3321,3072,"12000167",1,"12000167-001",INV/12000167-001,"2007-11-29","0","",SL,"2007-11-29","0","",1,"",0,Rupiah,"2007-11-29","2008-12-26 22:19:57","2008-12-26 22:19:57",
3322,3073,"15000188",1,"15000188-001",INV/15000188-001,"2007-11-29","0","",SL,"2007-11-29","0","",1,"",0,Rupiah,"2007-11-29","2008-12-26 22:19:57","2008-12-26 22:19:57",
3323,3074,"17000058",1,"17000058-001",INV/17000058-001,"2007-11-29","0","",SL,"2007-11-29","0","",1,"",0,Rupiah,"2007-11-29","2008-12-26 22:19:57","2008-12-26 22:19:57",
3324,3075,"28000043",1,"28000043-001",INV/28000043-001,"2007-11-29","0","",SL,"2007-11-29","0","",1,"",0,Rupiah,"2007-11-29","2008-12-26 22:19:57","2008-12-26 22:19:57",
3325,3076,"21000056",1,"21000056-001",INV/21000056-001,"2007-11-29","0","",SL,"2007-11-29","0","",1,"",0,Rupiah,"2007-11-29","2008-12-26 22:19:57","2008-12-26 22:19:57",
3326,3077,"15000001",1,"15000001-001",INV/15000001-001,"2007-11-29","0","",SL,"2007-11-29","0","",1,"",0,Rupiah,"2007-11-29","2008-12-26 22:19:57","2008-12-26 22:19:57",
3327,3078,"13000050",1,"13000050-001",INV/13000050-001,"2007-11-29",,"",SL,"2007-11-29","0","",1,"",0,Rupiah,"2007-11-29","2008-12-26 22:19:57","2026-07-26 10:07:11",
3328,3079,"28000030",1,"28000030-001",INV/28000030-001,"2007-11-29","0","",SL,"2007-11-29","0","",1,"",0,Rupiah,"2007-11-29","2008-12-26 22:19:57","2008-12-26 22:19:57",
3329,3080,"24000618",1,"24000618-001",INV/24000618-001,"2007-11-29","0","",SL,"2007-11-29","0","",1,"",0,Rupiah,"2007-11-29","2008-12-26 22:19:57","2008-12-26 22:19:57",
3330,3081,"24000650",1,"24000650-001",INV/24000650-001,"2007-11-29","0","",SL,"2007-11-29","0","",1,"",0,Rupiah,"2007-11-29","2008-12-26 22:19:57","2008-12-26 22:19:57",
3331,3082,"15000214",1,"15000214-001",INV/15000214-001,"2007-11-29","0","",SL,"2007-11-29","0","",1,"",0,Rupiah,"2007-11-29","2008-12-26 22:19:57","2008-12-26 22:19:57",
3332,3083,"24000619",1,"24000619-001",INV/24000619-001,"2007-11-29","0","",SL,"2007-11-29","0","",1,"",0,Rupiah,"2007-11-29","2008-12-26 22:19:57","2008-12-26 22:19:57",
3333,3084,"24000620",1,"24000620-001",INV/24000620-001,"2007-11-29","0","",SL,"2007-11-29","0","",1,"",0,Rupiah,"2007-11-29","2008-12-26 22:19:57","2008-12-26 22:19:57",
3334,3085,"11000204",1,"11000204-001",INV/11000204-001,"2007-11-29","0","",SL,"2007-11-29","0","",1,"",0,Rupiah,"2007-11-29","2008-12-26 22:19:57","2008-12-26 22:19:57",
3335,3086,"24000621",1,"24000621-001",INV/24000621-001,"2007-11-29","0","",SL,"2007-11-29","0","",1,"",0,Rupiah,"2007-11-29","2008-12-26 22:19:57","2008-12-26 22:19:57",
3336,3087,"24000622",1,"24000622-001",INV/24000622-001,"2007-11-29","0","",SL,"2007-11-29","0","",1,"",0,Rupiah,"2007-11-29","2008-12-26 22:19:57","2008-12-26 22:19:57",
3337,3088,"24000623",1,"24000623-001",INV/24000623-001,"2007-11-29","0","",SL,"2007-11-29","0","",1,"",0,Rupiah,"2007-11-29","2008-12-26 22:19:57","2008-12-26 22:19:57",
3338,3089,"10000125",1,"10000125-001",INV/10000125-001,"2007-11-29","0","",SL,"2007-11-29","0","",1,"",0,Rupiah,"2007-11-29","2008-12-26 22:19:57","2008-12-26 22:19:57",
3339,3090,"15000261",1,"15000261-001",INV/15000261-001,"2007-11-29","0","",SL,"2007-11-29","0","",1,"",0,Rupiah,"2007-11-29","2008-12-26 22:19:57","2008-12-26 22:19:57",
3340,3091,"24000625",1,"24000625-001",INV/24000625-001,"2007-11-29","0","",SL,"2007-11-29","0","",1,"",0,Rupiah,"2007-11-29","2008-12-26 22:19:57","2008-12-26 22:19:57",
3341,3092,"24000649",1,"24000649-001",INV/24000649-001,"2007-11-29","0","",SL,"2007-11-29","0","",1,"",0,Rupiah,"2007-11-29","2008-12-26 22:19:57","2008-12-26 22:19:57",
3342,3093,"18000373",1,"18000373-001",INV/18000373-001,"2007-11-29","0","",SL,"2007-11-29","0","",1,"",0,Rupiah,"2007-11-29","2008-12-26 22:19:57","2008-12-26 22:19:57",
3343,3094,"27000102",1,"27000102-001",INV/27000102-001,"2007-11-29","0","",SL,"2007-11-29","0","",1,"",0,Rupiah,"2007-11-29","2008-12-26 22:19:57","2008-12-26 22:19:57",
3344,3095,"15000262",1,"15000262-001",INV/15000262-001,"2007-11-29","0","",SL,"2007-11-29","0","",1,"",0,Rupiah,"2007-11-29","2008-12-26 22:19:57","2008-12-26 22:19:57",
3345,3096,"18000365",1,"18000365-001",INV/18000365-001,"2007-11-29","0","",SL,"2007-11-29","0","",1,"",0,Rupiah,"2007-11-29","2008-12-26 22:19:57","2008-12-26 22:19:57",
3346,3097,"24000747",1,"24000747-001",INV/24000747-001,"2007-11-29","0","",SL,"2007-11-29","0","",1,"",0,Rupiah,"2007-11-29","2008-12-26 22:19:57","2008-12-26 22:19:57",
3347,3098,"25000038",1,"25000038-001",INV/25000038-001,"2007-11-29","0","",SL,"2007-11-29","0","",1,"",0,Rupiah,"2007-11-29","2008-12-26 22:19:57","2008-12-26 22:19:57",
3348,3099,"24000630",1,"24000630-001",INV/24000630-001,"2007-11-29","0","",SL,"2007-11-29","0","",1,"",0,Rupiah,"2007-11-29","2008-12-26 22:19:57","2008-12-26 22:19:57",
3349,3100,"24000678",1,"24000678-001",INV/24000678-001,"2007-11-29","0","",SL,"2007-11-29","0","",1,"",0,Rupiah,"2007-11-29","2008-12-26 22:19:57","2008-12-26 22:19:57",
3350,3101,"24000631",1,"24000631-001",INV/24000631-001,"2007-11-29","0","",SL,"2007-11-29","0","",1,"",0,Rupiah,"2007-11-29","2008-12-26 22:19:57","2008-12-26 22:19:57",
3351,3102,"15000263",1,"15000263-001",INV/15000263-001,"2007-11-29","0","",SL,"2007-11-29","0","",1,"",0,Rupiah,"2007-11-29","2008-12-26 22:19:57","2008-12-26 22:19:57",
3352,3103,"24000688",1,"24000688-001",INV/24000688-001,"2007-11-29","0","",SL,"2007-11-29","0","",1,"",0,Rupiah,"2007-11-29","2008-12-26 22:19:57","2008-12-26 22:19:57",
3353,3104,"24000632",1,"24000632-001",INV/24000632-001,"2007-11-29","0","",SL,"2007-11-29","0","",1,"",0,Rupiah,"2007-11-29","2008-12-26 22:19:57","2008-12-26 22:19:57",
3354,3105,"24000651",1,"24000651-001",INV/24000651-001,"2007-11-29","0","",SL,"2007-11-29","0","",1,"",0,Rupiah,"2007-11-29","2008-12-26 22:19:57","2008-12-26 22:19:57",
3355,3106,"24000677",1,"24000677-001",INV/24000677-001,"2007-11-29","0","",SL,"2007-11-29","0","",1,"",0,Rupiah,"2007-11-29","2008-12-26 22:19:57","2008-12-26 22:19:57",
3356,3107,"24000633",1,"24000633-001",INV/24000633-001,"2007-11-29","0","",SL,"2007-11-29","0","",1,"",0,Rupiah,"2007-11-29","2008-12-26 22:19:57","2008-12-26 22:19:57",
3357,3108,"24000006",1,"24000006-001",INV/24000006-001,"2007-11-29","0","",SL,"2007-11-29","0","",1,"",0,Rupiah,"2007-11-29","2008-12-26 22:19:57","2008-12-26 22:19:57",
3358,3109,"24000634",1,"24000634-001",INV/24000634-001,"2007-11-29","0","",SL,"2007-11-29","0","",1,"",0,Rupiah,"2007-11-29","2008-12-26 22:19:57","2008-12-26 22:19:57",
3359,3110,"24000635",1,"24000635-001",INV/24000635-001,"2007-11-29","0","",SL,"2007-11-29","0","",1,"",0,Rupiah,"2007-11-29","2008-12-26 22:19:57","2008-12-26 22:19:57",
3360,3111,"24000657",1,"24000657-001",INV/24000657-001,"2007-11-29","0","",SL,"2007-11-29","0","",1,"",0,Rupiah,"2007-11-29","2008-12-26 22:19:57","2008-12-26 22:19:57",
3361,2350,"24000636",1,"24000636-001",INV/24000636-001,"2007-11-29","0","",SL,"2007-11-29","0","",1,"",0,Rupiah,"2007-11-29","2008-12-26 22:19:57","2008-12-26 22:19:57",
3362,3112,"24000676",1,"24000676-001",INV/24000676-001,"2007-11-29","0","",SL,"2007-11-29","0","",1,"",0,Rupiah,"2007-11-29","2008-12-26 22:19:57","2008-12-26 22:19:57",
3363,2351,"24000637",1,"24000637-001",INV/24000637-001,"2007-11-29","0","",SL,"2007-11-29","0","",1,"",0,Rupiah,"2007-11-29","2008-12-26 22:19:57","2008-12-26 22:19:57",
3364,3113,"27000113",1,"27000113-001",INV/27000113-001,"2007-11-29","0","",SL,"2007-11-29","0","",1,"",0,Rupiah,"2007-11-29","2008-12-26 22:19:57","2008-12-26 22:19:57",
3365,3114,"24000638",1,"24000638-001",INV/24000638-001,"2007-11-29","0","",SL,"2007-11-29","0","",1,"",0,Rupiah,"2007-11-29","2008-12-26 22:19:57","2008-12-26 22:19:57",
3366,3115,"24000658",1,"24000658-001",INV/24000658-001,"2007-11-29","0","",SL,"2007-11-29","0","",1,"",0,Rupiah,"2007-11-29","2008-12-26 22:19:57","2008-12-26 22:19:57",
3367,3116,"26000188",1,"26000188-001",INV/26000188-001,"2007-11-29","0","",SL,"2007-11-29","0","",1,"",0,Rupiah,"2007-11-29","2008-12-26 22:19:57","2008-12-26 22:19:57",
3368,3117,"24000639",1,"24000639-001",INV/24000639-001,"2007-11-29","0","",SL,"2007-11-29","0","",1,"",0,Rupiah,"2007-11-29","2008-12-26 22:19:57","2008-12-26 22:19:57",
3369,3118,"26000236",1,"26000236-001",INV/26000236-001,"2007-11-29","0","",SL,"2007-11-29","0","",1,"",0,Rupiah,"2007-11-29","2008-12-26 22:19:57","2008-12-26 22:19:57",
3370,3119,"24000675",1,"24000675-001",INV/24000675-001,"2007-11-29","0","",SL,"2007-11-29","0","",1,"",0,Rupiah,"2007-11-29","2008-12-26 22:19:57","2008-12-26 22:19:57",
3371,3120,"24000640",1,"24000640-001",INV/24000640-001,"2007-11-29","0","",SL,"2007-11-29","0","",1,"",0,Rupiah,"2007-11-29","2008-12-26 22:19:57","2008-12-26 22:19:57",
3372,3121,"24000656",1,"24000656-001",INV/24000656-001,"2007-11-29","0","",SL,"2007-11-29","0","",1,"",0,Rupiah,"2007-11-29","2008-12-26 22:19:57","2008-12-26 22:19:57",
3373,3122,"24000785",1,"24000785-001",INV/24000785-001,"2007-11-29","0","",SL,"2007-11-29","0","",1,"",0,Rupiah,"2007-11-29","2008-12-26 22:19:57","2008-12-26 22:19:57",
3374,3123,"24000641",1,"24000641-001",INV/24000641-001,"2007-11-29","0","",SL,"2007-11-29","0","",1,"",0,Rupiah,"2007-11-29","2008-12-26 22:19:57","2008-12-26 22:19:57",
3375,3124,"26000189",1,"26000189-001",INV/26000189-001,"2007-11-29","0","",SL,"2007-11-29","0","",1,"",0,Rupiah,"2007-11-29","2008-12-26 22:19:57","2008-12-26 22:19:57",
3376,3125,"12000179",1,"12000179-001",INV/12000179-001,"2007-11-29","0","",SL,"2007-11-29","0","",1,"",0,Rupiah,"2007-11-29","2008-12-26 22:19:57","2008-12-26 22:19:57",
3377,3126,"24000674",1,"24000674-001",INV/24000674-001,"2007-11-29","0","",SL,"2007-11-29","0","",1,"",0,Rupiah,"2007-11-29","2008-12-26 22:19:57","2008-12-26 22:19:57",
3378,3127,"24000643",1,"24000643-001",INV/24000643-001,"2007-11-29","0","",SL,"2007-11-29","0","",1,"",0,Rupiah,"2007-11-29","2008-12-26 22:19:57","2008-12-26 22:19:57",
3379,3128,"24000659",1,"24000659-001",INV/24000659-001,"2007-11-29","0","",SL,"2007-11-29","0","",1,"",0,Rupiah,"2007-11-29","2008-12-26 22:19:57","2008-12-26 22:19:57",
3380,3129,"26000238",1,"26000238-001",INV/26000238-001,"2007-11-29","0","",SL,"2007-11-29","0","",1,"",0,Rupiah,"2007-11-29","2008-12-26 22:19:57","2008-12-26 22:19:57",
3381,3130,"24000673",1,"24000673-001",INV/24000673-001,"2007-11-29","0","",SL,"2007-11-29","0","",1,"",0,Rupiah,"2007-11-29","2008-12-26 22:19:57","2008-12-26 22:19:57",
3382,3131,"24000663",1,"24000663-001",INV/24000663-001,"2007-11-29","0","",SL,"2007-11-29","0","",1,"",0,Rupiah,"2007-11-29","2008-12-26 22:19:57","2008-12-26 22:19:57",
3383,3132,"26000190",1,"26000190-001",INV/26000190-001,"2007-11-29","0","",SL,"2007-11-29","0","",1,"",0,Rupiah,"2007-11-29","2008-12-26 22:19:57","2008-12-26 22:19:57",
3384,3133,"26000237",1,"26000237-001",INV/26000237-001,"2007-11-29","0","",SL,"2007-11-29","0","",1,"",0,Rupiah,"2007-11-29","2008-12-26 22:19:57","2008-12-26 22:19:57",
3385,3134,"24000672",1,"24000672-001",INV/24000672-001,"2007-11-29","0","",SL,"2007-11-29","0","",1,"",0,Rupiah,"2007-11-29","2008-12-26 22:19:57","2008-12-26 22:19:57",
3386,3135,"27000111",1,"27000111-001",INV/27000111-001,"2007-11-29","0","",SL,"2007-11-29","0","",1,"",0,Rupiah,"2007-11-29","2008-12-26 22:19:57","2008-12-26 22:19:57",
3387,3136,"27000110",1,"27000110-001",INV/27000110-001,"2007-11-29","0","",SL,"2007-11-29","0","",1,"",0,Rupiah,"2007-11-29","2008-12-26 22:19:57","2008-12-26 22:19:57",
3388,3137,"24000660",1,"24000660-001",INV/24000660-001,"2007-11-29","0","",SL,"2007-11-29","0","",1,"",0,Rupiah,"2007-11-29","2008-12-26 22:19:57","2008-12-26 22:19:57",
3389,3138,"27000105",1,"27000105-001",INV/27000105-001,"2007-11-29","0","",SL,"2007-11-29","0","",1,"",0,Rupiah,"2007-11-29","2008-12-26 22:19:57","2008-12-26 22:19:57",
3390,3139,"28000034",1,"28000034-001",INV/28000034-001,"2007-11-29","0","",SL,"2007-11-29","0","",1,"",0,Rupiah,"2007-11-29","2008-12-26 22:19:57","2008-12-26 22:19:57",
3391,3140,"27000106",1,"27000106-001",INV/27000106-001,"2007-11-29","0","",SL,"2007-11-29","0","",1,"",0,Rupiah,"2007-11-29","2008-12-26 22:19:57","2008-12-26 22:19:57",
3392,3141,"24000662",1,"24000662-001",INV/24000662-001,"2007-11-29","0","",SL,"2007-11-29","0","",1,"",0,Rupiah,"2007-11-29","2008-12-26 22:19:57","2008-12-26 22:19:57",
3393,3142,"24000703",1,"24000703-001",INV/24000703-001,"2007-11-29","0","",SL,"2007-11-29","0","",1,"",0,Rupiah,"2007-11-29","2008-12-26 22:19:57","2008-12-26 22:19:57",
3394,2373,"24000670",1,"24000670-001",INV/24000670-001,"2007-11-29","0","",SL,"2007-11-29","0","",1,"",0,Rupiah,"2007-11-29","2008-12-26 22:19:57","2008-12-26 22:19:57",
3395,3143,"27000108",1,"27000108-001",INV/27000108-001,"2007-11-29","0","",SL,"2007-11-29","0","",1,"",0,Rupiah,"2007-11-29","2008-12-26 22:19:57","2008-12-26 22:19:57",
3396,3144,"24000704",1,"24000704-001",INV/24000704-001,"2007-11-29","0","",SL,"2007-11-29","0","",1,"",0,Rupiah,"2007-11-29","2008-12-26 22:19:57","2008-12-26 22:19:57",
3397,3145,"24000661",1,"24000661-001",INV/24000661-001,"2007-11-29","0","",SL,"2007-11-29","0","",1,"",0,Rupiah,"2007-11-29","2008-12-26 22:19:57","2008-12-26 22:19:57",
3398,3146,"24000786",1,"24000786-001",INV/24000786-001,"2007-11-29","0","",SL,"2007-11-29","0","",1,"",0,Rupiah,"2007-11-29","2008-12-26 22:19:57","2008-12-26 22:19:57",
3399,3147,"26000191",1,"26000191-001",INV/26000191-001,"2007-11-29","0","",SL,"2007-11-29","0","",1,"",0,Rupiah,"2007-11-29","2008-12-26 22:19:57","2008-12-26 22:19:57",
3400,3148,"24000669",1,"24000669-001",INV/24000669-001,"2007-11-29","0","",SL,"2007-11-29","0","",1,"",0,Rupiah,"2007-11-29","2008-12-26 22:19:57","2008-12-26 22:19:57",
3401,3149,"27000109",1,"27000109-001",INV/27000109-001,"2007-11-29","0","",SL,"2007-11-29","0","",1,"",0,Rupiah,"2007-11-29","2008-12-26 22:19:57","2008-12-26 22:19:57",
3403,3151,"24000702",1,"24000702-001",INV/24000702-001,"2007-11-29","0","",SL,"2007-11-29","0","",1,"",0,Rupiah,"2007-11-29","2008-12-26 22:19:57","2008-12-26 22:19:57",
3404,3152,"24000655",1,"24000655-001",INV/24000655-001,"2007-11-29","0","",SL,"2007-11-29","0","",1,"",0,Rupiah,"2007-11-29","2008-12-26 22:19:57","2008-12-26 22:19:57",
3405,3153,"24000686",1,"24000686-001",INV/24000686-001,"2007-11-29","0","",SL,"2007-11-29","0","",1,"",0,Rupiah,"2007-11-29","2008-12-26 22:19:57","2008-12-26 22:19:57",
3406,3154,"10000126",1,"10000126-001",INV/10000126-001,"2007-11-29","0","",SL,"2007-11-29","0","",1,"",0,Rupiah,"2007-11-29","2008-12-26 22:19:57","2008-12-26 22:19:57",
3407,3155,"18000384",1,"18000384-001",INV/18000384-001,"2007-11-29","0","",SL,"2007-11-29","0","",1,"",0,Rupiah,"2007-11-29","2008-12-26 22:19:57","2008-12-26 22:19:57",
3408,3156,"24000682",1,"24000682-001",INV/24000682-001,"2007-11-29","0","",SL,"2007-11-29","0","",1,"",0,Rupiah,"2007-11-29","2008-12-26 22:19:57","2008-12-26 22:19:57",
3409,3157,"24000665",1,"24000665-001",INV/24000665-001,"2007-11-29","0","",SL,"2007-11-29","0","",1,"",0,Rupiah,"2007-11-29","2008-12-26 22:19:57","2008-12-26 22:19:57",
3410,3158,"26000192",1,"26000192-001",INV/26000192-001,"2007-11-29","0","",SL,"2007-11-29","0","",1,"",0,Rupiah,"2007-11-29","2008-12-26 22:19:57","2008-12-26 22:19:57",
3411,3159,"11000162",1,"11000162-001",INV/11000162-001,"2007-11-29","0","",SL,"2007-11-29","0","",1,"",0,Rupiah,"2007-11-29","2008-12-26 22:19:57","2008-12-26 22:19:57",
3412,3160,"26000221",1,"26000221-001",INV/26000221-001,"2007-11-29","0","",SL,"2007-11-29","0","",1,"",0,Rupiah,"2007-11-29","2008-12-26 22:19:57","2008-12-26 22:19:57",
3413,3161,"23000093",1,"23000093-001",INV/23000093-001,"2007-11-29","0","",SL,"2007-11-29","0","",1,"",0,Rupiah,"2007-11-29","2008-12-26 22:19:57","2008-12-26 22:19:57",
3414,3162,"24000664",1,"24000664-001",INV/24000664-001,"2007-11-29","0","",SL,"2007-11-29","0","",1,"",0,Rupiah,"2007-11-29","2008-12-26 22:19:57","2008-12-26 22:19:57",
3415,3163,"15000222",1,"15000222-001",INV/15000222-001,"2007-11-29","0","",SL,"2007-11-29","0","",1,"",0,Rupiah,"2007-11-29","2008-12-26 22:19:57","2008-12-26 22:19:57",
3416,3164,"15000264",1,"15000264-001",INV/15000264-001,"2007-11-29","0","",SL,"2007-11-29","0","",1,"",0,Rupiah,"2007-11-29","2008-12-26 22:19:57","2008-12-26 22:19:57",
3417,3165,"26000193",1,"26000193-001",INV/26000193-001,"2007-11-29","0","",SL,"2007-11-29","0","",1,"",0,Rupiah,"2007-11-29","2008-12-26 22:19:57","2008-12-26 22:19:57",
3418,3166,"27000116",1,"27000116-001",INV/27000116-001,"2007-11-29","0","",SL,"2007-11-29","0","",1,"",0,Rupiah,"2007-11-29","2008-12-26 22:19:57","2008-12-26 22:19:57",
3419,3167,"24000683",1,"24000683-001",INV/24000683-001,"2007-11-29","0","",SL,"2007-11-29","0","",1,"",0,Rupiah,"2007-11-29","2008-12-26 22:19:57","2008-12-26 22:19:57",
3420,3168,"15000220",1,"15000220-001",INV/15000220-001,"2007-11-29","0","",SL,"2007-11-29","0","",1,"",0,Rupiah,"2007-11-29","2008-12-26 22:19:57","2008-12-26 22:19:57",
3421,3169,"24000712",1,"24000712-001",INV/24000712-001,"2007-11-29","0","",SL,"2007-11-29","0","",1,"",0,Rupiah,"2007-11-29","2008-12-26 22:19:57","2008-12-26 22:19:57",
3422,3170,"28000035",1,"28000035-001",INV/28000035-001,"2007-11-29","0","",SL,"2007-11-29","0","",1,"",0,Rupiah,"2007-11-29","2008-12-26 22:19:57","2008-12-26 22:19:57",
3423,3171,"24000711",1,"24000711-001",INV/24000711-001,"2007-11-29","0","",SL,"2007-11-29","0","",1,"",0,Rupiah,"2007-11-29","2008-12-26 22:19:57","2008-12-26 22:19:57",
3424,3172,"15000223",1,"15000223-001",INV/15000223-001,"2007-11-29","0","",SL,"2007-11-29","0","",1,"",0,Rupiah,"2007-11-29","2008-12-26 22:19:57","2008-12-26 22:19:57",
3425,3173,"24000710",1,"24000710-001",INV/24000710-001,"2007-11-29","0","",SL,"2007-11-29","0","",1,"",0,Rupiah,"2007-11-29","2008-12-26 22:19:57","2008-12-26 22:19:57",
3426,3174,"11000164",1,"11000164-001",INV/11000164-001,"2007-11-29","0","",SL,"2007-11-29","0","",1,"",0,Rupiah,"2007-11-29","2008-12-26 22:19:57","2008-12-26 22:19:57",
3428,3176,"15000224",1,"15000224-001",INV/15000224-001,"2007-11-29","0","",SL,"2007-11-29","0","",1,"",0,Rupiah,"2007-11-29","2008-12-26 22:19:57","2008-12-26 22:19:57",
3429,3177,"18000382",1,"18000382-001",INV/18000382-001,"2007-11-29","0","",SL,"2007-11-29","0","",1,"",0,Rupiah,"2007-11-29","2008-12-26 22:19:57","2008-12-26 22:19:57",
3430,3178,"16000052",1,"16000052-001",INV/16000052-001,"2007-11-29","0","",SL,"2007-11-29","0","",1,"",0,Rupiah,"2007-11-29","2008-12-26 22:19:57","2008-12-26 22:19:57",
3432,3180,"15000217",1,"15000217-001",INV/15000217-001,"2007-11-29","0","",SL,"2007-11-29","0","",1,"",0,Rupiah,"2007-11-29","2008-12-26 22:19:57","2008-12-26 22:19:57",
3433,3181,"23000094",1,"23000094-001",INV/23000094-001,"2007-11-29","0","",SL,"2007-11-29","0","",1,"",0,Rupiah,"2007-11-29","2008-12-26 22:19:57","2008-12-26 22:19:57",
3434,3182,"15000218",1,"15000218-001",INV/15000218-001,"2007-11-29","0","",SL,"2007-11-29","0","",1,"",0,Rupiah,"2007-11-29","2008-12-26 22:19:57","2008-12-26 22:19:57",
3435,3183,"26000126",1,"26000126-001",INV/26000126-001,"2007-11-29","0","",SL,"2007-11-29","0","",1,"",0,Rupiah,"2007-11-29","2008-12-26 22:19:57","2008-12-26 22:19:57",
3436,3184,"11000163",1,"11000163-001",INV/11000163-001,"2007-11-29","0","",SL,"2007-11-29","0","",1,"",0,Rupiah,"2007-11-29","2008-12-26 22:19:57","2008-12-26 22:19:57",
3437,3185,"27000118",1,"27000118-001",INV/27000118-001,"2007-11-29","0","",SL,"2007-11-29","0","",1,"",0,Rupiah,"2007-11-29","2008-12-26 22:19:57","2008-12-26 22:19:57",
3439,3187,"17000111",1,"17000111-001",INV/17000111-001,"2007-11-29",,"",SL,"2007-11-29","0","",1,"",0,Rupiah,"2007-11-29","2008-12-26 22:19:57","2026-07-23 14:13:12",
3440,3188,"26000222",1,"26000222-001",INV/26000222-001,"2007-11-29","0","",SL,"2007-11-29","0","",1,"",0,Rupiah,"2007-11-29","2008-12-26 22:19:57","2008-12-26 22:19:57",
3441,3189,"26000194",1,"26000194-001",INV/26000194-001,"2007-11-29","0","",SL,"2007-11-29","0","",1,"",0,Rupiah,"2007-11-29","2008-12-26 22:19:57","2008-12-26 22:19:57",
3442,3190,"11000166",1,"11000166-001",INV/11000166-001,"2007-11-29","0","",SL,"2007-11-29","0","",1,"",0,Rupiah,"2007-11-29","2008-12-26 22:19:57","2008-12-26 22:19:57",
3443,3191,"18000383",1,"18000383-001",INV/18000383-001,"2007-11-29","0","",SL,"2007-11-29","0","",1,"",0,Rupiah,"2007-11-29","2008-12-26 22:19:57","2008-12-26 22:19:57",
3444,3192,"18000385",1,"18000385-001",INV/18000385-001,"2007-11-29","0","",SL,"2007-11-29","0","",1,"",0,Rupiah,"2007-11-29","2008-12-26 22:19:57","2008-12-26 22:19:57",
3445,3193,"11000001",1,"11000001-001",INV/11000001-001,"2007-11-29","0","",SL,"2007-11-29","0","",1,"",0,Rupiah,"2007-11-29","2008-12-26 22:19:57","2008-12-26 22:19:57",
3446,3194,"24000715",1,"24000715-001",INV/24000715-001,"2007-11-29","0","",SL,"2007-11-29","0","",1,"",0,Rupiah,"2007-11-29","2008-12-26 22:19:57","2008-12-26 22:19:57",
3447,3195,"11000167",1,"11000167-001",INV/11000167-001,"2007-11-29","0","",SL,"2007-11-29","0","",1,"",0,Rupiah,"2007-11-29","2008-12-26 22:19:57","2008-12-26 22:19:57",
3448,3196,"27000142",1,"27000142-001",INV/27000142-001,"2007-11-29","0","",SL,"2007-11-29","0","",1,"",0,Rupiah,"2007-11-29","2008-12-26 22:19:57","2008-12-26 22:19:57",
3449,3197,"11000173",1,"11000173-001",INV/11000173-001,"2007-11-29","0","",SL,"2007-11-29","0","",1,"",0,Rupiah,"2007-11-29","2008-12-26 22:19:57","2008-12-26 22:19:57",
3450,2332,"20000028",1,"20000028-001",INV/20000028-001,"2007-11-29","0","",SL,"2007-11-29","0","",1,"",0,Rupiah,"2007-11-29","2008-12-26 22:19:57","2008-12-26 22:19:57",
3451,3198,"11000177",1,"11000177-001",INV/11000177-001,"2007-11-29","0","",SL,"2007-11-29","0","",1,"",0,Rupiah,"2007-11-29","2008-12-26 22:19:57","2008-12-26 22:19:57",
3452,3199,"15000225",1,"15000225-001",INV/15000225-001,"2007-11-29","0","",SL,"2007-11-29","0","",1,"",0,Rupiah,"2007-11-29","2008-12-26 22:19:57","2008-12-26 22:19:57",
3453,3200,"11000168",1,"11000168-001",INV/11000168-001,"2007-11-29","0","",SL,"2007-11-29","0","",1,"",0,Rupiah,"2007-11-29","2008-12-26 22:19:57","2008-12-26 22:19:57",
3454,3201,"11000179",1,"11000179-001",INV/11000179-001,"2007-11-29","0","",SL,"2007-11-29","0","",1,"",0,Rupiah,"2007-11-29","2008-12-26 22:19:57","2008-12-26 22:19:57",
3455,3202,"10000035",1,"10000035-001",INV/10000035-001,"2007-11-29","0","",SL,"2007-11-29","0","",1,"",0,Rupiah,"2007-11-29","2008-12-26 22:19:57","2008-12-26 22:19:57",
3456,3203,"17000113",1,"17000113-001",INV/17000113-001,"2007-11-29",,"",SL,"2007-11-29","0","",1,"",0,Rupiah,"2007-11-29","2008-12-26 22:19:57","2026-07-23 14:19:58",
3457,3204,"24000714",1,"24000714-001",INV/24000714-001,"2007-11-29","0","",SL,"2007-11-29","0","",1,"",0,Rupiah,"2007-11-29","2008-12-26 22:19:57","2008-12-26 22:19:57",
3458,3205,"11000175",1,"11000175-001",INV/11000175-001,"2007-11-29","0","",SL,"2007-11-29","0","",1,"",0,Rupiah,"2007-11-29","2008-12-26 22:19:57","2008-12-26 22:19:57",
3459,3206,"11000169",1,"11000169-001",INV/11000169-001,"2007-11-29","0","",SL,"2007-11-29","0","",1,"",0,Rupiah,"2007-11-29","2008-12-26 22:19:57","2008-12-26 22:19:57",
3460,3207,"40000001",1,"40000001-001",INV/40000001-001,"2007-11-29","0","",SL,"2007-11-29","0","",1,"",0,Rupiah,"2007-11-29","2008-12-26 22:19:57","2008-12-26 22:19:57",
3461,3208,"15000265",1,"15000265-001",INV/15000265-001,"2007-11-29","0","",SL,"2007-11-29","0","",1,"",0,Rupiah,"2007-11-29","2008-12-26 22:19:57","2008-12-26 22:19:57",
3462,3209,"26000195",1,"26000195-001",INV/26000195-001,"2007-11-29","0","",SL,"2007-11-29","0","",1,"",0,Rupiah,"2007-11-29","2008-12-26 22:19:57","2008-12-26 22:19:57",
3463,3210,"15000219",1,"15000219-001",INV/15000219-001,"2007-11-29","0","",SL,"2007-11-29","0","",1,"",0,Rupiah,"2007-11-29","2008-12-26 22:19:57","2008-12-26 22:19:57",
3464,3211,"26000223",1,"26000223-001",INV/26000223-001,"2007-11-29","0","",SL,"2007-11-29","0","",1,"",0,Rupiah,"2007-11-29","2008-12-26 22:19:57","2008-12-26 22:19:57",
3465,3212,"11000074",1,"11000074-001",INV/11000074-001,"2007-11-29","0","",SL,"2007-11-29","0","",1,"",0,Rupiah,"2007-11-29","2008-12-26 22:19:57","2008-12-26 22:19:57",
3466,3213,"11000170",1,"11000170-001",INV/11000170-001,"2007-11-29","0","",SL,"2007-11-29","0","",1,"",0,Rupiah,"2007-11-29","2008-12-26 22:19:57","2008-12-26 22:19:57",
3467,3214,"13000083",1,"13000083-001",INV/13000083-001,"2007-11-29","0","",SL,"2007-11-29","0","",1,"",0,Rupiah,"2007-11-29","2008-12-26 22:19:57","2008-12-26 22:19:57",
3468,3215,"24000502",1,"24000502-001",INV/24000502-001,"2007-11-29","0","",SL,"2007-11-29","0","",1,"",0,Rupiah,"2007-11-29","2008-12-26 22:19:57","2008-12-26 22:19:57",
3469,2529,"27000121",1,"27000121-001",INV/27000121-001,"2007-11-29","0","",SL,"2007-11-29","0","",1,"",0,Rupiah,"2007-11-29","2008-12-26 22:19:57","2008-12-26 22:19:57",
3470,3216,"11000172",1,"11000172-001",INV/11000172-001,"2007-11-29","0","",SL,"2007-11-29","0","",1,"",0,Rupiah,"2007-11-29","2008-12-26 22:19:57","2008-12-26 22:19:57",
3471,3217,"24000668",1,"24000668-001",INV/24000668-001,"2007-11-29","0","",SL,"2007-11-29","0","",1,"",0,Rupiah,"2007-11-29","2008-12-26 22:19:57","2008-12-26 22:19:57",
3472,3218,"27000080",1,"27000080-001",INV/27000080-001,"2007-11-29","0","",SL,"2007-11-29","0","",1,"",0,Rupiah,"2007-11-29","2008-12-26 22:19:57","2008-12-26 22:19:57",
3473,3219,"24000009",1,"24000009-001",INV/24000009-001,"2007-11-29","0","",SL,"2007-11-29","0","",1,"",0,Rupiah,"2007-11-29","2008-12-26 22:19:57","2008-12-26 22:19:57",
3474,3220,"26000196",1,"26000196-001",INV/26000196-001,"2007-11-29","0","",SL,"2007-11-29","0","",1,"",0,Rupiah,"2007-11-29","2008-12-26 22:19:57","2008-12-26 22:19:57",
3475,3221,"27000122",1,"27000122-001",INV/27000122-001,"2007-11-29","0","",SL,"2007-11-29","0","",1,"",0,Rupiah,"2007-11-29","2008-12-26 22:19:57","2008-12-26 22:19:57",
3476,3222,"40000002",1,"40000002-001",INV/40000002-001,"2007-11-29","0","",SL,"2007-11-29","0","",1,"",0,Rupiah,"2007-11-29","2008-12-26 22:19:57","2008-12-26 22:19:57",
3477,3223,"11000037",1,"11000037-001",INV/11000037-001,"2007-11-29","0","",SL,"2007-11-29","0","",1,"",0,Rupiah,"2007-11-29","2008-12-26 22:19:57","2008-12-26 22:19:57",
3478,3224,"40000003",1,"40000003-001",INV/40000003-001,"2007-11-29","0","",SL,"2007-11-29","0","",1,"",0,Rupiah,"2007-11-29","2008-12-26 22:19:57","2008-12-26 22:19:57",
3479,3225,"22000119",1,"22000119-001",INV/22000119-001,"2007-11-29","0","",SL,"2007-11-29","0","",1,"",0,Rupiah,"2007-11-29","2008-12-26 22:19:57","2008-12-26 22:19:57",
3480,3226,"11000174",1,"11000174-001",INV/11000174-001,"2007-11-29","0","",SL,"2007-11-29","0","",1,"",0,Rupiah,"2007-11-29","2008-12-26 22:19:57","2008-12-26 22:19:57",
3481,3227,"24000043",1,"24000043-001",INV/24000043-001,"2007-11-29","0","",SL,"2007-11-29","0","",1,"",0,Rupiah,"2007-11-29","2008-12-26 22:19:57","2008-12-26 22:19:57",
3482,523,"18000301",1,"18000301-001",INV/18000301-001,"2007-11-29","0","",SL,"2007-11-29","0","",1,"",0,Rupiah,"2007-11-29","2008-12-26 22:19:57","2008-12-26 22:19:57",
3483,3228,"20000027",1,"20000027-001",INV/20000027-001,"2007-11-29","0","",SL,"2007-11-29","0","",1,"",0,Rupiah,"2007-11-29","2008-12-26 22:19:57","2008-12-26 22:19:57",
3484,3229,"24000685",1,"24000685-001",INV/24000685-001,"2007-11-29","0","",SL,"2007-11-29","0","",1,"",0,Rupiah,"2007-11-29","2008-12-26 22:19:57","2008-12-26 22:19:57",
3485,3230,"40000004",1,"40000004-001",INV/40000004-001,"2007-11-29","0","",SL,"2007-11-29","0","",1,"",0,Rupiah,"2007-11-29","2008-12-26 22:19:57","2008-12-26 22:19:57",
3486,3231,"26000224",1,"26000224-001",INV/26000224-001,"2007-11-29","0","",SL,"2007-11-29","0","",1,"",0,Rupiah,"2007-11-29","2008-12-26 22:19:57","2008-12-26 22:19:57",
3487,3232,"11000176",1,"11000176-001",INV/11000176-001,"2007-11-29","0","",SL,"2007-11-29","0","",1,"",0,Rupiah,"2007-11-29","2008-12-26 22:19:57","2008-12-26 22:19:57",
3488,3233,"25000040",1,"25000040-001",INV/25000040-001,"2007-11-29","0","",SL,"2007-11-29","0","",1,"",0,Rupiah,"2007-11-29","2008-12-26 22:19:57","2008-12-26 22:19:57",
3489,3234,"16000055",1,"16000055-001",INV/16000055-001,"2007-11-29","0","",SL,"2007-11-29","0","",1,"",0,Rupiah,"2007-11-29","2008-12-26 22:19:57","2008-12-26 22:19:57",
3490,3235,"24000051",1,"24000051-001",INV/24000051-001,"2007-11-29","0","",SL,"2007-11-29","0","",1,"",0,Rupiah,"2007-11-29","2008-12-26 22:19:57","2008-12-26 22:19:57",
3492,2483,"16000056",1,"16000056-001",INV/16000056-001,"2007-11-29","0","",SL,"2007-11-29","0","",1,"",0,Rupiah,"2007-11-29","2008-12-26 22:19:57","2008-12-26 22:19:57",
3493,3237,"18000314",1,"18000314-001",INV/18000314-001,"2007-11-29","0","",SL,"2007-11-29","0","",1,"",0,Rupiah,"2007-11-29","2008-12-26 22:19:57","2008-12-26 22:19:57",
3494,3238,"26000197",1,"26000197-001",INV/26000197-001,"2007-11-29","0","",SL,"2007-11-29","0","",1,"",0,Rupiah,"2007-11-29","2008-12-26 22:19:57","2008-12-26 22:19:57",
3495,3239,"23000090",1,"23000090-001",INV/23000090-001,"2007-11-29","0","",SL,"2007-11-29","0","",1,"",0,Rupiah,"2007-11-29","2008-12-26 22:19:57","2008-12-26 22:19:57",
3496,3240,"11000178",1,"11000178-001",INV/11000178-001,"2007-11-29","0","",SL,"2007-11-29","0","",1,"",0,Rupiah,"2007-11-29","2008-12-26 22:19:57","2008-12-26 22:19:57",
3497,3241,"16000057",1,"16000057-001",INV/16000057-001,"2007-11-29","0","",SL,"2007-11-29","0","",1,"",0,Rupiah,"2007-11-29","2008-12-26 22:19:57","2008-12-26 22:19:57",
3498,3242,"40000006",1,"40000006-001",INV/40000006-001,"2007-11-29","0","",SL,"2007-11-29","0","",1,"",0,Rupiah,"2007-11-29","2008-12-26 22:19:57","2008-12-26 22:19:57",
3499,3243,"24000052",1,"24000052-001",INV/24000052-001,"2007-11-29","0","",SL,"2007-11-29","0","",1,"",0,Rupiah,"2007-11-29","2008-12-26 22:19:57","2008-12-26 22:19:57",
3500,3244,"16000058",1,"16000058-001",INV/16000058-001,"2007-11-29","0","",SL,"2007-11-29","0","",1,"",0,Rupiah,"2007-11-29","2008-12-26 22:19:57","2008-12-26 22:19:57",
3501,3245,"40000007",1,"40000007-001",INV/40000007-001,"2007-11-29","0","",SL,"2007-11-29","0","",1,"",0,Rupiah,"2007-11-29","2008-12-26 22:19:57","2008-12-26 22:19:57",
3502,3246,"22000120",1,"22000120-001",INV/22000120-001,"2007-11-29","0","",SL,"2007-11-29","0","",1,"",0,Rupiah,"2007-11-29","2008-12-26 22:19:57","2008-12-26 22:19:57",
3503,3247,"16000059",1,"16000059-001",INV/16000059-001,"2007-11-29","0","",SL,"2007-11-29","0","",1,"",0,Rupiah,"2007-11-29","2008-12-26 22:19:57","2008-12-26 22:19:57",
3504,3248,"16000060",1,"16000060-001",INV/16000060-001,"2007-11-29","0","",SL,"2007-11-29","0","",1,"",0,Rupiah,"2007-11-29","2008-12-26 22:19:57","2008-12-26 22:19:57",
3505,3249,"24000053",1,"24000053-001",INV/24000053-001,"2007-11-29","0","",SL,"2007-11-29","0","",1,"",0,Rupiah,"2007-11-29","2008-12-26 22:19:57","2008-12-26 22:19:57",
3506,3250,"16000061",1,"16000061-001",INV/16000061-001,"2007-11-29","0","",SL,"2007-11-29","0","",1,"",0,Rupiah,"2007-11-29","2008-12-26 22:19:57","2008-12-26 22:19:57",
3508,3252,"16000062",1,"16000062-001",INV/16000062-001,"2007-11-29","0","",SL,"2007-11-29","0","",1,"",0,Rupiah,"2007-11-29","2008-12-26 22:19:57","2008-12-26 22:19:57",
3509,2452,"24000055",1,"24000055-001",INV/24000055-001,"2007-11-29","0","",SL,"2007-11-29","0","",1,"",0,Rupiah,"2007-11-29","2008-12-26 22:19:57","2008-12-26 22:19:57",
3510,3253,"16000063",1,"16000063-001",INV/16000063-001,"2007-11-29","0","",SL,"2007-11-29","0","",1,"",0,Rupiah,"2007-11-29","2008-12-26 22:19:57","2008-12-26 22:19:57",
3511,3254,"16000064",1,"16000064-001",INV/16000064-001,"2007-11-29","0","",SL,"2007-11-29","0","",1,"",0,Rupiah,"2007-11-29","2008-12-26 22:19:57","2008-12-26 22:19:57",
3512,3255,"16000065",1,"16000065-001",INV/16000065-001,"2007-11-29","0","",SL,"2007-11-29","0","",1,"",0,Rupiah,"2007-11-29","2008-12-26 22:19:57","2008-12-26 22:19:57",
3513,3256,"16000066",1,"16000066-001",INV/16000066-001,"2007-11-29","0","",SL,"2007-11-29","0","",1,"",0,Rupiah,"2007-11-29","2008-12-26 22:19:57","2008-12-26 22:19:57",
3514,3257,"21000007",1,"21000007-001",INV/21000007-001,"2007-11-29","0","",SL,"2007-11-29","0","",1,"",0,Rupiah,"2007-11-29","2008-12-26 22:19:57","2008-12-26 22:19:57",
3515,3258,"21000017",1,"21000017-001",INV/21000017-001,"2007-11-29","0","",SL,"2007-11-29","0","",1,"",0,Rupiah,"2007-11-29","2008-12-26 22:19:57","2008-12-26 22:19:57",
3516,3259,"24000080",1,"24000080-001",INV/24000080-001,"2007-11-29","0","",SL,"2007-11-29","0","",1,"",0,Rupiah,"2007-11-29","2008-12-26 22:19:57","2008-12-26 22:19:57",
3517,3260,"24000070",1,"24000070-001",INV/24000070-001,"2007-11-29","0","",SL,"2007-11-29","0","",1,"",0,Rupiah,"2007-11-29","2008-12-26 22:19:57","2008-12-26 22:19:57",
3518,2550,"24000091",1,"24000091-001",INV/24000091-001,"2007-11-29","0","",SL,"2007-11-29","0","",1,"",0,Rupiah,"2007-11-29","2008-12-26 22:19:57","2008-12-26 22:19:57",
3519,3261,"21000028",1,"21000028-001",INV/21000028-001,"2007-11-29","0","",SL,"2007-11-29","0","",1,"",0,Rupiah,"2007-11-29","2008-12-26 22:19:57","2008-12-26 22:19:57",
3520,3262,"24000096",1,"24000096-001",INV/24000096-001,"2007-11-29","0","",SL,"2007-11-29","0","",1,"",0,Rupiah,"2007-11-29","2008-12-26 22:19:57","2008-12-26 22:19:57",
3521,3263,"21000029",1,"21000029-001",INV/21000029-001,"2007-11-29","0","",SL,"2007-11-29","0","",1,"",0,Rupiah,"2007-11-29","2008-12-26 22:19:57","2008-12-26 22:19:57",
3522,3264,"16000067",1,"16000067-001",INV/16000067-001,"2007-11-29","0","",SL,"2007-11-29","0","",1,"",0,Rupiah,"2007-11-29","2008-12-26 22:19:57","2008-12-26 22:19:57",
3523,3265,"16000068",1,"16000068-001",INV/16000068-001,"2007-11-29","0","",SL,"2007-11-29","0","",1,"",0,Rupiah,"2007-11-29","2008-12-26 22:19:57","2008-12-26 22:19:57",
3524,3266,"21000030",1,"21000030-001",INV/21000030-001,"2007-11-29","0","",SL,"2007-11-29","0","",1,"",0,Rupiah,"2007-11-29","2008-12-26 22:19:57","2008-12-26 22:19:57",
3525,3267,"16000069",1,"16000069-001",INV/16000069-001,"2007-11-29","0","",SL,"2007-11-29","0","",1,"",0,Rupiah,"2007-11-29","2008-12-26 22:19:57","2008-12-26 22:19:57",
3526,3268,"28000037",1,"28000037-001",INV/28000037-001,"2007-11-29","0","",SL,"2007-11-29","0","",1,"",0,Rupiah,"2007-11-29","2008-12-26 22:19:57","2008-12-26 22:19:57",
3527,3269,"28000038",1,"28000038-001",INV/28000038-001,"2007-11-29","0","",SL,"2007-11-29","0","",1,"",0,Rupiah,"2007-11-29","2008-12-26 22:19:57","2008-12-26 22:19:57",
3528,2428,"28000039",1,"28000039-001",INV/28000039-001,"2007-11-29","0","",SL,"2007-11-29","0","",1,"",0,Rupiah,"2007-11-29","2008-12-26 22:19:57","2008-12-26 22:19:57",
3529,3270,"28000040",1,"28000040-001",INV/28000040-001,"2007-11-29","0","",SL,"2007-11-29","0","",1,"",0,Rupiah,"2007-11-29","2008-12-26 22:19:57","2008-12-26 22:19:57",
3530,3271,"24000129",1,"24000129-001",INV/24000129-001,"2007-11-29","0","",SL,"2007-11-29","0","",1,"",0,Rupiah,"2007-11-29","2008-12-26 22:19:57","2008-12-26 22:19:57",
3531,3272,"28000041",1,"28000041-001",INV/28000041-001,"2007-11-29","0","",SL,"2007-11-29","0","",1,"",0,Rupiah,"2007-11-29","2008-12-26 22:19:57","2008-12-26 22:19:57",
3532,3273,"24000136",1,"24000136-001",INV/24000136-001,"2007-11-29","0","",SL,"2007-11-29","0","",1,"",0,Rupiah,"2007-11-29","2008-12-26 22:19:57","2008-12-26 22:19:57",
3533,3274,"24000176",1,"24000176-001",INV/24000176-001,"2007-11-29","0","",SL,"2007-11-29","0","",1,"",0,Rupiah,"2007-11-29","2008-12-26 22:19:57","2008-12-26 22:19:57",
3534,2481,"15000062",1,"15000062-001",INV/15000062-001,"2007-11-29","0","",SL,"2007-11-29","0","",1,"",0,Rupiah,"2007-11-29","2008-12-26 22:19:57","2008-12-26 22:19:57",
3535,3275,"15000226",1,"15000226-001",INV/15000226-001,"2007-11-29","0","",SL,"2007-11-29","0","",1,"",0,Rupiah,"2007-11-29","2008-12-26 22:19:57","2008-12-26 22:19:57",
3537,3277,"15000227",1,"15000227-001",INV/15000227-001,"2007-11-29","0","",SL,"2007-11-29","0","",1,"",0,Rupiah,"2007-11-29","2008-12-26 22:19:57","2008-12-26 22:19:57",
3538,3278,"12000001",1,"12000001-001",INV/12000001-001,"2007-11-29","0","",SL,"2007-11-29","0","",1,"",0,Rupiah,"2007-11-29","2008-12-26 22:19:57","2008-12-26 22:19:57",
3539,3279,"12000013",1,"12000013-001",INV/12000013-001,"2007-11-29","0","",SL,"2007-11-29","0","",1,"",0,Rupiah,"2007-11-29","2008-12-26 22:19:57","2008-12-26 22:19:57",
3541,3281,"12000016",1,"12000016-001",INV/12000016-001,"2007-11-29","0","",SL,"2007-11-29","0","",1,"",0,Rupiah,"2007-11-29","2008-12-26 22:19:57","2008-12-26 22:19:57",
3542,3282,"12000055",1,"12000055-001",INV/12000055-001,"2007-11-29","0","",SL,"2007-11-29","0","",1,"",0,Rupiah,"2007-11-29","2008-12-26 22:19:57","2008-12-26 22:19:57",
3543,2555,"12000060",1,"12000060-001",INV/12000060-001,"2007-11-29","0","",SL,"2007-11-29","0","",1,"",0,Rupiah,"2007-11-29","2008-12-26 22:19:57","2008-12-26 22:19:57",
3545,3284,"12000061",1,"12000061-001",INV/12000061-001,"2007-11-29","0","",SL,"2007-11-29","0","",1,"",0,Rupiah,"2007-11-29","2008-12-26 22:19:57","2008-12-26 22:19:57",
3547,3286,"12000089",1,"12000089-001",INV/12000089-001,"2007-11-29","0","",SL,"2007-11-29","0","",1,"",0,Rupiah,"2007-11-29","2008-12-26 22:19:57","2008-12-26 22:19:57",
3548,3287,"12000262",1,"12000262-001",INV/12000262-001,"2007-11-29","0","",SL,"2007-11-29","0","",1,"",0,Rupiah,"2007-11-29","2008-12-26 22:19:57","2008-12-26 22:19:57",
3549,3288,"12000263",1,"12000263-001",INV/12000263-001,"2007-11-29","0","",SL,"2007-11-29","0","",1,"",0,Rupiah,"2007-11-29","2008-12-26 22:19:57","2008-12-26 22:19:57",
3550,2395,"40000008",1,"40000008-001",INV/40000008-001,"2007-11-29","0","",SL,"2007-11-29","0","",1,"",0,Rupiah,"2007-11-29","2008-12-26 22:19:57","2008-12-26 22:19:57",
3551,3289,"12000266",1,"12000266-001",INV/12000266-001,"2007-11-29","0","",SL,"2007-11-29","0","",1,"",0,Rupiah,"2007-11-29","2008-12-26 22:19:57","2008-12-26 22:19:57",
3552,2396,"40000009",1,"40000009-001",INV/40000009-001,"2007-11-29","0","",SL,"2007-11-29","0","",1,"",0,Rupiah,"2007-11-29","2008-12-26 22:19:57","2008-12-26 22:19:57",
3553,3290,"12000268",1,"12000268-001",INV/12000268-001,"2007-11-29","0","",SL,"2007-11-29","0","",1,"",0,Rupiah,"2007-11-29","2008-12-26 22:19:57","2008-12-26 22:19:57",
3554,2531,"12000269",1,"12000269-001",INV/12000269-001,"2007-11-29","0","",SL,"2007-11-29","0","",1,"",0,Rupiah,"2007-11-29","2008-12-26 22:19:57","2008-12-26 22:19:57",
3555,2397,"40000010",1,"40000010-001",INV/40000010-001,"2007-11-29","0","",SL,"2007-11-29","0","",1,"",0,Rupiah,"2007-11-29","2008-12-26 22:19:57","2008-12-26 22:19:57",
3556,2398,"40000011",1,"40000011-001",INV/40000011-001,"2007-11-29","0","",SL,"2007-11-29","0","",1,"",0,Rupiah,"2007-11-29","2008-12-26 22:19:57","2008-12-26 22:19:57",
3557,3291,"40000012",1,"40000012-001",INV/40000012-001,"2007-11-29","0","",SL,"2007-11-29","0","",1,"",0,Rupiah,"2007-11-29","2008-12-26 22:19:57","2008-12-26 22:19:57",
3558,3292,"11000011",1,"11000011-001",INV/11000011-001,"2007-11-29","0","",SL,"2007-11-29","0","",1,"",0,Rupiah,"2007-11-29","2008-12-26 22:19:57","2008-12-26 22:19:57",
3559,3293,"40000013",1,"40000013-001",INV/40000013-001,"2007-11-29","0","",SL,"2007-11-29","0","",1,"",0,Rupiah,"2007-11-29","2008-12-26 22:19:57","2008-12-26 22:19:57",
3560,3294,"40000014",1,"40000014-001",INV/40000014-001,"2007-11-29","0","",SL,"2007-11-29","0","",1,"",0,Rupiah,"2007-11-29","2008-12-26 22:19:57","2008-12-26 22:19:57",
3561,3295,"11000012",1,"11000012-001",INV/11000012-001,"2007-11-29","0","",SL,"2007-11-29","0","",1,"",0,Rupiah,"2007-11-29","2008-12-26 22:19:57","2008-12-26 22:19:57",
3562,3296,"11000021",1,"11000021-001",INV/11000021-001,"2007-11-29","0","",SL,"2007-11-29","0","",1,"",0,Rupiah,"2007-11-29","2008-12-26 22:19:57","2008-12-26 22:19:57",
3563,3297,"40000016",1,"40000016-001",INV/40000016-001,"2007-11-29","0","",SL,"2007-11-29","0","",1,"",0,Rupiah,"2007-11-29","2008-12-26 22:19:57","2008-12-26 22:19:57",
3564,3298,"11000022",1,"11000022-001",INV/11000022-001,"2007-11-29","0","",SL,"2007-11-29","0","",1,"",0,Rupiah,"2007-11-29","2008-12-26 22:19:57","2008-12-26 22:19:57",
3565,3299,"40000017",1,"40000017-001",INV/40000017-001,"2007-11-29","0","",SL,"2007-11-29","0","",1,"",0,Rupiah,"2007-11-29","2008-12-26 22:19:57","2008-12-26 22:19:57",
3566,2485,"11000027",1,"11000027-001",INV/11000027-001,"2007-11-29","0","",SL,"2007-11-29","0","",1,"",0,Rupiah,"2007-11-29","2008-12-26 22:19:57","2008-12-26 22:19:57",
3567,3300,"40000018",1,"40000018-001",INV/40000018-001,"2007-11-29","0","",SL,"2007-11-29","0","",1,"",0,Rupiah,"2007-11-29","2008-12-26 22:19:57","2008-12-26 22:19:57",
3568,2487,"11000033",1,"11000033-001",INV/11000033-001,"2007-11-29","0","",SL,"2007-11-29","0","",1,"",0,Rupiah,"2007-11-29","2008-12-26 22:19:57","2008-12-26 22:19:57",
3569,3301,"11000034",1,"11000034-001",INV/11000034-001,"2007-11-29","0","",SL,"2007-11-29","0","",1,"",0,Rupiah,"2007-11-29","2008-12-26 22:19:57","2008-12-26 22:19:57",
3570,2401,"40000019",1,"40000019-001",INV/40000019-001,"2007-11-29","0","",SL,"2007-11-29","0","",1,"",0,Rupiah,"2007-11-29","2008-12-26 22:19:57","2008-12-26 22:19:57",
3571,3302,"40000020",1,"40000020-001",INV/40000020-001,"2007-11-29","0","",SL,"2007-11-29","0","",1,"",0,Rupiah,"2007-11-29","2008-12-26 22:19:57","2008-12-26 22:19:57",
3572,3303,"40000021",1,"40000021-001",INV/40000021-001,"2007-11-29","0","",SL,"2007-11-29","0","",1,"",0,Rupiah,"2007-11-29","2008-12-26 22:19:57","2008-12-26 22:19:57",
3573,3304,"40000022",1,"40000022-001",INV/40000022-001,"2007-11-29","0","",SL,"2007-11-29","0","",1,"",0,Rupiah,"2007-11-29","2008-12-26 22:19:57","2008-12-26 22:19:57",
3574,3305,"28000044",1,"28000044-001",INV/28000044-001,"2007-11-29","0","",SL,"2007-11-29","0","",1,"",0,Rupiah,"2007-11-29","2008-12-26 22:19:57","2008-12-26 22:19:57",
3575,3306,"15000197",1,"15000197-001",INV/15000197-001,"2007-11-29","0","",SL,"2007-11-29","0","",1,"",0,Rupiah,"2007-11-29","2008-12-26 22:19:57","2008-12-26 22:19:57",
3576,3307,"15000198",1,"15000198-001",INV/15000198-001,"2007-11-29","0","",SL,"2007-11-29","0","",1,"",0,Rupiah,"2007-11-29","2008-12-26 22:19:57","2008-12-26 22:19:57",
3577,3308,"15000120",1,"15000120-001",INV/15000120-001,"2007-11-29","0","",SL,"2007-11-29","0","",1,"",0,Rupiah,"2007-11-29","2008-12-26 22:19:57","2008-12-26 22:19:57",
3578,3309,"15000228",1,"15000228-001",INV/15000228-001,"2007-11-29","0","",SL,"2007-11-29","0","",1,"",0,Rupiah,"2007-11-29","2008-12-26 22:19:57","2008-12-26 22:19:57",
3579,3310,"15000229",1,"15000229-001",INV/15000229-001,"2007-11-29","0","",SL,"2007-11-29","0","",1,"",0,Rupiah,"2007-11-29","2008-12-26 22:19:57","2008-12-26 22:19:57",
3580,3311,"15000230",1,"15000230-001",INV/15000230-001,"2007-11-29","0","",SL,"2007-11-29","0","",1,"",0,Rupiah,"2007-11-29","2008-12-26 22:19:57","2008-12-26 22:19:57",
3581,3312,"15000231",1,"15000231-001",INV/15000231-001,"2007-11-29","0","",SL,"2007-11-29","0","",1,"",0,Rupiah,"2007-11-29","2008-12-26 22:19:57","2008-12-26 22:19:57",
3582,3313,"23000047",1,"23000047-001",INV/23000047-001,"2007-11-29","0","",SL,"2007-11-29","0","",1,"",0,Rupiah,"2007-11-29","2008-12-26 22:19:57","2008-12-26 22:19:57",
3583,3314,"26000130",1,"26000130-001",INV/26000130-001,"2007-11-29","0","",SL,"2007-11-29","0","",1,"",0,Rupiah,"2007-11-29","2008-12-26 22:19:57","2008-12-26 22:19:57",
3584,3315,"27000006",1,"27000006-001",INV/27000006-001,"2007-11-29","0","",SL,"2007-11-29","0","",1,"",0,Rupiah,"2007-11-29","2008-12-26 22:19:57","2008-12-26 22:19:57",
3585,3316,"27000007",1,"27000007-001",INV/27000007-001,"2007-11-29","0","",SL,"2007-11-29","0","",1,"",0,Rupiah,"2007-11-29","2008-12-26 22:19:57","2008-12-26 22:19:57",
3586,3317,"19000001",1,"19000001-001",INV/19000001-001,"2007-11-29","0","",SL,"2007-11-29","0","",1,"",0,Rupiah,"2007-11-29","2008-12-26 22:19:57","2008-12-26 22:19:57",
3587,3318,"28000045",1,"28000045-001",INV/28000045-001,"2007-11-29","0","",SL,"2007-11-29","0","",1,"",0,Rupiah,"2007-11-29","2008-12-26 22:19:57","2008-12-26 22:19:57",
3588,3319,"28000046",1,"28000046-001",INV/28000046-001,"2007-11-29","0","",SL,"2007-11-29","0","",1,"",0,Rupiah,"2007-11-29","2008-12-26 22:19:57","2008-12-26 22:19:57",
3589,3320,"28000047",1,"28000047-001",INV/28000047-001,"2007-11-29","0","",SL,"2007-11-29","0","",1,"",0,Rupiah,"2007-11-29","2008-12-26 22:19:57","2008-12-26 22:19:57",
3590,3321,"12000271",1,"12000271-001",INV/12000271-001,"2007-11-29","0","",SL,"2007-11-29","0","",1,"",0,Rupiah,"2007-11-29","2008-12-26 22:19:57","2008-12-26 22:19:57",
3591,3322,"12000272",1,"12000272-001",INV/12000272-001,"2007-11-29","0","",SL,"2007-11-29","0","",1,"",0,Rupiah,"2007-11-29","2008-12-26 22:19:57","2008-12-26 22:19:57",
3592,3323,"23000048",1,"23000048-001",INV/23000048-001,"2007-11-29","0","",SL,"2007-11-29","0","",1,"",0,Rupiah,"2007-11-29","2008-12-26 22:19:57","2008-12-26 22:19:57",
3593,3324,"23000082",1,"23000082-001",INV/23000082-001,"2007-11-29","0","",SL,"2007-11-29","0","",1,"",0,Rupiah,"2007-11-29","2008-12-26 22:19:57","2008-12-26 22:19:57",
3594,3325,"17000028",1,"17000028-001",INV/17000028-001,"2007-11-29","0","",SL,"2007-11-29","0","",1,"",0,Rupiah,"2007-11-29","2008-12-26 22:19:57","2008-12-26 22:19:57",
3595,3326,"17000047",1,"17000047-001",INV/17000047-001,"2007-11-29","0","",SL,"2007-11-29","0","",1,"",0,Rupiah,"2007-11-29","2008-12-26 22:19:57","2008-12-26 22:19:57",
3596,3327,"13000065",1,"13000065-001",INV/13000065-001,"2007-11-29",,"",SL,"2007-11-29","0","",1,"",0,Rupiah,"2007-11-29","2008-12-26 22:19:57","2026-07-25 12:04:41",
3597,3328,"13000084",1,"13000084-001",INV/13000084-001,"2007-11-29",,"",SL,"2007-11-29","0","",1,"",0,Rupiah,"2007-11-29","2008-12-26 22:19:57","2026-07-26 11:42:12",
3598,2413,"16000032",1,"16000032-001",INV/16000032-001,"2007-11-29","0","",SL,"2007-11-29","0","",1,"",0,Rupiah,"2007-11-29","2008-12-26 22:19:57","2008-12-26 22:19:57",
3599,3329,"16000035",1,"16000035-001",INV/16000035-001,"2007-11-29","0","",SL,"2007-11-29","0","",1,"",0,Rupiah,"2007-11-29","2008-12-26 22:19:57","2008-12-26 22:19:57",
3600,3330,"16000045",1,"16000045-001",INV/16000045-001,"2007-11-29","0","",SL,"2007-11-29","0","",1,"",0,Rupiah,"2007-11-29","2008-12-26 22:19:57","2008-12-26 22:19:57",
3601,3331,"16000070",1,"16000070-001",INV/16000070-001,"2007-11-29","0","",SL,"2007-11-29","0","",1,"",0,Rupiah,"2007-11-29","2008-12-26 22:19:57","2008-12-26 22:19:57",
3602,3332,"16000071",1,"16000071-001",INV/16000071-001,"2007-11-29","0","",SL,"2007-11-29","0","",1,"",0,Rupiah,"2007-11-29","2008-12-26 22:19:57","2008-12-26 22:19:57",
3603,3333,"16000072",1,"16000072-001",INV/16000072-001,"2007-11-29","0","",SL,"2007-11-29","0","",1,"",0,Rupiah,"2007-11-29","2008-12-26 22:19:57","2008-12-26 22:19:57",
3604,3334,"16000073",1,"16000073-001",INV/16000073-001,"2007-11-29","0","",SL,"2007-11-29","0","",1,"",0,Rupiah,"2007-11-29","2008-12-26 22:19:57","2008-12-26 22:19:57",
3605,3335,"15000233",1,"15000233-001",INV/15000233-001,"2007-11-29","0","",SL,"2007-11-29","0","",1,"",0,Rupiah,"2007-11-29","2008-12-26 22:19:57","2008-12-26 22:19:57",
3606,3336,"15000234",1,"15000234-001",INV/15000234-001,"2007-11-29","0","",SL,"2007-11-29","0","",1,"",0,Rupiah,"2007-11-29","2008-12-26 22:19:57","2008-12-26 22:19:57",
3607,3337,"15000235",1,"15000235-001",INV/15000235-001,"2007-11-29","0","",SL,"2007-11-29","0","",1,"",0,Rupiah,"2007-11-29","2008-12-26 22:19:57","2008-12-26 22:19:57",
3608,3338,"15000236",1,"15000236-001",INV/15000236-001,"2007-11-29","0","",SL,"2007-11-29","0","",1,"",0,Rupiah,"2007-11-29","2008-12-26 22:19:57","2008-12-26 22:19:57",
3609,2530,"15000221",1,"15000221-001",INV/15000221-001,"2007-11-29","0","",SL,"2007-11-29","0","",1,"",0,Rupiah,"2007-11-29","2008-12-26 22:19:57","2008-12-26 22:19:57",
3610,2425,"18000107",1,"18000107-001",INV/18000107-001,"2007-11-29","0","",SL,"2007-11-29","0","",1,"",0,Rupiah,"2007-11-29","2008-12-26 22:19:57","2008-12-26 22:19:57",
3611,3339,"15000237",1,"15000237-001",INV/15000237-001,"2007-11-29","0","",SL,"2007-11-29","0","",1,"",0,Rupiah,"2007-11-29","2008-12-26 22:19:57","2008-12-26 22:19:57",
3612,3340,"13000087",1,"13000087-001",INV/13000087-001,"2007-11-29",,"",SL,"2007-11-29","0","",1,"",0,Rupiah,"2007-11-29","2008-12-26 22:19:57","2026-07-26 11:39:27",
3613,1414,"28000048",1,"28000048-001",INV/28000048-001,"2007-11-29","0","",SL,"2007-11-29","0","",1,"",0,Rupiah,"2007-11-29","2008-12-26 22:19:57","2008-12-26 22:19:57",
3614,3341,"15000238",1,"15000238-001",INV/15000238-001,"2007-11-29","0","",SL,"2007-11-29","0","",1,"",0,Rupiah,"2007-11-29","2008-12-26 22:19:57","2008-12-26 22:19:57",
3615,3342,"40000023",1,"40000023-001",INV/40000023-001,"2007-11-29","0","",SL,"2007-11-29","0","",1,"",0,Rupiah,"2007-11-29","2008-12-26 22:19:57","2008-12-26 22:19:57",
3616,2528,"15000239",1,"15000239-001",INV/15000239-001,"2007-11-29","0","",SL,"2007-11-29","0","",1,"",0,Rupiah,"2007-11-29","2008-12-26 22:19:57","2008-12-26 22:19:57",
3617,3343,"12000282",1,"12000282-001",INV/12000282-001,"2007-11-29","0","",SL,"2007-11-29","0","",1,"",0,Rupiah,"2007-11-29","2008-12-26 22:19:57","2008-12-26 22:19:57",
3618,3344,"27000123",1,"27000123-001",INV/27000123-001,"2007-11-29","0","",SL,"2007-11-29","0","",1,"",0,Rupiah,"2007-11-29","2008-12-26 22:19:57","2008-12-26 22:19:57",
3619,2461,"24000719",1,"24000719-001",INV/24000719-001,"2007-11-29","0","",SL,"2007-11-29","0","",1,"",0,Rupiah,"2007-11-29","2008-12-26 22:19:57","2008-12-26 22:19:57",
3620,3345,"24000256",1,"24000256-001",INV/24000256-001,"2007-11-29","0","",SL,"2007-11-29","0","",1,"",0,Rupiah,"2007-11-29","2008-12-26 22:19:57","2008-12-26 22:19:57",
3621,3346,"28000068",1,"28000068-001",INV/28000068-001,"2007-11-29","0","",SL,"2007-11-29","0","",1,"",0,Rupiah,"2007-11-29","2008-12-26 22:19:57","2008-12-26 22:19:57",
3622,3347,"27000124",1,"27000124-001",INV/27000124-001,"2007-11-29","0","",SL,"2007-11-29","0","",1,"",0,Rupiah,"2007-11-29","2008-12-26 22:19:57","2008-12-26 22:19:57",
3623,3348,"28000058",1,"28000058-001",INV/28000058-001,"2007-11-29","0","",SL,"2007-11-29","0","",1,"",0,Rupiah,"2007-11-29","2008-12-26 22:19:57","2008-12-26 22:19:57",
3624,2426,"28000063",1,"28000063-001",INV/28000063-001,"2007-11-29","0","",SL,"2007-11-29","0","",1,"",0,Rupiah,"2007-11-29","2008-12-26 22:19:57","2008-12-26 22:19:57",
3625,3349,"26000225",1,"26000225-001",INV/26000225-001,"2007-11-29","0","",SL,"2007-11-29","0","",1,"",0,Rupiah,"2007-11-29","2008-12-26 22:19:57","2008-12-26 22:19:57",
3626,3350,"14000028",1,"14000028-001",INV/14000028-001,"2007-11-29","0","",SL,"2007-11-29","0","",1,"",0,Rupiah,"2007-11-29","2008-12-26 22:19:57","2008-12-26 22:19:57",
3627,3351,"26000198",1,"26000198-001",INV/26000198-001,"2007-11-29","0","",SL,"2007-11-29","0","",1,"",0,Rupiah,"2007-11-29","2008-12-26 22:19:57","2008-12-26 22:19:57",
3628,3352,"28000069",1,"28000069-001",INV/28000069-001,"2007-11-29","0","",SL,"2007-11-29","0","",1,"",0,Rupiah,"2007-11-29","2008-12-26 22:19:57","2008-12-26 22:19:57",
3629,3353,"27000125",1,"27000125-001",INV/27000125-001,"2007-11-29","0","",SL,"2007-11-29","0","",1,"",0,Rupiah,"2007-11-29","2008-12-26 22:19:57","2008-12-26 22:19:57",
3630,3354,"28000060",1,"28000060-001",INV/28000060-001,"2007-11-29","0","",SL,"2007-11-29","0","",1,"",0,Rupiah,"2007-11-29","2008-12-26 22:19:57","2008-12-26 22:19:57",
3631,3355,"28000050",1,"28000050-001",INV/28000050-001,"2007-11-29","0","",SL,"2007-11-29","0","",1,"",0,Rupiah,"2007-11-29","2008-12-26 22:19:57","2008-12-26 22:19:57",
3632,3356,"40000024",1,"40000024-001",INV/40000024-001,"2007-11-29","0","",SL,"2007-11-29","0","",1,"",0,Rupiah,"2007-11-29","2008-12-26 22:19:57","2008-12-26 22:19:57",
3633,2427,"28000064",1,"28000064-001",INV/28000064-001,"2007-11-29","0","",SL,"2007-11-29","0","",1,"",0,Rupiah,"2007-11-29","2008-12-26 22:19:57","2008-12-26 22:19:57",
3634,3357,"28000061",1,"28000061-001",INV/28000061-001,"2007-11-29","0","",SL,"2007-11-29","0","",1,"",0,Rupiah,"2007-11-29","2008-12-26 22:19:57","2008-12-26 22:19:57",
3635,3358,"23000100",1,"23000100-001",INV/23000100-001,"2007-11-29","0","",SL,"2007-11-29","0","",1,"",0,Rupiah,"2007-11-29","2008-12-26 22:19:57","2008-12-26 22:19:57",
3636,3359,"27000126",1,"27000126-001",INV/27000126-001,"2007-11-29","0","",SL,"2007-11-29","0","",1,"",0,Rupiah,"2007-11-29","2008-12-26 22:19:57","2008-12-26 22:19:57",
3637,3360,"28000062",1,"28000062-001",INV/28000062-001,"2007-11-29","0","",SL,"2007-11-29","0","",1,"",0,Rupiah,"2007-11-29","2008-12-26 22:19:57","2008-12-26 22:19:57",
3638,3361,"28000051",1,"28000051-001",INV/28000051-001,"2007-11-29","0","",SL,"2007-11-29","0","",1,"",0,Rupiah,"2007-11-29","2008-12-26 22:19:57","2008-12-26 22:19:57",
3640,3363,"24000231",1,"24000231-001",INV/24000231-001,"2007-11-29","0","",SL,"2007-11-29","0","",1,"",0,Rupiah,"2007-11-29","2008-12-26 22:19:57","2008-12-26 22:19:57",
3641,3364,"14000029",1,"14000029-001",INV/14000029-001,"2007-11-29","0","",SL,"2007-11-29","0","",1,"",0,Rupiah,"2007-11-29","2008-12-26 22:19:57","2008-12-26 22:19:57",
3642,2507,"28000066",1,"28000066-001",INV/28000066-001,"2007-11-29","0","",SL,"2007-11-29","0","",1,"",0,Rupiah,"2007-11-29","2008-12-26 22:19:57","2008-12-26 22:19:57",
3643,3365,"27000127",1,"27000127-001",INV/27000127-001,"2007-11-29","0","",SL,"2007-11-29","0","",1,"",0,Rupiah,"2007-11-29","2008-12-26 22:19:57","2008-12-26 22:19:57",
3644,1205,"28000053",1,"28000053-001",INV/28000053-001,"2007-11-29","0","",SL,"2007-11-29","0","",1,"",0,Rupiah,"2007-11-29","2008-12-26 22:19:57","2008-12-26 22:19:57",
3645,3366,"23000101",1,"23000101-001",INV/23000101-001,"2007-11-29","0","",SL,"2007-11-29","0","",1,"",0,Rupiah,"2007-11-29","2008-12-26 22:19:57","2008-12-26 22:19:57",
3646,3367,"28000067",1,"28000067-001",INV/28000067-001,"2007-11-29","0","",SL,"2007-11-29","0","",1,"",0,Rupiah,"2007-11-29","2008-12-26 22:19:57","2008-12-26 22:19:57",
3647,2551,"24000724",1,"24000724-001",INV/24000724-001,"2007-11-29","0","",SL,"2007-11-29","0","",1,"",0,Rupiah,"2007-11-29","2008-12-26 22:19:57","2008-12-26 22:19:57",
3648,3368,"40000025",1,"40000025-001",INV/40000025-001,"2007-11-29","0","",SL,"2007-11-29","0","",1,"",0,Rupiah,"2007-11-29","2008-12-26 22:19:57","2008-12-26 22:19:57",
3649,3369,"27000128",1,"27000128-001",INV/27000128-001,"2007-11-29","0","",SL,"2007-11-29","0","",1,"",0,Rupiah,"2007-11-29","2008-12-26 22:19:57","2008-12-26 22:19:57",
3650,3370,"14000031",1,"14000031-001",INV/14000031-001,"2007-11-29","0","",SL,"2007-11-29","0","",1,"",0,Rupiah,"2007-11-29","2008-12-26 22:19:57","2008-12-26 22:19:57",
3651,3371,"24000249",1,"24000249-001",INV/24000249-001,"2007-11-29","0","",SL,"2007-11-29","0","",1,"",0,Rupiah,"2007-11-29","2008-12-26 22:19:57","2008-12-26 22:19:57",
3652,3372,"24000257",1,"24000257-001",INV/24000257-001,"2007-11-29","0","",SL,"2007-11-29","0","",1,"",0,Rupiah,"2007-11-29","2008-12-26 22:19:57","2008-12-26 22:19:57",
3653,3373,"16000037",1,"16000037-001",INV/16000037-001,"2007-11-29","0","",SL,"2007-11-29","0","",1,"",0,Rupiah,"2007-11-29","2008-12-26 22:19:57","2008-12-26 22:19:57",
3654,3374,"24000250",1,"24000250-001",INV/24000250-001,"2007-11-29","0","",SL,"2007-11-29","0","",1,"",0,Rupiah,"2007-11-29","2008-12-26 22:19:57","2008-12-26 22:19:57",
3655,2486,"11000180",1,"11000180-001",INV/11000180-001,"2007-11-29","0","",SL,"2007-11-29","0","",1,"",0,Rupiah,"2007-11-29","2008-12-26 22:19:57","2008-12-26 22:19:57",
3656,1413,"28000055",1,"28000055-001",INV/28000055-001,"2007-11-29","0","",SL,"2007-11-29","0","",1,"",0,Rupiah,"2007-11-29","2008-12-26 22:19:57","2008-12-26 22:19:57",
3657,3375,"11000071",1,"11000071-001",INV/11000071-001,"2007-11-29","0","",SL,"2007-11-29","0","",1,"",0,Rupiah,"2007-11-29","2008-12-26 22:19:57","2008-12-26 22:19:57",
3658,3376,"24000725",1,"24000725-001",INV/24000725-001,"2007-11-29","0","",SL,"2007-11-29","0","",1,"",0,Rupiah,"2007-11-29","2008-12-26 22:19:57","2008-12-26 22:19:57",
3659,3377,"24000258",1,"24000258-001",INV/24000258-001,"2007-11-29","0","",SL,"2007-11-29","0","",1,"",0,Rupiah,"2007-11-29","2008-12-26 22:19:57","2008-12-26 22:19:57",
3660,3378,"11000073",1,"11000073-001",INV/11000073-001,"2007-11-29","0","",SL,"2007-11-29","0","",1,"",0,Rupiah,"2007-11-29","2008-12-26 22:19:57","2008-12-26 22:19:57",
3661,3379,"23000091",1,"23000091-001",INV/23000091-001,"2007-11-29","0","",SL,"2007-11-29","0","",1,"",0,Rupiah,"2007-11-29","2008-12-26 22:19:57","2008-12-26 22:19:57",
3662,3380,"16000048",1,"16000048-001",INV/16000048-001,"2007-11-29","0","",SL,"2007-11-29","0","",1,"",0,Rupiah,"2007-11-29","2008-12-26 22:19:57","2008-12-26 22:19:57",
3663,3381,"12000273",1,"12000273-001",INV/12000273-001,"2007-11-29","0","",SL,"2007-11-29","0","",1,"",0,Rupiah,"2007-11-29","2008-12-26 22:19:57","2008-12-26 22:19:57",
3664,3382,"24000251",1,"24000251-001",INV/24000251-001,"2007-11-29","0","",SL,"2007-11-29","0","",1,"",0,Rupiah,"2007-11-29","2008-12-26 22:19:57","2008-12-26 22:19:57",
3665,3383,"24000259",1,"24000259-001",INV/24000259-001,"2007-11-29","0","",SL,"2007-11-29","0","",1,"",0,Rupiah,"2007-11-29","2008-12-26 22:19:57","2008-12-26 22:19:57",
3666,3384,"24000726",1,"24000726-001",INV/24000726-001,"2007-11-29","0","",SL,"2007-11-29","0","",1,"",0,Rupiah,"2007-11-29","2008-12-26 22:19:57","2008-12-26 22:19:57",
3667,3385,"24000254",1,"24000254-001",INV/24000254-001,"2007-11-29","0","",SL,"2007-11-29","0","",1,"",0,Rupiah,"2007-11-29","2008-12-26 22:19:57","2008-12-26 22:19:57",
3668,3386,"24000261",1,"24000261-001",INV/24000261-001,"2007-11-29","0","",SL,"2007-11-29","0","",1,"",0,Rupiah,"2007-11-29","2008-12-26 22:19:57","2008-12-26 22:19:57",
3669,3387,"23000103",1,"23000103-001",INV/23000103-001,"2007-11-29","0","",SL,"2007-11-29","0","",1,"",0,Rupiah,"2007-11-29","2008-12-26 22:19:57","2008-12-26 22:19:57",
3670,3388,"24000270",1,"24000270-001",INV/24000270-001,"2007-11-29","0","",SL,"2007-11-29","0","",1,"",0,Rupiah,"2007-11-29","2008-12-26 22:19:57","2008-12-26 22:19:57",
3671,3389,"24000727",1,"24000727-001",INV/24000727-001,"2007-11-29","0","",SL,"2007-11-29","0","",1,"",0,Rupiah,"2007-11-29","2008-12-26 22:19:57","2008-12-26 22:19:57",
3672,3390,"16000074",1,"16000074-001",INV/16000074-001,"2007-11-29","0","",SL,"2007-11-29","0","",1,"",0,Rupiah,"2007-11-29","2008-12-26 22:19:57","2008-12-26 22:19:57",
3673,3391,"12000275",1,"12000275-001",INV/12000275-001,"2007-11-29","0","",SL,"2007-11-29","0","",1,"",0,Rupiah,"2007-11-29","2008-12-26 22:19:57","2008-12-26 22:19:57",
3674,3392,"24000282",1,"24000282-001",INV/24000282-001,"2007-11-29","0","",SL,"2007-11-29","0","",1,"",0,Rupiah,"2007-11-29","2008-12-26 22:19:57","2008-12-26 22:19:57",
3675,3393,"24000728",1,"24000728-001",INV/24000728-001,"2007-11-29","0","",SL,"2007-11-29","0","",1,"",0,Rupiah,"2007-11-29","2008-12-26 22:19:57","2008-12-26 22:19:57",
3676,2482,"16000075",1,"16000075-001",INV/16000075-001,"2007-11-29","0","",SL,"2007-11-29","0","",1,"",0,Rupiah,"2007-11-29","2008-12-26 22:19:57","2008-12-26 22:19:57",
3677,3394,"24000289",1,"24000289-001",INV/24000289-001,"2007-11-29","0","",SL,"2007-11-29","0","",1,"",0,Rupiah,"2007-11-29","2008-12-26 22:19:57","2008-12-26 22:19:57",
3678,3395,"24000731",1,"24000731-001",INV/24000731-001,"2007-11-29","0","",SL,"2007-11-29","0","",1,"",0,Rupiah,"2007-11-29","2008-12-26 22:19:57","2008-12-26 22:19:57",
3679,3396,"24000720",1,"24000720-001",INV/24000720-001,"2007-11-29","0","",SL,"2007-11-29","0","",1,"",0,Rupiah,"2007-11-29","2008-12-26 22:19:57","2008-12-26 22:19:57",
3680,3397,"24000721",1,"24000721-001",INV/24000721-001,"2007-11-29","0","",SL,"2007-11-29","0","",1,"",0,Rupiah,"2007-11-29","2008-12-26 22:19:57","2008-12-26 22:19:57",
3681,3398,"24000722",1,"24000722-001",INV/24000722-001,"2007-11-29","0","",SL,"2007-11-29","0","",1,"",0,Rupiah,"2007-11-29","2008-12-26 22:19:57","2008-12-26 22:19:57",
3682,3399,"24000723",1,"24000723-001",INV/24000723-001,"2007-11-29","0","",SL,"2007-11-29","0","",1,"",0,Rupiah,"2007-11-29","2008-12-26 22:19:57","2008-12-26 22:19:57",
3683,3400,"16000076",1,"16000076-001",INV/16000076-001,"2007-11-29","0","",SL,"2007-11-29","0","",1,"",0,Rupiah,"2007-11-29","2008-12-26 22:19:57","2008-12-26 22:19:57",
3684,3401,"24000729",1,"24000729-001",INV/24000729-001,"2007-11-29","0","",SL,"2007-11-29","0","",1,"",0,Rupiah,"2007-11-29","2008-12-26 22:19:57","2008-12-26 22:19:57",
3685,2454,"24000732",1,"24000732-001",INV/24000732-001,"2007-11-29","0","",SL,"2007-11-29","0","",1,"",0,Rupiah,"2007-11-29","2008-12-26 22:19:57","2008-12-26 22:19:57",
3686,2453,"24000733",1,"24000733-001",INV/24000733-001,"2007-11-29","0","",SL,"2007-11-29","0","",1,"",0,Rupiah,"2007-11-29","2008-12-26 22:19:57","2008-12-26 22:19:57",
3687,3402,"24000730",1,"24000730-001",INV/24000730-001,"2007-11-29","0","",SL,"2007-11-29","0","",1,"",0,Rupiah,"2007-11-29","2008-12-26 22:19:57","2008-12-26 22:19:57",
3688,3403,"21000012",1,"21000012-001",INV/21000012-001,"2007-11-29","0","",SL,"2007-11-29","0","",1,"",0,Rupiah,"2007-11-29","2008-12-26 22:19:57","2008-12-26 22:19:57",
3689,2459,"24000734",1,"24000734-001",INV/24000734-001,"2007-11-29","0","",SL,"2007-11-29","0","",1,"",0,Rupiah,"2007-11-29","2008-12-26 22:19:57","2008-12-26 22:19:57",
3690,3404,"11000078",1,"11000078-001",INV/11000078-001,"2007-11-29","0","",SL,"2007-11-29","0","",1,"",0,Rupiah,"2007-11-29","2008-12-26 22:19:57","2008-12-26 22:19:57",
3691,3405,"22000123",1,"22000123-001",INV/22000123-001,"2007-11-29","0","",SL,"2007-11-29","0","",1,"",0,Rupiah,"2007-11-29","2008-12-26 22:19:57","2008-12-26 22:19:57",
3692,3406,"11000082",1,"11000082-001",INV/11000082-001,"2007-11-29","0","",SL,"2007-11-29","0","",1,"",0,Rupiah,"2007-11-29","2008-12-26 22:19:57","2008-12-26 22:19:57",
3693,2460,"24000735",1,"24000735-001",INV/24000735-001,"2007-11-29","0","",SL,"2007-11-29","0","",1,"",0,Rupiah,"2007-11-29","2008-12-26 22:19:57","2008-12-26 22:19:57",
3695,3408,"11000046",1,"11000046-001",INV/11000046-001,"2007-11-29","0","",SL,"2007-11-29","0","",1,"",0,Rupiah,"2007-11-29","2008-12-26 22:19:57","2008-12-26 22:19:57",
3696,3409,"24000736",1,"24000736-001",INV/24000736-001,"2007-11-29","0","",SL,"2007-11-29","0","",1,"",0,Rupiah,"2007-11-29","2008-12-26 22:19:57","2008-12-26 22:19:57",
3697,3410,"24000737",1,"24000737-001",INV/24000737-001,"2007-11-29","0","",SL,"2007-11-29","0","",1,"",0,Rupiah,"2007-11-29","2008-12-26 22:19:57","2008-12-26 22:19:57",
3698,3411,"40000026",1,"40000026-001",INV/40000026-001,"2007-11-29","0","",SL,"2007-11-29","0","",1,"",0,Rupiah,"2007-11-29","2008-12-26 22:19:57","2008-12-26 22:19:57",
3699,3412,"24000738",1,"24000738-001",INV/24000738-001,"2007-11-29","0","",SL,"2007-11-29","0","",1,"",0,Rupiah,"2007-11-29","2008-12-26 22:19:57","2008-12-26 22:19:57",
3700,3413,"25000020",1,"25000020-001",INV/25000020-001,"2007-11-29","0","",SL,"2007-11-29","0","",1,"",0,Rupiah,"2007-11-29","2008-12-26 22:19:57","2008-12-26 22:19:57",
3701,3414,"24000739",1,"24000739-001",INV/24000739-001,"2007-11-29","0","",SL,"2007-11-29","0","",1,"",0,Rupiah,"2007-11-29","2008-12-26 22:19:57","2008-12-26 22:19:57",
3702,3415,"26000131",1,"26000131-001",INV/26000131-001,"2007-11-29","0","",SL,"2007-11-29","0","",1,"",0,Rupiah,"2007-11-29","2008-12-26 22:19:57","2008-12-26 22:19:57",
3703,3416,"24000740",1,"24000740-001",INV/24000740-001,"2007-11-29","0","",SL,"2007-11-29","0","",1,"",0,Rupiah,"2007-11-29","2008-12-26 22:19:57","2008-12-26 22:19:57",
3704,3417,"24000741",1,"24000741-001",INV/24000741-001,"2007-11-29","0","",SL,"2007-11-29","0","",1,"",0,Rupiah,"2007-11-29","2008-12-26 22:19:57","2008-12-26 22:19:57",
3705,3418,"26000132",1,"26000132-001",INV/26000132-001,"2007-11-29","0","",SL,"2007-11-29","0","",1,"",0,Rupiah,"2007-11-29","2008-12-26 22:19:57","2008-12-26 22:19:57",
3706,3419,"10000128",1,"10000128-001",INV/10000128-001,"2007-11-29","0","",SL,"2007-11-29","0","",1,"",0,Rupiah,"2007-11-29","2008-12-26 22:19:57","2008-12-26 22:19:57",
3707,3420,"10000129",1,"10000129-001",INV/10000129-001,"2007-11-29","0","",SL,"2007-11-29","0","",1,"",0,Rupiah,"2007-11-29","2008-12-26 22:19:57","2008-12-26 22:19:57",
3708,3421,"10000130",1,"10000130-001",INV/10000130-001,"2007-11-29","0","",SL,"2007-11-29","0","",1,"",0,Rupiah,"2007-11-29","2008-12-26 22:19:57","2008-12-26 22:19:57",
3709,3422,"11000181",1,"11000181-001",INV/11000181-001,"2007-11-29","0","",SL,"2007-11-29","0","",1,"",0,Rupiah,"2007-11-29","2008-12-26 22:19:57","2008-12-26 22:19:57",
3710,3423,"11000182",1,"11000182-001",INV/11000182-001,"2007-11-29","0","",SL,"2007-11-29","0","",1,"",0,Rupiah,"2007-11-29","2008-12-26 22:19:57","2008-12-26 22:19:57",
3711,3424,"11000183",1,"11000183-001",INV/11000183-001,"2007-11-29","0","",SL,"2007-11-29","0","",1,"",0,Rupiah,"2007-11-29","2008-12-26 22:19:57","2008-12-26 22:19:57",
3712,3425,"11000184",1,"11000184-001",INV/11000184-001,"2007-11-29","0","",SL,"2007-11-29","0","",1,"",0,Rupiah,"2007-11-29","2008-12-26 22:19:57","2008-12-26 22:19:57",
3713,3426,"11000193",1,"11000193-001",INV/11000193-001,"2007-11-29","0","",SL,"2007-11-29","0","",1,"",0,Rupiah,"2007-11-29","2008-12-26 22:19:57","2008-12-26 22:19:57",
3714,3427,"28000052",1,"28000052-001",INV/28000052-001,"2007-11-29","0","",SL,"2007-11-29","0","",1,"",0,Rupiah,"2007-11-29","2008-12-26 22:19:57","2008-12-26 22:19:57",
3715,3428,"11000185",1,"11000185-001",INV/11000185-001,"2007-11-29","0","",SL,"2007-11-29","0","",1,"",0,Rupiah,"2007-11-29","2008-12-26 22:19:57","2008-12-26 22:19:57",
3716,3429,"11000194",1,"11000194-001",INV/11000194-001,"2007-11-29","0","",SL,"2007-11-29","0","",1,"",0,Rupiah,"2007-11-29","2008-12-26 22:19:57","2008-12-26 22:19:57",
3717,3430,"11000186",1,"11000186-001",INV/11000186-001,"2007-11-29","0","",SL,"2007-11-29","0","",1,"",0,Rupiah,"2007-11-29","2008-12-26 22:19:57","2008-12-26 22:19:57",
3718,3431,"28000056",1,"28000056-001",INV/28000056-001,"2007-11-29","0","",SL,"2007-11-29","0","",1,"",0,Rupiah,"2007-11-29","2008-12-26 22:19:57","2008-12-26 22:19:57",
3719,3432,"11000187",1,"11000187-001",INV/11000187-001,"2007-11-29","0","",SL,"2007-11-29","0","",1,"",0,Rupiah,"2007-11-29","2008-12-26 22:19:57","2008-12-26 22:19:57",
3721,3434,"11000188",1,"11000188-001",INV/11000188-001,"2007-11-29","0","",SL,"2007-11-29","0","",1,"",0,Rupiah,"2007-11-29","2008-12-26 22:19:57","2008-12-26 22:19:57",
3723,3436,"11000189",1,"11000189-001",INV/11000189-001,"2007-11-29","0","",SL,"2007-11-29","0","",1,"",0,Rupiah,"2007-11-29","2008-12-26 22:19:57","2008-12-26 22:19:57",
3724,3437,"28000057",1,"28000057-001",INV/28000057-001,"2007-11-29","0","",SL,"2007-11-29","0","",1,"",0,Rupiah,"2007-11-29","2008-12-26 22:19:57","2008-12-26 22:19:57",
3725,3438,"11000190",1,"11000190-001",INV/11000190-001,"2007-11-29","0","",SL,"2007-11-29","0","",1,"",0,Rupiah,"2007-11-29","2008-12-26 22:19:57","2008-12-26 22:19:57",
3726,3439,"28000072",1,"28000072-001",INV/28000072-001,"2007-11-29","0","",SL,"2007-11-29","0","",1,"",0,Rupiah,"2007-11-29","2008-12-26 22:19:57","2008-12-26 22:19:57",
3727,3440,"11000191",1,"11000191-001",INV/11000191-001,"2007-11-29","0","",SL,"2007-11-29","0","",1,"",0,Rupiah,"2007-11-29","2008-12-26 22:19:57","2008-12-26 22:19:57",
3728,3441,"11000192",1,"11000192-001",INV/11000192-001,"2007-11-29","0","",SL,"2007-11-29","0","",1,"",0,Rupiah,"2007-11-29","2008-12-26 22:19:57","2008-12-26 22:19:57",
3729,3442,"13000090",1,"13000090-001",INV/13000090-001,"2007-11-29","0","",SL,"2007-11-29","0","",1,"",0,Rupiah,"2007-11-29","2008-12-26 22:19:57","2008-12-26 22:19:57",
3730,3443,"28000073",1,"28000073-001",INV/28000073-001,"2007-11-29","0","",SL,"2007-11-29","0","",1,"",0,Rupiah,"2007-11-29","2008-12-26 22:19:57","2008-12-26 22:19:57",
3731,3444,"13000091",1,"13000091-001",INV/13000091-001,"2007-11-29","0","",SL,"2007-11-29","0","",1,"",0,Rupiah,"2007-11-29","2008-12-26 22:19:57","2008-12-26 22:19:57",
3732,3445,"28000074",1,"28000074-001",INV/28000074-001,"2007-11-29","0","",SL,"2007-11-29","0","",1,"",0,Rupiah,"2007-11-29","2008-12-26 22:19:57","2008-12-26 22:19:57",
3733,3446,"15000242",1,"15000242-001",INV/15000242-001,"2007-11-29","0","",SL,"2007-11-29","0","",1,"",0,Rupiah,"2007-11-29","2008-12-26 22:19:57","2008-12-26 22:19:57",
3734,3447,"13000092",1,"13000092-001",INV/13000092-001,"2007-11-29",,"",SL,"2007-11-29","0","",1,"",0,Rupiah,"2007-11-29","2008-12-26 22:19:57","2026-08-05 15:57:27",
3735,3448,"15000243",1,"15000243-001",INV/15000243-001,"2007-11-29","0","",SL,"2007-11-29","0","",1,"",0,Rupiah,"2007-11-29","2008-12-26 22:19:57","2008-12-26 22:19:57",
3736,3449,"13000093",1,"13000093-001",INV/13000093-001,"2007-11-29","0","",SL,"2007-11-29","0","",1,"",0,Rupiah,"2007-11-29","2008-12-26 22:19:57","2008-12-26 22:19:57",
3737,3450,"24000748",1,"24000748-001",INV/24000748-001,"2007-11-29","0","",SL,"2007-11-29","0","",1,"",0,Rupiah,"2007-11-29","2008-12-26 22:19:57","2008-12-26 22:19:57",
3738,3451,"15000244",1,"15000244-001",INV/15000244-001,"2007-11-29","0","",SL,"2007-11-29","0","",1,"",0,Rupiah,"2007-11-29","2008-12-26 22:19:57","2008-12-26 22:19:57",
3739,3452,"28000075",1,"28000075-001",INV/28000075-001,"2007-11-29","0","",SL,"2007-11-29","0","",1,"",0,Rupiah,"2007-11-29","2008-12-26 22:19:57","2008-12-26 22:19:57",
3740,3453,"15000245",1,"15000245-001",INV/15000245-001,"2007-11-29","0","",SL,"2007-11-29","0","",1,"",0,Rupiah,"2007-11-29","2008-12-26 22:19:57","2008-12-26 22:19:57",
3741,3454,"24000749",1,"24000749-001",INV/24000749-001,"2007-11-29","0","",SL,"2007-11-29","0","",1,"",0,Rupiah,"2007-11-29","2008-12-26 22:19:57","2008-12-26 22:19:57",
3742,3455,"27000129",1,"27000129-001",INV/27000129-001,"2007-11-29","0","",SL,"2007-11-29","0","",1,"",0,Rupiah,"2007-11-29","2008-12-26 22:19:57","2008-12-26 22:19:57",
3743,3456,"28000076",1,"28000076-001",INV/28000076-001,"2007-11-29","0","",SL,"2007-11-29","0","",1,"",0,Rupiah,"2007-11-29","2008-12-26 22:19:57","2008-12-26 22:19:57",
3744,3457,"24000750",1,"24000750-001",INV/24000750-001,"2007-11-29","0","",SL,"2007-11-29","0","",1,"",0,Rupiah,"2007-11-29","2008-12-26 22:19:57","2008-12-26 22:19:57",
3745,2513,"27000130",1,"27000130-001",INV/27000130-001,"2007-11-29","0","",SL,"2007-11-29","0","",1,"",0,Rupiah,"2007-11-29","2008-12-26 22:19:57","2008-12-26 22:19:57",
3746,3458,"24000751",1,"24000751-001",INV/24000751-001,"2007-11-29","0","",SL,"2007-11-29","0","",1,"",0,Rupiah,"2007-11-29","2008-12-26 22:19:57","2008-12-26 22:19:57",
3747,3459,"27000131",1,"27000131-001",INV/27000131-001,"2007-11-29","0","",SL,"2007-11-29","0","",1,"",0,Rupiah,"2007-11-29","2008-12-26 22:19:57","2008-12-26 22:19:57",
3748,3460,"28000077",1,"28000077-001",INV/28000077-001,"2007-11-29","0","",SL,"2007-11-29","0","",1,"",0,Rupiah,"2007-11-29","2008-12-26 22:19:57","2008-12-26 22:19:57",
3749,3461,"24000752",1,"24000752-001",INV/24000752-001,"2007-11-29","0","",SL,"2007-11-29","0","",1,"",0,Rupiah,"2007-11-29","2008-12-26 22:19:57","2008-12-26 22:19:57",
3750,3462,"24000753",1,"24000753-001",INV/24000753-001,"2007-11-29","0","",SL,"2007-11-29","0","",1,"",0,Rupiah,"2007-11-29","2008-12-26 22:19:57","2008-12-26 22:19:57",
3751,3463,"28000078",1,"28000078-001",INV/28000078-001,"2007-11-29","0","",SL,"2007-11-29","0","",1,"",0,Rupiah,"2007-11-29","2008-12-26 22:19:57","2008-12-26 22:19:57",
3752,3464,"24000754",1,"24000754-001",INV/24000754-001,"2007-11-29","0","",SL,"2007-11-29","0","",1,"",0,Rupiah,"2007-11-29","2008-12-26 22:19:57","2008-12-26 22:19:57",
3753,3465,"24000755",1,"24000755-001",INV/24000755-001,"2007-11-29","0","",SL,"2007-11-29","0","",1,"",0,Rupiah,"2007-11-29","2008-12-26 22:19:57","2008-12-26 22:19:57",
3754,3466,"28000079",1,"28000079-001",INV/28000079-001,"2007-11-29","0","",SL,"2007-11-29","0","",1,"",0,Rupiah,"2007-11-29","2008-12-26 22:19:57","2008-12-26 22:19:57",
3755,3467,"24000756",1,"24000756-001",INV/24000756-001,"2007-11-29","0","",SL,"2007-11-29","0","",1,"",0,Rupiah,"2007-11-29","2008-12-26 22:19:57","2008-12-26 22:19:57",
3756,3468,"24000757",1,"24000757-001",INV/24000757-001,"2007-11-29","0","",SL,"2007-11-29","0","",1,"",0,Rupiah,"2007-11-29","2008-12-26 22:19:57","2008-12-26 22:19:57",
3757,2447,"28000080",1,"28000080-001",INV/28000080-001,"2007-11-29","0","",SL,"2007-11-29","0","",1,"",0,Rupiah,"2007-11-29","2008-12-26 22:19:57","2008-12-26 22:19:57",
3758,3469,"24000758",1,"24000758-001",INV/24000758-001,"2007-11-29","0","",SL,"2007-11-29","0","",1,"",0,Rupiah,"2007-11-29","2008-12-26 22:19:57","2008-12-26 22:19:57",
3760,3471,"24000759",1,"24000759-001",INV/24000759-001,"2007-11-29","0","",SL,"2007-11-29","0","",1,"",0,Rupiah,"2007-11-29","2008-12-26 22:19:57","2008-12-26 22:19:57",
3761,3472,"24000076",1,"240000760-001",INV/240000760-001,"2007-11-29","0","",SL,"2007-11-29","0","",1,"",0,Rupiah,"2007-11-29","2008-12-26 22:19:57","2008-12-26 22:19:57",
3762,3473,"28000081",1,"28000081-001",INV/28000081-001,"2007-11-29","0","",SL,"2007-11-29","0","",1,"",0,Rupiah,"2007-11-29","2008-12-26 22:19:57","2008-12-26 22:19:57",
3763,3474,"24000761",1,"24000761-001",INV/24000761-001,"2007-11-29","0","",SL,"2007-11-29","0","",1,"",0,Rupiah,"2007-11-29","2008-12-26 22:19:57","2008-12-26 22:19:57",
3764,3475,"14000066",1,"14000066-001",INV/14000066-001,"2007-11-29","0","",SL,"2007-11-29","0","",1,"",0,Rupiah,"2007-11-29","2008-12-26 22:19:57","2008-12-26 22:19:57",
3765,3476,"28000082",1,"28000082-001",INV/28000082-001,"2007-11-29","0","",SL,"2007-11-29","0","",1,"",0,Rupiah,"2007-11-29","2008-12-26 22:19:57","2008-12-26 22:19:57",
3766,3477,"24000762",1,"24000762-001",INV/24000762-001,"2007-11-29","0","",SL,"2007-11-29","0","",1,"",0,Rupiah,"2007-11-29","2008-12-26 22:19:57","2008-12-26 22:19:57",
3767,3478,"24000763",1,"24000763-001",INV/24000763-001,"2007-11-29","0","",SL,"2007-11-29","0","",1,"",0,Rupiah,"2007-11-29","2008-12-26 22:19:57","2008-12-26 22:19:57",
3768,3479,"24000764",1,"24000764-001",INV/24000764-001,"2007-11-29","0","",SL,"2007-11-29","0","",1,"",0,Rupiah,"2007-11-29","2008-12-26 22:19:57","2008-12-26 22:19:57",
3769,3480,"28000083",1,"28000083-001",INV/28000083-001,"2007-11-29","0","",SL,"2007-11-29","0","",1,"",0,Rupiah,"2007-11-29","2008-12-26 22:19:57","2008-12-26 22:19:57",
3770,3481,"24000765",1,"24000765-001",INV/24000765-001,"2007-11-29","0","",SL,"2007-11-29","0","",1,"",0,Rupiah,"2007-11-29","2008-12-26 22:19:57","2008-12-26 22:19:57",
3771,3482,"24000766",1,"24000766-001",INV/24000766-001,"2007-11-29","0","",SL,"2007-11-29","0","",1,"",0,Rupiah,"2007-11-29","2008-12-26 22:19:57","2008-12-26 22:19:57",
3772,3483,"14000069",1,"14000069-001",INV/14000069-001,"2007-11-29","0","",SL,"2007-11-29","0","",1,"",0,Rupiah,"2007-11-29","2008-12-26 22:19:57","2008-12-26 22:19:57",
3773,3484,"28000084",1,"28000084-001",INV/28000084-001,"2007-11-29","0","",SL,"2007-11-29","0","",1,"",0,Rupiah,"2007-11-29","2008-12-26 22:19:57","2008-12-26 22:19:57",
3774,3485,"24000767",1,"24000767-001",INV/24000767-001,"2007-11-29","0","",SL,"2007-11-29","0","",1,"",0,Rupiah,"2007-11-29","2008-12-26 22:19:57","2008-12-26 22:19:57",
3775,3486,"14000070",1,"14000070-001",INV/14000070-001,"2007-11-29","0","",SL,"2007-11-29","0","",1,"",0,Rupiah,"2007-11-29","2008-12-26 22:19:57","2008-12-26 22:19:57",
3776,3487,"14000071",1,"14000071-001",INV/14000071-001,"2007-11-29","0","",SL,"2007-11-29","0","",1,"",0,Rupiah,"2007-11-29","2008-12-26 22:19:57","2008-12-26 22:19:57",
3777,3488,"28000085",1,"28000085-001",INV/28000085-001,"2007-11-29","0","",SL,"2007-11-29","0","",1,"",0,Rupiah,"2007-11-29","2008-12-26 22:19:57","2008-12-26 22:19:57",
3778,3489,"24000768",1,"24000768-001",INV/24000768-001,"2007-11-29","0","",SL,"2007-11-29","0","",1,"",0,Rupiah,"2007-11-29","2008-12-26 22:19:57","2008-12-26 22:19:57",
3779,3490,"28000086",1,"28000086-001",INV/28000086-001,"2007-11-29","0","",SL,"2007-11-29","0","",1,"",0,Rupiah,"2007-11-29","2008-12-26 22:19:57","2008-12-26 22:19:57",
3780,2524,"24000769",1,"24000769-001",INV/24000769-001,"2007-11-29","0","",SL,"2007-11-29","0","",1,"",0,Rupiah,"2007-11-29","2008-12-26 22:19:57","2008-12-26 22:19:57",
3781,3491,"24000017",1,"24000017-001",INV/24000017-001,"2007-11-29","0","",SL,"2007-11-29","0","",1,"",0,Rupiah,"2007-11-29","2008-12-26 22:19:57","2008-12-26 22:19:57",
3782,3492,"24000771",1,"24000771-001",INV/24000771-001,"2007-11-29","0","",SL,"2007-11-29","0","",1,"",0,Rupiah,"2007-11-29","2008-12-26 22:19:57","2008-12-26 22:19:57",
3783,3493,"28000087",1,"28000087-001",INV/28000087-001,"2007-11-29","0","",SL,"2007-11-29","0","",1,"",0,Rupiah,"2007-11-29","2008-12-26 22:19:57","2008-12-26 22:19:57",
3784,3491,"24000017",1,"24000017-002",INV/24000017-002,"2007-11-29","0","",SL,"2007-11-29","0","",1,"",0,Rupiah,"2007-11-29","2008-12-26 22:19:57","2008-12-26 22:19:57",
3785,3494,"24000772",1,"24000772-001",INV/24000772-001,"2007-11-29","0","",SL,"2007-11-29","0","",1,"",0,Rupiah,"2007-11-29","2008-12-26 22:19:57","2008-12-26 22:19:57",
3786,3495,"24000773",1,"24000773-001",INV/24000773-001,"2007-11-29","0","",SL,"2007-11-29","0","",1,"",0,Rupiah,"2007-11-29","2008-12-26 22:19:57","2008-12-26 22:19:57",
3787,3496,"28000088",1,"28000088-001",INV/28000088-001,"2007-11-29","0","",SL,"2007-11-29","0","",1,"",0,Rupiah,"2007-11-29","2008-12-26 22:19:57","2008-12-26 22:19:57",
3788,3497,"24000774",1,"24000774-001",INV/24000774-001,"2007-11-29","0","",SL,"2007-11-29","0","",1,"",0,Rupiah,"2007-11-29","2008-12-26 22:19:57","2008-12-26 22:19:57",
3789,3498,"24000018",1,"24000018-001",INV/24000018-001,"2007-11-29","0","",SL,"2007-11-29","0","",1,"",0,Rupiah,"2007-11-29","2008-12-26 22:19:57","2008-12-26 22:19:57",
3790,3499,"24000775",1,"24000775-001",INV/24000775-001,"2007-11-29","0","",SL,"2007-11-29","0","",1,"",0,Rupiah,"2007-11-29","2008-12-26 22:19:57","2008-12-26 22:19:57",
3791,3500,"24000019",1,"24000019-001",INV/24000019-001,"2007-11-29","0","",SL,"2007-11-29","0","",1,"",0,Rupiah,"2007-11-29","2008-12-26 22:19:57","2008-12-26 22:19:57",
3792,3501,"28000089",1,"28000089-001",INV/28000089-001,"2007-11-29","0","",SL,"2007-11-29","0","",1,"",0,Rupiah,"2007-11-29","2008-12-26 22:19:57","2008-12-26 22:19:57",
3793,3502,"28000090",1,"28000090-001",INV/28000090-001,"2007-11-29","0","",SL,"2007-11-29","0","",1,"",0,Rupiah,"2007-11-29","2008-12-26 22:19:57","2008-12-26 22:19:57",
3794,3503,"24000031",1,"24000031-001",INV/24000031-001,"2007-11-29","0","",SL,"2007-11-29","0","",1,"",0,Rupiah,"2007-11-29","2008-12-26 22:19:57","2008-12-26 22:19:57",
3796,3505,"24000040",1,"24000040-001",INV/24000040-001,"2007-11-29","0","",SL,"2007-11-29","0","",1,"",0,Rupiah,"2007-11-29","2008-12-26 22:19:57","2008-12-26 22:19:57",
3797,2519,"28000091",1,"28000091-001",INV/28000091-001,"2007-11-29","0","",SL,"2007-11-29","0","",1,"",0,Rupiah,"2007-11-29","2008-12-26 22:19:57","2008-12-26 22:19:57",
3798,3506,"19000040",1,"19000040-001",INV/19000040-001,"2007-11-29","0","",SL,"2007-11-29","0","",1,"",0,Rupiah,"2007-11-29","2008-12-26 22:19:57","2008-12-26 22:19:57",
3799,3507,"28000092",1,"28000092-001",INV/28000092-001,"2007-11-29","0","",SL,"2007-11-29","0","",1,"",0,Rupiah,"2007-11-29","2008-12-26 22:19:57","2008-12-26 22:19:57",
3800,3508,"19000015",1,"19000015-001",INV/19000015-001,"2007-11-29","0","",SL,"2007-11-29","0","",1,"",0,Rupiah,"2007-11-29","2008-12-26 22:19:57","2008-12-26 22:19:57",
3801,3509,"19000007",1,"19000007-001",INV/19000007-001,"2007-11-29",,"",SL,"2007-11-29","0","",1,"",0,Rupiah,"2007-11-29","2008-12-26 22:19:57","2026-07-16 12:22:26",
3802,3510,"28000093",1,"28000093-001",INV/28000093-001,"2007-11-29","0","",SL,"2007-11-29","0","",1,"",0,Rupiah,"2007-11-29","2008-12-26 22:19:57","2008-12-26 22:19:57",
3803,3511,"24000314",1,"24000314-001",INV/24000314-001,"2007-11-29","0","",SL,"2007-11-29","0","",1,"",0,Rupiah,"2007-11-29","2008-12-26 22:19:57","2008-12-26 22:19:57",
3804,3512,"28000094",1,"28000094-001",INV/28000094-001,"2007-11-29","0","",SL,"2007-11-29","0","",1,"",0,Rupiah,"2007-11-29","2008-12-26 22:19:57","2008-12-26 22:19:57",
3805,3513,"24000313",1,"24000313-001",INV/24000313-001,"2007-11-29","0","",SL,"2007-11-29","0","",1,"",0,Rupiah,"2007-11-29","2008-12-26 22:19:57","2008-12-26 22:19:57",
3806,3514,"24000315",1,"24000315-001",INV/24000315-001,"2007-11-29","0","",SL,"2007-11-29","0","",1,"",0,Rupiah,"2007-11-29","2008-12-26 22:19:57","2008-12-26 22:19:57",
3807,3515,"24000312",1,"24000312-001",INV/24000312-001,"2007-11-29","0","",SL,"2007-11-29","0","",1,"",0,Rupiah,"2007-11-29","2008-12-26 22:19:57","2008-12-26 22:19:57",
3808,2448,"28000095",1,"28000095-001",INV/28000095-001,"2007-11-29","0","",SL,"2007-11-29","0","",1,"",0,Rupiah,"2007-11-29","2008-12-26 22:19:57","2008-12-26 22:19:57",
3809,3516,"24000311",1,"24000311-001",INV/24000311-001,"2007-11-29","0","",SL,"2007-11-29","0","",1,"",0,Rupiah,"2007-11-29","2008-12-26 22:19:57","2008-12-26 22:19:57",
3810,3517,"24000290",1,"24000290-001",INV/24000290-001,"2007-11-29","0","",SL,"2007-11-29","0","",1,"",0,Rupiah,"2007-11-29","2008-12-26 22:19:57","2008-12-26 22:19:57",
3811,3518,"28000096",1,"28000096-001",INV/28000096-001,"2007-11-29","0","",SL,"2007-11-29","0","",1,"",0,Rupiah,"2007-11-29","2008-12-26 22:19:57","2008-12-26 22:19:57",
3812,3519,"24000200",1,"24000200-001",INV/24000200-001,"2007-11-29","0","",SL,"2007-11-29","0","",1,"",0,Rupiah,"2007-11-29","2008-12-26 22:19:57","2008-12-26 22:19:57",
3813,3520,"24000199",1,"24000199-001",INV/24000199-001,"2007-11-29","0","",SL,"2007-11-29","0","",1,"",0,Rupiah,"2007-11-29","2008-12-26 22:19:57","2008-12-26 22:19:57",
3814,3521,"28000097",1,"28000097-001",INV/28000097-001,"2007-11-29","0","",SL,"2007-11-29","0","",1,"",0,Rupiah,"2007-11-29","2008-12-26 22:19:57","2008-12-26 22:19:57",
3815,3522,"24000190",1,"24000190-001",INV/24000190-001,"2007-11-29","0","",SL,"2007-11-29","0","",1,"",0,Rupiah,"2007-11-29","2008-12-26 22:19:57","2008-12-26 22:19:57",
3816,2540,"24000189",1,"24000189-001",INV/24000189-001,"2007-11-29","0","",SL,"2007-11-29","0","",1,"",0,Rupiah,"2007-11-29","2008-12-26 22:19:57","2008-12-26 22:19:57",
3817,3523,"24000046",1,"24000046-001",INV/24000046-001,"2007-11-29","0","",SL,"2007-11-29","0","",1,"",0,Rupiah,"2007-11-29","2008-12-26 22:19:57","2008-12-26 22:19:57",
3818,3524,"24000045",1,"24000045-001",INV/24000045-001,"2007-11-29","0","",SL,"2007-11-29","0","",1,"",0,Rupiah,"2007-11-29","2008-12-26 22:19:57","2008-12-26 22:19:57",
3819,3525,"24000038",1,"24000038-001",INV/24000038-001,"2007-11-29","0","",SL,"2007-11-29","0","",1,"",0,Rupiah,"2007-11-29","2008-12-26 22:19:57","2008-12-26 22:19:57",
3820,3526,"28000099",1,"28000099-001",INV/28000099-001,"2007-11-29","0","",SL,"2007-11-29","0","",1,"",0,Rupiah,"2007-11-29","2008-12-26 22:19:57","2008-12-26 22:19:57",
3821,3527,"24000032",1,"24000032-001",INV/24000032-001,"2007-11-29","0","",SL,"2007-11-29","0","",1,"",0,Rupiah,"2007-11-29","2008-12-26 22:19:57","2008-12-26 22:19:57",
3822,3528,"24000030",1,"24000030-001",INV/24000030-001,"2007-11-29","0","",SL,"2007-11-29","0","",1,"",0,Rupiah,"2007-11-29","2008-12-26 22:19:57","2008-12-26 22:19:57",
3823,3529,"28000100",1,"28000100-001",INV/28000100-001,"2007-11-29","0","",SL,"2007-11-29","0","",1,"",0,Rupiah,"2007-11-29","2008-12-26 22:19:57","2008-12-26 22:19:57",
3824,3530,"24000027",1,"24000027-001",INV/24000027-001,"2007-11-29","0","",SL,"2007-11-29","0","",1,"",0,Rupiah,"2007-11-29","2008-12-26 22:19:57","2008-12-26 22:19:57",
3825,3531,"24000026",1,"24000026-001",INV/24000026-001,"2007-11-29","0","",SL,"2007-11-29","0","",1,"",0,Rupiah,"2007-11-29","2008-12-26 22:19:57","2008-12-26 22:19:57",
3826,3532,"24000024",1,"24000024-001",INV/24000024-001,"2007-11-29","0","",SL,"2007-11-29","0","",1,"",0,Rupiah,"2007-11-29","2008-12-26 22:19:57","2008-12-26 22:19:57",
3827,2077,"28000101",1,"28000101-001",INV/28000101-001,"2007-11-29","0","",SL,"2007-11-29","0","",1,"",0,Rupiah,"2007-11-29","2008-12-26 22:19:57","2008-12-26 22:19:57",
3828,3533,"24000023",1,"24000023-001",INV/24000023-001,"2007-11-29","0","",SL,"2007-11-29","0","",1,"",0,Rupiah,"2007-11-29","2008-12-26 22:19:57","2008-12-26 22:19:57",
3829,3534,"24000014",1,"24000014-001",INV/24000014-001,"2007-11-29","0","",SL,"2007-11-29","0","",1,"",0,Rupiah,"2007-11-29","2008-12-26 22:19:57","2008-12-26 22:19:57",
3830,3535,"24000012",1,"24000012-001",INV/24000012-001,"2007-11-29","0","",SL,"2007-11-29","0","",1,"",0,Rupiah,"2007-11-29","2008-12-26 22:19:57","2008-12-26 22:19:57",
3831,3536,"24000316",1,"24000316-001",INV/24000316-001,"2007-11-29","0","",SL,"2007-11-29","0","",1,"",0,Rupiah,"2007-11-29","2008-12-26 22:19:57","2008-12-26 22:19:57",
3832,3537,"24000333",1,"24000333-001",INV/24000333-001,"2007-11-29","0","",SL,"2007-11-29","0","",1,"",0,Rupiah,"2007-11-29","2008-12-26 22:19:57","2008-12-26 22:19:57",
3833,3538,"24000337",1,"24000337-001",INV/24000337-001,"2007-11-29","0","",SL,"2007-11-29","0","",1,"",0,Rupiah,"2007-11-29","2008-12-26 22:19:57","2008-12-26 22:19:57",
3834,3539,"28000104",1,"28000104-001",INV/28000104-001,"2007-11-29","0","",SL,"2007-11-29","0","",1,"",0,Rupiah,"2007-11-29","2008-12-26 22:19:57","2008-12-26 22:19:57",
3835,3540,"28000105",1,"28000105-001",INV/28000105-001,"2007-11-29","0","",SL,"2007-11-29","0","",1,"",0,Rupiah,"2007-11-29","2008-12-26 22:19:57","2008-12-26 22:19:57",
3836,3541,"27000095",1,"27000095-001",INV/27000095-001,"2007-11-29","0","",SL,"2007-11-29","0","",1,"",0,Rupiah,"2007-11-29","2008-12-26 22:19:57","2008-12-26 22:19:57",
3837,3542,"27000057",1,"27000057-001",INV/27000057-001,"2007-11-29","0","",SL,"2007-11-29","0","",1,"",0,Rupiah,"2007-11-29","2008-12-26 22:19:57","2008-12-26 22:19:57",
3838,3543,"27000053",1,"27000053-001",INV/27000053-001,"2007-11-29","0","",SL,"2007-11-29","0","",1,"",0,Rupiah,"2007-11-29","2008-12-26 22:19:57","2008-12-26 22:19:57",
3839,3544,"28000106",1,"28000106-001",INV/28000106-001,"2007-11-29","0","",SL,"2007-11-29","0","",1,"",0,Rupiah,"2007-11-29","2008-12-26 22:19:57","2008-12-26 22:19:57",
3840,2515,"27000052",1,"27000052-001",INV/27000052-001,"2007-11-29","0","",SL,"2007-11-29","0","",1,"",0,Rupiah,"2007-11-29","2008-12-26 22:19:57","2008-12-26 22:19:57",
3841,3545,"28000107",1,"28000107-001",INV/28000107-001,"2007-11-29","0","",SL,"2007-11-29","0","",1,"",0,Rupiah,"2007-11-29","2008-12-26 22:19:57","2008-12-26 22:19:57",
3842,3546,"19000094",1,"19000094-001",INV/19000094-001,"2007-11-29","0","",SL,"2007-11-29","0","",1,"",0,Rupiah,"2007-11-29","2008-12-26 22:19:57","2008-12-26 22:19:57",
3843,3547,"19000093",1,"19000093-001",INV/19000093-001,"2007-11-29",,"",SL,"2007-11-29","0","",1,"",0,Rupiah,"2007-11-29","2008-12-26 22:19:57","2026-07-16 14:49:28",
3844,3548,"19000077",1,"19000077-001",INV/19000077-001,"2007-11-29",,"",SL,"2007-11-29","0","",1,"",0,Rupiah,"2007-11-29","2008-12-26 22:19:57","2026-07-19 10:41:32",
3845,3549,"19000047",1,"19000047-001",INV/19000047-001,"2007-11-29","0","",SL,"2007-11-29","0","",1,"",0,Rupiah,"2007-11-29","2008-12-26 22:19:57","2008-12-26 22:19:57",
3846,3550,"19000042",1,"19000042-001",INV/19000042-001,"2007-11-29","0","",SL,"2007-11-29","0","",1,"",0,Rupiah,"2007-11-29","2008-12-26 22:19:57","2008-12-26 22:19:57",
3847,3551,"19000041",1,"19000041-001",INV/19000041-001,"2007-11-29","0","",SL,"2007-11-29","0","",1,"",0,Rupiah,"2007-11-29","2008-12-26 22:19:57","2008-12-26 22:19:57",
3848,3552,"12000243",1,"12000243-001",INV/12000243-001,"2007-11-29","0","",SL,"2007-11-29","0","",1,"",0,Rupiah,"2007-11-29","2008-12-26 22:19:57","2008-12-26 22:19:57",
3849,3553,"12000152",1,"12000152-001",INV/12000152-001,"2007-11-29","0","",SL,"2007-11-29","0","",1,"",0,Rupiah,"2007-11-29","2008-12-26 22:19:57","2008-12-26 22:19:57",
3850,3554,"12000157",1,"12000157-001",INV/12000157-001,"2007-11-29","0","",SL,"2007-11-29","0","",1,"",0,Rupiah,"2007-11-29","2008-12-26 22:19:57","2008-12-26 22:19:57",
3851,3555,"12000267",1,"12000267-001",INV/12000267-001,"2007-11-29","0","",SL,"2007-11-29","0","",1,"",0,Rupiah,"2007-11-29","2008-12-26 22:19:57","2008-12-26 22:19:57",
3852,3556,"12000265",1,"12000265-001",INV/12000265-001,"2007-11-29","0","",SL,"2007-11-29","0","",1,"",0,Rupiah,"2007-11-29","2008-12-26 22:19:57","2008-12-26 22:19:57",
3853,3557,"12000175",1,"12000175-001",INV/12000175-001,"2007-11-29","0","",SL,"2007-11-29","0","",1,"",0,Rupiah,"2007-11-29","2008-12-26 22:19:57","2008-12-26 22:19:57",
3854,3558,"12000181",1,"12000181-001",INV/12000181-001,"2007-11-29","0","",SL,"2007-11-29","0","",1,"",0,Rupiah,"2007-11-29","2008-12-26 22:19:57","2008-12-26 22:19:57",
3855,3559,"12000201",1,"12000201-001",INV/12000201-001,"2007-11-29","0","",SL,"2007-11-29","0","",1,"",0,Rupiah,"2007-11-29","2008-12-26 22:19:57","2008-12-26 22:19:57",
3856,3560,"12000215",1,"12000215-001",INV/12000215-001,"2007-11-29","0","",SL,"2007-11-29","0","",1,"",0,Rupiah,"2007-11-29","2008-12-26 22:19:57","2008-12-26 22:19:57",
3857,3561,"12000222",1,"12000222-001",INV/12000222-001,"2007-11-29","0","",SL,"2007-11-29","0","",1,"",0,Rupiah,"2007-11-29","2008-12-26 22:19:57","2008-12-26 22:19:57",
3858,3562,"12000236",1,"12000236-001",INV/12000236-001,"2007-11-29","0","",SL,"2007-11-29","0","",1,"",0,Rupiah,"2007-11-29","2008-12-26 22:19:57","2008-12-26 22:19:57",
3859,3563,"12000276",1,"12000276-001",INV/12000276-001,"2007-11-29","0","",SL,"2007-11-29","0","",1,"",0,Rupiah,"2007-11-29","2008-12-26 22:19:57","2008-12-26 22:19:57",
3860,3564,"12000279",1,"12000279-001",INV/12000279-001,"2007-11-29","0","",SL,"2007-11-29","0","",1,"",0,Rupiah,"2007-11-29","2008-12-26 22:19:57","2008-12-26 22:19:57",
3861,3565,"12000283",1,"12000283-001",INV/12000283-001,"2007-11-29","0","",SL,"2007-11-29","0","",1,"",0,Rupiah,"2007-11-29","2008-12-26 22:19:57","2008-12-26 22:19:57",
3862,3566,"28000108",1,"28000108-001",INV/28000108-001,"2007-11-29","0","",SL,"2007-11-29","0","",1,"",0,Rupiah,"2007-11-29","2008-12-26 22:19:57","2008-12-26 22:19:57",
3863,3567,"28000109",1,"28000109-001",INV/28000109-001,"2007-11-29","0","",SL,"2007-11-29","0","",1,"",0,Rupiah,"2007-11-29","2008-12-26 22:19:57","2008-12-26 22:19:57",
3864,2505,"28000110",1,"28000110-001",INV/28000110-001,"2007-11-29","0","",SL,"2007-11-29","0","",1,"",0,Rupiah,"2007-11-29","2008-12-26 22:19:57","2008-12-26 22:19:57",
3865,3568,"28000112",1,"28000112-001",INV/28000112-001,"2007-11-29","0","",SL,"2007-11-29","0","",1,"",0,Rupiah,"2007-11-29","2008-12-26 22:19:57","2008-12-26 22:19:57",
3866,3569,"28000113",1,"28000113-001",INV/28000113-001,"2007-11-29","0","",SL,"2007-11-29","0","",1,"",0,Rupiah,"2007-11-29","2008-12-26 22:19:57","2008-12-26 22:19:57",
3867,3570,"28000029",1,"28000029-001",INV/28000029-001,"2007-11-29","0","",SL,"2007-11-29","0","",1,"",0,Rupiah,"2007-11-29","2008-12-26 22:19:57","2008-12-26 22:19:57",
3868,3571,"28000114",1,"28000114-001",INV/28000114-001,"2007-11-29","0","",SL,"2007-11-29","0","",1,"",0,Rupiah,"2007-11-29","2008-12-26 22:19:57","2008-12-26 22:19:57",
3869,3572,"24000679",1,"24000679-001",INV/24000679-001,"2007-11-29","0","",SL,"2007-11-29","0","",1,"",0,Rupiah,"2007-11-29","2008-12-26 22:19:57","2008-12-26 22:19:57",
3870,3573,"19000075",1,"19000075-001",INV/19000075-001,"2007-11-29","0","",SL,"2007-11-29","0","",1,"",0,Rupiah,"2007-11-29","2008-12-26 22:19:57","2008-12-26 22:19:57",
3871,1537,"24000039",1,"24000039-001",INV/24000039-001,"2007-11-29","0","",SL,"2007-11-29","0","",1,"",0,Rupiah,"2007-11-29","2008-12-26 22:19:57","2008-12-26 22:19:57",
3872,3574,"13000099",1,"13000099-001",INV/13000099-001,"2007-11-29","0","",SL,"2007-11-29","0","",1,"",0,Rupiah,"2007-11-29","2008-12-26 22:19:57","2008-12-26 22:19:57",
3873,3575,"13000098",1,"13000098-001",INV/13000098-001,"2007-11-29","0","",SL,"2007-11-29","0","",1,"",0,Rupiah,"2007-11-29","2008-12-26 22:19:57","2008-12-26 22:19:57",
3874,3576,"13000097",1,"13000097-001",INV/13000097-001,"2007-11-29","0","",SL,"2007-11-29","0","",1,"",0,Rupiah,"2007-11-29","2008-12-26 22:19:57","2008-12-26 22:19:57",
3875,3577,"13000096",1,"13000096-001",INV/13000096-001,"2007-11-29","0","",SL,"2007-11-29","0","",1,"",0,Rupiah,"2007-11-29","2008-12-26 22:19:57","2008-12-26 22:19:57",
3876,3578,"13000095",1,"13000095-001",INV/13000095-001,"2007-11-29","0","",SL,"2007-11-29","0","",1,"",0,Rupiah,"2007-11-29","2008-12-26 22:19:57","2008-12-26 22:19:57",
3877,3579,"13000094",1,"13000094-001",INV/13000094-001,"2007-11-29","0","",SL,"2007-11-29","0","",1,"",0,Rupiah,"2007-11-29","2008-12-26 22:19:57","2008-12-26 22:19:57",
3878,3580,"13000041",1,"13000041-001",INV/13000041-001,"2007-11-29","0","",SL,"2007-11-29","0","",1,"",0,Rupiah,"2007-11-29","2008-12-26 22:19:57","2008-12-26 22:19:57",
3879,3581,"13000039",1,"13000039-001",INV/13000039-001,"2007-11-29",,"",SL,"2007-11-29","0","",1,"",0,Rupiah,"2007-11-29","2008-12-26 22:19:57","2026-08-04 17:37:58",
3880,3582,"13000038",1,"13000038-001",INV/13000038-001,"2007-11-29",,"",SL,"2007-11-29","0","",1,"",0,Rupiah,"2007-11-29","2008-12-26 22:19:57","2026-08-04 17:36:45",
3881,3583,"13000037",1,"13000037-001",INV/13000037-001,"2007-11-29","0","",SL,"2007-11-29","0","",1,"",0,Rupiah,"2007-11-29","2008-12-26 22:19:57","2008-12-26 22:19:57",
3882,3584,"13000036",1,"13000036-001",INV/13000036-001,"2007-11-29","0","",SL,"2007-11-29","0","",1,"",0,Rupiah,"2007-11-29","2008-12-26 22:19:57","2008-12-26 22:19:57",
3883,3585,"13000035",1,"13000035-001",INV/13000035-001,"2007-11-29","0","",SL,"2007-11-29","0","",1,"",0,Rupiah,"2007-11-29","2008-12-26 22:19:57","2008-12-26 22:19:57",
3885,3587,"13000032",1,"13000032-001",INV/13000032-001,"2007-11-29","0","",SL,"2007-11-29","0","",1,"",0,Rupiah,"2007-11-29","2008-12-26 22:19:57","2008-12-26 22:19:57",
3886,3588,"16000086",1,"16000086-001",INV/16000086-001,"2007-11-29","0","",SL,"2007-11-29","0","",1,"",0,Rupiah,"2007-11-29","2008-12-26 22:19:57","2008-12-26 22:19:57",
3887,3589,"16000085",1,"16000085-001",INV/16000085-001,"2007-11-29","0","",SL,"2007-11-29","0","",1,"",0,Rupiah,"2007-11-29","2008-12-26 22:19:57","2008-12-26 22:19:57",
3888,3590,"16000084",1,"16000084-001",INV/16000084-001,"2007-11-29","0","",SL,"2007-11-29","0","",1,"",0,Rupiah,"2007-11-29","2008-12-26 22:19:57","2008-12-26 22:19:57",
3889,3591,"16000083",1,"16000083-001",INV/16000083-001,"2007-11-29","0","",SL,"2007-11-29","0","",1,"",0,Rupiah,"2007-11-29","2008-12-26 22:19:57","2008-12-26 22:19:57",
3890,3592,"16000082",1,"16000082-001",INV/16000082-001,"2007-11-29","0","",SL,"2007-11-29","0","",1,"",0,Rupiah,"2007-11-29","2008-12-26 22:19:57","2008-12-26 22:19:57",
3891,3593,"16000081",1,"16000081-001",INV/16000081-001,"2007-11-29","0","",SL,"2007-11-29","0","",1,"",0,Rupiah,"2007-11-29","2008-12-26 22:19:57","2008-12-26 22:19:57",
3892,3594,"16000080",1,"16000080-001",INV/16000080-001,"2007-11-29","0","",SL,"2007-11-29","0","",1,"",0,Rupiah,"2007-11-29","2008-12-26 22:19:57","2008-12-26 22:19:57",
3893,3595,"13000100",1,"13000100-001",INV/13000100-001,"2007-11-29",,"",SL,"2007-11-29","0","",1,"",0,Rupiah,"2007-11-29","2008-12-26 22:19:57","2026-07-25 13:18:20",
3894,3596,"24000776",1,"24000776-001",INV/24000776-001,"2007-11-29","0","",SL,"2007-11-29","0","",1,"",0,Rupiah,"2007-11-29","2008-12-26 22:19:57","2008-12-26 22:19:57",
3896,3598,"18000004",1,"18000004-001",INV/18000004-001,"2007-11-29","0","",SL,"2007-11-29","0","",1,"",0,Rupiah,"2007-11-29","2008-12-26 22:19:57","2008-12-26 22:19:57",
3898,3600,"15000248",1,"15000248-001",INV/15000248-001,"2007-11-29","0","",SL,"2007-11-29","0","",1,"",0,Rupiah,"2007-11-29","2008-12-26 22:19:57","2008-12-26 22:19:57",
3899,3601,"12000180",1,"12000180-001",INV/12000180-001,"2007-11-29","0","",SL,"2007-11-29","0","",1,"",0,Rupiah,"2007-11-29","2008-12-26 22:19:57","2008-12-26 22:19:57",
3900,2514,"15000247",1,"15000247-001",INV/15000247-001,"2007-11-29","0","",SL,"2007-11-29","0","",1,"",0,Rupiah,"2007-11-29","2008-12-26 22:19:57","2008-12-26 22:19:57",
3901,3602,"15000246",1,"15000246-001",INV/15000246-001,"2007-11-29","0","",SL,"2007-11-29","0","",1,"",0,Rupiah,"2007-11-29","2008-12-26 22:19:57","2008-12-26 22:19:57",
3902,3603,"23000104",1,"23000104-001",INV/23000104-001,"2007-11-29","0","",SL,"2007-11-29","0","",1,"",0,Rupiah,"2007-11-29","2008-12-26 22:19:57","2008-12-26 22:19:57",
3903,3604,"13000106",1,"13000106-001",INV/13000106-001,"2007-11-29","0","",SL,"2007-11-29","0","",1,"",0,Rupiah,"2007-11-29","2008-12-26 22:19:57","2008-12-26 22:19:57",
3904,2512,"14000061",1,"14000061-001",INV/14000061-001,"2007-11-29","0","",SL,"2007-11-29","0","",1,"",0,Rupiah,"2007-11-29","2008-12-26 22:19:57","2008-12-26 22:19:57",
3905,3605,"14000039",1,"14000039-001",INV/14000039-001,"2007-11-29","0","",SL,"2007-11-29","0","",1,"",0,Rupiah,"2007-11-29","2008-12-26 22:19:57","2008-12-26 22:19:57",
3906,3606,"13000110",1,"13000110-001",INV/13000110-001,"2007-11-29","0","",SL,"2007-11-29","0","",1,"",0,Rupiah,"2007-11-29","2008-12-26 22:19:57","2008-12-26 22:19:57",
3907,3607,"25000041",1,"25000041-001",INV/25000041-001,"2007-11-29","0","",SL,"2007-11-29","0","",1,"",0,Rupiah,"2007-11-29","2008-12-26 22:19:57","2008-12-26 22:19:57",
3908,3608,"13000109",1,"13000109-001",INV/13000109-001,"2007-11-29","0","",SL,"2007-11-29","0","",1,"",0,Rupiah,"2007-11-29","2008-12-26 22:19:57","2008-12-26 22:19:57",
3909,3609,"13000107",1,"13000107-001",INV/13000107-001,"2007-11-29","0","",SL,"2007-11-29","0","",1,"",0,Rupiah,"2007-11-29","2008-12-26 22:19:57","2008-12-26 22:19:57",
3910,3610,"13000108",1,"13000108-001",INV/13000108-001,"2007-11-29","0","",SL,"2007-11-29","0","",1,"",0,Rupiah,"2007-11-29","2008-12-26 22:19:57","2008-12-26 22:19:57",
3911,3611,"13000111",1,"13000111-001",INV/13000111-001,"2007-11-29","0","",SL,"2007-11-29","0","",1,"",0,Rupiah,"2007-11-29","2008-12-26 22:19:57","2008-12-26 22:19:57",
3912,3612,"11000054",1,"11000054-001",INV/11000054-001,"2007-11-29","0","",SL,"2007-11-29","0","",1,"",0,Rupiah,"2007-11-29","2008-12-26 22:19:57","2008-12-26 22:19:57",
3913,3613,"13000113",1,"13000113-001",INV/13000113-001,"2007-11-29","0","",SL,"2007-11-29","0","",1,"",0,Rupiah,"2007-11-29","2008-12-26 22:19:57","2008-12-26 22:19:57",
3914,3614,"13000102",1,"13000102-001",INV/13000102-001,"2007-11-29","0","",SL,"2007-11-29","0","",1,"",0,Rupiah,"2007-11-29","2008-12-26 22:19:57","2008-12-26 22:19:57",
3916,3615,"13000104",1,"13000104-001",INV/13000104-001,"2007-11-29","0","",SL,"2007-11-29","0","",1,"",0,Rupiah,"2007-11-29","2008-12-26 22:19:57","2008-12-26 22:19:57",
3917,3616,"13000105",1,"13000105-001",INV/13000105-001,"2007-11-29","0","",SL,"2007-11-29","0","",1,"",0,Rupiah,"2007-11-29","2008-12-26 22:19:57","2008-12-26 22:19:57",
3918,3617,"25000042",1,"25000042-001",INV/25000042-001,"2007-11-29","0","",SL,"2007-11-29","0","",1,"",0,Rupiah,"2007-11-29","2008-12-26 22:19:57","2008-12-26 22:19:57",
3919,3618,"21000063",1,"21000063-001",INV/21000063-001,"2007-11-29","0","",SL,"2007-11-29","0","",1,"",0,Rupiah,"2007-11-29","2008-12-26 22:19:57","2008-12-26 22:19:57",
3920,3619,"21000015",1,"21000015-001",INV/21000015-001,"2007-11-29",,"",SL,"2007-11-29","0","",1,"",0,Rupiah,"2007-11-29","2008-12-26 22:19:57","2026-07-15 16:52:56",
3921,3620,"21000014",1,"21000014-001",INV/21000014-001,"2007-11-29","0","",SL,"2007-11-29","0","",1,"",0,Rupiah,"2007-11-29","2008-12-26 22:19:57","2008-12-26 22:19:57",
3922,3621,"21000013",1,"21000013-001",INV/21000013-001,"2007-11-29","0","",SL,"2007-11-29","0","",1,"",0,Rupiah,"2007-11-29","2008-12-26 22:19:57","2008-12-26 22:19:57",
3923,3622,"12000133",1,"12000133-001",INV/12000133-001,"2007-11-29","0","",SL,"2007-11-29","0","",1,"",0,Rupiah,"2007-11-29","2008-12-26 22:19:57","2008-12-26 22:19:57",
3924,3623,"12000106",1,"12000106-001",INV/12000106-001,"2007-11-29","0","",SL,"2007-11-29","0","",1,"",0,Rupiah,"2007-11-29","2008-12-26 22:19:57","2008-12-26 22:19:57",
3925,713,"12000103",1,"12000103-002",INV/12000103-002,"2007-11-29","0","",SL,"2007-11-29","0","",1,"",0,Rupiah,"2007-11-29","2008-12-26 22:19:57","2008-12-26 22:19:57",
3926,3624,"12000059",1,"12000059-001",INV/12000059-001,"2007-11-29","0","",SL,"2007-11-29","0","",1,"",0,Rupiah,"2007-11-29","2008-12-26 22:19:57","2008-12-26 22:19:57",
3927,3625,"12000037",1,"12000037-001",INV/12000037-001,"2007-11-29","0","",SL,"2007-11-29","0","",1,"",0,Rupiah,"2007-11-29","2008-12-26 22:19:57","2008-12-26 22:19:57",
3928,3626,"12000031",1,"12000031-001",INV/12000031-001,"2007-11-29","0","",SL,"2007-11-29","0","",1,"",0,Rupiah,"2007-11-29","2008-12-26 22:19:57","2008-12-26 22:19:57",
3929,3627,"12000020",1,"12000020-001",INV/12000020-001,"2007-11-29","0","",SL,"2007-11-29","0","",1,"",0,Rupiah,"2007-11-29","2008-12-26 22:19:57","2008-12-26 22:19:57",
3930,3628,"14000078",1,"14000078-001",INV/14000078-001,"2007-11-29","0","",SL,"2007-11-29","0","",1,"",0,Rupiah,"2007-11-29","2008-12-26 22:19:57","2008-12-26 22:19:57",
3931,3629,"14000076",1,"14000076-001",INV/14000076-001,"2007-11-29","0","",SL,"2007-11-29","0","",1,"",0,Rupiah,"2007-11-29","2008-12-26 22:19:57","2008-12-26 22:19:57",
3932,3630,"14000075",1,"14000075-001",INV/14000075-001,"2007-11-29","0","",SL,"2007-11-29","0","",1,"",0,Rupiah,"2007-11-29","2008-12-26 22:19:57","2008-12-26 22:19:57",
3933,3631,"14000074",1,"14000074-001",INV/14000074-001,"2007-11-29","0","",SL,"2007-11-29","0","",1,"",0,Rupiah,"2007-11-29","2008-12-26 22:19:57","2008-12-26 22:19:57",
3934,3632,"14000073",1,"14000073-001",INV/14000073-001,"2007-11-29","0","",SL,"2007-11-29","0","",1,"",0,Rupiah,"2007-11-29","2008-12-26 22:19:57","2008-12-26 22:19:57",
3935,3633,"14000072",1,"14000072-001",INV/14000072-001,"2007-11-29","0","",SL,"2007-11-29","0","",1,"",0,Rupiah,"2007-11-29","2008-12-26 22:19:57","2008-12-26 22:19:57",
3936,3634,"15000278",1,"15000278-002",INV/15000278-002,"2007-11-29","0","",SL,"2007-11-29","0","",1,"",0,Rupiah,"2007-11-29","2008-12-26 22:19:57","2008-12-26 22:19:57",
3937,3635,"16000131",1,"16000131-001",INV/16000131-001,"2007-11-29","0","",SL,"2007-11-29","0","",1,"",0,Rupiah,"2007-11-29","2008-12-26 22:19:57","2008-12-26 22:19:57",
3938,3636,"16000118",1,"16000118-001",INV/16000118-001,"2007-11-29","0","",SL,"2007-11-29","0","",1,"",0,Rupiah,"2007-11-29","2008-12-26 22:19:57","2008-12-26 22:19:57",
3939,3637,"27000137",1,"27000137-001",INV/27000137-001,"2007-11-29","0","",SL,"2007-11-29","0","",1,"",0,Rupiah,"2007-11-29","2008-12-26 22:19:57","2008-12-26 22:19:57",
3940,3638,"16000130",1,"16000130-001",INV/16000130-001,"2007-11-29","0","",SL,"2007-11-29","0","",1,"",0,Rupiah,"2007-11-29","2008-12-26 22:19:57","2008-12-26 22:19:57",
3941,3639,"27000136",1,"27000136-001",INV/27000136-001,"2007-11-29","0","",SL,"2007-11-29","0","",1,"",0,Rupiah,"2007-11-29","2008-12-26 22:19:57","2008-12-26 22:19:57",
3942,3640,"16000129",1,"16000129-001",INV/16000129-001,"2007-11-29","0","",SL,"2007-11-29","0","",1,"",0,Rupiah,"2007-11-29","2008-12-26 22:19:57","2008-12-26 22:19:57",
3943,3641,"27000135",1,"27000135-001",INV/27000135-001,"2007-11-29","0","",SL,"2007-11-29","0","",1,"",0,Rupiah,"2007-11-29","2008-12-26 22:19:57","2008-12-26 22:19:57",
3944,3642,"16000132",1,"16000132-001",INV/16000132-001,"2007-11-29","0","",SL,"2007-11-29","0","",1,"",0,Rupiah,"2007-11-29","2008-12-26 22:19:57","2008-12-26 22:19:57",
3945,3643,"27000134",1,"27000134-001",INV/27000134-001,"2007-11-29","0","",SL,"2007-11-29","0","",1,"",0,Rupiah,"2007-11-29","2008-12-26 22:19:57","2008-12-26 22:19:57",
3946,3644,"16000128",1,"16000128-001",INV/16000128-001,"2007-11-29","0","",SL,"2007-11-29","0","",1,"",0,Rupiah,"2007-11-29","2008-12-26 22:19:57","2008-12-26 22:19:57",
3947,3645,"27000133",1,"27000133-001",INV/27000133-001,"2007-11-29","0","",SL,"2007-11-29","0","",1,"",0,Rupiah,"2007-11-29","2008-12-26 22:19:57","2008-12-26 22:19:57",
3948,3646,"16000127",1,"16000127-001",INV/16000127-001,"2007-11-29","0","",SL,"2007-11-29","0","",1,"",0,Rupiah,"2007-11-29","2008-12-26 22:19:57","2008-12-26 22:19:57",
3949,3647,"19000048",1,"19000048-001",INV/19000048-001,"2007-11-29","0","",SL,"2007-11-29","0","",1,"",0,Rupiah,"2007-11-29","2008-12-26 22:19:57","2008-12-26 22:19:57",
3950,3648,"27000115",1,"27000115-001",INV/27000115-001,"2007-11-29","0","",SL,"2007-11-29","0","",1,"",0,Rupiah,"2007-11-29","2008-12-26 22:19:57","2008-12-26 22:19:57",
3951,3649,"16000126",1,"16000126-001",INV/16000126-001,"2007-11-29","0","",SL,"2007-11-29","0","",1,"",0,Rupiah,"2007-11-29","2008-12-26 22:19:57","2008-12-26 22:19:57",
3952,3650,"27000112",1,"27000112-001",INV/27000112-001,"2007-11-29","0","",SL,"2007-11-29","0","",1,"",0,Rupiah,"2007-11-29","2008-12-26 22:19:57","2008-12-26 22:19:57",
3953,3651,"16000125",1,"16000125-001",INV/16000125-001,"2007-11-29","0","",SL,"2007-11-29","0","",1,"",0,Rupiah,"2007-11-29","2008-12-26 22:19:57","2008-12-26 22:19:57",
3954,3652,"27000107",1,"27000107-001",INV/27000107-001,"2007-11-29","0","",SL,"2007-11-29","0","",1,"",0,Rupiah,"2007-11-29","2008-12-26 22:19:57","2008-12-26 22:19:57",
3955,3653,"19000056",1,"19000056-001",INV/19000056-001,"2007-11-29","0","",SL,"2007-11-29","0","",1,"",0,Rupiah,"2007-11-29","2008-12-26 22:19:57","2008-12-26 22:19:57",
3956,3654,"16000124",1,"16000124-001",INV/16000124-001,"2007-11-29","0","",SL,"2007-11-29","0","",1,"",0,Rupiah,"2007-11-29","2008-12-26 22:19:57","2008-12-26 22:19:57",
3957,3655,"20000041",1,"20000041-001",INV/20000041-001,"2007-11-29","0","",SL,"2007-11-29","0","",1,"",0,Rupiah,"2007-11-29","2008-12-26 22:19:57","2008-12-26 22:19:57",
3958,3656,"19000063",1,"19000063-001",INV/19000063-001,"2007-11-29","0","",SL,"2007-11-29","0","",1,"",0,Rupiah,"2007-11-29","2008-12-26 22:19:57","2008-12-26 22:19:57",
3959,3657,"20000040",1,"20000040-001",INV/20000040-001,"2007-11-29","0","",SL,"2007-11-29","0","",1,"",0,Rupiah,"2007-11-29","2008-12-26 22:19:57","2008-12-26 22:19:57",
3960,3658,"20000039",1,"20000039-001",INV/20000039-001,"2007-11-29","0","",SL,"2007-11-29","0","",1,"",0,Rupiah,"2007-11-29","2008-12-26 22:19:57","2008-12-26 22:19:57",
3961,3659,"20000038",1,"20000038-001",INV/20000038-001,"2007-11-29","0","",SL,"2007-11-29","0","",1,"",0,Rupiah,"2007-11-29","2008-12-26 22:19:57","2008-12-26 22:19:57",
3962,3660,"16000123",1,"16000123-001",INV/16000123-001,"2007-11-29","0","",SL,"2007-11-29","0","",1,"",0,Rupiah,"2007-11-29","2008-12-26 22:19:57","2008-12-26 22:19:57",
3963,3661,"19000096",1,"19000096-001",INV/19000096-001,"2007-11-29",,"",SL,"2007-11-29","0","",1,"",0,Rupiah,"2007-11-29","2008-12-26 22:19:57","2026-07-16 14:54:59",
3964,3662,"20000024",1,"20000024-001",INV/20000024-001,"2007-11-29",,"",SL,"2007-11-29","0","",1,"",0,Rupiah,"2007-11-29","2008-12-26 22:19:57","2026-07-12 11:24:43",
3965,3663,"16000122",1,"16000122-001",INV/16000122-001,"2007-11-29","0","",SL,"2007-11-29","0","",1,"",0,Rupiah,"2007-11-29","2008-12-26 22:19:57","2008-12-26 22:19:57",
3966,3664,"20000019",1,"20000019-001",INV/20000019-001,"2007-11-29","0","",SL,"2007-11-29","0","",1,"",0,Rupiah,"2007-11-29","2008-12-26 22:19:57","2008-12-26 22:19:57",
3967,3665,"19000097",1,"19000097-001",INV/19000097-001,"2007-11-29",,"",SL,"2007-11-29","0","",1,"",0,Rupiah,"2007-11-29","2008-12-26 22:19:57","2026-07-16 14:58:08",
3968,3666,"20000006",1,"20000006-001",INV/20000006-001,"2007-11-29","0","",SL,"2007-11-29","0","",1,"",0,Rupiah,"2007-11-29","2008-12-26 22:19:57","2008-12-26 22:19:57",
3969,3667,"16000121",1,"16000121-001",INV/16000121-001,"2007-11-29","0","",SL,"2007-11-29","0","",1,"",0,Rupiah,"2007-11-29","2008-12-26 22:19:57","2008-12-26 22:19:57",
3970,3668,"19000098",1,"19000098-001",INV/19000098-001,"2007-11-29",,"",SL,"2007-11-29","0","",1,"",0,Rupiah,"2007-11-29","2008-12-26 22:19:57","2026-07-16 14:59:50",
3971,3669,"16000099",1,"16000099-001",INV/16000099-001,"2007-11-29","0","",SL,"2007-11-29","0","",1,"",0,Rupiah,"2007-11-29","2008-12-26 22:19:57","2008-12-26 22:19:57",
3972,3670,"16000120",1,"16000120-001",INV/16000120-001,"2007-11-29","0","",SL,"2007-11-29","0","",1,"",0,Rupiah,"2007-11-29","2008-12-26 22:19:57","2008-12-26 22:19:57",
3973,3671,"16000098",1,"16000098-001",INV/16000098-001,"2007-11-29","0","",SL,"2007-11-29","0","",1,"",0,Rupiah,"2007-11-29","2008-12-26 22:19:57","2008-12-26 22:19:57",
3974,3672,"19000099",1,"19000099-001",INV/19000099-001,"2007-11-29",,"",SL,"2007-11-29","0","",1,"",0,Rupiah,"2007-11-29","2008-12-26 22:19:57","2026-07-19 10:45:25",
3975,3673,"16000097",1,"16000097-001",INV/16000097-001,"2007-11-29","0","",SL,"2007-11-29","0","",1,"",0,Rupiah,"2007-11-29","2008-12-26 22:19:57","2008-12-26 22:19:57",
3976,3674,"16000096",1,"16000096-001",INV/16000096-001,"2007-11-29","0","",SL,"2007-11-29","0","",1,"",0,Rupiah,"2007-11-29","2008-12-26 22:19:57","2008-12-26 22:19:57",
3977,3675,"28000111",1,"28000111-001",INV/28000111-001,"2007-11-29","0","",SL,"2007-11-29","0","",1,"",0,Rupiah,"2007-11-29","2008-12-26 22:19:57","2008-12-26 22:19:57",
3978,3676,"16000095",1,"16000095-001",INV/16000095-001,"2007-11-29","0","",SL,"2007-11-29","0","",1,"",0,Rupiah,"2007-11-29","2008-12-26 22:19:57","2008-12-26 22:19:57",
3979,3677,"28000115",1,"28000115-001",INV/28000115-001,"2007-11-29","0","",SL,"2007-11-29","0","",1,"",0,Rupiah,"2007-11-29","2008-12-26 22:19:57","2008-12-26 22:19:57",
3980,3678,"16000094",1,"16000094-001",INV/16000094-001,"2007-11-29","0","",SL,"2007-11-29","0","",1,"",0,Rupiah,"2007-11-29","2008-12-26 22:19:57","2008-12-26 22:19:57",
3981,3679,"28000116",1,"28000116-001",INV/28000116-001,"2007-11-29","0","",SL,"2007-11-29","0","",1,"",0,Rupiah,"2007-11-29","2008-12-26 22:19:57","2008-12-26 22:19:57",
3982,3680,"16000093",1,"16000093-001",INV/16000093-001,"2007-11-29","0","",SL,"2007-11-29","0","",1,"",0,Rupiah,"2007-11-29","2008-12-26 22:19:57","2008-12-26 22:19:57",
3983,3681,"16000092",1,"16000092-001",INV/16000092-001,"2007-11-29","0","",SL,"2007-11-29","0","",1,"",0,Rupiah,"2007-11-29","2008-12-26 22:19:57","2008-12-26 22:19:57",
3984,3682,"28000117",1,"28000117-001",INV/28000117-001,"2007-11-29","0","",SL,"2007-11-29","0","",1,"",0,Rupiah,"2007-11-29","2008-12-26 22:19:57","2008-12-26 22:19:57",
3985,3683,"16000091",1,"16000091-001",INV/16000091-001,"2007-11-29","0","",SL,"2007-11-29","0","",1,"",0,Rupiah,"2007-11-29","2008-12-26 22:19:57","2008-12-26 22:19:57",
3986,3684,"28000118",1,"28000118-001",INV/28000118-001,"2007-11-29","0","",SL,"2007-11-29","0","",1,"",0,Rupiah,"2007-11-29","2008-12-26 22:19:57","2008-12-26 22:19:57",
3987,3685,"16000090",1,"16000090-001",INV/16000090-001,"2007-11-29","0","",SL,"2007-11-29","0","",1,"",0,Rupiah,"2007-11-29","2008-12-26 22:19:57","2008-12-26 22:19:57",
3988,3686,"16000089",1,"16000089-001",INV/16000089-001,"2007-11-29","0","",SL,"2007-11-29","0","",1,"",0,Rupiah,"2007-11-29","2008-12-26 22:19:57","2008-12-26 22:19:57",
3989,3687,"28000119",1,"28000119-001",INV/28000119-001,"2007-11-29","0","",SL,"2007-11-29","0","",1,"",0,Rupiah,"2007-11-29","2008-12-26 22:19:57","2008-12-26 22:19:57",
3990,3688,"16000088",1,"16000088-001",INV/16000088-001,"2007-11-29","0","",SL,"2007-11-29","0","",1,"",0,Rupiah,"2007-11-29","2008-12-26 22:19:57","2008-12-26 22:19:57",
3991,3689,"28000120",1,"28000120-001",INV/28000120-001,"2007-11-29","0","",SL,"2007-11-29","0","",1,"",0,Rupiah,"2007-11-29","2008-12-26 22:19:57","2008-12-26 22:19:57",
3992,3690,"16000087",1,"16000087-001",INV/16000087-001,"2007-11-29","0","",SL,"2007-11-29","0","",1,"",0,Rupiah,"2007-11-29","2008-12-26 22:19:57","2008-12-26 22:19:57",
3993,3691,"16000117",1,"16000117-001",INV/16000117-001,"2007-11-29","0","",SL,"2007-11-29","0","",1,"",0,Rupiah,"2007-11-29","2008-12-26 22:19:57","2008-12-26 22:19:57",
3994,3692,"16000116",1,"16000116-001",INV/16000116-001,"2007-11-29","0","",SL,"2007-11-29","0","",1,"",0,Rupiah,"2007-11-29","2008-12-26 22:19:57","2008-12-26 22:19:57",
3995,3693,"16000115",1,"16000115-001",INV/16000115-001,"2007-11-29","0","",SL,"2007-11-29","0","",1,"",0,Rupiah,"2007-11-29","2008-12-26 22:19:57","2008-12-26 22:19:57",
3996,3694,"16000114",1,"16000114-001",INV/16000114-001,"2007-11-29","0","",SL,"2007-11-29","0","",1,"",0,Rupiah,"2007-11-29","2008-12-26 22:19:57","2008-12-26 22:19:57",
3997,3695,"28000123",1,"28000123-001",INV/28000123-001,"2007-11-29","0","",SL,"2007-11-29","0","",1,"",0,Rupiah,"2007-11-29","2008-12-26 22:19:57","2008-12-26 22:19:57",
3998,3696,"16000113",1,"16000113-001",INV/16000113-001,"2007-11-29","0","",SL,"2007-11-29","0","",1,"",0,Rupiah,"2007-11-29","2008-12-26 22:19:57","2008-12-26 22:19:57",
3999,3697,"16000112",1,"16000112-001",INV/16000112-001,"2007-11-29","0","",SL,"2007-11-29","0","",1,"",0,Rupiah,"2007-11-29","2008-12-26 22:19:57","2008-12-26 22:19:57",
4000,3698,"18000067",1,"18000067-001",INV/18000067-001,"2007-11-29","0","",SL,"2007-11-29","0","",1,"",0,Rupiah,"2007-11-29","2008-12-26 22:19:57","2008-12-26 22:19:57",
4001,3699,"16000111",1,"16000111-001",INV/16000111-001,"2007-11-29","0","",SL,"2007-11-29","0","",1,"",0,Rupiah,"2007-11-29","2008-12-26 22:19:57","2008-12-26 22:19:57",
4002,3700,"18000068",1,"18000068-001",INV/18000068-001,"2007-11-29","0","",SL,"2007-11-29","0","",1,"",0,Rupiah,"2007-11-29","2008-12-26 22:19:57","2008-12-26 22:19:57",
4003,3701,"16000110",1,"16000110-001",INV/16000110-001,"2007-11-29","0","",SL,"2007-11-29","0","",1,"",0,Rupiah,"2007-11-29","2008-12-26 22:19:57","2008-12-26 22:19:57",
4004,3702,"16000109",1,"16000109-001",INV/16000109-001,"2007-11-29","0","",SL,"2007-11-29","0","",1,"",0,Rupiah,"2007-11-29","2008-12-26 22:19:57","2008-12-26 22:19:57",
4005,3703,"18000057",1,"18000057-001",INV/18000057-001,"2007-11-29","0","",SL,"2007-11-29","0","",1,"",0,Rupiah,"2007-11-29","2008-12-26 22:19:57","2008-12-26 22:19:57",
4006,731,"18000047",1,"18000047-001",INV/18000047-001,"2007-11-29","0","",SL,"2007-11-29","0","",1,"",0,Rupiah,"2007-11-29","2008-12-26 22:19:57","2008-12-26 22:19:57",
4007,1415,"18000046",1,"18000046-001",INV/18000046-001,"2007-11-29","0","",SL,"2007-11-29","0","",1,"",0,Rupiah,"2007-11-29","2008-12-26 22:19:57","2008-12-26 22:19:57",
4008,3704,"18000039",1,"18000039-001",INV/18000039-001,"2007-11-29","0","",SL,"2007-11-29","0","",1,"",0,Rupiah,"2007-11-29","2008-12-26 22:19:57","2008-12-26 22:19:57",
4009,3705,"16000103",1,"16000103-001",INV/16000103-001,"2007-11-29","0","",SL,"2007-11-29","0","",1,"",0,Rupiah,"2007-11-29","2008-12-26 22:19:57","2008-12-26 22:19:57",
4010,3706,"16000102",1,"16000102-001",INV/16000102-001,"2007-11-29","0","",SL,"2007-11-29","0","",1,"",0,Rupiah,"2007-11-29","2008-12-26 22:19:57","2008-12-26 22:19:57",
4011,3707,"18000032",1,"18000032-001",INV/18000032-001,"2007-11-29","0","",SL,"2007-11-29","0","",1,"",0,Rupiah,"2007-11-29","2008-12-26 22:19:57","2008-12-26 22:19:57",
4012,3708,"16000101",1,"16000101-001",INV/16000101-001,"2007-11-29","0","",SL,"2007-11-29","0","",1,"",0,Rupiah,"2007-11-29","2008-12-26 22:19:57","2008-12-26 22:19:57",
4013,3709,"18000027",1,"18000027-001",INV/18000027-001,"2007-11-29","0","",SL,"2007-11-29","0","",1,"",0,Rupiah,"2007-11-29","2008-12-26 22:19:57","2008-12-26 22:19:57",
4014,3710,"18000069",1,"18000069-001",INV/18000069-001,"2007-11-29","0","",SL,"2007-11-29","0","",1,"",0,Rupiah,"2007-11-29","2008-12-26 22:19:57","2008-12-26 22:19:57",
4015,3711,"11000068",1,"11000068-001",INV/11000068-001,"2007-11-29","0","",SL,"2007-11-29","0","",1,"",0,Rupiah,"2007-11-29","2008-12-26 22:19:57","2008-12-26 22:19:57",
4016,3712,"12000101",1,"12000101-001",INV/12000101-001,"2007-11-29","0","",SL,"2007-11-29","0","",1,"",0,Rupiah,"2007-11-29","2008-12-26 22:19:57","2008-12-26 22:19:57",
4017,3713,"28000098",1,"28000098-001",INV/28000098-001,"2007-11-29","0","",SL,"2007-11-29","0","",1,"",0,Rupiah,"2007-11-29","2008-12-26 22:19:57","2008-12-26 22:19:57",
4018,3714,"28000130",1,"28000130-001",INV/28000130-001,"2007-11-29","0","",SL,"2007-11-29","0","",1,"",0,Rupiah,"2007-11-29","2008-12-26 22:19:57","2008-12-26 22:19:57",
4019,3715,"28000129",1,"28000129-001",INV/28000129-001,"2007-11-29","0","",SL,"2007-11-29","0","",1,"",0,Rupiah,"2007-11-29","2008-12-26 22:19:57","2008-12-26 22:19:57",
4020,3716,"28000131",1,"28000131-001",INV/28000131-001,"2007-11-29","0","",SL,"2007-11-29","0","",1,"",0,Rupiah,"2007-11-29","2008-12-26 22:19:57","2008-12-26 22:19:57",
4021,3717,"28000128",1,"28000128-001",INV/28000128-001,"2007-11-29","0","",SL,"2007-11-29","0","",1,"",0,Rupiah,"2007-11-29","2008-12-26 22:19:57","2008-12-26 22:19:57",
4022,3718,"28000127",1,"28000127-001",INV/28000127-001,"2007-11-29","0","",SL,"2007-11-29","0","",1,"",0,Rupiah,"2007-11-29","2008-12-26 22:19:57","2008-12-26 22:19:57",
4023,3719,"24000474",1,"24000474-001",INV/24000474-001,"2007-11-29","0","",SL,"2007-11-29","0","",1,"",0,Rupiah,"2007-11-29","2008-12-26 22:19:57","2008-12-26 22:19:57",
4024,3720,"13000114",1,"13000114-001",INV/13000114-001,"2007-11-29","0","",SL,"2007-11-29","0","",1,"",0,Rupiah,"2007-11-29","2008-12-26 22:19:57","2008-12-26 22:19:57",
4025,3721,"28000126",1,"28000126-001",INV/28000126-001,"2007-11-29","0","",SL,"2007-11-29","0","",1,"",0,Rupiah,"2007-11-29","2008-12-26 22:19:57","2008-12-26 22:19:57",
4026,3722,"24000475",1,"24000475-001",INV/24000475-001,"2007-11-29","0","",SL,"2007-11-29","0","",1,"",0,Rupiah,"2007-11-29","2008-12-26 22:19:57","2008-12-26 22:19:57",
4027,3723,"28000125",1,"28000125-001",INV/28000125-001,"2007-11-29","0","",SL,"2007-11-29","0","",1,"",0,Rupiah,"2007-11-29","2008-12-26 22:19:57","2008-12-26 22:19:57",
4028,2541,"28000124",1,"28000124-001",INV/28000124-001,"2007-11-29","0","",SL,"2007-11-29","0","",1,"",0,Rupiah,"2007-11-29","2008-12-26 22:19:57","2008-12-26 22:19:57",
4029,3724,"24000476",1,"24000476-001",INV/24000476-001,"2007-11-29","0","",SL,"2007-11-29","0","",1,"",0,Rupiah,"2007-11-29","2008-12-26 22:19:57","2008-12-26 22:19:57",
4030,3725,"11000104",1,"11000104-001",INV/11000104-001,"2007-11-29","0","",SL,"2007-11-29","0","",1,"",0,Rupiah,"2007-11-29","2008-12-26 22:19:57","2008-12-26 22:19:57",
4031,3726,"11000094",1,"11000094-001",INV/11000094-001,"2007-11-29","0","",SL,"2007-11-29","0","",1,"",0,Rupiah,"2007-11-29","2008-12-26 22:19:57","2008-12-26 22:19:57",
4032,3727,"24000477",1,"24000477-001",INV/24000477-001,"2007-11-29","0","",SL,"2007-11-29","0","",1,"",0,Rupiah,"2007-11-29","2008-12-26 22:19:57","2008-12-26 22:19:57",
4033,3728,"18000013",1,"18000013-001",INV/18000013-001,"2007-11-29","0","",SL,"2007-11-29","0","",1,"",0,Rupiah,"2007-11-29","2008-12-26 22:19:57","2008-12-26 22:19:57",
4034,3729,"15000255",1,"15000255-001",INV/15000255-001,"2007-11-29","0","",SL,"2007-11-29","0","",1,"",0,Rupiah,"2007-11-29","2008-12-26 22:19:57","2008-12-26 22:19:57",
4035,3730,"16000133",1,"16000133-001",INV/16000133-001,"2007-11-29","0","",SL,"2007-11-29","0","",1,"",0,Rupiah,"2007-11-29","2008-12-26 22:19:57","2008-12-26 22:19:57",
4036,3731,"24000479",1,"24000479-001",INV/24000479-001,"2007-11-29","0","",SL,"2007-11-29","0","",1,"",0,Rupiah,"2007-11-29","2008-12-26 22:19:57","2008-12-26 22:19:57",
4037,3732,"24000480",1,"24000480-001",INV/24000480-001,"2007-11-29","0","",SL,"2007-11-29","0","",1,"",0,Rupiah,"2007-11-29","2008-12-26 22:19:57","2008-12-26 22:19:57",
4038,3733,"24000481",1,"24000481-001",INV/24000481-001,"2007-11-29","0","",SL,"2007-11-29","0","",1,"",0,Rupiah,"2007-11-29","2008-12-26 22:19:57","2008-12-26 22:19:57",
4039,2511,"18000007",1,"18000007-001",INV/18000007-001,"2007-11-29","0","",SL,"2007-11-29","0","",1,"",0,Rupiah,"2007-11-29","2008-12-26 22:19:57","2008-12-26 22:19:57",
4040,3734,"16000136",1,"16000136-001",INV/16000136-001,"2007-11-29","0","",SL,"2007-11-29","0","",1,"",0,Rupiah,"2007-11-29","2008-12-26 22:19:57","2008-12-26 22:19:57",
4041,3735,"16000135",1,"16000135-001",INV/16000135-001,"2007-11-29","0","",SL,"2007-11-29","0","",1,"",0,Rupiah,"2007-11-29","2008-12-26 22:19:57","2008-12-26 22:19:57",
4042,3736,"16000134",1,"16000134-001",INV/16000134-001,"2007-11-29","0","",SL,"2007-11-29","0","",1,"",0,Rupiah,"2007-11-29","2008-12-26 22:19:57","2008-12-26 22:19:57",
4043,3737,"27000141",1,"27000141-001",INV/27000141-001,"2007-11-29","0","",SL,"2007-11-29","0","",1,"",0,Rupiah,"2007-11-29","2008-12-26 22:19:57","2008-12-26 22:19:57",
4044,3738,"27000140",1,"27000140-001",INV/27000140-001,"2007-11-29","0","",SL,"2007-11-29","0","",1,"",0,Rupiah,"2007-11-29","2008-12-26 22:19:57","2008-12-26 22:19:57",
4045,3739,"27000139",1,"27000139-001",INV/27000139-001,"2007-11-29","0","",SL,"2007-11-29","0","",1,"",0,Rupiah,"2007-11-29","2008-12-26 22:19:57","2008-12-26 22:19:57",
4046,3740,"17000011",1,"17000011-001",INV/17000011-001,"2007-11-29","0","",SL,"2007-11-29","0","",1,"",0,Rupiah,"2007-11-29","2008-12-26 22:19:57","2008-12-26 22:19:57",
5014,4682,"13000163",1,"13000163-001",INV/13000163-001,"2026-08-02","0","",SL,"2026-08-02","0","",1,"",0,,"2026-08-02","2026-08-02 09:49:57","2026-08-02 09:49:57",1
4048,2521,"20000042",1,"20000042-001",INV/20000042-001,"2007-11-29","0","",SL,"2007-11-29","0","",1,"",0,Rupiah,"2007-11-29","2008-12-26 22:19:57","2008-12-26 22:19:57",
4049,3741,"26000199",1,"26000199-001",INV/26000199-001,"2007-11-29","0","",SL,"2007-11-29","0","",1,"",0,Rupiah,"2007-11-29","2008-12-26 22:19:57","2008-12-26 22:19:57",
4050,3742,"26000226",1,"26000226-001",INV/26000226-001,"2007-11-29","0","",SL,"2007-11-29","0","",1,"",0,Rupiah,"2007-11-29","2008-12-26 22:19:57","2008-12-26 22:19:57",
4051,3743,"11000195",1,"11000195-001",INV/11000195-001,"2007-11-29","0","",SL,"2007-11-29","0","",1,"",0,Rupiah,"2007-11-29","2008-12-26 22:19:57","2008-12-26 22:19:57",
4052,3744,"26000200",1,"26000200-001",INV/26000200-001,"2007-11-29","0","",SL,"2007-11-29","0","",1,"",0,Rupiah,"2007-11-29","2008-12-26 22:19:57","2008-12-26 22:19:57",
4053,3745,"11000196",1,"11000196-001",INV/11000196-001,"2007-11-29","0","",SL,"2007-11-29","0","",1,"",0,Rupiah,"2007-11-29","2008-12-26 22:19:57","2008-12-26 22:19:57",
4055,3746,"11000197",1,"11000197-001",INV/11000197-001,"2007-11-29","0","",SL,"2007-11-29","0","",1,"",0,Rupiah,"2007-11-29","2008-12-26 22:19:57","2008-12-26 22:19:57",
4056,3747,"11000199",1,"11000199-001",INV/11000199-001,"2007-11-29","0","",SL,"2007-11-29","0","",1,"",0,Rupiah,"2007-11-29","2008-12-26 22:19:57","2008-12-26 22:19:57",
4057,2523,"27000143",1,"27000143-001",INV/27000143-001,"2007-11-29","0","",SL,"2007-11-29","0","",1,"",0,Rupiah,"2007-11-29","2008-12-26 22:19:57","2008-12-26 22:19:57",
4058,3748,"24000780",1,"24000780-001",INV/24000780-001,"2007-11-29","0","",SL,"2007-11-29","0","",1,"",0,Rupiah,"2007-11-29","2008-12-26 22:19:57","2008-12-26 22:19:57",
4059,3749,"24000777",1,"24000777-001",INV/24000777-001,"2007-11-29","0","",SL,"2007-11-29","0","",1,"",0,Rupiah,"2007-11-29","2008-12-26 22:19:57","2008-12-26 22:19:57",
4060,3750,"24000778",1,"24000778-001",INV/24000778-001,"2007-11-29","0","",SL,"2007-11-29","0","",1,"",0,Rupiah,"2007-11-29","2008-12-26 22:19:57","2008-12-26 22:19:57",
4061,3751,"24000779",1,"24000779-001",INV/24000779-001,"2007-11-29","0","",SL,"2007-11-29","0","",1,"",0,Rupiah,"2007-11-29","2008-12-26 22:19:57","2008-12-26 22:19:57",
4062,3752,"25000043",1,"25000043-001",INV/25000043-001,"2007-11-29","0","",SL,"2007-11-29","0","",1,"",0,Rupiah,"2007-11-29","2008-12-26 22:19:57","2008-12-26 22:19:57",
4063,3753,"24000781",1,"24000781-001",INV/24000781-001,"2007-11-29","0","",SL,"2007-11-29","0","",1,"",0,Rupiah,"2007-11-29","2008-12-26 22:19:57","2008-12-26 22:19:57",
4064,3754,"25000044",1,"25000044-001",INV/25000044-001,"2007-11-29","0","",SL,"2007-11-29","0","",1,"",0,Rupiah,"2007-11-29","2008-12-26 22:19:57","2008-12-26 22:19:57",
4065,3755,"25000045",1,"25000045-001",INV/25000045-001,"2007-11-29","0","",SL,"2007-11-29","0","",1,"",0,Rupiah,"2007-11-29","2008-12-26 22:19:57","2008-12-26 22:19:57",
4066,3756,"20000043",1,"20000043-001",INV/20000043-001,"2007-11-29","0","",SL,"2007-11-29","0","",1,"",0,Rupiah,"2007-11-29","2008-12-26 22:19:57","2008-12-26 22:19:57",
4068,3758,"20000044",1,"20000044-001",INV/20000044-001,"2007-11-29","0","",SL,"2007-11-29","0","",1,"",0,Rupiah,"2007-11-29","2008-12-26 22:19:57","2008-12-26 22:19:57",
4071,3761,"12000284",1,"12000284-001",INV/12000284-001,"2007-11-29","0","",SL,"2007-11-29","0","",1,"",0,Rupiah,"2007-11-29","2008-12-26 22:19:57","2008-12-26 22:19:57",
4072,3762,"27000144",1,"27000144-001",INV/27000144-001,"2007-11-29","0","",SL,"2007-11-29","0","",1,"",0,Rupiah,"2007-11-29","2008-12-26 22:19:57","2008-12-26 22:19:57",
4073,3763,"12000285",1,"12000285-001",INV/12000285-001,"2007-11-29","0","",SL,"2007-11-29","0","",1,"",0,Rupiah,"2007-11-29","2008-12-26 22:19:57","2008-12-26 22:19:57",
4074,3764,"27000145",1,"27000145-001",INV/27000145-001,"2007-11-29","0","",SL,"2007-11-29","0","",1,"",0,Rupiah,"2007-11-29","2008-12-26 22:19:57","2008-12-26 22:19:57",
4075,3765,"27000146",1,"27000146-001",INV/27000146-001,"2007-11-29","0","",SL,"2007-11-29","0","",1,"",0,Rupiah,"2007-11-29","2008-12-26 22:19:57","2008-12-26 22:19:57",
4076,3766,"28000132",1,"28000132-001",INV/28000132-001,"2007-11-29","0","",SL,"2007-11-29","0","",1,"",0,Rupiah,"2007-11-29","2008-12-26 22:19:57","2008-12-26 22:19:57",
4077,3767,"26000133",1,"26000133-001",INV/26000133-001,"2007-11-29","0","",SL,"2007-11-29","0","",1,"",0,Rupiah,"2007-11-29","2008-12-26 22:19:57","2008-12-26 22:19:57",
4078,3768,"27000147",1,"27000147-001",INV/27000147-001,"2007-11-29","0","",SL,"2007-11-29","0","",1,"",0,Rupiah,"2007-11-29","2008-12-26 22:19:57","2008-12-26 22:19:57",
4079,3769,"27000148",1,"27000148-001",INV/27000148-001,"2007-11-29","0","",SL,"2007-11-29","0","",1,"",0,Rupiah,"2007-11-29","2008-12-26 22:19:57","2008-12-26 22:19:57",
4080,3770,"12000286",1,"12000286-001",INV/12000286-001,"2007-11-29","0","",SL,"2007-11-29","0","",1,"",0,Rupiah,"2007-11-29","2008-12-26 22:19:57","2008-12-26 22:19:57",
4081,3771,"12000287",1,"12000287-001",INV/12000287-001,"2007-11-29","0","",SL,"2007-11-29","0","",1,"",0,Rupiah,"2007-11-29","2008-12-26 22:19:57","2008-12-26 22:19:57",
4082,3772,"13000115",1,"13000115-001",INV/13000115-001,"2007-11-29","0","",SL,"2007-11-29","0","",1,"",0,Rupiah,"2007-11-29","2008-12-26 22:19:57","2008-12-26 22:19:57",
4083,3773,"15000256",1,"15000256-001",INV/15000256-001,"2007-11-29","0","",SL,"2007-11-29","0","",1,"",0,Rupiah,"2007-11-29","2008-12-26 22:19:57","2008-12-26 22:19:57",
4084,3774,"24000057",1,"24000057-001",INV/24000057-001,"2007-11-29","0","",SL,"2007-11-29","0","",1,"",0,Rupiah,"2007-11-29","2008-12-26 22:19:57","2008-12-26 22:19:57",
4085,3775,"24000069",1,"24000069-001",INV/24000069-001,"2007-11-29","0","",SL,"2007-11-29","0","",1,"",0,Rupiah,"2007-11-29","2008-12-26 22:19:57","2008-12-26 22:19:57",
4086,3776,"24000262",1,"24000262-001",INV/24000262-001,"2007-11-29","0","",SL,"2007-11-29","0","",1,"",0,Rupiah,"2007-11-29","2008-12-26 22:19:57","2008-12-26 22:19:57",
4087,3777,"24000338",1,"24000338-001",INV/24000338-001,"2007-11-29","0","",SL,"2007-11-29","0","",1,"",0,Rupiah,"2007-11-29","2008-12-26 22:19:57","2008-12-26 22:19:57",
4089,2527,"13000116",1,"13000116-001",INV/13000116-001,"2007-11-29","0","",SL,"2007-11-29","0","",1,"",0,Rupiah,"2007-11-29","2008-12-26 22:19:57","2008-12-26 22:19:57",
4090,3778,"24000355",1,"24000355-001",INV/24000355-001,"2007-11-29","0","",SL,"2007-11-29","0","",1,"",0,Rupiah,"2007-11-29","2008-12-26 22:19:57","2008-12-26 22:19:57",
4091,3779,"26000134",1,"26000134-001",INV/26000134-001,"2007-11-29","0","",SL,"2007-11-29","0","",1,"",0,Rupiah,"2007-11-29","2008-12-26 22:19:57","2008-12-26 22:19:57",
4092,3780,"26000128",1,"26000128-001",INV/26000128-001,"2007-11-29","0","",SL,"2007-11-29","0","",1,"",0,Rupiah,"2007-11-29","2008-12-26 22:19:57","2008-12-26 22:19:57",
4093,3781,"24000350",1,"24000350-001",INV/24000350-001,"2007-11-29","0","",SL,"2007-11-29","0","",1,"",0,Rupiah,"2007-11-29","2008-12-26 22:19:57","2008-12-26 22:19:57",
4094,3782,"26000187",1,"26000187-001",INV/26000187-001,"2007-11-29","0","",SL,"2007-11-29","0","",1,"",0,Rupiah,"2007-11-29","2008-12-26 22:19:57","2008-12-26 22:19:57",
4095,3783,"24000340",1,"24000340-001",INV/24000340-001,"2007-11-29","0","",SL,"2007-11-29","0","",1,"",0,Rupiah,"2007-11-29","2008-12-26 22:19:57","2008-12-26 22:19:57",
4096,732,"15000258",1,"15000258-001",INV/15000258-001,"2007-11-29","0","",SL,"2007-11-29","0","",1,"",0,Rupiah,"2007-11-29","2008-12-26 22:19:57","2008-12-26 22:19:57",
4097,3784,"26000135",1,"26000135-001",INV/26000135-001,"2007-11-29","0","",SL,"2007-11-29","0","",1,"",0,Rupiah,"2007-11-29","2008-12-26 22:19:57","2008-12-26 22:19:57",
4098,3785,"15000257",1,"15000257-001",INV/15000257-001,"2007-11-29","0","",SL,"2007-11-29","0","",1,"",0,Rupiah,"2007-11-29","2008-12-26 22:19:57","2008-12-26 22:19:57",
4099,3786,"24000353",1,"24000353-001",INV/24000353-001,"2007-11-29","0","",SL,"2007-11-29","0","",1,"",0,Rupiah,"2007-11-29","2008-12-26 22:19:57","2008-12-26 22:19:57",
4100,3787,"26000129",1,"26000129-001",INV/26000129-001,"2007-11-29","0","",SL,"2007-11-29","0","",1,"",0,Rupiah,"2007-11-29","2008-12-26 22:19:57","2008-12-26 22:19:57",
4101,3788,"24000348",1,"24000348-001",INV/24000348-001,"2007-11-29","0","",SL,"2007-11-29","0","",1,"",0,Rupiah,"2007-11-29","2008-12-26 22:19:57","2008-12-26 22:19:57",
4102,3789,"26000136",1,"26000136-001",INV/26000136-001,"2007-11-29","0","",SL,"2007-11-29","0","",1,"",0,Rupiah,"2007-11-29","2008-12-26 22:19:57","2008-12-26 22:19:57",
4103,3790,"24000344",1,"24000344-001",INV/24000344-001,"2007-11-29","0","",SL,"2007-11-29","0","",1,"",0,Rupiah,"2007-11-29","2008-12-26 22:19:57","2008-12-26 22:19:57",
4104,3791,"26000186",1,"26000186-001",INV/26000186-001,"2007-11-29","0","",SL,"2007-11-29","0","",1,"",0,Rupiah,"2007-11-29","2008-12-26 22:19:57","2008-12-26 22:19:57",
4105,3792,"26000137",1,"26000137-001",INV/26000137-001,"2007-11-29","0","",SL,"2007-11-29","0","",1,"",0,Rupiah,"2007-11-29","2008-12-26 22:19:57","2008-12-26 22:19:57",
4106,2543,"26000138",1,"26000138-001",INV/26000138-001,"2007-11-29","0","",SL,"2007-11-29","0","",1,"",0,Rupiah,"2007-11-29","2008-12-26 22:19:57","2008-12-26 22:19:57",
4107,3793,"24000356",1,"24000356-001",INV/24000356-001,"2007-11-29","0","",SL,"2007-11-29","0","",1,"",0,Rupiah,"2007-11-29","2008-12-26 22:19:57","2008-12-26 22:19:57",
4108,3794,"26000141",1,"26000141-001",INV/26000141-001,"2007-11-29","0","",SL,"2007-11-29","0","",1,"",0,Rupiah,"2007-11-29","2008-12-26 22:19:57","2008-12-26 22:19:57",
4109,3795,"26000185",1,"26000185-001",INV/26000185-001,"2007-11-29","0","",SL,"2007-11-29","0","",1,"",0,Rupiah,"2007-11-29","2008-12-26 22:19:57","2008-12-26 22:19:57",
4110,3796,"26000139",1,"26000139-001",INV/26000139-001,"2007-11-29","0","",SL,"2007-11-29","0","",1,"",0,Rupiah,"2007-11-29","2008-12-26 22:19:57","2008-12-26 22:19:57",
4111,3797,"26000140",1,"26000140-001",INV/26000140-001,"2007-11-29","0","",SL,"2007-11-29","0","",1,"",0,Rupiah,"2007-11-29","2008-12-26 22:19:57","2008-12-26 22:19:57",
4112,3798,"26000184",1,"26000184-001",INV/26000184-001,"2007-11-29","0","",SL,"2007-11-29","0","",1,"",0,Rupiah,"2007-11-29","2008-12-26 22:19:57","2008-12-26 22:19:57",
4113,3799,"26000142",1,"26000142-001",INV/26000142-001,"2007-11-29","0","",SL,"2007-11-29","0","",1,"",0,Rupiah,"2007-11-29","2008-12-26 22:19:57","2008-12-26 22:19:57",
4114,3800,"26000183",1,"26000183-001",INV/26000183-001,"2007-11-29","0","",SL,"2007-11-29","0","",1,"",0,Rupiah,"2007-11-29","2008-12-26 22:19:57","2008-12-26 22:19:57",
4115,3801,"26000143",1,"26000143-001",INV/26000143-001,"2007-11-29","0","",SL,"2007-11-29","0","",1,"",0,Rupiah,"2007-11-29","2008-12-26 22:19:57","2008-12-26 22:19:57",
4116,3802,"26000144",1,"26000144-001",INV/26000144-001,"2007-11-29","0","",SL,"2007-11-29","0","",1,"",0,Rupiah,"2007-11-29","2008-12-26 22:19:57","2008-12-26 22:19:57",
4117,3803,"26000182",1,"26000182-001",INV/26000182-001,"2007-11-29","0","",SL,"2007-11-29","0","",1,"",0,Rupiah,"2007-11-29","2008-12-26 22:19:57","2008-12-26 22:19:57",
4118,3804,"26000145",1,"26000145-001",INV/26000145-001,"2007-11-29","0","",SL,"2007-11-29","0","",1,"",0,Rupiah,"2007-11-29","2008-12-26 22:19:57","2008-12-26 22:19:57",
4119,3805,"26000181",1,"26000181-001",INV/26000181-001,"2007-11-29","0","",SL,"2007-11-29","0","",1,"",0,Rupiah,"2007-11-29","2008-12-26 22:19:57","2008-12-26 22:19:57",
4120,3806,"26000146",1,"26000146-001",INV/26000146-001,"2007-11-29","0","",SL,"2007-11-29","0","",1,"",0,Rupiah,"2007-11-29","2008-12-26 22:19:57","2008-12-26 22:19:57",
4121,3807,"26000180",1,"26000180-001",INV/26000180-001,"2007-11-29","0","",SL,"2007-11-29","0","",1,"",0,Rupiah,"2007-11-29","2008-12-26 22:19:57","2008-12-26 22:19:57",
4122,3808,"26000179",1,"26000179-001",INV/26000179-001,"2007-11-29","0","",SL,"2007-11-29","0","",1,"",0,Rupiah,"2007-11-29","2008-12-26 22:19:57","2008-12-26 22:19:57",
4123,3809,"26000149",1,"26000149-001",INV/26000149-001,"2007-11-29","0","",SL,"2007-11-29","0","",1,"",0,Rupiah,"2007-11-29","2008-12-26 22:19:57","2008-12-26 22:19:57",
4124,3810,"26000178",1,"26000178-001",INV/26000178-001,"2007-11-29","0","",SL,"2007-11-29","0","",1,"",0,Rupiah,"2007-11-29","2008-12-26 22:19:57","2008-12-26 22:19:57",
4125,3811,"26000177",1,"26000177-001",INV/26000177-001,"2007-11-29","0","",SL,"2007-11-29","0","",1,"",0,Rupiah,"2007-11-29","2008-12-26 22:19:57","2008-12-26 22:19:57",
4126,3812,"26000176",1,"26000176-001",INV/26000176-001,"2007-11-29","0","",SL,"2007-11-29","0","",1,"",0,Rupiah,"2007-11-29","2008-12-26 22:19:57","2008-12-26 22:19:57",
4127,3813,"26000150",1,"26000150-001",INV/26000150-001,"2007-11-29","0","",SL,"2007-11-29","0","",1,"",0,Rupiah,"2007-11-29","2008-12-26 22:19:57","2008-12-26 22:19:57",
4128,2542,"26000151",1,"26000151-001",INV/26000151-001,"2007-11-29","0","",SL,"2007-11-29","0","",1,"",0,Rupiah,"2007-11-29","2008-12-26 22:19:57","2008-12-26 22:19:57",
4129,3814,"26000175",1,"26000175-001",INV/26000175-001,"2007-11-29","0","",SL,"2007-11-29","0","",1,"",0,Rupiah,"2007-11-29","2008-12-26 22:19:57","2008-12-26 22:19:57",
4130,3815,"26000152",1,"26000152-001",INV/26000152-001,"2007-11-29","0","",SL,"2007-11-29","0","",1,"",0,Rupiah,"2007-11-29","2008-12-26 22:19:57","2008-12-26 22:19:57",
4131,2544,"26000174",1,"26000174-001",INV/26000174-001,"2007-11-29","0","",SL,"2007-11-29","0","",1,"",0,Rupiah,"2007-11-29","2008-12-26 22:19:57","2008-12-26 22:19:57",
4132,3816,"26000153",1,"26000153-001",INV/26000153-001,"2007-11-29","0","",SL,"2007-11-29","0","",1,"",0,Rupiah,"2007-11-29","2008-12-26 22:19:57","2008-12-26 22:19:57",
4133,3817,"26000154",1,"26000154-001",INV/26000154-001,"2007-11-29","0","",SL,"2007-11-29","0","",1,"",0,Rupiah,"2007-11-29","2008-12-26 22:19:57","2008-12-26 22:19:57",
4134,3818,"26000173",1,"26000173-001",INV/26000173-001,"2007-11-29","0","",SL,"2007-11-29","0","",1,"",0,Rupiah,"2007-11-29","2008-12-26 22:19:57","2008-12-26 22:19:57",
4135,3819,"26000155",1,"26000155-001",INV/26000155-001,"2007-11-29","0","",SL,"2007-11-29","0","",1,"",0,Rupiah,"2007-11-29","2008-12-26 22:19:57","2008-12-26 22:19:57",
4136,3820,"26000172",1,"26000172-001",INV/26000172-001,"2007-11-29","0","",SL,"2007-11-29","0","",1,"",0,Rupiah,"2007-11-29","2008-12-26 22:19:57","2008-12-26 22:19:57",
4137,3821,"26000171",1,"26000171-001",INV/26000171-001,"2007-11-29","0","",SL,"2007-11-29","0","",1,"",0,Rupiah,"2007-11-29","2008-12-26 22:19:57","2008-12-26 22:19:57",
4138,3822,"26000170",1,"26000170-001",INV/26000170-001,"2007-11-29","0","",SL,"2007-11-29","0","",1,"",0,Rupiah,"2007-11-29","2008-12-26 22:19:57","2008-12-26 22:19:57",
4139,3823,"26000156",1,"26000156-001",INV/26000156-001,"2007-11-29","0","",SL,"2007-11-29","0","",1,"",0,Rupiah,"2007-11-29","2008-12-26 22:19:57","2008-12-26 22:19:57",
4140,3824,"26000157",1,"26000157-001",INV/26000157-001,"2007-11-29","0","",SL,"2007-11-29","0","",1,"",0,Rupiah,"2007-11-29","2008-12-26 22:19:57","2008-12-26 22:19:57",
4141,3825,"26000169",1,"26000169-001",INV/26000169-001,"2007-11-29","0","",SL,"2007-11-29","0","",1,"",0,Rupiah,"2007-11-29","2008-12-26 22:19:57","2008-12-26 22:19:57",
4142,3826,"26000158",1,"26000158-001",INV/26000158-001,"2007-11-29","0","",SL,"2007-11-29","0","",1,"",0,Rupiah,"2007-11-29","2008-12-26 22:19:57","2008-12-26 22:19:57",
4143,3827,"26000168",1,"26000168-001",INV/26000168-001,"2007-11-29","0","",SL,"2007-11-29","0","",1,"",0,Rupiah,"2007-11-29","2008-12-26 22:19:57","2008-12-26 22:19:57",
4144,3828,"26000167",1,"26000167-001",INV/26000167-001,"2007-11-29","0","",SL,"2007-11-29","0","",1,"",0,Rupiah,"2007-11-29","2008-12-26 22:19:57","2008-12-26 22:19:57",
4145,3829,"26000166",1,"26000166-001",INV/26000166-001,"2007-11-29","0","",SL,"2007-11-29","0","",1,"",0,Rupiah,"2007-11-29","2008-12-26 22:19:57","2008-12-26 22:19:57",
4146,3830,"26000165",1,"26000165-001",INV/26000165-001,"2007-11-29","0","",SL,"2007-11-29","0","",1,"",0,Rupiah,"2007-11-29","2008-12-26 22:19:57","2008-12-26 22:19:57",
4147,3831,"26000164",1,"26000164-001",INV/26000164-001,"2007-11-29","0","",SL,"2007-11-29","0","",1,"",0,Rupiah,"2007-11-29","2008-12-26 22:19:57","2008-12-26 22:19:57",
4148,3832,"26000163",1,"26000163-001",INV/26000163-001,"2007-11-29","0","",SL,"2007-11-29","0","",1,"",0,Rupiah,"2007-11-29","2008-12-26 22:19:57","2008-12-26 22:19:57",
4149,3833,"26000162",1,"26000162-001",INV/26000162-001,"2007-11-29","0","",SL,"2007-11-29","0","",1,"",0,Rupiah,"2007-11-29","2008-12-26 22:19:57","2008-12-26 22:19:57",
4150,3834,"26000161",1,"26000161-001",INV/26000161-001,"2007-11-29","0","",SL,"2007-11-29","0","",1,"",0,Rupiah,"2007-11-29","2008-12-26 22:19:57","2008-12-26 22:19:57",
4151,3835,"26000160",1,"26000160-001",INV/26000160-001,"2007-11-29","0","",SL,"2007-11-29","0","",1,"",0,Rupiah,"2007-11-29","2008-12-26 22:19:57","2008-12-26 22:19:57",
4152,2538,"26000159",1,"26000159-001",INV/26000159-001,"2007-11-29","0","",SL,"2007-11-29","0","",1,"",0,Rupiah,"2007-11-29","2008-12-26 22:19:57","2008-12-26 22:19:57",
4153,3836,"26000227",1,"26000227-001",INV/26000227-001,"2007-11-29","0","",SL,"2007-11-29","0","",1,"",0,Rupiah,"2007-11-29","2008-12-26 22:19:57","2008-12-26 22:19:57",
4154,3837,"26000201",1,"26000201-001",INV/26000201-001,"2007-11-29","0","",SL,"2007-11-29","0","",1,"",0,Rupiah,"2007-11-29","2008-12-26 22:19:57","2008-12-26 22:19:57",
4155,3838,"28000144",1,"28000144-001",INV/28000144-001,"2007-11-29","0","",SL,"2007-11-29","0","",1,"",0,Rupiah,"2007-11-29","2008-12-26 22:19:57","2008-12-26 22:19:57",
4156,3839,"26000202",1,"26000202-001",INV/26000202-001,"2007-11-29","0","",SL,"2007-11-29","0","",1,"",0,Rupiah,"2007-11-29","2008-12-26 22:19:57","2008-12-26 22:19:57",
4157,3840,"26000228",1,"26000228-001",INV/26000228-001,"2007-11-29","0","",SL,"2007-11-29","0","",1,"",0,Rupiah,"2007-11-29","2008-12-26 22:19:57","2008-12-26 22:19:57",
4158,3841,"26000203",1,"26000203-001",INV/26000203-001,"2007-11-29","0","",SL,"2007-11-29","0","",1,"",0,Rupiah,"2007-11-29","2008-12-26 22:19:57","2008-12-26 22:19:57",
4159,3842,"26000239",1,"26000239-001",INV/26000239-001,"2007-11-29","0","",SL,"2007-11-29","0","",1,"",0,Rupiah,"2007-11-29","2008-12-26 22:19:57","2008-12-26 22:19:57",
4160,3843,"26000229",1,"26000229-001",INV/26000229-001,"2007-11-29","0","",SL,"2007-11-29","0","",1,"",0,Rupiah,"2007-11-29","2008-12-26 22:19:57","2008-12-26 22:19:57",
4161,3844,"26000204",1,"26000204-001",INV/26000204-001,"2007-11-29","0","",SL,"2007-11-29","0","",1,"",0,Rupiah,"2007-11-29","2008-12-26 22:19:57","2008-12-26 22:19:57",
4162,3845,"26000205",1,"26000205-001",INV/26000205-001,"2007-11-29","0","",SL,"2007-11-29","0","",1,"",0,Rupiah,"2007-11-29","2008-12-26 22:19:57","2008-12-26 22:19:57",
4163,3846,"26000230",1,"26000230-001",INV/26000230-001,"2007-11-29","0","",SL,"2007-11-29","0","",1,"",0,Rupiah,"2007-11-29","2008-12-26 22:19:57","2008-12-26 22:19:57",
4164,3847,"26000240",1,"26000240-001",INV/26000240-001,"2007-11-29","0","",SL,"2007-11-29","0","",1,"",0,Rupiah,"2007-11-29","2008-12-26 22:19:57","2008-12-26 22:19:57",
4165,3848,"26000206",1,"26000206-001",INV/26000206-001,"2007-11-29","0","",SL,"2007-11-29","0","",1,"",0,Rupiah,"2007-11-29","2008-12-26 22:19:57","2008-12-26 22:19:57",
4166,3849,"26000231",1,"26000231-001",INV/26000231-001,"2007-11-29","0","",SL,"2007-11-29","0","",1,"",0,Rupiah,"2007-11-29","2008-12-26 22:19:57","2008-12-26 22:19:57",
4167,3850,"26000207",1,"26000207-001",INV/26000207-001,"2007-11-29","0","",SL,"2007-11-29","0","",1,"",0,Rupiah,"2007-11-29","2008-12-26 22:19:57","2008-12-26 22:19:57",
4168,3851,"26000241",1,"26000241-001",INV/26000241-001,"2007-11-29","0","",SL,"2007-11-29","0","",1,"",0,Rupiah,"2007-11-29","2008-12-26 22:19:57","2008-12-26 22:19:57",
4169,3852,"26000208",1,"26000208-001",INV/26000208-001,"2007-11-29","0","",SL,"2007-11-29","0","",1,"",0,Rupiah,"2007-11-29","2008-12-26 22:19:57","2008-12-26 22:19:57",
4170,3853,"26000232",1,"26000232-001",INV/26000232-001,"2007-11-29","0","",SL,"2007-11-29","0","",1,"",0,Rupiah,"2007-11-29","2008-12-26 22:19:57","2008-12-26 22:19:57",
4171,3854,"26000209",1,"26000209-001",INV/26000209-001,"2007-11-29","0","",SL,"2007-11-29","0","",1,"",0,Rupiah,"2007-11-29","2008-12-26 22:19:57","2008-12-26 22:19:57",
4172,3855,"26000233",1,"26000233-001",INV/26000233-001,"2007-11-29","0","",SL,"2007-11-29","0","",1,"",0,Rupiah,"2007-11-29","2008-12-26 22:19:57","2008-12-26 22:19:57",
4173,3856,"26000210",1,"26000210-001",INV/26000210-001,"2007-11-29","0","",SL,"2007-11-29","0","",1,"",0,Rupiah,"2007-11-29","2008-12-26 22:19:57","2008-12-26 22:19:57",
4174,3857,"26000242",1,"26000242-001",INV/26000242-001,"2007-11-29","0","",SL,"2007-11-29","0","",1,"",0,Rupiah,"2007-11-29","2008-12-26 22:19:57","2008-12-26 22:19:57",
4175,3858,"26000211",1,"26000211-001",INV/26000211-001,"2007-11-29","0","",SL,"2007-11-29","0","",1,"",0,Rupiah,"2007-11-29","2008-12-26 22:19:57","2008-12-26 22:19:57",
4176,3859,"26000234",1,"26000234-001",INV/26000234-001,"2007-11-29","0","",SL,"2007-11-29","0","",1,"",0,Rupiah,"2007-11-29","2008-12-26 22:19:57","2008-12-26 22:19:57",
4177,3860,"26000212",1,"26000212-001",INV/26000212-001,"2007-11-29","0","",SL,"2007-11-29","0","",1,"",0,Rupiah,"2007-11-29","2008-12-26 22:19:57","2008-12-26 22:19:57",
4178,3861,"26000243",1,"26000243-001",INV/26000243-001,"2007-11-29","0","",SL,"2007-11-29","0","",1,"",0,Rupiah,"2007-11-29","2008-12-26 22:19:57","2008-12-26 22:19:57",
4179,3862,"26000235",1,"26000235-001",INV/26000235-001,"2007-11-29","0","",SL,"2007-11-29","0","",1,"",0,Rupiah,"2007-11-29","2008-12-26 22:19:57","2008-12-26 22:19:57",
4180,3863,"26000213",1,"26000213-001",INV/26000213-001,"2007-11-29","0","",SL,"2007-11-29","0","",1,"",0,Rupiah,"2007-11-29","2008-12-26 22:19:57","2008-12-26 22:19:57",
4181,3864,"26000214",1,"26000214-001",INV/26000214-001,"2007-11-29","0","",SL,"2007-11-29","0","",1,"",0,Rupiah,"2007-11-29","2008-12-26 22:19:57","2008-12-26 22:19:57",
4182,3865,"26000244",1,"26000244-001",INV/26000244-001,"2007-11-29","0","",SL,"2007-11-29","0","",1,"",0,Rupiah,"2007-11-29","2008-12-26 22:19:57","2008-12-26 22:19:57",
4183,3866,"26000215",1,"26000215-001",INV/26000215-001,"2007-11-29","0","",SL,"2007-11-29","0","",1,"",0,Rupiah,"2007-11-29","2008-12-26 22:19:57","2008-12-26 22:19:57",
4184,3867,"26000245",1,"26000245-001",INV/26000245-001,"2007-11-29","0","",SL,"2007-11-29","0","",1,"",0,Rupiah,"2007-11-29","2008-12-26 22:19:57","2008-12-26 22:19:57",
4185,3868,"26000216",1,"26000216-001",INV/26000216-001,"2007-11-29","0","",SL,"2007-11-29","0","",1,"",0,Rupiah,"2007-11-29","2008-12-26 22:19:57","2008-12-26 22:19:57",
4186,3869,"26000217",1,"26000217-001",INV/26000217-001,"2007-11-29","0","",SL,"2007-11-29","0","",1,"",0,Rupiah,"2007-11-29","2008-12-26 22:19:57","2008-12-26 22:19:57",
4187,3870,"26000246",1,"26000246-001",INV/26000246-001,"2007-11-29","0","",SL,"2007-11-29","0","",1,"",0,Rupiah,"2007-11-29","2008-12-26 22:19:57","2008-12-26 22:19:57",
4188,3871,"26000218",1,"26000218-001",INV/26000218-001,"2007-11-29","0","",SL,"2007-11-29","0","",1,"",0,Rupiah,"2007-11-29","2008-12-26 22:19:57","2008-12-26 22:19:57",
4189,3872,"26000219",1,"26000219-001",INV/26000219-001,"2007-11-29","0","",SL,"2007-11-29","0","",1,"",0,Rupiah,"2007-11-29","2008-12-26 22:19:57","2008-12-26 22:19:57",
4190,3873,"18000389",1,"18000389-001",INV/18000389-001,"2007-11-29","0","",SL,"2007-11-29","0","",1,"",0,Rupiah,"2007-11-29","2008-12-26 22:19:57","2008-12-26 22:19:57",
4191,3874,"26000247",1,"26000247-001",INV/26000247-001,"2007-11-29","0","",SL,"2007-11-29","0","",1,"",0,Rupiah,"2007-11-29","2008-12-26 22:19:57","2008-12-26 22:19:57",
4192,3875,"26000248",1,"26000248-001",INV/26000248-001,"2007-11-29","0","",SL,"2007-11-29","0","",1,"",0,Rupiah,"2007-11-29","2008-12-26 22:19:57","2008-12-26 22:19:57",
4193,3876,"26000249",1,"26000249-001",INV/26000249-001,"2007-11-29","0","",SL,"2007-11-29","0","",1,"",0,Rupiah,"2007-11-29","2008-12-26 22:19:57","2008-12-26 22:19:57",
4194,3877,"26000250",1,"26000250-001",INV/26000250-001,"2007-11-29","0","",SL,"2007-11-29","0","",1,"",0,Rupiah,"2007-11-29","2008-12-26 22:19:57","2008-12-26 22:19:57",
4195,2548,"26000251",1,"26000251-001",INV/26000251-001,"2007-11-29","0","",SL,"2007-11-29","0","",1,"",0,Rupiah,"2007-11-29","2008-12-26 22:19:57","2008-12-26 22:19:57",
4196,2549,"26000252",1,"26000252-001",INV/26000252-001,"2007-11-29","0","",SL,"2007-11-29","0","",1,"",0,Rupiah,"2007-11-29","2008-12-26 22:19:57","2008-12-26 22:19:57",
4197,3878,"24000787",1,"24000787-001",INV/24000787-001,"2007-11-29","0","",SL,"2007-11-29","0","",1,"",0,Rupiah,"2007-11-29","2008-12-26 22:19:57","2008-12-26 22:19:57",
4198,3879,"24000788",1,"24000788-001",INV/24000788-001,"2007-11-29","0","",SL,"2007-11-29","0","",1,"",0,Rupiah,"2007-11-29","2008-12-26 22:19:57","2008-12-26 22:19:57",
4199,3880,"28000789",1,"28000789-001",INV/28000789-001,"2007-11-29","0","",SL,"2007-11-29","0","",1,"",0,Rupiah,"2007-11-29","2008-12-26 22:19:57","2008-12-26 22:19:57",
4200,3881,"24000789",1,"24000789-001",INV/24000789-001,"2007-11-29","0","",SL,"2007-11-29","0","",1,"",0,Rupiah,"2007-11-29","2008-12-26 22:19:57","2008-12-26 22:19:57",
4201,3882,"26000103",1,"26000103-001",INV/26000103-001,"2007-11-29","0","",SL,"2007-11-29","0","",1,"",0,Rupiah,"2007-11-29","2008-12-26 22:19:57","2008-12-26 22:19:57",
4202,3883,"26000091",1,"26000091-001",INV/26000091-001,"2007-11-29","0","",SL,"2007-11-29","0","",1,"",0,Rupiah,"2007-11-29","2008-12-26 22:19:57","2008-12-26 22:19:57",
4203,3884,"26000257",1,"26000257-001",INV/26000257-001,"2007-11-29","0","",SL,"2007-11-29","0","",1,"",0,Rupiah,"2007-11-29","2008-12-26 22:19:57","2008-12-26 22:19:57",
4204,3885,"26000253",1,"26000253-001",INV/26000253-001,"2007-11-29","0","",SL,"2007-11-29","0","",1,"",0,Rupiah,"2007-11-29","2008-12-26 22:19:57","2008-12-26 22:19:57",
4205,3886,"26000254",1,"26000254-001",INV/26000254-001,"2007-11-29","0","",SL,"2007-11-29","0","",1,"",0,Rupiah,"2007-11-29","2008-12-26 22:19:57","2008-12-26 22:19:57",
4206,3887,"26000255",1,"26000255-001",INV/26000255-001,"2007-11-29","0","",SL,"2007-11-29","0","",1,"",0,Rupiah,"2007-11-29","2008-12-26 22:19:57","2008-12-26 22:19:57",
4207,3888,"26000256",1,"26000256-001",INV/26000256-001,"2007-11-29","0","",SL,"2007-11-29","0","",1,"",0,Rupiah,"2007-11-29","2008-12-26 22:19:57","2008-12-26 22:19:57",
4208,3889,"24000790",1,"24000790-001",INV/24000790-001,"2007-11-29","0","",SL,"2007-11-29","0","",1,"",0,Rupiah,"2007-11-29","2008-12-26 22:19:57","2008-12-26 22:19:57",
4209,2552,"24000791",1,"24000791-001",INV/24000791-001,"2007-11-29","0","",SL,"2007-11-29","0","",1,"",0,Rupiah,"2007-11-29","2008-12-26 22:19:57","2008-12-26 22:19:57",
4210,3890,"24000792",1,"24000792-001",INV/24000792-001,"2007-11-29","0","",SL,"2007-11-29","0","",1,"",0,Rupiah,"2007-11-29","2008-12-26 22:19:57","2008-12-26 22:19:57",
4211,3891,"26000258",1,"26000258-001",INV/26000258-001,"2007-11-29","0","",SL,"2007-11-29","0","",1,"",0,Rupiah,"2007-11-29","2008-12-26 22:19:57","2008-12-26 22:19:57",
4212,2553,"26000259",1,"26000259-001",INV/26000259-001,"2007-11-29","0","",SL,"2007-11-29","0","",1,"",0,Rupiah,"2007-11-29","2008-12-26 22:19:57","2008-12-26 22:19:57",
4213,3892,"26000260",1,"26000260-001",INV/26000260-001,"2007-11-29","0","",SL,"2007-11-29","0","",1,"",0,Rupiah,"2007-11-29","2008-12-26 22:19:57","2008-12-26 22:19:57",
4214,3893,"26000261",1,"26000261-001",INV/26000261-001,"2007-11-29","0","",SL,"2007-11-29","0","",1,"",0,Rupiah,"2007-11-29","2008-12-26 22:19:57","2008-12-26 22:19:57",
4215,3894,"26000262",1,"26000262-001",INV/26000262-001,"2007-11-29","0","",SL,"2007-11-29","0","",1,"",0,Rupiah,"2007-11-29","2008-12-26 22:19:57","2008-12-26 22:19:57",
4216,3895,"26000263",1,"26000263-001",INV/26000263-001,"2007-11-29","0","",SL,"2007-11-29","0","",1,"",0,Rupiah,"2007-11-29","2008-12-26 22:19:57","2008-12-26 22:19:57",
4217,3896,"26000264",1,"26000264-001",INV/26000264-001,"2007-11-29","0","",SL,"2007-11-29","0","",1,"",0,Rupiah,"2007-11-29","2008-12-26 22:19:57","2008-12-26 22:19:57",
4218,3897,"26000265",1,"26000265-001",INV/26000265-001,"2007-11-29","0","",SL,"2007-11-29","0","",1,"",0,Rupiah,"2007-11-29","2008-12-26 22:19:57","2008-12-26 22:19:57",
4219,3898,"26000266",1,"26000266-001",INV/26000266-001,"2007-11-29","0","",SL,"2007-11-29","0","",1,"",0,Rupiah,"2007-11-29","2008-12-26 22:19:57","2008-12-26 22:19:57",
4220,3899,"26000267",1,"26000267-001",INV/26000267-001,"2007-11-29","0","",SL,"2007-11-29","0","",1,"",0,Rupiah,"2007-11-29","2008-12-26 22:19:57","2008-12-26 22:19:57",
4221,3900,"26000268",1,"26000268-001",INV/26000268-001,"2007-11-29","0","",SL,"2007-11-29","0","",1,"",0,Rupiah,"2007-11-29","2008-12-26 22:19:57","2008-12-26 22:19:57",
4222,3901,"26000269",1,"26000269-001",INV/26000269-001,"2007-11-29","0","",SL,"2007-11-29","0","",1,"",0,Rupiah,"2007-11-29","2008-12-26 22:19:57","2008-12-26 22:19:57",
4223,3902,"26000270",1,"26000270-001",INV/26000270-001,"2007-11-29","0","",SL,"2007-11-29","0","",1,"",0,Rupiah,"2007-11-29","2008-12-26 22:19:57","2008-12-26 22:19:57",
4224,3903,"26000271",1,"26000271-001",INV/26000271-001,"2007-11-29","0","",SL,"2007-11-29","0","",1,"",0,Rupiah,"2007-11-29","2008-12-26 22:19:57","2008-12-26 22:19:57",
4225,3904,"16000154",1,"16000154-001",INV/16000154-001,"2007-11-29","0","",SL,"2007-11-29","0","",1,"",0,Rupiah,"2007-11-29","2008-12-26 22:19:57","2008-12-26 22:19:57",
4226,3905,"100029-0",1,"100029-001",INV/100029-001,"2007-11-29","0","",SL,"2007-11-29","0","",1,"",0,Rupiah,"2007-11-29","2008-12-26 22:19:57","2008-12-26 22:19:57",
4227,3906,"12000289",1,"12000289-001",INV/12000289-001,"2007-11-29","0","",SL,"2007-11-29","0","",1,"",0,Rupiah,"2007-11-29","2008-12-26 22:19:57","2008-12-26 22:19:57",
4229,3907,"19000103",1,"19000103-001",INV/19000103-001,"2007-11-29",,"",SL,"2007-11-29","0","",1,"",0,Rupiah,"2007-11-29","2008-12-26 22:19:57","2026-07-19 11:12:12",
4230,3908,"24000793",1,"24000793-001",INV/24000793-001,"2007-11-29","0","",SL,"2007-11-29","0","",1,"",0,Rupiah,"2007-11-29","2008-12-26 22:19:57","2008-12-26 22:19:57",
4231,3909,"12000290",1,"12000290-001",INV/12000290-001,"2007-11-29","0","",SL,"2007-11-29","0","",1,"",0,Rupiah,"2007-11-29","2008-12-26 22:19:57","2008-12-26 22:19:57",
4232,3910,"23000105",1,"23000105-001",INV/23000105-001,"2007-11-29","0","",SL,"2007-11-29","0","",1,"",0,Rupiah,"2007-11-29","2008-12-26 22:19:57","2008-12-26 22:19:57",
4233,3911,"19000104",1,"19000104-001",INV/19000104-001,"2007-11-29",,"",SL,"2007-11-29","0","",1,"",0,Rupiah,"2007-11-29","2008-12-26 22:19:57","2026-07-19 11:14:56",
4234,3912,"16000142",1,"16000142-001",INV/16000142-001,"2007-11-29","0","",SL,"2007-11-29","0","",1,"",0,Rupiah,"2007-11-29","2008-12-26 22:19:57","2008-12-26 22:19:57",
4235,3913,"12000291",1,"12000291-001",INV/12000291-001,"2007-11-29","0","",SL,"2007-11-29","0","",1,"",0,Rupiah,"2007-11-29","2008-12-26 22:19:57","2008-12-26 22:19:57",
4236,3914,"24000794",1,"24000794-001",INV/24000794-001,"2007-11-29","0","",SL,"2007-11-29","0","",1,"",0,Rupiah,"2007-11-29","2008-12-26 22:19:57","2008-12-26 22:19:57",
4237,3915,"16000143",1,"16000143-001",INV/16000143-001,"2007-11-29","0","",SL,"2007-11-29","0","",1,"",0,Rupiah,"2007-11-29","2008-12-26 22:19:57","2008-12-26 22:19:57",
4238,3916,"12000292",1,"12000292-001",INV/12000292-001,"2007-11-29","0","",SL,"2007-11-29","0","",1,"",0,Rupiah,"2007-11-29","2008-12-26 22:19:57","2008-12-26 22:19:57",
4239,3917,"15000268",1,"15000268-001",INV/15000268-001,"2007-11-29","0","",SL,"2007-11-29","0","",1,"",0,Rupiah,"2007-11-29","2008-12-26 22:19:57","2008-12-26 22:19:57",
4240,3918,"24000795",1,"24000795-001",INV/24000795-001,"2007-11-29","0","",SL,"2007-11-29","0","",1,"",0,Rupiah,"2007-11-29","2008-12-26 22:19:57","2008-12-26 22:19:57",
4241,3919,"12000293",1,"12000293-001",INV/12000293-001,"2007-11-29","0","",SL,"2007-11-29","0","",1,"",0,Rupiah,"2007-11-29","2008-12-26 22:19:57","2008-12-26 22:19:57",
4242,3920,"12000294",1,"12000294-001",INV/12000294-001,"2007-11-29","0","",SL,"2007-11-29","0","",1,"",0,Rupiah,"2007-11-29","2008-12-26 22:19:57","2008-12-26 22:19:57",
4243,3921,"12000288",1,"12000288-001",INV/12000288-001,"2007-11-29","0","",SL,"2007-11-29","0","",1,"",0,Rupiah,"2007-11-29","2008-12-26 22:19:57","2008-12-26 22:19:57",
4244,3922,"19000100",1,"19000100-001",INV/19000100-001,"2007-11-29",,"",SL,"2007-11-29","0","",1,"",0,Rupiah,"2007-11-29","2008-12-26 22:19:57","2026-07-19 11:13:19",
4246,3924,"19000101",1,"19000101-001",INV/19000101-001,"2007-11-29",,"",SL,"2007-11-29","0","",1,"",0,Rupiah,"2007-11-29","2008-12-26 22:19:57","2026-07-19 11:19:02",
4247,3925,"16000144",1,"16000144-001",INV/16000144-001,"2007-11-29","0","",SL,"2007-11-29","0","",1,"",0,Rupiah,"2007-11-29","2008-12-26 22:19:57","2008-12-26 22:19:57",
4248,3926,"24000796",1,"24000796-001",INV/24000796-001,"2007-11-29","0","",SL,"2007-11-29","0","",1,"",0,Rupiah,"2007-11-29","2008-12-26 22:19:57","2008-12-26 22:19:57",
4249,3927,"16000145",1,"16000145-001",INV/16000145-001,"2007-11-29","0","",SL,"2007-11-29","0","",1,"",0,Rupiah,"2007-11-29","2008-12-26 22:19:57","2008-12-26 22:19:57",
4250,3928,"27000152",1,"27000152-001",INV/27000152-001,"2007-11-29","0","",SL,"2007-11-29","0","",1,"",0,Rupiah,"2007-11-29","2008-12-26 22:19:57","2008-12-26 22:19:57",
4251,3929,"16000146",1,"16000146-001",INV/16000146-001,"2007-11-29","0","",SL,"2007-11-29","0","",1,"",0,Rupiah,"2007-11-29","2008-12-26 22:19:57","2008-12-26 22:19:57",
4252,3930,"15000269",1,"15000269-001",INV/15000269-001,"2007-11-29","0","",SL,"2007-11-29","0","",1,"",0,Rupiah,"2007-11-29","2008-12-26 22:19:57","2008-12-26 22:19:57",
4253,3931,"24000797",1,"24000797-001",INV/24000797-001,"2007-11-29","0","",SL,"2007-11-29","0","",1,"",0,Rupiah,"2007-11-29","2008-12-26 22:19:57","2008-12-26 22:19:57",
4254,3932,"16000147",1,"16000147-001",INV/16000147-001,"2007-11-29","0","",SL,"2007-11-29","0","",1,"",0,Rupiah,"2007-11-29","2008-12-26 22:19:57","2008-12-26 22:19:57",
4255,3933,"13000117",1,"13000117-001",INV/13000117-001,"2007-11-29","0","",SL,"2007-11-29","0","",1,"",0,Rupiah,"2007-11-29","2008-12-26 22:19:57","2008-12-26 22:19:57",
4256,3934,"16000155",1,"16000155-001",INV/16000155-001,"2007-11-29","0","",SL,"2007-11-29","0","",1,"",0,Rupiah,"2007-11-29","2008-12-26 22:19:57","2008-12-26 22:19:57",
4257,3935,"16000148",1,"16000148-001",INV/16000148-001,"2007-11-29","0","",SL,"2007-11-29","0","",1,"",0,Rupiah,"2007-11-29","2008-12-26 22:19:57","2008-12-26 22:19:57",
4259,3937,"24000798",1,"24000798-001",INV/24000798-001,"2007-11-29","0","",SL,"2007-11-29","0","",1,"",0,Rupiah,"2007-11-29","2008-12-26 22:19:57","2008-12-26 22:19:57",
4260,3938,"16000149",1,"16000149-001",INV/16000149-001,"2007-11-29","0","",SL,"2007-11-29","0","",1,"",0,Rupiah,"2007-11-29","2008-12-26 22:19:57","2008-12-26 22:19:57",
4261,2537,"27000151",1,"27000151-002",INV/27000151-002,"2007-11-29","0","",SL,"2007-11-29","0","",1,"",0,Rupiah,"2007-11-29","2008-12-26 22:19:57","2008-12-26 22:19:57",
4263,3940,"15000266",1,"15000266-001",INV/15000266-001,"2007-11-29","0","",SL,"2007-11-29","0","",1,"",0,Rupiah,"2007-11-29","2008-12-26 22:19:57","2008-12-26 22:19:57",
4264,3941,"16000150",1,"16000150-001",INV/16000150-001,"2007-11-29","0","",SL,"2007-11-29","0","",1,"",0,Rupiah,"2007-11-29","2008-12-26 22:19:57","2008-12-26 22:19:57",
4265,3942,"16000156",1,"16000156-001",INV/16000156-001,"2007-11-29","0","",SL,"2007-11-29","0","",1,"",0,Rupiah,"2007-11-29","2008-12-26 22:19:57","2008-12-26 22:19:57",
4266,3943,"15000267",1,"15000267-001",INV/15000267-001,"2007-11-29","0","",SL,"2007-11-29","0","",1,"",0,Rupiah,"2007-11-29","2008-12-26 22:19:57","2008-12-26 22:19:57",
4267,3944,"16000151",1,"16000151-001",INV/16000151-001,"2007-11-29","0","",SL,"2007-11-29","0","",1,"",0,Rupiah,"2007-11-29","2008-12-26 22:19:57","2008-12-26 22:19:57",
4268,3945,"24000799",1,"24000799-001",INV/24000799-001,"2007-11-29","0","",SL,"2007-11-29","0","",1,"",0,Rupiah,"2007-11-29","2008-12-26 22:19:57","2008-12-26 22:19:57",
4269,3946,"16000157",1,"16000157-001",INV/16000157-001,"2007-11-29","0","",SL,"2007-11-29","0","",1,"",0,Rupiah,"2007-11-29","2008-12-26 22:19:57","2008-12-26 22:19:57",
4270,3947,"16000152",1,"16000152-001",INV/16000152-001,"2007-11-29","0","",SL,"2007-11-29","0","",1,"",0,Rupiah,"2007-11-29","2008-12-26 22:19:57","2008-12-26 22:19:57",
4271,3948,"24000800",1,"24000800-001",INV/24000800-001,"2007-11-29","0","",SL,"2007-11-29","0","",1,"",0,Rupiah,"2007-11-29","2008-12-26 22:19:57","2008-12-26 22:19:57",
4272,3949,"16000153",1,"16000153-001",INV/16000153-001,"2007-11-29","0","",SL,"2007-11-29","0","",1,"",0,Rupiah,"2007-11-29","2008-12-26 22:19:57","2008-12-26 22:19:57",
4273,3950,"24000801",1,"24000801-001",INV/24000801-001,"2007-11-29","0","",SL,"2007-11-29","0","",1,"",0,Rupiah,"2007-11-29","2008-12-26 22:19:57","2008-12-26 22:19:57",
4274,3951,"16000158",1,"16000158-001",INV/16000158-001,"2007-11-29","0","",SL,"2007-11-29","0","",1,"",0,Rupiah,"2007-11-29","2008-12-26 22:19:57","2008-12-26 22:19:57",
4275,3952,"24000802",1,"24000802-001",INV/24000802-001,"2007-11-29","0","",SL,"2007-11-29","0","",1,"",0,Rupiah,"2007-11-29","2008-12-26 22:19:57","2008-12-26 22:19:57",
4276,3953,"16000159",1,"16000159-001",INV/16000159-001,"2007-11-29","0","",SL,"2007-11-29","0","",1,"",0,Rupiah,"2007-11-29","2008-12-26 22:19:57","2008-12-26 22:19:57",
4277,3954,"28000790",1,"28000790-001",INV/28000790-001,"2007-11-29","0","",SL,"2007-11-29","0","",1,"",0,Rupiah,"2007-11-29","2008-12-26 22:19:57","2008-12-26 22:19:57",
4278,3955,"28000791",1,"28000791-001",INV/28000791-001,"2007-11-29","0","",SL,"2007-11-29","0","",1,"",0,Rupiah,"2007-11-29","2008-12-26 22:19:57","2008-12-26 22:19:57",
4280,3957,"24000803",1,"24000803-001",INV/24000803-001,"2007-11-29","0","",SL,"2007-11-29","0","",1,"",0,Rupiah,"2007-11-29","2008-12-26 22:19:57","2008-12-26 22:19:57",
4281,3958,"24000804",1,"24000804-001",INV/24000804-001,"2007-11-29","0","",SL,"2007-11-29","0","",1,"",0,Rupiah,"2007-11-29","2008-12-26 22:19:57","2008-12-26 22:19:57",
4283,3960,"24000805",1,"24000805-001",INV/24000805-001,"2007-11-29","0","",SL,"2007-11-29","0","",1,"",0,Rupiah,"2007-11-29","2008-12-26 22:19:57","2008-12-26 22:19:57",
4285,3962,"24000806",1,"24000806-001",INV/24000806-001,"2007-11-29","0","",SL,"2007-11-29","0","",1,"",0,Rupiah,"2007-11-29","2008-12-26 22:19:57","2008-12-26 22:19:57",
4286,3963,"24000807",1,"24000807-001",INV/24000807-001,"2007-11-29","0","",SL,"2007-11-29","0","",1,"",0,Rupiah,"2007-11-29","2008-12-26 22:19:57","2008-12-26 22:19:57",
4288,3965,"24000808",1,"24000808-001",INV/24000808-001,"2007-11-29","0","",SL,"2007-11-29","0","",1,"",0,Rupiah,"2007-11-29","2008-12-26 22:19:57","2008-12-26 22:19:57",
4290,3967,"24000809",1,"24000809-001",INV/24000809-001,"2007-11-29","0","",SL,"2007-11-29","0","",1,"",0,Rupiah,"2007-11-29","2008-12-26 22:19:57","2008-12-26 22:19:57",
4291,3968,"24000810",1,"24000810-001",INV/24000810-001,"2007-11-29","0","",SL,"2007-11-29","0","",1,"",0,Rupiah,"2007-11-29","2008-12-26 22:19:57","2008-12-26 22:19:57",
4293,3970,"24000811",1,"24000811-001",INV/24000811-001,"2007-11-29","0","",SL,"2007-11-29","0","",1,"",0,Rupiah,"2007-11-29","2008-12-26 22:19:57","2008-12-26 22:19:57",
4295,3972,"24000812",1,"24000812-001",INV/24000812-001,"2007-11-29","0","",SL,"2007-11-29","0","",1,"",0,Rupiah,"2007-11-29","2008-12-26 22:19:57","2008-12-26 22:19:57",
4296,3973,"24000813",1,"24000813-001",INV/24000813-001,"2007-11-29","0","",SL,"2007-11-29","0","",1,"",0,Rupiah,"2007-11-29","2008-12-26 22:19:57","2008-12-26 22:19:57",
4297,3974,"26000272",1,"26000272-001",INV/26000272-001,"2007-11-29","0","",SL,"2007-11-29","0","",1,"",0,Rupiah,"2007-11-29","2008-12-26 22:19:57","2008-12-26 22:19:57",
4298,3975,"24000814",1,"24000814-001",INV/24000814-001,"2007-11-29","0","",SL,"2007-11-29","0","",1,"",0,Rupiah,"2007-11-29","2008-12-26 22:19:57","2008-12-26 22:19:57",
4299,3976,"24000815",1,"24000815-001",INV/24000815-001,"2007-11-29","0","",SL,"2007-11-29","0","",1,"",0,Rupiah,"2007-11-29","2008-12-26 22:19:57","2008-12-26 22:19:57",
4300,3977,"26000273",1,"26000273-001",INV/26000273-001,"2007-11-29","0","",SL,"2007-11-29","0","",1,"",0,Rupiah,"2007-11-29","2008-12-26 22:19:57","2008-12-26 22:19:57",
4301,3978,"24000816",1,"24000816-001",INV/24000816-001,"2007-11-29","0","",SL,"2007-11-29","0","",1,"",0,Rupiah,"2007-11-29","2008-12-26 22:19:57","2008-12-26 22:19:57",
4302,3979,"24000817",1,"24000817-001",INV/24000817-001,"2007-11-29","0","",SL,"2007-11-29","0","",1,"",0,Rupiah,"2007-11-29","2008-12-26 22:19:57","2008-12-26 22:19:57",
4303,3980,"26000274",1,"26000274-001",INV/26000274-001,"2007-11-29","0","",SL,"2007-11-29","0","",1,"",0,Rupiah,"2007-11-29","2008-12-26 22:19:57","2008-12-26 22:19:57",
4304,3981,"24000818",1,"24000818-001",INV/24000818-001,"2007-11-29","0","",SL,"2007-11-29","0","",1,"",0,Rupiah,"2007-11-29","2008-12-26 22:19:57","2008-12-26 22:19:57",
4305,3982,"24000819",1,"24000819-001",INV/24000819-001,"2007-11-29","0","",SL,"2007-11-29","0","",1,"",0,Rupiah,"2007-11-29","2008-12-26 22:19:57","2008-12-26 22:19:57",
4306,2559,"26000275",1,"26000275-001",INV/26000275-001,"2007-11-29","0","",SL,"2007-11-29","0","",1,"",0,Rupiah,"2007-11-29","2008-12-26 22:19:57","2008-12-26 22:19:57",
4307,3983,"26000276",1,"26000276-001",INV/26000276-001,"2007-11-29","0","",SL,"2007-11-29","0","",1,"",0,Rupiah,"2007-11-29","2008-12-26 22:19:57","2008-12-26 22:19:57",
4308,3984,"26000277",1,"26000277-001",INV/26000277-001,"2007-11-29","0","",SL,"2007-11-29","0","",1,"",0,Rupiah,"2007-11-29","2008-12-26 22:19:57","2008-12-26 22:19:57",
4309,3985,"26000278",1,"26000278-001",INV/26000278-001,"2007-11-29","0","",SL,"2007-11-29","0","",1,"",0,Rupiah,"2007-11-29","2008-12-26 22:19:57","2008-12-26 22:19:57",
4310,3986,"26000279",1,"26000279-001",INV/26000279-001,"2007-11-29","0","",SL,"2007-11-29","0","",1,"",0,Rupiah,"2007-11-29","2008-12-26 22:19:57","2008-12-26 22:19:57",
4311,3987,"26000281",1,"26000281-001",INV/26000281-001,"2007-11-29","0","",SL,"2007-11-29","0","",1,"",0,Rupiah,"2007-11-29","2008-12-26 22:19:57","2008-12-26 22:19:57",
4312,3695,"28000123",1,"28000123-002",INV/28000123-002,"2007-11-29","0","",SL,"2007-11-29","0","",1,"",0,Rupiah,"2007-11-29","2008-12-26 22:19:57","2008-12-26 22:19:57",
4313,3988,"26000282",1,"26000282-001",INV/26000282-001,"2007-11-29","0","",SL,"2007-11-29","0","",1,"",0,Rupiah,"2007-11-29","2008-12-26 22:19:57","2008-12-26 22:19:57",
4314,3989,"26000283",1,"26000283-001",INV/26000283-001,"2007-11-29","0","",SL,"2007-11-29","0","",1,"",0,Rupiah,"2007-11-29","2008-12-26 22:19:57","2008-12-26 22:19:57",
4315,3990,"26000284",1,"26000284-001",INV/26000284-001,"2007-11-29","0","",SL,"2007-11-29","0","",1,"",0,Rupiah,"2007-11-29","2008-12-26 22:19:57","2008-12-26 22:19:57",
4316,3991,"15000270",1,"15000270-001",INV/15000270-001,"2007-11-29","0","",SL,"2007-11-29","0","",1,"",0,Rupiah,"2007-11-29","2008-12-26 22:19:57","2008-12-26 22:19:57",
4317,3992,"15000280",1,"15000280-001",INV/15000280-001,"2007-11-29","0","",SL,"2007-11-29","0","",1,"",0,Rupiah,"2007-11-29","2008-12-26 22:19:57","2008-12-26 22:19:57",
4318,3993,"26000285",1,"26000285-001",INV/26000285-001,"2007-11-29","0","",SL,"2007-11-29","0","",1,"",0,Rupiah,"2007-11-29","2008-12-26 22:19:57","2008-12-26 22:19:57",
4319,3994,"16000160",1,"16000160-001",INV/16000160-001,"2007-11-29","0","",SL,"2007-11-29","0","",1,"",0,Rupiah,"2007-11-29","2008-12-26 22:19:57","2008-12-26 22:19:57",
4320,3995,"15000271",1,"15000271-001",INV/15000271-001,"2007-11-29","0","",SL,"2007-11-29","0","",1,"",0,Rupiah,"2007-11-29","2008-12-26 22:19:57","2008-12-26 22:19:57",
4321,3996,"26000286",1,"26000286-001",INV/26000286-001,"2007-11-29","0","",SL,"2007-11-29","0","",1,"",0,Rupiah,"2007-11-29","2008-12-26 22:19:57","2008-12-26 22:19:57",
4322,3997,"26000287",1,"26000287-001",INV/26000287-001,"2007-11-29","0","",SL,"2007-11-29","0","",1,"",0,Rupiah,"2007-11-29","2008-12-26 22:19:57","2008-12-26 22:19:57",
4323,3998,"15000272",1,"15000272-001",INV/15000272-001,"2007-11-29","0","",SL,"2007-11-29","0","",1,"",0,Rupiah,"2007-11-29","2008-12-26 22:19:57","2008-12-26 22:19:57",
4324,3999,"12000295",1,"12000295-001",INV/12000295-001,"2007-11-29","0","",SL,"2007-11-29","0","",1,"",0,Rupiah,"2007-11-29","2008-12-26 22:19:57","2008-12-26 22:19:57",
4325,4000,"26000288",1,"26000288-001",INV/26000288-001,"2007-11-29","0","",SL,"2007-11-29","0","",1,"",0,Rupiah,"2007-11-29","2008-12-26 22:19:57","2008-12-26 22:19:57",
4326,4001,"15000273",1,"15000273-001",INV/15000273-001,"2007-11-29","0","",SL,"2007-11-29","0","",1,"",0,Rupiah,"2007-11-29","2008-12-26 22:19:57","2008-12-26 22:19:57",
4327,4002,"26000289",1,"26000289-001",INV/26000289-001,"2007-11-29","0","",SL,"2007-11-29","0","",1,"",0,Rupiah,"2007-11-29","2008-12-26 22:19:57","2008-12-26 22:19:57",
4328,4003,"12000296",1,"12000296-001",INV/12000296-001,"2007-11-29","0","",SL,"2007-11-29","0","",1,"",0,Rupiah,"2007-11-29","2008-12-26 22:19:57","2008-12-26 22:19:57",
4329,4004,"26000290",1,"26000290-001",INV/26000290-001,"2007-11-29","0","",SL,"2007-11-29","0","",1,"",0,Rupiah,"2007-11-29","2008-12-26 22:19:57","2008-12-26 22:19:57",
4330,4005,"15000274",1,"15000274-001",INV/15000274-001,"2007-11-29","0","",SL,"2007-11-29","0","",1,"",0,Rupiah,"2007-11-29","2008-12-26 22:19:57","2008-12-26 22:19:57",
4331,4006,"26000291",1,"26000291-001",INV/26000291-001,"2007-11-29","0","",SL,"2007-11-29","0","",1,"",0,Rupiah,"2007-11-29","2008-12-26 22:19:57","2008-12-26 22:19:57",
4332,4007,"15000275",1,"15000275-001",INV/15000275-001,"2007-11-29","0","",SL,"2007-11-29","0","",1,"",0,Rupiah,"2007-11-29","2008-12-26 22:19:57","2008-12-26 22:19:57",
4333,4008,"26000292",1,"26000292-001",INV/26000292-001,"2007-11-29","0","",SL,"2007-11-29","0","",1,"",0,Rupiah,"2007-11-29","2008-12-26 22:19:57","2008-12-26 22:19:57",
4334,4009,"13000118",1,"13000118-001",INV/13000118-001,"2007-11-29","0","",SL,"2007-11-29","0","",1,"",0,Rupiah,"2007-11-29","2008-12-26 22:19:57","2008-12-26 22:19:57",
4335,4010,"26000293",1,"26000293-001",INV/26000293-001,"2007-11-29","0","",SL,"2007-11-29","0","",1,"",0,Rupiah,"2007-11-29","2008-12-26 22:19:57","2008-12-26 22:19:57",
4336,4011,"15000276",1,"15000276-001",INV/15000276-001,"2007-11-29","0","",SL,"2007-11-29","0","",1,"",0,Rupiah,"2007-11-29","2008-12-26 22:19:57","2008-12-26 22:19:57",
4337,4012,"26000294",1,"26000294-001",INV/26000294-001,"2007-11-29","0","",SL,"2007-11-29","0","",1,"",0,Rupiah,"2007-11-29","2008-12-26 22:19:57","2008-12-26 22:19:57",
4338,4013,"16000161",1,"16000161-001",INV/16000161-001,"2007-11-29","0","",SL,"2007-11-29","0","",1,"",0,Rupiah,"2007-11-29","2008-12-26 22:19:57","2008-12-26 22:19:57",
4339,4014,"26000295",1,"26000295-001",INV/26000295-001,"2007-11-29","0","",SL,"2007-11-29","0","",1,"",0,Rupiah,"2007-11-29","2008-12-26 22:19:57","2008-12-26 22:19:57",
4340,4015,"15000277",1,"15000277-001",INV/15000277-001,"2007-11-29","0","",SL,"2007-11-29","0","",1,"",0,Rupiah,"2007-11-29","2008-12-26 22:19:57","2008-12-26 22:19:57",
4341,4016,"26000296",1,"26000296-001",INV/26000296-001,"2007-11-29","0","",SL,"2007-11-29","0","",1,"",0,Rupiah,"2007-11-29","2008-12-26 22:19:57","2008-12-26 22:19:57",
4342,3634,"15000278",1,"15000278-001",INV/15000278-001,"2007-11-29","0","",SL,"2007-11-29","0","",1,"",0,Rupiah,"2007-11-29","2008-12-26 22:19:57","2008-12-26 22:19:57",
4343,4017,"26000297",1,"26000297-001",INV/26000297-001,"2007-11-29","0","",SL,"2007-11-29","0","",1,"",0,Rupiah,"2007-11-29","2008-12-26 22:19:57","2008-12-26 22:19:57",
4344,4018,"11000205",1,"11000205-001",INV/11000205-001,"2007-11-29","0","",SL,"2007-11-29","0","",1,"",0,Rupiah,"2007-11-29","2008-12-26 22:19:57","2008-12-26 22:19:57",
4345,4019,"15000279",1,"15000279-001",INV/15000279-001,"2007-11-29","0","",SL,"2007-11-29","0","",1,"",0,Rupiah,"2007-11-29","2008-12-26 22:19:57","2008-12-26 22:19:57",
4346,4020,"26000298",1,"26000298-001",INV/26000298-001,"2007-11-29","0","",SL,"2007-11-29","0","",1,"",0,Rupiah,"2007-11-29","2008-12-26 22:19:57","2008-12-26 22:19:57",
4347,4021,"12000297",1,"12000297-001",INV/12000297-001,"2007-11-29","0","",SL,"2007-11-29","0","",1,"",0,Rupiah,"2007-11-29","2008-12-26 22:19:57","2008-12-26 22:19:57",
4348,4022,"26000299",1,"26000299-001",INV/26000299-001,"2007-11-29","0","",SL,"2007-11-29","0","",1,"",0,Rupiah,"2007-11-29","2008-12-26 22:19:57","2008-12-26 22:19:57",
4349,4023,"24000823",1,"24000823-001",INV/24000823-001,"2007-11-29","0","",SL,"2007-11-29","0","",1,"",0,Rupiah,"2007-11-29","2008-12-26 22:19:57","2008-12-26 22:19:57",
4350,4024,"26000300",1,"26000300-001",INV/26000300-001,"2007-11-29","0","",SL,"2007-11-29","0","",1,"",0,Rupiah,"2007-11-29","2008-12-26 22:19:57","2008-12-26 22:19:57",
4351,4025,"16000162",1,"16000162-001",INV/16000162-001,"2007-11-29","0","",SL,"2007-11-29","0","",1,"",0,Rupiah,"2007-11-29","2008-12-26 22:19:57","2008-12-26 22:19:57",
4352,4026,"26000301",1,"26000301-001",INV/26000301-001,"2007-11-29","0","",SL,"2007-11-29","0","",1,"",0,Rupiah,"2007-11-29","2008-12-26 22:19:57","2008-12-26 22:19:57",
4353,4027,"27000153",1,"27000153-001",INV/27000153-001,"2007-11-29","0","",SL,"2007-11-29","0","",1,"",0,Rupiah,"2007-11-29","2008-12-26 22:19:57","2008-12-26 22:19:57",
4354,4028,"26000302",1,"26000302-001",INV/26000302-001,"2007-11-29","0","",SL,"2007-11-29","0","",1,"",0,Rupiah,"2007-11-29","2008-12-26 22:19:57","2008-12-26 22:19:57",
4355,4029,"26000313",1,"26000313-001",INV/26000313-001,"2007-11-29","0","",SL,"2007-11-29","0","",1,"",0,Rupiah,"2007-11-29","2008-12-26 22:19:57","2008-12-26 22:19:57",
4356,4030,"26000303",1,"26000303-001",INV/26000303-001,"2007-11-29","0","",SL,"2007-11-29","0","",1,"",0,Rupiah,"2007-11-29","2008-12-26 22:19:57","2008-12-26 22:19:57",
4357,4031,"13000119",1,"13000119-001",INV/13000119-001,"2007-11-29","0","",SL,"2007-11-29","0","",1,"",0,Rupiah,"2007-11-29","2008-12-26 22:19:57","2008-12-26 22:19:57",
4358,4032,"26000304",1,"26000304-001",INV/26000304-001,"2007-11-29","0","",SL,"2007-11-29","0","",1,"",0,Rupiah,"2007-11-29","2008-12-26 22:19:57","2008-12-26 22:19:57",
4359,4033,"27000154",1,"27000154-001",INV/27000154-001,"2007-11-29","0","",SL,"2007-11-29","0","",1,"",0,Rupiah,"2007-11-29","2008-12-26 22:19:57","2008-12-26 22:19:57",
4360,4034,"26000305",1,"26000305-001",INV/26000305-001,"2007-11-29","0","",SL,"2007-11-29","0","",1,"",0,Rupiah,"2007-11-29","2008-12-26 22:19:57","2008-12-26 22:19:57",
4361,4035,"26000306",1,"26000306-001",INV/26000306-001,"2007-11-29","0","",SL,"2007-11-29","0","",1,"",0,Rupiah,"2007-11-29","2008-12-26 22:19:57","2008-12-26 22:19:57",
4362,4036,"26000307",1,"26000307-001",INV/26000307-001,"2007-11-29","0","",SL,"2007-11-29","0","",1,"",0,Rupiah,"2007-11-29","2008-12-26 22:19:57","2008-12-26 22:19:57",
4363,4037,"15000281",1,"15000281-001",INV/15000281-001,"2007-11-29","0","",SL,"2007-11-29","0","",1,"",0,Rupiah,"2007-11-29","2008-12-26 22:19:57","2008-12-26 22:19:57",
4364,4038,"26000308",1,"26000308-001",INV/26000308-001,"2007-11-29","0","",SL,"2007-11-29","0","",1,"",0,Rupiah,"2007-11-29","2008-12-26 22:19:57","2008-12-26 22:19:57",
4365,4039,"16000163",1,"16000163-001",INV/16000163-001,"2007-11-29","0","",SL,"2007-11-29","0","",1,"",0,Rupiah,"2007-11-29","2008-12-26 22:19:57","2008-12-26 22:19:57",
4366,4040,"26000309",1,"26000309-001",INV/26000309-001,"2007-11-29","0","",SL,"2007-11-29","0","",1,"",0,Rupiah,"2007-11-29","2008-12-26 22:19:57","2008-12-26 22:19:57",
4367,4041,"26000310",1,"26000310-001",INV/26000310-001,"2007-11-29","0","",SL,"2007-11-29","0","",1,"",0,Rupiah,"2007-11-29","2008-12-26 22:19:57","2008-12-26 22:19:57",
4368,4042,"15000282",1,"15000282-001",INV/15000282-001,"2007-11-29","0","",SL,"2007-11-29","0","",1,"",0,Rupiah,"2007-11-29","2008-12-26 22:19:57","2008-12-26 22:19:57",
4369,4043,"26000311",1,"26000311-001",INV/26000311-001,"2007-11-29","0","",SL,"2007-11-29","0","",1,"",0,Rupiah,"2007-11-29","2008-12-26 22:19:57","2008-12-26 22:19:57",
4370,4044,"26000312",1,"26000312-001",INV/26000312-001,"2007-11-29","0","",SL,"2007-11-29","0","",1,"",0,Rupiah,"2007-11-29","2008-12-26 22:19:57","2008-12-26 22:19:57",
4371,4045,"15000283",1,"15000283-001",INV/15000283-001,"2007-11-29","0","",SL,"2007-11-29","0","",1,"",0,Rupiah,"2007-11-29","2008-12-26 22:19:57","2008-12-26 22:19:57",
4372,4046,"12000298",1,"12000298-001",INV/12000298-001,"2007-11-29","0","",SL,"2007-11-29","0","",1,"",0,Rupiah,"2007-11-29","2008-12-26 22:19:57","2008-12-26 22:19:57",
4373,4047,"28000792",1,"28000792-001",INV/28000792-001,"2007-11-29","0","",SL,"2007-11-29","0","",1,"",0,Rupiah,"2007-11-29","2008-12-26 22:19:57","2008-12-26 22:19:57",
4374,4048,"20000046",1,"20000046-001",INV/20000046-001,"2007-11-29","0","",SL,"2007-11-29","0","",1,"",0,Rupiah,"2007-11-29","2008-12-26 22:19:57","2008-12-26 22:19:57",
4375,4049,"24000824",1,"24000824-001",INV/24000824-001,"2007-11-29","0","",SL,"2007-11-29","0","",1,"",0,Rupiah,"2007-11-29","2008-12-26 22:19:57","2008-12-26 22:19:57",
4376,4050,"24000825",1,"24000825-001",INV/24000825-001,"2007-11-29","0","",SL,"2007-11-29","0","",1,"",0,Rupiah,"2007-11-29","2008-12-26 22:19:57","2008-12-26 22:19:57",
4377,4051,"24000826",1,"24000826-001",INV/24000826-001,"2007-11-29","0","",SL,"2007-11-29","0","",1,"",0,Rupiah,"2007-11-29","2008-12-26 22:19:57","2008-12-26 22:19:57",
4378,4052,"24000827",1,"24000827-001",INV/24000827-001,"2007-11-29","0","",SL,"2007-11-29","0","",1,"",0,Rupiah,"2007-11-29","2008-12-26 22:19:57","2008-12-26 22:19:57",
4379,4053,"24000828",1,"24000828-001",INV/24000828-001,"2007-11-29","0","",SL,"2007-11-29","0","",1,"",0,Rupiah,"2007-11-29","2008-12-26 22:19:57","2008-12-26 22:19:57",
4380,4054,"24000829",1,"24000829-001",INV/24000829-001,"2007-11-29","0","",SL,"2007-11-29","0","",1,"",0,Rupiah,"2007-11-29","2008-12-26 22:19:57","2008-12-26 22:19:57",
4381,4055,"24000830",1,"24000830-001",INV/24000830-001,"2007-11-29","0","",SL,"2007-11-29","0","",1,"",0,Rupiah,"2007-11-29","2008-12-26 22:19:57","2008-12-26 22:19:57",
4382,4056,"24000831",1,"24000831-001",INV/24000831-001,"2007-11-29","0","",SL,"2007-11-29","0","",1,"",0,Rupiah,"2007-11-29","2008-12-26 22:19:57","2008-12-26 22:19:57",
4383,4057,"24000832",1,"24000832-001",INV/24000832-001,"2007-11-29","0","",SL,"2007-11-29","0","",1,"",0,Rupiah,"2007-11-29","2008-12-26 22:19:57","2008-12-26 22:19:57",
4384,4058,"24000833",1,"24000833-001",INV/24000833-001,"2007-11-29","0","",SL,"2007-11-29","0","",1,"",0,Rupiah,"2007-11-29","2008-12-26 22:19:57","2008-12-26 22:19:57",
4385,4059,"12000148",1,"12000148-001",INV/12000148-001,"2007-11-29","0","",SL,"2007-11-29","0","",1,"",0,Rupiah,"2007-11-29","2008-12-26 22:19:57","2008-12-26 22:19:57",
4386,4060,"16000170",1,"16000170-001",INV/16000170-001,"2007-11-29","0","",SL,"2007-11-29","0","",1,"",0,Rupiah,"2007-11-29","2008-12-26 22:19:57","2008-12-26 22:19:57",
4387,4061,"16000169",1,"16000169-001",INV/16000169-001,"2007-11-29","0","",SL,"2007-11-29","0","",1,"",0,Rupiah,"2007-11-29","2008-12-26 22:19:57","2008-12-26 22:19:57",
4388,4062,"15000284",1,"15000284-001",INV/15000284-001,"2007-11-29","0","",SL,"2007-11-29","0","",1,"",0,Rupiah,"2007-11-29","2008-12-26 22:19:57","2008-12-26 22:19:57",
4389,4063,"24000680",1,"24000680-001",INV/24000680-001,"2007-11-29","0","",SL,"2007-11-29","0","",1,"",0,Rupiah,"2007-11-29","2008-12-26 22:19:57","2008-12-26 22:19:57",
4390,4064,"16000168",1,"16000168-001",INV/16000168-001,"2007-11-29","0","",SL,"2007-11-29","0","",1,"",0,Rupiah,"2007-11-29","2008-12-26 22:19:57","2008-12-26 22:19:57",
4391,4065,"16000167",1,"16000167-001",INV/16000167-001,"2007-11-29","0","",SL,"2007-11-29","0","",1,"",0,Rupiah,"2007-11-29","2008-12-26 22:19:57","2008-12-26 22:19:57",
4392,4066,"16000166",1,"16000166-001",INV/16000166-001,"2007-11-29","0","",SL,"2007-11-29","0","",1,"",0,Rupiah,"2007-11-29","2008-12-26 22:19:57","2008-12-26 22:19:57",
4393,4067,"16000165",1,"16000165-001",INV/16000165-001,"2007-11-29","0","",SL,"2007-11-29","0","",1,"",0,Rupiah,"2007-11-29","2008-12-26 22:19:57","2008-12-26 22:19:57",
4394,4068,"16000164",1,"16000164-001",INV/16000164-001,"2007-11-29","0","",SL,"2007-11-29","0","",1,"",0,Rupiah,"2007-11-29","2008-12-26 22:19:57","2008-12-26 22:19:57",
4396,4070,"11000206",1,"11000206-001",INV/11000206-001,"2007-11-29","0","",SL,"2007-11-29","0","",1,"",0,Rupiah,"2007-11-29","2008-12-26 22:19:57","2008-12-26 22:19:57",
4397,4071,"28000795",1,"28000795-001",INV/28000795-001,"2007-11-29","0","",SL,"2007-11-29","0","",1,"",0,Rupiah,"2007-11-29","2008-12-26 22:19:57","2008-12-26 22:19:57",
4398,4072,"28000794",1,"28000794-001",INV/28000794-001,"2007-11-29","0","",SL,"2007-11-29","0","",1,"",0,Rupiah,"2007-11-29","2008-12-26 22:19:57","2008-12-26 22:19:57",
4399,4073,"24000822",1,"24000822-001",INV/24000822-001,"2007-11-29","0","",SL,"2007-11-29","0","",1,"",0,Rupiah,"2007-11-29","2008-12-26 22:19:57","2008-12-26 22:19:57",
4400,4074,"23000106",1,"23000106-001",INV/23000106-001,"2007-11-29","0","",SL,"2007-11-29","0","",1,"",0,Rupiah,"2007-11-29","2008-12-26 22:19:57","2008-12-26 22:19:57",
4401,4075,"28000793",1,"28000793-001",INV/28000793-001,"2007-11-29","0","",SL,"2007-11-29","0","",1,"",0,Rupiah,"2007-11-29","2008-12-26 22:19:57","2008-12-26 22:19:57",
4402,4076,"12000299",1,"12000299-001",INV/12000299-001,"2007-11-29","0","",SL,"2007-11-29","0","",1,"",0,Rupiah,"2007-11-29","2008-12-26 22:19:57","2008-12-26 22:19:57",
5029,4697,"13000178",1,"13000178-001",INV/13000178-001,"2026-08-02","0","",SL,"2026-08-02","0","",1,"",0,,"2026-08-02","2026-08-02 10:20:23","2026-08-02 10:20:23",1
4408,4082,"28000798",1,"28000798-001",INV/28000798-001,"2007-11-29","0","",SL,"2007-11-29","0","",1,"",0,Rupiah,"2007-11-29","2008-12-26 22:19:57","2008-12-26 22:19:57",
4409,4083,"20000047",1,"20000047-001",INV/20000047-001,"2007-11-29","0","",SL,"2007-11-29","0","",1,"",0,Rupiah,"2007-11-29","2008-12-26 22:19:57","2008-12-26 22:19:57",
4410,4084,"28000796",1,"28000796-001",INV/28000796-001,"2007-11-29","0","",SL,"2007-11-29","0","",1,"",0,Rupiah,"2007-11-29","2008-12-26 22:19:57","2008-12-26 22:19:57",
4411,4085,"28000797",1,"28000797-001",INV/28000797-001,"2007-11-29","0","",SL,"2007-11-29","0","",1,"",0,Rupiah,"2007-11-29","2008-12-26 22:19:57","2008-12-26 22:19:57",
4412,4086,"11000207",1,"11000207-001",INV/11000207-001,"2007-11-29","0","",SL,"2007-11-29","0","",1,"",0,Rupiah,"2007-11-29","2008-12-26 22:19:57","2008-12-26 22:19:57",
4413,4087,"11000208",1,"11000208-001",INV/11000208-001,"2007-11-29","0","",SL,"2007-11-29","0","",1,"",0,Rupiah,"2007-11-29","2008-12-26 22:19:57","2008-12-26 22:19:57",
4414,4088,"14000089",1,"14000089-001",INV/14000089-001,"2007-11-29","0","",SL,"2007-11-29","0","",1,"",0,Rupiah,"2007-11-29","2008-12-26 22:19:57","2008-12-26 22:19:57",
4415,4089,"24000834",1,"24000834-001",INV/24000834-001,"2007-11-29","0","",SL,"2007-11-29","0","",1,"",0,Rupiah,"2007-11-29","2008-12-26 22:19:57","2008-12-26 22:19:57",
4416,4090,"24000835",1,"24000835-001",INV/24000835-001,"2007-11-29","0","",SL,"2007-11-29","0","",1,"",0,Rupiah,"2007-11-29","2008-12-26 22:19:57","2008-12-26 22:19:57",
4417,4091,"13000121",1,"13000121-001",INV/13000121-001,"2007-11-29","0","",SL,"2007-11-29","0","",1,"",0,Rupiah,"2007-11-29","2008-12-26 22:19:57","2008-12-26 22:19:57",
4418,4092,"16000172",1,"16000172-001",INV/16000172-001,"2007-11-29","0","",SL,"2007-11-29","0","",1,"",0,Rupiah,"2007-11-29","2008-12-26 22:19:57","2008-12-26 22:19:57",
4419,4093,"27000155",1,"27000155-001",INV/27000155-001,"2007-11-29","0","",SL,"2007-11-29","0","",1,"",0,Rupiah,"2007-11-29","2008-12-26 22:19:57","2008-12-26 22:19:57",
4420,4094,"16000171",1,"16000171-001",INV/16000171-001,"2007-11-29","0","",SL,"2007-11-29","0","",1,"",0,Rupiah,"2007-11-29","2008-12-26 22:19:57","2008-12-26 22:19:57",
4422,4096,"16000174",1,"16000174-001",INV/16000174-001,"2007-11-29","0","",SL,"2007-11-29","0","",1,"",0,Rupiah,"2007-11-29","2008-12-26 22:19:57","2008-12-26 22:19:57",
4423,4097,"24000836",1,"24000836-001",INV/24000836-001,"2007-11-29","0","",SL,"2007-11-29","0","",1,"",0,Rupiah,"2007-11-29","2008-12-26 22:19:57","2008-12-26 22:19:57",
4425,4099,"24000837",1,"24000837-001",INV/24000837-001,"2007-11-29","0","",SL,"2007-11-29","0","",1,"",0,Rupiah,"2007-11-29","2008-12-26 22:19:57","2008-12-26 22:19:57",
4426,4100,"19000105",1,"19000105-001",INV/19000105-001,"2007-11-29",,"",SL,"2007-11-29","0","",1,"",0,Rupiah,"2007-11-29","2008-12-26 22:19:57","2026-07-22 15:22:16",
4427,4101,"24000838",1,"24000838-001",INV/24000838-001,"2007-11-29","0","",SL,"2007-11-29","0","",1,"",0,Rupiah,"2007-11-29","2008-12-26 22:19:57","2008-12-26 22:19:57",
4428,4102,"11000209",1,"11000209-001",INV/11000209-001,"2007-11-29","0","",SL,"2007-11-29","0","",1,"",0,Rupiah,"2007-11-29","2008-12-26 22:19:57","2008-12-26 22:19:57",
4429,4103,"24000839",1,"24000839-001",INV/24000839-001,"2007-11-29","0","",SL,"2007-11-29","0","",1,"",0,Rupiah,"2007-11-29","2008-12-26 22:19:57","2008-12-26 22:19:57",
4430,4104,"16000173",1,"16000173-001",INV/16000173-001,"2007-11-29","0","",SL,"2007-11-29","0","",1,"",0,Rupiah,"2007-11-29","2008-12-26 22:19:57","2008-12-26 22:19:57",
4431,4105,"24000840",1,"24000840-001",INV/24000840-001,"2007-11-29","0","",SL,"2007-11-29","0","",1,"",0,Rupiah,"2007-11-29","2008-12-26 22:19:57","2008-12-26 22:19:57",
4432,4106,"24000841",1,"24000841-001",INV/24000841-001,"2007-11-29","0","",SL,"2007-11-29","0","",1,"",0,Rupiah,"2007-11-29","2008-12-26 22:19:57","2008-12-26 22:19:57",
4433,4107,"12000300",1,"12000300-001",INV/12000300-001,"2007-11-29","0","",SL,"2007-11-29","0","",1,"",0,Rupiah,"2007-11-29","2008-12-26 22:19:57","2008-12-26 22:19:57",
4434,4108,"24000842",1,"24000842-001",INV/24000842-001,"2007-11-29","0","",SL,"2007-11-29","0","",1,"",0,Rupiah,"2007-11-29","2008-12-26 22:19:57","2008-12-26 22:19:57",
4435,4109,"12000228",1,"12000228-001",INV/12000228-001,"2007-11-29","0","",SL,"2007-11-29","0","",1,"",0,Rupiah,"2007-11-29","2008-12-26 22:19:57","2008-12-26 22:19:57",
4437,4111,"16000177",1,"16000177-001",INV/16000177-001,"2007-11-29","0","",SL,"2007-11-29","0","",1,"",0,Rupiah,"2007-11-29","2008-12-26 22:19:57","2008-12-26 22:19:57",
4438,4112,"13000123",1,"13000123-001",INV/13000123-001,"2007-11-29",,"",SL,"2007-11-29","0","",1,"",0,Rupiah,"2007-11-29","2008-12-26 22:19:57","2026-08-05 16:51:58",
5002,4670,"13000151",1,"13000151-001",INV/13000151-001,"2026-08-01",,"",SL,"2026-08-01","0","",1,"",0,,"2026-08-01","2026-08-01 18:38:23","2026-08-02 07:18:55",1
4441,4115,"16000176",1,"16000176-001",INV/16000176-001,"2007-11-29","0","",SL,"2007-11-29","0","",1,"",0,Rupiah,"2007-11-29","2008-12-26 22:19:57","2008-12-26 22:19:57",
4442,4116,"16000175",1,"16000175-001",INV/16000175-001,"2007-11-29","0","",SL,"2007-11-29","0","",1,"",0,Rupiah,"2007-11-29","2008-12-26 22:19:57","2008-12-26 22:19:57",
4443,4117,"13000122",1,"13000122-001",INV/13000122-001,"2007-11-29","0","",SL,"2007-11-29","0","",1,"",0,Rupiah,"2007-11-29","2008-12-26 22:19:57","2008-12-26 22:19:57",
4444,4118,"16000178",1,"16000178-001",INV/16000178-001,"2007-11-29","0","",SL,"2007-11-29","0","",1,"",0,Rupiah,"2007-11-29","2008-12-26 22:19:57","2008-12-26 22:19:57",
4446,4120,"12000301",1,"12000301-001",INV/12000301-001,"2007-11-29","0","",SL,"2007-11-29","0","",1,"",0,Rupiah,"2007-11-29","2008-12-26 22:19:57","2008-12-26 22:19:57",
4447,4121,"19000106",1,"19000106-001",INV/19000106-001,"2007-11-29",,"",SL,"2007-11-29","0","",1,"",0,Rupiah,"2007-11-29","2008-12-26 22:19:57","2026-07-19 11:26:33",
4448,4122,"13000124",1,"13000124-001",INV/13000124-001,"2007-11-29",,"",SL,"2007-11-29","0","",1,"",0,Rupiah,"2007-11-29","2008-12-26 22:19:57","2026-08-05 16:55:02",
4449,4123,"16000179",1,"16000179-001",INV/16000179-001,"2007-11-29","0","",SL,"2007-11-29","0","",1,"",0,Rupiah,"2007-11-29","2008-12-26 22:19:57","2008-12-26 22:19:57",
4450,4124,"13000125",1,"13000125-001",INV/13000125-001,"2007-11-29","0","",SL,"2007-11-29","0","",1,"",0,Rupiah,"2007-11-29","2008-12-26 22:19:57","2008-12-26 22:19:57",
4451,4125,"13000126",1,"13000126-001",INV/13000126-001,"2007-11-29",,"",SL,"2007-11-29","0","",1,"",0,Rupiah,"2007-11-29","2008-12-26 22:19:57","2026-08-05 16:59:19",
4452,4126,"10000131",1,"10000131-001",INV/10000131-001,"2007-11-29","0","",SL,"2007-11-29","0","",1,"",0,Rupiah,"2007-11-29","2008-12-26 22:19:57","2008-12-26 22:19:57",
4454,4128,"24000760",1,"24000760-001",INV/24000760-001,"2007-11-29","0","",SL,"2007-11-29","0","",1,"",0,Rupiah,"2007-11-29","2008-12-26 22:19:57","2008-12-26 22:19:57",
4455,4129,"27000157",1,"27000157-001",INV/27000157-001,"2007-11-29","0","",SL,"2007-11-29","0","",1,"",0,Rupiah,"2007-11-29","2008-12-26 22:19:57","2008-12-26 22:19:57",
4456,4130,"55000012",1,"55000012-001",INV/55000012-001,"2007-11-29","0","",SL,"2007-11-29","0","",1,"",0,Rupiah,"2007-11-29","2008-12-26 22:19:57","2008-12-26 22:19:57",
4457,4131,"24000843",1,"24000843-001",INV/24000843-001,"2007-11-29","0","",SL,"2007-11-29","0","",1,"",0,Rupiah,"2007-11-29","2008-12-26 22:19:57","2008-12-26 22:19:57",
4458,4132,"15000285",1,"15000285-001",INV/15000285-001,"2007-11-29","0","",SL,"2007-11-29","0","",1,"",0,Rupiah,"2007-11-29","2008-12-26 22:19:57","2008-12-26 22:19:57",
4459,4133,"12000302",1,"12000302-001",INV/12000302-001,"2007-11-29","0","",SL,"2007-11-29","0","",1,"",0,Rupiah,"2007-11-29","2008-12-26 22:19:57","2008-12-26 22:19:57",
4460,4134,"24000844",1,"24000844-001",INV/24000844-001,"2007-11-29","0","",SL,"2007-11-29","0","",1,"",0,Rupiah,"2007-11-29","2008-12-26 22:19:57","2008-12-26 22:19:57",
4461,4135,"15000288",1,"15000288-001",INV/15000288-001,"2007-11-29","0","",SL,"2007-11-29","0","",1,"",0,Rupiah,"2007-11-29","2008-12-26 22:19:57","2008-12-26 22:19:57",
4462,4136,"15000286",1,"15000286-001",INV/15000286-001,"2007-11-29","0","",SL,"2007-11-29","0","",1,"",0,Rupiah,"2007-11-29","2008-12-26 22:19:57","2008-12-26 22:19:57",
4463,4137,"24000845",1,"24000845-001",INV/24000845-001,"2007-11-29","0","",SL,"2007-11-29","0","",1,"",0,Rupiah,"2007-11-29","2008-12-26 22:19:57","2008-12-26 22:19:57",
4464,4138,"24000848",1,"24000848-001",INV/24000848-001,"2007-11-29","0","",SL,"2007-11-29","0","",1,"",0,Rupiah,"2007-11-29","2008-12-26 22:19:57","2008-12-26 22:19:57",
4465,4139,"24000846",1,"24000846-001",INV/24000846-001,"2007-11-29","0","",SL,"2007-11-29","0","",1,"",0,Rupiah,"2007-11-29","2008-12-26 22:19:57","2008-12-26 22:19:57",
4466,4140,"55000008",1,"55000008-001",INV/55000008-001,"2007-11-29",,"",SL,"2007-11-29","0","",1,"",0,Rupiah,"2007-11-29","2008-12-26 22:19:57","2026-08-13 10:54:33",
4467,4141,"24000847",1,"24000847-001",INV/24000847-001,"2007-11-29","0","",SL,"2007-11-29","0","",1,"",0,Rupiah,"2007-11-29","2008-12-26 22:19:57","2008-12-26 22:19:57",
4468,4142,"12000303",1,"12000303-001",INV/12000303-001,"2007-11-29","0","",SL,"2007-11-29","0","",1,"",0,Rupiah,"2007-11-29","2008-12-26 22:19:57","2008-12-26 22:19:57",
4469,4143,"13000129",1,"13000129-001",INV/13000129-001,"2007-11-29",,"",SL,"2007-11-29","0","",1,"",0,Rupiah,"2007-11-29","2008-12-26 22:19:57","2026-08-05 17:07:19",
4470,4144,"24000849",1,"24000849-001",INV/24000849-001,"2007-11-29","0","",SL,"2007-11-29","0","",1,"",0,Rupiah,"2007-11-29","2008-12-26 22:19:57","2008-12-26 22:19:57",
4471,4145,"16000186",1,"16000186-001",INV/16000186-001,"2007-11-29","0","",SL,"2007-11-29","0","",1,"",0,Rupiah,"2007-11-29","2008-12-26 22:19:57","2008-12-26 22:19:57",
4472,2562,"10000132",1,"10000132-001",INV/10000132-001,"2007-11-29","0","",SL,"2007-11-29","0","",1,"",0,Rupiah,"2007-11-29","2008-12-26 22:19:57","2008-12-26 22:19:57",
4474,4147,"24000850",1,"24000850-001",INV/24000850-001,"2007-11-29","0","",SL,"2007-11-29","0","",1,"",0,Rupiah,"2007-11-29","2008-12-26 22:19:57","2008-12-26 22:19:57",
4475,4148,"55000002",1,"55000002-001",INV/55000002-001,"2007-11-29","0","",SL,"2007-11-29","0","",1,"",0,Rupiah,"2007-11-29","2008-12-26 22:19:57","2008-12-26 22:19:57",
4477,4150,"24000884",1,"24000884-001",INV/24000884-001,"2007-11-29","0","",SL,"2007-11-29","0","",1,"",0,Rupiah,"2007-11-29","2008-12-26 22:19:57","2008-12-26 22:19:57",
4478,4151,"24000851",1,"24000851-001",INV/24000851-001,"2007-11-29","0","",SL,"2007-11-29","0","",1,"",0,Rupiah,"2007-11-29","2008-12-26 22:19:57","2008-12-26 22:19:57",
4480,4153,"13000130",1,"13000130-001",INV/13000130-001,"2007-11-29",,"",SL,"2007-11-29","0","",1,"",0,Rupiah,"2007-11-29","2008-12-26 22:19:57","2026-08-05 17:13:05",
4481,4154,"40000058",1,"40000058-001",INV/40000058-001,"2007-11-29","0","",SL,"2007-11-29","0","",1,"",0,Rupiah,"2007-11-29","2008-12-26 22:19:57","2008-12-26 22:19:57",
4482,4155,"19000107",1,"19000107-001",INV/19000107-001,"2007-11-29",,"",SL,"2007-11-29","0","",1,"",0,Rupiah,"2007-11-29","2008-12-26 22:19:57","2026-07-19 11:25:18",
4483,4156,"24000852",1,"24000852-001",INV/24000852-001,"2007-11-29","0","",SL,"2007-11-29","0","",1,"",0,Rupiah,"2007-11-29","2008-12-26 22:19:57","2008-12-26 22:19:57",
4484,4157,"24000885",1,"24000885-001",INV/24000885-001,"2007-11-29","0","",SL,"2007-11-29","0","",1,"",0,Rupiah,"2007-11-29","2008-12-26 22:19:57","2008-12-26 22:19:57",
4485,4158,"55000001",1,"55000001-001",INV/55000001-001,"2007-11-29","0","",SL,"2007-11-29","0","",1,"",0,Rupiah,"2007-11-29","2008-12-26 22:19:57","2008-12-26 22:19:57",
4486,4159,"24000853",1,"24000853-001",INV/24000853-001,"2007-11-29","0","",SL,"2007-11-29","0","",1,"",0,Rupiah,"2007-11-29","2008-12-26 22:19:57","2008-12-26 22:19:57",
4487,4160,"24000890",1,"24000890-001",INV/24000890-001,"2007-11-29","0","",SL,"2007-11-29","0","",1,"",0,Rupiah,"2007-11-29","2008-12-26 22:19:57","2008-12-26 22:19:57",
4488,4161,"24000886",1,"24000886-001",INV/24000886-001,"2007-11-29","0","",SL,"2007-11-29","0","",1,"",0,Rupiah,"2007-11-29","2008-12-26 22:19:57","2008-12-26 22:19:57",
4489,4162,"20000048",1,"20000048-001",INV/20000048-001,"2007-11-29","0","",SL,"2007-11-29","0","",1,"",0,Rupiah,"2007-11-29","2008-12-26 22:19:57","2008-12-26 22:19:57",
4490,4163,"24000854",1,"24000854-001",INV/24000854-001,"2007-11-29","0","",SL,"2007-11-29","0","",1,"",0,Rupiah,"2007-11-29","2008-12-26 22:19:57","2008-12-26 22:19:57",
4491,4164,"13000136",1,"13000136-001",INV/13000136-001,"2007-11-29",,"",SL,"2007-11-29","0","",1,"",0,Rupiah,"2007-11-29","2008-12-26 22:19:57","2026-07-25 13:54:36",
4492,4165,"55000003",1,"55000003-001",INV/55000003-001,"2007-11-29","0","",SL,"2007-11-29","0","",1,"",0,Rupiah,"2007-11-29","2008-12-26 22:19:57","2008-12-26 22:19:57",
4493,4166,"24000855",1,"24000855-001",INV/24000855-001,"2007-11-29","0","",SL,"2007-11-29","0","",1,"",0,Rupiah,"2007-11-29","2008-12-26 22:19:57","2008-12-26 22:19:57",
4494,4167,"24000887",1,"24000887-001",INV/24000887-001,"2007-11-29","0","",SL,"2007-11-29","0","",1,"",0,Rupiah,"2007-11-29","2008-12-26 22:19:57","2008-12-26 22:19:57",
4495,4168,"13000135",1,"13000135-001",INV/13000135-001,"2007-11-29",,"",SL,"2007-11-29","0","",1,"",0,Rupiah,"2007-11-29","2008-12-26 22:19:57","2026-08-05 17:18:14",
4496,4169,"24000856",1,"24000856-001",INV/24000856-001,"2007-11-29","0","",SL,"2007-11-29","0","",1,"",0,Rupiah,"2007-11-29","2008-12-26 22:19:57","2008-12-26 22:19:57",
4497,4170,"19000108",1,"19000108-001",INV/19000108-001,"2007-11-29",,"",SL,"2007-11-29","0","",1,"",0,Rupiah,"2007-11-29","2008-12-26 22:19:57","2026-07-22 15:29:25",
4498,4171,"17000087",1,"17000087-001",INV/17000087-001,"2007-11-29","0","",SL,"2007-11-29","0","",1,"",0,Rupiah,"2007-11-29","2008-12-26 22:19:57","2008-12-26 22:19:57",
4499,4172,"24000888",1,"24000888-001",INV/24000888-001,"2007-11-29","0","",SL,"2007-11-29","0","",1,"",0,Rupiah,"2007-11-29","2008-12-26 22:19:57","2008-12-26 22:19:57",
4500,4173,"24000857",1,"24000857-001",INV/24000857-001,"2007-11-29","0","",SL,"2007-11-29","0","",1,"",0,Rupiah,"2007-11-29","2008-12-26 22:19:57","2008-12-26 22:19:57",
4501,4174,"55000004",1,"55000004-001",INV/55000004-001,"2007-11-29",,"",SL,"2007-11-29","0","",1,"",0,Rupiah,"2007-11-29","2008-12-26 22:19:57","2026-08-13 10:43:16",
4502,4175,"40000057",1,"40000057-001",INV/40000057-001,"2007-11-29","0","",SL,"2007-11-29","0","",1,"",0,Rupiah,"2007-11-29","2008-12-26 22:19:57","2008-12-26 22:19:57",
4503,4176,"24000858",1,"24000858-001",INV/24000858-001,"2007-11-29","0","",SL,"2007-11-29","0","",1,"",0,Rupiah,"2007-11-29","2008-12-26 22:19:57","2008-12-26 22:19:57",
4504,4177,"24000889",1,"24000889-001",INV/24000889-001,"2007-11-29","0","",SL,"2007-11-29","0","",1,"",0,Rupiah,"2007-11-29","2008-12-26 22:19:57","2008-12-26 22:19:57",
4506,4179,"55000030",1,"55000030-001",INV/55000030-001,"2007-11-29","0","",SL,"2007-11-29","0","",1,"",0,Rupiah,"2007-11-29","2008-12-26 22:19:57","2008-12-26 22:19:57",
4507,4180,"24000859",1,"24000859-001",INV/24000859-001,"2007-11-29","0","",SL,"2007-11-29","0","",1,"",0,Rupiah,"2007-11-29","2008-12-26 22:19:57","2008-12-26 22:19:57",
4508,4181,"10000136",1,"10000136-001",INV/10000136-001,"2007-11-29","0","",SL,"2007-11-29","0","",1,"",0,Rupiah,"2007-11-29","2008-12-26 22:19:57","2008-12-26 22:19:57",
4509,4182,"55000005",1,"55000005-001",INV/55000005-001,"2007-11-29","0","",SL,"2007-11-29","0","",1,"",0,Rupiah,"2007-11-29","2008-12-26 22:19:57","2008-12-26 22:19:57",
4510,4183,"24000860",1,"24000860-001",INV/24000860-001,"2007-11-29","0","",SL,"2007-11-29","0","",1,"",0,Rupiah,"2007-11-29","2008-12-26 22:19:57","2008-12-26 22:19:57",
4511,4184,"10000133",1,"10000133-001",INV/10000133-001,"2007-11-29","0","",SL,"2007-11-29","0","",1,"",0,Rupiah,"2007-11-29","2008-12-26 22:19:57","2008-12-26 22:19:57",
4512,4185,"55000011",1,"55000011-001",INV/55000011-001,"2007-11-29","0","",SL,"2007-11-29","0","",1,"",0,Rupiah,"2007-11-29","2008-12-26 22:19:57","2008-12-26 22:19:57",
4513,4186,"16000181",1,"16000181-001",INV/16000181-001,"2007-11-29","0","",SL,"2007-11-29","0","",1,"",0,Rupiah,"2007-11-29","2008-12-26 22:19:57","2008-12-26 22:19:57",
4514,4187,"24000861",1,"24000861-001",INV/24000861-001,"2007-11-29","0","",SL,"2007-11-29","0","",1,"",0,Rupiah,"2007-11-29","2008-12-26 22:19:57","2008-12-26 22:19:57",
4515,4188,"10000134",1,"10000134-001",INV/10000134-001,"2007-11-29","0","",SL,"2007-11-29","0","",1,"",0,Rupiah,"2007-11-29","2008-12-26 22:19:57","2008-12-26 22:19:57",
4516,4189,"24000862",1,"24000862-001",INV/24000862-001,"2007-11-29","0","",SL,"2007-11-29","0","",1,"",0,Rupiah,"2007-11-29","2008-12-26 22:19:57","2008-12-26 22:19:57",
4517,4190,"10000135",1,"10000135-001",INV/10000135-001,"2007-11-29","0","",SL,"2007-11-29","0","",1,"",0,Rupiah,"2007-11-29","2008-12-26 22:19:57","2008-12-26 22:19:57",
4518,4191,"55000038",1,"55000038-001",INV/55000038-001,"2007-11-29","0","",SL,"2007-11-29","0","",1,"",0,Rupiah,"2007-11-29","2008-12-26 22:19:57","2008-12-26 22:19:57",
4519,4192,"24000863",1,"24000863-001",INV/24000863-001,"2007-11-29","0","",SL,"2007-11-29","0","",1,"",0,Rupiah,"2007-11-29","2008-12-26 22:19:57","2008-12-26 22:19:57",
4520,4193,"55000006",1,"55000006-001",INV/55000006-001,"2007-11-29","0","",SL,"2007-11-29","0","",1,"",0,Rupiah,"2007-11-29","2008-12-26 22:19:57","2008-12-26 22:19:57",
4522,4195,"40000059",1,"40000059-001",INV/40000059-001,"2007-11-29","0","",SL,"2007-11-29","0","",1,"",0,Rupiah,"2007-11-29","2008-12-26 22:19:57","2008-12-26 22:19:57",
4523,4196,"24000864",1,"24000864-001",INV/24000864-001,"2007-11-29","0","",SL,"2007-11-29","0","",1,"",0,Rupiah,"2007-11-29","2008-12-26 22:19:57","2008-12-26 22:19:57",
4524,4197,"55000026",1,"55000026-001",INV/55000026-001,"2007-11-29","0","",SL,"2007-11-29","0","",1,"",0,Rupiah,"2007-11-29","2008-12-26 22:19:57","2008-12-26 22:19:57",
4525,4198,"10000138",1,"10000138-001",INV/10000138-001,"2007-11-29","0","",SL,"2007-11-29","0","",1,"",0,Rupiah,"2007-11-29","2008-12-26 22:19:57","2008-12-26 22:19:57",
4526,4199,"24000865",1,"24000865-001",INV/24000865-001,"2007-11-29","0","",SL,"2007-11-29","0","",1,"",0,Rupiah,"2007-11-29","2008-12-26 22:19:57","2008-12-26 22:19:57",
4527,4200,"55000007",1,"55000007-001",INV/55000007-001,"2007-11-29","0","",SL,"2007-11-29","0","",1,"",0,Rupiah,"2007-11-29","2008-12-26 22:19:57","2008-12-26 22:19:57",
4528,4201,"10000137",1,"10000137-001",INV/10000137-001,"2007-11-29","0","",SL,"2007-11-29","0","",1,"",0,Rupiah,"2007-11-29","2008-12-26 22:19:57","2008-12-26 22:19:57",
4529,4202,"16000182",1,"16000182-001",INV/16000182-001,"2007-11-29","0","",SL,"2007-11-29","0","",1,"",0,Rupiah,"2007-11-29","2008-12-26 22:19:57","2008-12-26 22:19:57",
4530,4203,"24000866",1,"24000866-001",INV/24000866-001,"2007-11-29","0","",SL,"2007-11-29","0","",1,"",0,Rupiah,"2007-11-29","2008-12-26 22:19:57","2008-12-26 22:19:57",
4531,4204,"17000059",1,"17000059-001",INV/17000059-001,"2007-11-29","0","",SL,"2007-11-29","0","",1,"",0,Rupiah,"2007-11-29","2008-12-26 22:19:57","2008-12-26 22:19:57",
4532,4205,"10000002",1,"10000002-001",INV/10000002-001,"2007-11-29","0","",SL,"2007-11-29","0","",1,"",0,Rupiah,"2007-11-29","2008-12-26 22:19:57","2008-12-26 22:19:57",
4533,4206,"24000867",1,"24000867-001",INV/24000867-001,"2007-11-29","0","",SL,"2007-11-29","0","",1,"",0,Rupiah,"2007-11-29","2008-12-26 22:19:57","2008-12-26 22:19:57",
4534,4207,"10000139",1,"10000139-001",INV/10000139-001,"2007-11-29","0","",SL,"2007-11-29","0","",1,"",0,Rupiah,"2007-11-29","2008-12-26 22:19:57","2008-12-26 22:19:57",
4535,4208,"40000049",1,"40000049-001",INV/40000049-001,"2007-11-29","0","",SL,"2007-11-29","0","",1,"",0,Rupiah,"2007-11-29","2008-12-26 22:19:57","2008-12-26 22:19:57",
4536,4209,"24000868",1,"24000868-001",INV/24000868-001,"2007-11-29","0","",SL,"2007-11-29","0","",1,"",0,Rupiah,"2007-11-29","2008-12-26 22:19:57","2008-12-26 22:19:57",
4537,4210,"11000171",1,"11000171-001",INV/11000171-001,"2007-11-29","0","",SL,"2007-11-29","0","",1,"",0,Rupiah,"2007-11-29","2008-12-26 22:19:57","2008-12-26 22:19:57",
4538,4211,"55000010",1,"55000010-001",INV/55000010-001,"2007-11-29","0","",SL,"2007-11-29","0","",1,"",0,Rupiah,"2007-11-29","2008-12-26 22:19:57","2008-12-26 22:19:57",
4539,4212,"10000140",1,"10000140-001",INV/10000140-001,"2007-11-29","0","",SL,"2007-11-29","0","",1,"",0,Rupiah,"2007-11-29","2008-12-26 22:19:57","2008-12-26 22:19:57",
4540,4213,"24000869",1,"24000869-001",INV/24000869-001,"2007-11-29","0","",SL,"2007-11-29","0","",1,"",0,Rupiah,"2007-11-29","2008-12-26 22:19:57","2008-12-26 22:19:57",
4541,4214,"55000009",1,"55000009-001",INV/55000009-001,"2007-11-29","0","",SL,"2007-11-29","0","",1,"",0,Rupiah,"2007-11-29","2008-12-26 22:19:57","2008-12-26 22:19:57",
4542,4215,"55000020",1,"55000020-001",INV/55000020-001,"2007-11-29","0","",SL,"2007-11-29","0","",1,"",0,Rupiah,"2007-11-29","2008-12-26 22:19:57","2008-12-26 22:19:57",
4543,4216,"10000141",1,"10000141-001",INV/10000141-001,"2007-11-29","0","",SL,"2007-11-29","0","",1,"",0,Rupiah,"2007-11-29","2008-12-26 22:19:57","2008-12-26 22:19:57",
4544,4217,"22000101",1,"22000101-001",INV/22000101-001,"2007-11-29","0","",SL,"2007-11-29","0","",1,"",0,Rupiah,"2007-11-29","2008-12-26 22:19:57","2008-12-26 22:19:57",
4545,4218,"13000127",1,"13000127-001",INV/13000127-001,"2007-11-29",,"",SL,"2007-11-29","0","",1,"",0,Rupiah,"2007-11-29","2008-12-26 22:19:57","2026-08-05 17:01:28",
4546,4219,"24000870",1,"24000870-001",INV/24000870-001,"2007-11-29","0","",SL,"2007-11-29","0","",1,"",0,Rupiah,"2007-11-29","2008-12-26 22:19:57","2008-12-26 22:19:57",
4547,4220,"14000081",1,"14000081-001",INV/14000081-001,"2007-11-29","0","",SL,"2007-11-29","0","",1,"",0,Rupiah,"2007-11-29","2008-12-26 22:19:57","2008-12-26 22:19:57",
4548,4221,"10000142",1,"10000142-001",INV/10000142-001,"2007-11-29","0","",SL,"2007-11-29","0","",1,"",0,Rupiah,"2007-11-29","2008-12-26 22:19:57","2008-12-26 22:19:57",
4549,4222,"22000005",1,"22000005-001",INV/22000005-001,"2007-11-29","0","",SL,"2007-11-29","0","",1,"",0,Rupiah,"2007-11-29","2008-12-26 22:19:57","2008-12-26 22:19:57",
4550,4223,"16000221",1,"16000221-001",INV/16000221-001,"2007-11-29","0","",SL,"2007-11-29","0","",1,"",0,Rupiah,"2007-11-29","2008-12-26 22:19:57","2008-12-26 22:19:57",
4551,4224,"24000871",1,"24000871-001",INV/24000871-001,"2007-11-29","0","",SL,"2007-11-29","0","",1,"",0,Rupiah,"2007-11-29","2008-12-26 22:19:57","2008-12-26 22:19:57",
4552,4225,"10000143",1,"10000143-001",INV/10000143-001,"2007-11-29","0","",SL,"2007-11-29","0","",1,"",0,Rupiah,"2007-11-29","2008-12-26 22:19:57","2008-12-26 22:19:57",
4554,4227,"40000054",1,"40000054-001",INV/40000054-001,"2007-11-29","0","",SL,"2007-11-29","0","",1,"",0,Rupiah,"2007-11-29","2008-12-26 22:19:57","2008-12-26 22:19:57",
4555,4228,"24000872",1,"24000872-001",INV/24000872-001,"2007-11-29","0","",SL,"2007-11-29","0","",1,"",0,Rupiah,"2007-11-29","2008-12-26 22:19:57","2008-12-26 22:19:57",
4557,4230,"11000113",1,"11000113-001",INV/11000113-001,"2007-11-29","0","",SL,"2007-11-29","0","",1,"",0,Rupiah,"2007-11-29","2008-12-26 22:19:57","2008-12-26 22:19:57",
4558,4231,"24000912",1,"24000912-001",INV/24000912-001,"2007-11-29","0","",SL,"2007-11-29","0","",1,"",0,Rupiah,"2007-11-29","2008-12-26 22:19:57","2008-12-26 22:19:57",
4560,4233,"24000873",1,"24000873-001",INV/24000873-001,"2007-11-29","0","",SL,"2007-11-29","0","",1,"",0,Rupiah,"2007-11-29","2008-12-26 22:19:57","2008-12-26 22:19:57",
4561,4234,"40000051",1,"40000051-001",INV/40000051-001,"2007-11-29","0","",SL,"2007-11-29","0","",1,"",0,Rupiah,"2007-11-29","2008-12-26 22:19:57","2008-12-26 22:19:57",
4562,4235,"12000304",1,"12000304-001",INV/12000304-001,"2007-11-29","0","",SL,"2007-11-29","0","",1,"",0,Rupiah,"2007-11-29","2008-12-26 22:19:57","2008-12-26 22:19:57",
4564,4237,"24000874",1,"24000874-001",INV/24000874-001,"2007-11-29","0","",SL,"2007-11-29","0","",1,"",0,Rupiah,"2007-11-29","2008-12-26 22:19:57","2008-12-26 22:19:57",
4565,4238,"14000082",1,"14000082-001",INV/14000082-001,"2007-11-29","0","",SL,"2007-11-29","0","",1,"",0,Rupiah,"2007-11-29","2008-12-26 22:19:57","2008-12-26 22:19:57",
4566,4239,"40000053",1,"40000053-001",INV/40000053-001,"2007-11-29","0","",SL,"2007-11-29","0","",1,"",0,Rupiah,"2007-11-29","2008-12-26 22:19:57","2008-12-26 22:19:57",
4567,4240,"24000875",1,"24000875-001",INV/24000875-001,"2007-11-29","0","",SL,"2007-11-29","0","",1,"",0,Rupiah,"2007-11-29","2008-12-26 22:19:57","2008-12-26 22:19:57",
4568,4241,"11000115",1,"11000115-001",INV/11000115-001,"2007-11-29","0","",SL,"2007-11-29","0","",1,"",0,Rupiah,"2007-11-29","2008-12-26 22:19:57","2008-12-26 22:19:57",
4569,4242,"16000183",1,"16000183-001",INV/16000183-001,"2007-11-29","0","",SL,"2007-11-29","0","",1,"",0,Rupiah,"2007-11-29","2008-12-26 22:19:57","2008-12-26 22:19:57",
4570,4243,"12000334",1,"12000334-001",INV/12000334-001,"2007-11-29","0","",SL,"2007-11-29","0","",1,"",0,Rupiah,"2007-11-29","2008-12-26 22:19:57","2008-12-26 22:19:57",
4571,4244,"24000876",1,"24000876-001",INV/24000876-001,"2007-11-29","0","",SL,"2007-11-29","0","",1,"",0,Rupiah,"2007-11-29","2008-12-26 22:19:57","2008-12-26 22:19:57",
4572,4245,"18000392",1,"18000392-001",INV/18000392-001,"2007-11-29","0","",SL,"2007-11-29","0","",1,"",0,Rupiah,"2007-11-29","2008-12-26 22:19:57","2008-12-26 22:19:57",
4573,4246,"40000055",1,"40000055-001",INV/40000055-001,"2007-11-29","0","",SL,"2007-11-29","0","",1,"",0,Rupiah,"2007-11-29","2008-12-26 22:19:57","2008-12-26 22:19:57",
4574,4247,"22000108",1,"22000108-001",INV/22000108-001,"2007-11-29","0","",SL,"2007-11-29","0","",1,"",0,Rupiah,"2007-11-29","2008-12-26 22:19:57","2008-12-26 22:19:57",
4575,4248,"20000049",1,"20000049-002",INV/20000049-002,"2007-11-29","0","",SL,"2007-11-29","0","",1,"",0,Rupiah,"2007-11-29","2008-12-26 22:19:57","2008-12-26 22:19:57",
4576,4249,"24000906",1,"24000906-001",INV/24000906-001,"2007-11-29","0","",SL,"2007-11-29","0","",1,"",0,Rupiah,"2007-11-29","2008-12-26 22:19:57","2008-12-26 22:19:57",
4577,4250,"13000128",1,"13000128-001",INV/13000128-001,"2007-11-29","0","",SL,"2007-11-29","0","",1,"",0,Rupiah,"2007-11-29","2008-12-26 22:19:57","2008-12-26 22:19:57",
4578,4251,"24000877",1,"24000877-001",INV/24000877-001,"2007-11-29","0","",SL,"2007-11-29","0","",1,"",0,Rupiah,"2007-11-29","2008-12-26 22:19:57","2008-12-26 22:19:57",
4579,4252,"55000013",1,"55000013-001",INV/55000013-001,"2007-11-29","0","",SL,"2007-11-29","0","",1,"",0,Rupiah,"2007-11-29","2008-12-26 22:19:57","2008-12-26 22:19:57",
4581,4254,"24000878",1,"24000878-001",INV/24000878-001,"2007-11-29","0","",SL,"2007-11-29","0","",1,"",0,Rupiah,"2007-11-29","2008-12-26 22:19:57","2008-12-26 22:19:57",
4582,4255,"40000056",1,"40000056-001",INV/40000056-001,"2007-11-29","0","",SL,"2007-11-29","0","",1,"",0,Rupiah,"2007-11-29","2008-12-26 22:19:57","2008-12-26 22:19:57",
4583,4256,"55000043",1,"55000043-001",INV/55000043-001,"2007-11-29","0","",SL,"2007-11-29","0","",1,"",0,Rupiah,"2007-11-29","2008-12-26 22:19:57","2008-12-26 22:19:57",
4584,4257,"24000879",1,"24000879-001",INV/24000879-001,"2007-11-29","0","",SL,"2007-11-29","0","",1,"",0,Rupiah,"2007-11-29","2008-12-26 22:19:57","2008-12-26 22:19:57",
4585,4258,"16000184",1,"16000184-001",INV/16000184-001,"2007-11-29","0","",SL,"2007-11-29","0","",1,"",0,Rupiah,"2007-11-29","2008-12-26 22:19:57","2008-12-26 22:19:57",
4586,4259,"55000032",1,"55000032-001",INV/55000032-001,"2007-11-29","0","",SL,"2007-11-29","0","",1,"",0,Rupiah,"2007-11-29","2008-12-26 22:19:57","2008-12-26 22:19:57",
4587,4260,"55000014",1,"55000014-001",INV/55000014-001,"2007-11-29","0","",SL,"2007-11-29","0","",1,"",0,Rupiah,"2007-11-29","2008-12-26 22:19:57","2008-12-26 22:19:57",
4588,4261,"24000880",1,"24000880-001",INV/24000880-001,"2007-11-29","0","",SL,"2007-11-29","0","",1,"",0,Rupiah,"2007-11-29","2008-12-26 22:19:57","2008-12-26 22:19:57",
4589,4262,"12000032",1,"12000032-001",INV/12000032-001,"2007-11-29","0","",SL,"2007-11-29","0","",1,"",0,Rupiah,"2007-11-29","2008-12-26 22:19:57","2008-12-26 22:19:57",
4590,4263,"55000015",1,"55000015-001",INV/55000015-001,"2007-11-29","0","",SL,"2007-11-29","0","",1,"",0,Rupiah,"2007-11-29","2008-12-26 22:19:57","2008-12-26 22:19:57",
4591,4264,"24000881",1,"24000881-001",INV/24000881-001,"2007-11-29","0","",SL,"2007-11-29","0","",1,"",0,Rupiah,"2007-11-29","2008-12-26 22:19:57","2008-12-26 22:19:57",
4592,4265,"23000107",1,"23000107-001",INV/23000107-001,"2007-11-29","0","",SL,"2007-11-29","0","",1,"",0,Rupiah,"2007-11-29","2008-12-26 22:19:57","2008-12-26 22:19:57",
4593,4266,"28000158",1,"28000158-001",INV/28000158-001,"2007-11-29","0","",SL,"2007-11-29","0","",1,"",0,Rupiah,"2007-11-29","2008-12-26 22:19:57","2008-12-26 22:19:57",
4595,4268,"24000882",1,"24000882-001",INV/24000882-001,"2007-11-29","0","",SL,"2007-11-29","0","",1,"",0,Rupiah,"2007-11-29","2008-12-26 22:19:57","2008-12-26 22:19:57",
4596,4269,"55000018",1,"55000018-001",INV/55000018-001,"2007-11-29","0","",SL,"2007-11-29","0","",1,"",0,Rupiah,"2007-11-29","2008-12-26 22:19:57","2008-12-26 22:19:57",
4597,4270,"24000973",1,"24000973-001",INV/24000973-001,"2007-11-29","0","",SL,"2007-11-29","0","",1,"",0,Rupiah,"2007-11-29","2008-12-26 22:19:57","2008-12-26 22:19:57",
4598,4271,"24000883",1,"24000883-001",INV/24000883-001,"2007-11-29","0","",SL,"2007-11-29","0","",1,"",0,Rupiah,"2007-11-29","2008-12-26 22:19:57","2008-12-26 22:19:57",
4599,4272,"24000916",1,"24000916-001",INV/24000916-001,"2007-11-29","0","",SL,"2007-11-29","0","",1,"",0,Rupiah,"2007-11-29","2008-12-26 22:19:57","2008-12-26 22:19:57",
4600,4273,"27000156",1,"27000156-001",INV/27000156-001,"2007-11-29","0","",SL,"2007-11-29","0","",1,"",0,Rupiah,"2007-11-29","2008-12-26 22:19:57","2008-12-26 22:19:57",
4601,4274,"22000071",1,"22000071-001",INV/22000071-001,"2007-11-29","0","",SL,"2007-11-29","0","",1,"",0,Rupiah,"2007-11-29","2008-12-26 22:19:57","2008-12-26 22:19:57",
4602,4275,"20000050",1,"20000050-001",INV/20000050-001,"2007-11-29",,"",SL,"2007-11-29","0","",1,"",0,Rupiah,"2007-11-29","2008-12-26 22:19:57","2026-07-12 11:21:13",
4603,4276,"40000048",1,"40000048-001",INV/40000048-001,"2007-11-29","0","",SL,"2007-11-29","0","",1,"",0,Rupiah,"2007-11-29","2008-12-26 22:19:57","2008-12-26 22:19:57",
4604,4277,"55000051",1,"55000051-001",INV/55000051-001,"2007-11-29","0","",SL,"2007-11-29","0","",1,"",0,Rupiah,"2007-11-29","2008-12-26 22:19:57","2008-12-26 22:19:57",
4605,4278,"55000058",1,"55000058-001",INV/55000058-001,"2007-11-29","0","",SL,"2007-11-29","0","",1,"",0,Rupiah,"2007-11-29","2008-12-26 22:19:57","2008-12-26 22:19:57",
4606,4279,"12000068",1,"12000068-001",INV/12000068-001,"2007-11-29","0","",SL,"2007-11-29","0","",1,"",0,Rupiah,"2007-11-29","2008-12-26 22:19:57","2008-12-26 22:19:57",
4607,4280,"55000044",1,"55000044-001",INV/55000044-001,"2007-11-29","0","",SL,"2007-11-29","0","",1,"",0,Rupiah,"2007-11-29","2008-12-26 22:19:57","2008-12-26 22:19:57",
4608,4281,"16000185",1,"16000185-001",INV/16000185-001,"2007-11-29","0","",SL,"2007-11-29","0","",1,"",0,Rupiah,"2007-11-29","2008-12-26 22:19:57","2008-12-26 22:19:57",
4609,4282,"40000050",1,"40000050-001",INV/40000050-001,"2007-11-29","0","",SL,"2007-11-29","0","",1,"",0,Rupiah,"2007-11-29","2008-12-26 22:19:57","2008-12-26 22:19:57",
4610,4283,"24000462",1,"24000462-001",INV/24000462-001,"2007-11-29","0","",SL,"2007-11-29","0","",1,"",0,Rupiah,"2007-11-29","2008-12-26 22:19:57","2008-12-26 22:19:57",
4611,4284,"20000051",1,"20000051-001",INV/20000051-001,"2007-11-29","0","",SL,"2007-11-29","0","",1,"",0,Rupiah,"2007-11-29","2008-12-26 22:19:57","2008-12-26 22:19:57",
4612,4285,"24000926",1,"24000926-001",INV/24000926-001,"2007-11-29","0","",SL,"2007-11-29","0","",1,"",0,Rupiah,"2007-11-29","2008-12-26 22:19:57","2008-12-26 22:19:57",
4613,4286,"40000039",1,"40000039-001",INV/40000039-001,"2007-11-29","0","",SL,"2007-11-29","0","",1,"",0,Rupiah,"2007-11-29","2008-12-26 22:19:57","2008-12-26 22:19:57",
4614,4287,"55000052",1,"55000052-001",INV/55000052-001,"2007-11-29","0","",SL,"2007-11-29","0","",1,"",0,Rupiah,"2007-11-29","2008-12-26 22:19:57","2008-12-26 22:19:57",
4615,4288,"55000045",1,"55000045-001",INV/55000045-001,"2007-11-29","0","",SL,"2007-11-29","0","",1,"",0,Rupiah,"2007-11-29","2008-12-26 22:19:57","2008-12-26 22:19:57",
4617,4290,"13000139",1,"13000139-001",INV/13000139-001,"2007-11-29","0","",SL,"2007-11-29","0","",1,"",0,Rupiah,"2007-11-29","2008-12-26 22:19:57","2008-12-26 22:19:57",
4618,4291,"55000035",1,"55000035-001",INV/55000035-001,"2007-11-29","0","",SL,"2007-11-29","0","",1,"",0,Rupiah,"2007-11-29","2008-12-26 22:19:57","2008-12-26 22:19:57",
4619,4292,"55000031",1,"55000031-001",INV/55000031-001,"2007-11-29","0","",SL,"2007-11-29","0","",1,"",0,Rupiah,"2007-11-29","2008-12-26 22:19:57","2008-12-26 22:19:57",
4620,4293,"55000033",1,"55000033-001",INV/55000033-001,"2007-11-29","0","",SL,"2007-11-29","0","",1,"",0,Rupiah,"2007-11-29","2008-12-26 22:19:57","2008-12-26 22:19:57",
4621,4294,"55000034",1,"55000034-001",INV/55000034-001,"2007-11-29",,"",SL,"2007-11-29","0","",1,"",0,Rupiah,"2007-11-29","2008-12-26 22:19:57","2026-08-13 11:02:15",
4622,4295,"11000116",1,"11000116-001",INV/11000116-001,"2007-11-29","0","",SL,"2007-11-29","0","",1,"",0,Rupiah,"2007-11-29","2008-12-26 22:19:57","2008-12-26 22:19:57",
4623,4296,"25000004",1,"250000047-001",INV/250000047-001,"2007-11-29","0","",SL,"2007-11-29","0","",1,"",0,Rupiah,"2007-11-29","2008-12-26 22:19:57","2008-12-26 22:19:57",
4625,4298,"55000060",1,"55000060-001",INV/55000060-001,"2007-11-29","0","",SL,"2007-11-29","0","",1,"",0,Rupiah,"2007-11-29","2008-12-26 22:19:57","2008-12-26 22:19:57",
4626,4299,"55000037",1,"55000037-001",INV/55000037-001,"2007-11-29","0","",SL,"2007-11-29","0","",1,"",0,Rupiah,"2007-11-29","2008-12-26 22:19:57","2008-12-26 22:19:57",
4627,4300,"22000105",1,"22000105-001",INV/22000105-001,"2007-11-29","0","",SL,"2007-11-29","0","",1,"",0,Rupiah,"2007-11-29","2008-12-26 22:19:57","2008-12-26 22:19:57",
4628,4301,"55000059",1,"55000059-001",INV/55000059-001,"2007-11-29","0","",SL,"2007-11-29","0","",1,"",0,Rupiah,"2007-11-29","2008-12-26 22:19:57","2008-12-26 22:19:57",
4629,4302,"55000046",1,"55000046-001",INV/55000046-001,"2007-11-29","0","",SL,"2007-11-29","0","",1,"",0,Rupiah,"2007-11-29","2008-12-26 22:19:57","2008-12-26 22:19:57",
4630,4303,"55000053",1,"55000053-001",INV/55000053-001,"2007-11-29","0","",SL,"2007-11-29","0","",1,"",0,Rupiah,"2007-11-29","2008-12-26 22:19:57","2008-12-26 22:19:57",
4631,4304,"15000287",1,"15000287-001",INV/15000287-001,"2007-11-29","0","",SL,"2007-11-29","0","",1,"",0,Rupiah,"2007-11-29","2008-12-26 22:19:57","2008-12-26 22:19:57",
4633,4306,"11000111",1,"11000111-001",INV/11000111-001,"2007-11-29","0","",SL,"2007-11-29","0","",1,"",0,Rupiah,"2007-11-29","2008-12-26 22:19:57","2008-12-26 22:19:57",
4634,4307,"24000918",1,"24000918-001",INV/24000918-001,"2007-11-29","0","",SL,"2007-11-29","0","",1,"",0,Rupiah,"2007-11-29","2008-12-26 22:19:57","2008-12-26 22:19:57",
4635,4308,"13000137",1,"13000137-001",INV/13000137-001,"2007-11-29",,"",SL,"2007-11-29","0","",1,"",0,Rupiah,"2007-11-29","2008-12-26 22:19:57","2026-07-30 11:32:21",
4636,4309,"13000138",1,"13000138-001",INV/13000138-001,"2007-11-29","0","",SL,"2007-11-29","0","",1,"",0,Rupiah,"2007-11-29","2008-12-26 22:19:57","2008-12-26 22:19:57",
4637,4310,"55000054",1,"55000054-001",INV/55000054-001,"2007-11-29","0","",SL,"2007-11-29","0","",1,"",0,Rupiah,"2007-11-29","2008-12-26 22:19:57","2008-12-26 22:19:57",
4638,4311,"25000047",1,"25000047-001",INV/25000047-001,"2007-11-29","0","",SL,"2007-11-29","0","",1,"",0,Rupiah,"2007-11-29","2008-12-26 22:19:57","2008-12-26 22:19:57",
4640,4313,"55000036",1,"55000036-001",INV/55000036-001,"2007-11-29","0","",SL,"2007-11-29","0","",1,"",0,Rupiah,"2007-11-29","2008-12-26 22:19:57","2008-12-26 22:19:57",
4641,4314,"24000371",1,"24000371-001",INV/24000371-001,"2007-11-29","0","",SL,"2007-11-29","0","",1,"",0,Rupiah,"2007-11-29","2008-12-26 22:19:57","2008-12-26 22:19:57",
4642,4315,"12000048",1,"12000048-001",INV/12000048-001,"2007-11-29","0","",SL,"2007-11-29","0","",1,"",0,Rupiah,"2007-11-29","2008-12-26 22:19:57","2008-12-26 22:19:57",
4643,4316,"24000923",1,"24000923-001",INV/24000923-001,"2007-11-29","0","",SL,"2007-11-29","0","",1,"",0,Rupiah,"2007-11-29","2008-12-26 22:19:57","2008-12-26 22:19:57",
4644,4317,"55000055",1,"55000055-001",INV/55000055-001,"2007-11-29",,"",SL,"2007-11-29","0","",1,"",0,Rupiah,"2007-11-29","2008-12-26 22:19:57","2026-08-13 11:26:19",
4645,4318,"18000071",1,"18000071-001",INV/18000071-001,"2007-11-29","0","",SL,"2007-11-29","0","",1,"",0,Rupiah,"2007-11-29","2008-12-26 22:19:57","2008-12-26 22:19:57",
4646,4319,"55000061",1,"55000061-001",INV/55000061-001,"2007-11-29","0","",SL,"2007-11-29","0","",1,"",0,Rupiah,"2007-11-29","2008-12-26 22:19:57","2008-12-26 22:19:57",
4648,4321,"55000039",1,"55000039-001",INV/55000039-001,"2007-11-29","0","",SL,"2007-11-29","0","",1,"",0,Rupiah,"2007-11-29","2008-12-26 22:19:57","2008-12-26 22:19:57",
4649,4322,"24000951",1,"24000951-001",INV/24000951-001,"2007-11-29","0","",SL,"2007-11-29","0","",1,"",0,Rupiah,"2007-11-29","2008-12-26 22:19:57","2008-12-26 22:19:57",
4650,4323,"55000047",1,"55000047-001",INV/55000047-001,"2007-11-29","0","",SL,"2007-11-29","0","",1,"",0,Rupiah,"2007-11-29","2008-12-26 22:19:57","2008-12-26 22:19:57",
4651,4324,"55000056",1,"55000056-001",INV/55000056-001,"2007-11-29","0","",SL,"2007-11-29","0","",1,"",0,Rupiah,"2007-11-29","2008-12-26 22:19:57","2008-12-26 22:19:57",
4652,4325,"24000924",1,"24000924-001",INV/24000924-001,"2007-11-29","0","",SL,"2007-11-29","0","",1,"",0,Rupiah,"2007-11-29","2008-12-26 22:19:57","2008-12-26 22:19:57",
4654,4327,"16000211",1,"16000211-001",INV/16000211-001,"2007-11-29","0","",SL,"2007-11-29","0","",1,"",0,Rupiah,"2007-11-29","2008-12-26 22:19:57","2008-12-26 22:19:57",
4656,4329,"55000040",1,"55000040-001",INV/55000040-001,"2007-11-29","0","",SL,"2007-11-29","0","",1,"",0,Rupiah,"2007-11-29","2008-12-26 22:19:57","2008-12-26 22:19:57",
4657,4330,"15000290",1,"15000290-001",INV/15000290-001,"2007-11-29","0","",SL,"2007-11-29","0","",1,"",0,Rupiah,"2007-11-29","2008-12-26 22:19:57","2008-12-26 22:19:57",
4658,4331,"55000048",1,"55000048-001",INV/55000048-001,"2007-11-29","0","",SL,"2007-11-29","0","",1,"",0,Rupiah,"2007-11-29","2008-12-26 22:19:57","2008-12-26 22:19:57",
4659,4332,"55000041",1,"55000041-001",INV/55000041-001,"2007-11-29","0","",SL,"2007-11-29","0","",1,"",0,Rupiah,"2007-11-29","2008-12-26 22:19:57","2008-12-26 22:19:57",
4660,4333,"55000057",1,"55000057-001",INV/55000057-001,"2007-11-29","0","",SL,"2007-11-29","0","",1,"",0,Rupiah,"2007-11-29","2008-12-26 22:19:57","2008-12-26 22:19:57",
4661,4334,"18000041",1,"18000041-001",INV/18000041-001,"2007-11-29","0","",SL,"2007-11-29","0","",1,"",0,Rupiah,"2007-11-29","2008-12-26 22:19:57","2008-12-26 22:19:57",
4662,4335,"55000042",1,"55000042-001",INV/55000042-001,"2007-11-29","0","",SL,"2007-11-29","0","",1,"",0,Rupiah,"2007-11-29","2008-12-26 22:19:57","2008-12-26 22:19:57",
4664,4337,"13000141",1,"13000141-001",INV/13000141-001,"2007-11-29",,"",SL,"2007-11-29","0","",1,"",0,Rupiah,"2007-11-29","2008-12-26 22:19:57","2026-07-25 13:40:59",
4665,4338,"13000133",1,"13000133-001",INV/13000133-001,"2007-11-29",,"",SL,"2007-11-29","0","",1,"",0,Rupiah,"2007-11-29","2008-12-26 22:19:57","2026-07-25 13:37:49",
4666,4339,"55000049",1,"55000049-001",INV/55000049-001,"2007-11-29","0","",SL,"2007-11-29","0","",1,"",0,Rupiah,"2007-11-29","2008-12-26 22:19:57","2008-12-26 22:19:57",
4667,4340,"55000062",1,"55000062-001",INV/55000062-001,"2007-11-29","0","",SL,"2007-11-29","0","",1,"",0,Rupiah,"2007-11-29","2008-12-26 22:19:57","2008-12-26 22:19:57",
4668,4341,"18000113",1,"18000113-001",INV/18000113-001,"2007-11-29","0","",SL,"2007-11-29","0","",1,"",0,Rupiah,"2007-11-29","2008-12-26 22:19:57","2008-12-26 22:19:57",
4669,4342,"55000050",1,"55000050-001",INV/55000050-001,"2007-11-29","0","",SL,"2007-11-29","0","",1,"",0,Rupiah,"2007-11-29","2008-12-26 22:19:57","2008-12-26 22:19:57",
4670,4343,"24000370",1,"24000370-001",INV/24000370-001,"2007-11-29","0","",SL,"2007-11-29","0","",1,"",0,Rupiah,"2007-11-29","2008-12-26 22:19:57","2008-12-26 22:19:57",
4672,4345,"13000147",1,"13000147-001",INV/13000147-001,"2007-11-29","0","",SL,"2007-11-29","0","",1,"",0,Rupiah,"2007-11-29","2008-12-26 22:19:57","2008-12-26 22:19:57",
4673,4346,"40000040",1,"40000040-001",INV/40000040-001,"2007-11-29","0","",SL,"2007-11-29","0","",1,"",0,Rupiah,"2007-11-29","2008-12-26 22:19:57","2008-12-26 22:19:57",
4674,4347,"55000063",1,"55000063-001",INV/55000063-001,"2007-11-29","0","",SL,"2007-11-29","0","",1,"",0,Rupiah,"2007-11-29","2008-12-26 22:19:57","2008-12-26 22:19:57",
4675,4348,"25000001",1,"25000001-001",INV/25000001-001,"2007-11-29","0","",SL,"2007-11-29","0","",1,"",0,Rupiah,"2007-11-29","2008-12-26 22:19:57","2008-12-26 22:19:57",
4676,4349,"55000064",1,"55000064-001",INV/55000064-001,"2007-11-29","0","",SL,"2007-11-29","0","",1,"",0,Rupiah,"2007-11-29","2008-12-26 22:19:57","2008-12-26 22:19:57",
4677,4350,"24000447",1,"24000447-002",INV/24000447-002,"2007-11-29","0","",SL,"2007-11-29","0","",1,"",0,Rupiah,"2007-11-29","2008-12-26 22:19:57","2008-12-26 22:19:57",
4679,4352,"14000079",1,"14000079-001",INV/14000079-001,"2007-11-29","0","",SL,"2007-11-29","0","",1,"",0,Rupiah,"2007-11-29","2008-12-26 22:19:57","2008-12-26 22:19:57",
4680,4353,"24000484",1,"24000484-001",INV/24000484-001,"2007-11-29","0","",SL,"2007-11-29","0","",1,"",0,Rupiah,"2007-11-29","2008-12-26 22:19:57","2008-12-26 22:19:57",
4681,4354,"18000012",1,"18000012-001",INV/18000012-001,"2007-11-29","0","",SL,"2007-11-29","0","",1,"",0,Rupiah,"2007-11-29","2008-12-26 22:19:57","2008-12-26 22:19:57",
4682,4355,"21000059",1,"21000059-001",INV/21000059-001,"2007-11-29","0","",SL,"2007-11-29","0","",1,"",0,Rupiah,"2007-11-29","2008-12-26 22:19:57","2008-12-26 22:19:57",
4683,4356,"12000330",1,"12000330-001",INV/12000330-001,"2007-11-29","0","",SL,"2007-11-29","0","",1,"",0,Rupiah,"2007-11-29","2008-12-26 22:19:57","2008-12-26 22:19:57",
4684,4357,"55000065",1,"55000065-001",INV/55000065-001,"2007-11-29","0","",SL,"2007-11-29","0","",1,"",0,Rupiah,"2007-11-29","2008-12-26 22:19:57","2008-12-26 22:19:57",
4685,4358,"12000310",1,"12000310-001",INV/12000310-001,"2007-11-29","0","",SL,"2007-11-29","0","",1,"",0,Rupiah,"2007-11-29","2008-12-26 22:19:57","2008-12-26 22:19:57",
4687,4360,"13000131",1,"13000131-001",INV/13000131-001,"2007-11-29","0","",SL,"2007-11-29","0","",1,"",0,Rupiah,"2007-11-29","2008-12-26 22:19:57","2008-12-26 22:19:57",
4688,4361,"21000068",1,"21000068-001",INV/21000068-001,"2007-11-29","0","",SL,"2007-11-29","0","",1,"",0,Rupiah,"2007-11-29","2008-12-26 22:19:57","2008-12-26 22:19:57",
4690,4363,"11000117",1,"11000117-001",INV/11000117-001,"2007-11-29","0","",SL,"2007-11-29","0","",1,"",0,Rupiah,"2007-11-29","2008-12-26 22:19:57","2008-12-26 22:19:57",
4691,4364,"24000820",1,"24000820-001",INV/24000820-001,"2007-11-29","0","",SL,"2007-11-29","0","",1,"",0,Rupiah,"2007-11-29","2008-12-26 22:19:57","2008-12-26 22:19:57",
4692,4365,"55000066",1,"55000066-001",INV/55000066-001,"2007-11-29","0","",SL,"2007-11-29","0","",1,"",0,Rupiah,"2007-11-29","2008-12-26 22:19:57","2008-12-26 22:19:57",
4693,4366,"24000194",1,"24000194-001",INV/24000194-001,"2007-11-29","0","",SL,"2007-11-29","0","",1,"",0,Rupiah,"2007-11-29","2008-12-26 22:19:57","2008-12-26 22:19:57",
4694,4367,"24000967",1,"24000967-001",INV/24000967-001,"2007-11-29","0","",SL,"2007-11-29","0","",1,"",0,Rupiah,"2007-11-29","2008-12-26 22:19:57","2008-12-26 22:19:57",
4695,4368,"13000134",1,"13000134-001",INV/13000134-001,"2007-11-29","0","",SL,"2007-11-29","0","",1,"",0,Rupiah,"2007-11-29","2008-12-26 22:19:57","2008-12-26 22:19:57",
4696,4369,"25000049",1,"25000049-001",INV/25000049-001,"2007-11-29","0","",SL,"2007-11-29","0","",1,"",0,Rupiah,"2007-11-29","2008-12-26 22:19:57","2008-12-26 22:19:57",
4697,4370,"40000060",1,"40000060-001",INV/40000060-001,"2007-11-29","0","",SL,"2007-11-29","0","",1,"",0,Rupiah,"2007-11-29","2008-12-26 22:19:57","2008-12-26 22:19:57",
4698,4371,"55000067",1,"55000067-001",INV/55000067-001,"2007-11-29","0","",SL,"2007-11-29","0","",1,"",0,Rupiah,"2007-11-29","2008-12-26 22:19:57","2008-12-26 22:19:57",
4700,4373,"24000372",1,"24000372-001",INV/24000372-001,"2007-11-29","0","",SL,"2007-11-29","0","",1,"",0,Rupiah,"2007-11-29","2008-12-26 22:19:57","2008-12-26 22:19:57",
4701,4374,"55000068",1,"55000068-001",INV/55000068-001,"2007-11-29","0","",SL,"2007-11-29","0","",1,"",0,Rupiah,"2007-11-29","2008-12-26 22:19:57","2008-12-26 22:19:57",
4702,4375,"12000023",1,"12000023-001",INV/12000023-001,"2007-11-29","0","",SL,"2007-11-29","0","",1,"",0,Rupiah,"2007-11-29","2008-12-26 22:19:57","2008-12-26 22:19:57",
4703,4376,"25000048",1,"25000048-001",INV/25000048-001,"2007-11-29","0","",SL,"2007-11-29","0","",1,"",0,Rupiah,"2007-11-29","2008-12-26 22:19:57","2008-12-26 22:19:57",
4704,4377,"28000162",1,"28000162-001",INV/28000162-001,"2007-11-29","0","",SL,"2007-11-29","0","",1,"",0,Rupiah,"2007-11-29","2008-12-26 22:19:57","2008-12-26 22:19:57",
4705,4378,"40000041",1,"40000041-001",INV/40000041-001,"2007-11-29","0","",SL,"2007-11-29","0","",1,"",0,Rupiah,"2007-11-29","2008-12-26 22:19:57","2008-12-26 22:19:57",
4706,4379,"55000069",1,"55000069-001",INV/55000069-001,"2007-11-29","0","",SL,"2007-11-29","0","",1,"",0,Rupiah,"2007-11-29","2008-12-26 22:19:57","2008-12-26 22:19:57",
4707,4380,"24000398",1,"24000398-001",INV/24000398-001,"2007-11-29","0","",SL,"2007-11-29","0","",1,"",0,Rupiah,"2007-11-29","2008-12-26 22:19:57","2008-12-26 22:19:57",
4708,4381,"28000145",1,"28000145-001",INV/28000145-001,"2007-11-29","0","",SL,"2007-11-29","0","",1,"",0,Rupiah,"2007-11-29","2008-12-26 22:19:57","2008-12-26 22:19:57",
4709,4382,"24000981",1,"24000981-001",INV/24000981-001,"2007-11-29","0","",SL,"2007-11-29","0","",1,"",0,Rupiah,"2007-11-29","2008-12-26 22:19:57","2008-12-26 22:19:57",
4710,4383,"22000001",1,"22000001-001",INV/22000001-001,"2007-11-29","0","",SL,"2007-11-29","0","",1,"",0,Rupiah,"2007-11-29","2008-12-26 22:19:57","2008-12-26 22:19:57",
4711,4384,"18000070",1,"18000070-001",INV/18000070-001,"2007-11-29","0","",SL,"2007-11-29","0","",1,"",0,Rupiah,"2007-11-29","2008-12-26 22:19:57","2008-12-26 22:19:57",
4712,4385,"55000070",1,"55000070-001",INV/55000070-001,"2007-11-29","0","",SL,"2007-11-29","0","",1,"",0,Rupiah,"2007-11-29","2008-12-26 22:19:57","2008-12-26 22:19:57",
4713,4386,"24000400",1,"24000400-001",INV/24000400-001,"2007-11-29","0","",SL,"2007-11-29","0","",1,"",0,Rupiah,"2007-11-29","2008-12-26 22:19:57","2008-12-26 22:19:57",
4714,4387,"24000920",1,"24000920-001",INV/24000920-001,"2007-11-29","0","",SL,"2007-11-29","0","",1,"",0,Rupiah,"2007-11-29","2008-12-26 22:19:57","2008-12-26 22:19:57",
4715,4388,"55000071",1,"55000071-001",INV/55000071-001,"2007-11-29","0","",SL,"2007-11-29","0","",1,"",0,Rupiah,"2007-11-29","2008-12-26 22:19:57","2008-12-26 22:19:57",
4716,4389,"10000144",1,"10000144-001",INV/10000144-001,"2007-11-29","0","",SL,"2007-11-29","0","",1,"",0,Rupiah,"2007-11-29","2008-12-26 22:19:57","2008-12-26 22:19:57",
4717,4390,"28000146",1,"28000146-001",INV/28000146-001,"2007-11-29","0","",SL,"2007-11-29","0","",1,"",0,Rupiah,"2007-11-29","2008-12-26 22:19:57","2008-12-26 22:19:57",
4718,4391,"24000358",1,"24000358-001",INV/24000358-001,"2007-11-29","0","",SL,"2007-11-29","0","",1,"",0,Rupiah,"2007-11-29","2008-12-26 22:19:57","2008-12-26 22:19:57",
4719,4392,"22000003",1,"22000003-001",INV/22000003-001,"2007-11-29","0","",SL,"2007-11-29","0","",1,"",0,Rupiah,"2007-11-29","2008-12-26 22:19:57","2008-12-26 22:19:57",
4720,4393,"55000072",1,"55000072-001",INV/55000072-001,"2007-11-29","0","",SL,"2007-11-29","0","",1,"",0,Rupiah,"2007-11-29","2008-12-26 22:19:57","2008-12-26 22:19:57",
4721,4386,"24000400",1,"24000400-002",INV/24000400-002,"2007-11-29","0","",SL,"2007-11-29","0","",1,"",0,Rupiah,"2007-11-29","2008-12-26 22:19:57","2008-12-26 22:19:57",
4722,2978,"24000512",1,"24000512-002",INV/24000512-002,"2007-11-29","0","",SL,"2007-11-29","0","",1,"",0,Rupiah,"2007-11-29","2008-12-26 22:19:57","2008-12-26 22:19:57",
4723,4394,"55000073",1,"55000073-001",INV/55000073-001,"2007-11-29","0","",SL,"2007-11-29","0","",1,"",0,Rupiah,"2007-11-29","2008-12-26 22:19:57","2008-12-26 22:19:57",
4724,4395,"24000919",1,"24000919-001",INV/24000919-001,"2007-11-29","0","",SL,"2007-11-29","0","",1,"",0,Rupiah,"2007-11-29","2008-12-26 22:19:57","2008-12-26 22:19:57",
4725,4396,"24000982",1,"24000982-001",INV/24000982-001,"2007-11-29","0","",SL,"2007-11-29","0","",1,"",0,Rupiah,"2007-11-29","2008-12-26 22:19:57","2008-12-26 22:19:57",
4726,4397,"13000132",1,"13000132-001",INV/13000132-001,"2007-11-29",,"",SL,"2007-11-29","0","",1,"",0,Rupiah,"2007-11-29","2008-12-26 22:19:57","2026-08-05 17:16:38",
4727,4398,"55000074",1,"55000074-001",INV/55000074-001,"2007-11-29","0","",SL,"2007-11-29","0","",1,"",0,Rupiah,"2007-11-29","2008-12-26 22:19:57","2008-12-26 22:19:57",
4728,4399,"55000080",1,"55000080-001",INV/55000080-001,"2007-11-29","0","",SL,"2007-11-29","0","",1,"",0,Rupiah,"2007-11-29","2008-12-26 22:19:57","2008-12-26 22:19:57",
4729,4400,"55000084",1,"55000084-001",INV/55000084-001,"2007-11-29","0","",SL,"2007-11-29","0","",1,"",0,Rupiah,"2007-11-29","2008-12-26 22:19:57","2008-12-26 22:19:57",
4730,4401,"55000075",1,"55000075-001",INV/55000075-001,"2007-11-29","0","",SL,"2007-11-29","0","",1,"",0,Rupiah,"2007-11-29","2008-12-26 22:19:57","2008-12-26 22:19:57",
4731,4402,"28000147",1,"28000147-001",INV/28000147-001,"2007-11-29","0","",SL,"2007-11-29","0","",1,"",0,Rupiah,"2007-11-29","2008-12-26 22:19:57","2008-12-26 22:19:57",
4732,4403,"11000152",1,"11000152-001",INV/11000152-001,"2007-11-29","0","",SL,"2007-11-29","0","",1,"",0,Rupiah,"2007-11-29","2008-12-26 22:19:57","2008-12-26 22:19:57",
4733,4404,"55000076",1,"55000076-001",INV/55000076-001,"2007-11-29","0","",SL,"2007-11-29","0","",1,"",0,Rupiah,"2007-11-29","2008-12-26 22:19:57","2008-12-26 22:19:57",
4734,4405,"13000142",1,"13000142-001",INV/13000142-001,"2007-11-29","0","",SL,"2007-11-29","0","",1,"",0,Rupiah,"2007-11-29","2008-12-26 22:19:57","2008-12-26 22:19:57",
4735,4406,"14000062",1,"14000062-001",INV/14000062-001,"2007-11-29",,"",SL,"2007-11-29","0","",1,"",0,Rupiah,"2007-11-29","2008-12-26 22:19:57","2026-07-15 16:08:17",
4736,4407,"55000081",1,"55000081-001",INV/55000081-001,"2007-11-29","0","",SL,"2007-11-29","0","",1,"",0,Rupiah,"2007-11-29","2008-12-26 22:19:57","2008-12-26 22:19:57",
4737,4408,"13000143",1,"13000143-001",INV/13000143-001,"2007-11-29","0","",SL,"2007-11-29","0","",1,"",0,Rupiah,"2007-11-29","2008-12-26 22:19:57","2008-12-26 22:19:57",
4738,4409,"28000148",1,"28000148-001",INV/28000148-001,"2007-11-29","0","",SL,"2007-11-29","0","",1,"",0,Rupiah,"2007-11-29","2008-12-26 22:19:57","2008-12-26 22:19:57",
4739,4410,"14000084",1,"14000084-001",INV/14000084-001,"2007-11-29","0","",SL,"2007-11-29","0","",1,"",0,Rupiah,"2007-11-29","2008-12-26 22:19:57","2008-12-26 22:19:57",
4740,4411,"10000145",1,"10000145-001",INV/10000145-001,"2007-11-29","0","",SL,"2007-11-29","0","",1,"",0,Rupiah,"2007-11-29","2008-12-26 22:19:57","2008-12-26 22:19:57",
4741,4412,"28000149",1,"28000149-001",INV/28000149-001,"2007-11-29","0","",SL,"2007-11-29","0","",1,"",0,Rupiah,"2007-11-29","2008-12-26 22:19:57","2008-12-26 22:19:57",
4742,4413,"55000077",1,"55000077-001",INV/55000077-001,"2007-11-29","0","",SL,"2007-11-29","0","",1,"",0,Rupiah,"2007-11-29","2008-12-26 22:19:57","2008-12-26 22:19:57",
4743,4414,"55000082",1,"55000082-001",INV/55000082-001,"2007-11-29","0","",SL,"2007-11-29","0","",1,"",0,Rupiah,"2007-11-29","2008-12-26 22:19:57","2008-12-26 22:19:57",
4744,4415,"19000016",1,"19000016-001",INV/19000016-001,"2007-11-29","0","",SL,"2007-11-29","0","",1,"",0,Rupiah,"2007-11-29","2008-12-26 22:19:57","2008-12-26 22:19:57",
4745,4416,"55000078",1,"55000078-001",INV/55000078-001,"2007-11-29","0","",SL,"2007-11-29","0","",1,"",0,Rupiah,"2007-11-29","2008-12-26 22:19:57","2008-12-26 22:19:57",
4746,4417,"15000293",1,"15000293-001",INV/15000293-001,"2007-11-29","0","",SL,"2007-11-29","0","",1,"",0,Rupiah,"2007-11-29","2008-12-26 22:19:57","2008-12-26 22:19:57",
4747,4418,"14000083",1,"14000083-001",INV/14000083-001,"2007-11-29","0","",SL,"2007-11-29","0","",1,"",0,Rupiah,"2007-11-29","2008-12-26 22:19:57","2008-12-26 22:19:57",
4748,4419,"28000150",1,"28000150-001",INV/28000150-001,"2007-11-29","0","",SL,"2007-11-29","0","",1,"",0,Rupiah,"2007-11-29","2008-12-26 22:19:57","2008-12-26 22:19:57",
4749,2965,"13000058",1,"13000058-002",INV/13000058-002,"2007-11-29","0","",SL,"2007-11-29","0","",1,"",0,Rupiah,"2007-11-29","2008-12-26 22:19:57","2008-12-26 22:19:57",
4750,4420,"55000079",1,"55000079-001",INV/55000079-001,"2007-11-29","0","",SL,"2007-11-29","0","",1,"",0,Rupiah,"2007-11-29","2008-12-26 22:19:57","2008-12-26 22:19:57",
4751,4421,"27000159",1,"27000159-001",INV/27000159-001,"2007-11-29","0","",SL,"2007-11-29","0","",1,"",0,Rupiah,"2007-11-29","2008-12-26 22:19:57","2008-12-26 22:19:57",
4752,4422,"10000003",1,"10000003-001",INV/10000003-001,"2007-11-29","0","",SL,"2007-11-29","0","",1,"",0,Rupiah,"2007-11-29","2008-12-26 22:19:57","2008-12-26 22:19:57",
4753,4421,"27000159",1,"27000159-002",INV/27000159-002,"2007-11-29","0","",SL,"2007-11-29","0","",1,"",0,Rupiah,"2007-11-29","2008-12-26 22:19:57","2008-12-26 22:19:57",
4754,4423,"24000983",1,"24000983-001",INV/24000983-001,"2007-11-29","0","",SL,"2007-11-29","0","",1,"",0,Rupiah,"2007-11-29","2008-12-26 22:19:57","2008-12-26 22:19:57",
4755,4424,"28000151",1,"28000151-001",INV/28000151-001,"2007-11-29","0","",SL,"2007-11-29","0","",1,"",0,Rupiah,"2007-11-29","2008-12-26 22:19:57","2008-12-26 22:19:57",
4756,4425,"15000289",1,"15000289-001",INV/15000289-001,"2007-11-29","0","",SL,"2007-11-29","0","",1,"",0,Rupiah,"2007-11-29","2008-12-26 22:19:57","2008-12-26 22:19:57",
4757,4426,"27000160",1,"27000160-001",INV/27000160-001,"2007-11-29","0","",SL,"2007-11-29","0","",1,"",0,Rupiah,"2007-11-29","2008-12-26 22:19:57","2008-12-26 22:19:57",
4758,4427,"10000004",1,"10000004-001",INV/10000004-001,"2007-11-29","0","",SL,"2007-11-29","0","",1,"",0,Rupiah,"2007-11-29","2008-12-26 22:19:57","2008-12-26 22:19:57",
4759,4428,"15000296",1,"15000296-001",INV/15000296-001,"2007-11-29","0","",SL,"2007-11-29","0","",1,"",0,Rupiah,"2007-11-29","2008-12-26 22:19:57","2008-12-26 22:19:57",
4760,4429,"24000984",1,"24000984-001",INV/24000984-001,"2007-11-29","0","",SL,"2007-11-29","0","",1,"",0,Rupiah,"2007-11-29","2008-12-26 22:19:57","2008-12-26 22:19:57",
4761,4430,"28000152",1,"28000152-001",INV/28000152-001,"2007-11-29","0","",SL,"2007-11-29","0","",1,"",0,Rupiah,"2007-11-29","2008-12-26 22:19:57","2008-12-26 22:19:57",
4762,4431,"15000294",1,"15000294-001",INV/15000294-001,"2007-11-29","0","",SL,"2007-11-29","0","",1,"",0,Rupiah,"2007-11-29","2008-12-26 22:19:57","2008-12-26 22:19:57",
4763,4432,"11000120",1,"11000120-001",INV/11000120-001,"2007-11-29","0","",SL,"2007-11-29","0","",1,"",0,Rupiah,"2007-11-29","2008-12-26 22:19:57","2008-12-26 22:19:57",
4764,4132,"15000285",1,"15000285-002",INV/15000285-002,"2007-11-29","0","",SL,"2007-11-29","0","",1,"",0,Rupiah,"2007-11-29","2008-12-26 22:19:57","2008-12-26 22:19:57",
4765,4433,"28000153",1,"28000153-001",INV/28000153-001,"2007-11-29","0","",SL,"2007-11-29","0","",1,"",0,Rupiah,"2007-11-29","2008-12-26 22:19:57","2008-12-26 22:19:57",
4766,4434,"28000163",1,"28000163-001",INV/28000163-001,"2007-11-29","0","",SL,"2007-11-29","0","",1,"",0,Rupiah,"2007-11-29","2008-12-26 22:19:57","2008-12-26 22:19:57",
4767,4435,"24000985",1,"24000985-001",INV/24000985-001,"2007-11-29","0","",SL,"2007-11-29","0","",1,"",0,Rupiah,"2007-11-29","2008-12-26 22:19:57","2008-12-26 22:19:57",
4768,4436,"28000154",1,"28000154-001",INV/28000154-001,"2007-11-29","0","",SL,"2007-11-29","0","",1,"",0,Rupiah,"2007-11-29","2008-12-26 22:19:57","2008-12-26 22:19:57",
4770,4438,"15000291",1,"15000291-001",INV/15000291-001,"2007-11-29","0","",SL,"2007-11-29","0","",1,"",0,Rupiah,"2007-11-29","2008-12-26 22:19:57","2008-12-26 22:19:57",
4771,4439,"15000292",1,"15000292-001",INV/15000292-001,"2007-11-29","0","",SL,"2007-11-29","0","",1,"",0,Rupiah,"2007-11-29","2008-12-26 22:19:57","2008-12-26 22:19:57",
4772,4440,"28000155",1,"28000155-001",INV/28000155-001,"2007-11-29","0","",SL,"2007-11-29","0","",1,"",0,Rupiah,"2007-11-29","2008-12-26 22:19:57","2008-12-26 22:19:57",
4773,4441,"24000472",1,"24000472-001",INV/24000472-001,"2007-11-29","0","",SL,"2007-11-29","0","",1,"",0,Rupiah,"2007-11-29","2008-12-26 22:19:57","2008-12-26 22:19:57",
4774,4442,"24000986",1,"24000986-001",INV/24000986-001,"2007-11-29","0","",SL,"2007-11-29","0","",1,"",0,Rupiah,"2007-11-29","2008-12-26 22:19:57","2008-12-26 22:19:57",
4775,4443,"28000156",1,"28000156-001",INV/28000156-001,"2007-11-29","0","",SL,"2007-11-29","0","",1,"",0,Rupiah,"2007-11-29","2008-12-26 22:19:57","2008-12-26 22:19:57",
4776,4444,"13000144",1,"13000144-001",INV/13000144-001,"2007-11-29",,"",SL,"2007-11-29","0","",1,"",0,Rupiah,"2007-11-29","2008-12-26 22:19:57","2026-08-05 17:26:31",
4777,4445,"55000083",1,"55000083-001",INV/55000083-001,"2007-11-29","0","",SL,"2007-11-29","0","",1,"",0,Rupiah,"2007-11-29","2008-12-26 22:19:57","2008-12-26 22:19:57",
4778,4446,"18000344",1,"18000344-001",INV/18000344-001,"2007-11-29","0","",SL,"2007-11-29","0","",1,"",0,Rupiah,"2007-11-29","2008-12-26 22:19:57","2008-12-26 22:19:57",
4779,4447,"55000085",1,"55000085-001",INV/55000085-001,"2007-11-29","0","",SL,"2007-11-29","0","",1,"",0,Rupiah,"2007-11-29","2008-12-26 22:19:57","2008-12-26 22:19:57",
4780,4448,"28000157",1,"28000157-001",INV/28000157-001,"2007-11-29","0","",SL,"2007-11-29","0","",1,"",0,Rupiah,"2007-11-29","2008-12-26 22:19:57","2008-12-26 22:19:57",
4781,4449,"10000005",1,"10000005-001",INV/10000005-001,"2007-11-29","0","",SL,"2007-11-29","0","",1,"",0,Rupiah,"2007-11-29","2008-12-26 22:19:57","2008-12-26 22:19:57",
4782,4450,"12000100",1,"12000100-001",INV/12000100-001,"2007-11-29","0","",SL,"2007-11-29","0","",1,"",0,Rupiah,"2007-11-29","2008-12-26 22:19:57","2008-12-26 22:19:57",
4783,4451,"18000080",1,"18000080-001",INV/18000080-001,"2007-11-29","0","",SL,"2007-11-29","0","",1,"",0,Rupiah,"2007-11-29","2008-12-26 22:19:57","2008-12-26 22:19:57",
4784,4452,"28000160",1,"28000160-001",INV/28000160-001,"2007-11-29","0","",SL,"2007-11-29","0","",1,"",0,Rupiah,"2007-11-29","2008-12-26 22:19:57","2008-12-26 22:19:57",
4785,4453,"40000061",1,"40000061-001",INV/40000061-001,"2007-11-29","0","",SL,"2007-11-29","0","",1,"",0,Rupiah,"2007-11-29","2008-12-26 22:19:57","2008-12-26 22:19:57",
4786,4454,"18000082",1,"18000082-001",INV/18000082-001,"2007-11-29","0","",SL,"2007-11-29","0","",1,"",0,Rupiah,"2007-11-29","2008-12-26 22:19:57","2008-12-26 22:19:57",
4787,4455,"28000161",1,"28000161-001",INV/28000161-001,"2007-11-29","0","",SL,"2007-11-29","0","",1,"",0,Rupiah,"2007-11-29","2008-12-26 22:19:57","2008-12-26 22:19:57",
4789,4457,"40000062",1,"40000062-001",INV/40000062-001,"2007-11-29","0","",SL,"2007-11-29","0","",1,"",0,Rupiah,"2007-11-29","2008-12-26 22:19:57","2008-12-26 22:19:57",
4790,4458,"10000066",1,"10000066-001",INV/10000066-001,"2007-11-29","0","",SL,"2007-11-29","0","",1,"",0,Rupiah,"2007-11-29","2008-12-26 22:19:57","2008-12-26 22:19:57",
4791,4459,"27000161",1,"27000161-001",INV/27000161-001,"2007-11-29","0","",SL,"2007-11-29","0","",1,"",0,Rupiah,"2007-11-29","2008-12-26 22:19:57","2008-12-26 22:19:57",
4792,4460,"15000295",1,"15000295-001",INV/15000295-001,"2007-11-29","0","",SL,"2007-11-29","0","",1,"",0,Rupiah,"2007-11-29","2008-12-26 22:19:57","2008-12-26 22:19:57",
4793,4461,"10000064",1,"10000064-001",INV/10000064-001,"2007-11-29","0","",SL,"2007-11-29","0","",1,"",0,Rupiah,"2007-11-29","2008-12-26 22:19:57","2008-12-26 22:19:57",
4794,4462,"10000033",1,"10000033-001",INV/10000033-001,"2007-11-29","0","",SL,"2007-11-29","0","",1,"",0,Rupiah,"2007-11-29","2008-12-26 22:19:57","2008-12-26 22:19:57",
4795,4463,"10000032",1,"10000032-001",INV/10000032-001,"2007-11-29","0","",SL,"2007-11-29","0","",1,"",0,Rupiah,"2007-11-29","2008-12-26 22:19:57","2008-12-26 22:19:57",
4796,4464,"24000932",1,"24000932-001",INV/24000932-001,"2007-11-29","0","",SL,"2007-11-29","0","",1,"",0,Rupiah,"2007-11-29","2008-12-26 22:19:57","2008-12-26 22:19:57",
4797,4465,"10000109",1,"10000109-001",INV/10000109-001,"2007-11-29","0","",SL,"2007-11-29","0","",1,"",0,Rupiah,"2007-11-29","2008-12-26 22:19:57","2008-12-26 22:19:57",
4798,4466,"11000153",1,"11000153-001",INV/11000153-001,"2007-11-29","0","",SL,"2007-11-29","0","",1,"",0,Rupiah,"2007-11-29","2008-12-26 22:19:57","2008-12-26 22:19:57",
4799,4467,"22000126",1,"22000126-001",INV/22000126-001,"2007-11-29","0","",SL,"2007-11-29","0","",1,"",0,Rupiah,"2007-11-29","2008-12-26 22:19:57","2008-12-26 22:19:57",
4800,4468,"10000034",1,"10000034-001",INV/10000034-001,"2007-11-29","0","",SL,"2007-11-29","0","",1,"",0,Rupiah,"2007-11-29","2008-12-26 22:19:57","2008-12-26 22:19:57",
4801,4469,"10000067",1,"10000067-001",INV/10000067-001,"2007-11-29","0","",SL,"2007-11-29","0","",1,"",0,Rupiah,"2007-11-29","2008-12-26 22:19:57","2008-12-26 22:19:57",
4802,4470,"10000065",1,"10000065-001",INV/10000065-001,"2007-11-29","0","",SL,"2007-11-29","0","",1,"",0,Rupiah,"2007-11-29","2008-12-26 22:19:57","2008-12-26 22:19:57",
4803,4471,"10000107",1,"10000107-001",INV/10000107-001,"2007-11-29","0","",SL,"2007-11-29","0","",1,"",0,Rupiah,"2007-11-29","2008-12-26 22:19:57","2008-12-26 22:19:57",
4804,4472,"10000108",1,"10000108-001",INV/10000108-001,"2007-11-29","0","",SL,"2007-11-29","0","",1,"",0,Rupiah,"2007-11-29","2008-12-26 22:19:57","2008-12-26 22:19:57",
4805,4473,"10000068",1,"10000068-001",INV/10000068-001,"2007-11-29","0","",SL,"2007-11-29","0","",1,"",0,Rupiah,"2007-11-29","2008-12-26 22:19:57","2008-12-26 22:19:57",
4806,4474,"13000145",1,"13000145-001",INV/13000145-001,"2007-11-29",,"",SL,"2007-11-29","0","",1,"",0,Rupiah,"2007-11-29","2008-12-26 22:19:57","2026-07-25 15:16:25",
4807,4475,"10000042",1,"10000042-001",INV/10000042-001,"2007-11-29","0","",SL,"2007-11-29","0","",1,"",0,Rupiah,"2007-11-29","2008-12-26 22:19:57","2008-12-26 22:19:57",
4808,4476,"24000927",1,"24000927-001",INV/24000927-001,"2007-11-29","0","",SL,"2007-11-29","0","",1,"",0,Rupiah,"2007-11-29","2008-12-26 22:19:57","2008-12-26 22:19:57",
4809,4477,"10000083",1,"10000083-001",INV/10000083-001,"2007-11-29","0","",SL,"2007-11-29","0","",1,"",0,Rupiah,"2007-11-29","2008-12-26 22:19:57","2008-12-26 22:19:57",
4810,4478,"10000105",1,"10000105-001",INV/10000105-001,"2007-11-29","0","",SL,"2007-11-29","0","",1,"",0,Rupiah,"2007-11-29","2008-12-26 22:19:57","2008-12-26 22:19:57",
4811,4479,"19000092",1,"19000092-001",INV/19000092-001,"2007-11-29",,"",SL,"2007-11-29","0","",1,"",0,Rupiah,"2007-11-29","2008-12-26 22:19:57","2026-07-16 14:48:34",
4812,4480,"10000044",1,"10000044-001",INV/10000044-001,"2007-11-29","0","",SL,"2007-11-29","0","",1,"",0,Rupiah,"2007-11-29","2008-12-26 22:19:57","2008-12-26 22:19:57",
4813,4481,"10000069",1,"10000069-001",INV/10000069-001,"2007-11-29","0","",SL,"2007-11-29","0","",1,"",0,Rupiah,"2007-11-29","2008-12-26 22:19:57","2008-12-26 22:19:57",
4814,4482,"10000084",1,"10000084-001",INV/10000084-001,"2007-11-29","0","",SL,"2007-11-29","0","",1,"",0,Rupiah,"2007-11-29","2008-12-26 22:19:57","2008-12-26 22:19:57",
4815,4483,"24000921",1,"24000921-001",INV/24000921-001,"2007-11-29","0","",SL,"2007-11-29","0","",1,"",0,Rupiah,"2007-11-29","2008-12-26 22:19:57","2008-12-26 22:19:57",
4816,4484,"10000070",1,"10000070-001",INV/10000070-001,"2007-11-29","0","",SL,"2007-11-29","0","",1,"",0,Rupiah,"2007-11-29","2008-12-26 22:19:57","2008-12-26 22:19:57",
4817,4485,"10000151",1,"10000151-001",INV/10000151-001,"2007-11-29","0","",SL,"2007-11-29","0","",1,"",0,Rupiah,"2007-11-29","2008-12-26 22:19:57","2008-12-26 22:19:57",
4818,4486,"10000106",1,"10000106-001",INV/10000106-001,"2007-11-29","0","",SL,"2007-11-29","0","",1,"",0,Rupiah,"2007-11-29","2008-12-26 22:19:57","2008-12-26 22:19:57",
4819,4487,"11000210",1,"11000210-001",INV/11000210-001,"2007-11-29","0","",SL,"2007-11-29","0","",1,"",0,Rupiah,"2007-11-29","2008-12-26 22:19:57","2008-12-26 22:19:57",
4820,4488,"10000059",1,"10000059-001",INV/10000059-001,"2007-11-29","0","",SL,"2007-11-29","0","",1,"",0,Rupiah,"2007-11-29","2008-12-26 22:19:57","2008-12-26 22:19:57",
4821,4489,"10000104",1,"10000104-001",INV/10000104-001,"2007-11-29","0","",SL,"2007-11-29","0","",1,"",0,Rupiah,"2007-11-29","2008-12-26 22:19:57","2008-12-26 22:19:57",
4822,4490,"10000086",1,"10000086-001",INV/10000086-001,"2007-11-29","0","",SL,"2007-11-29","0","",1,"",0,Rupiah,"2007-11-29","2008-12-26 22:19:57","2008-12-26 22:19:57",
4823,4491,"10000071",1,"10000071-001",INV/10000071-001,"2007-11-29","0","",SL,"2007-11-29","0","",1,"",0,Rupiah,"2007-11-29","2008-12-26 22:19:57","2008-12-26 22:19:57",
4824,4492,"10000060",1,"10000060-001",INV/10000060-001,"2007-11-29","0","",SL,"2007-11-29","0","",1,"",0,Rupiah,"2007-11-29","2008-12-26 22:19:57","2008-12-26 22:19:57",
4825,4493,"10000103",1,"10000103-001",INV/10000103-001,"2007-11-29","0","",SL,"2007-11-29","0","",1,"",0,Rupiah,"2007-11-29","2008-12-26 22:19:57","2008-12-26 22:19:57",
4826,4494,"18000077",1,"18000077-001",INV/18000077-001,"2007-11-29","0","",SL,"2007-11-29","0","",1,"",0,Rupiah,"2007-11-29","2008-12-26 22:19:57","2008-12-26 22:19:57",
4827,4495,"10000102",1,"10000102-001",INV/10000102-001,"2007-11-29","0","",SL,"2007-11-29","0","",1,"",0,Rupiah,"2007-11-29","2008-12-26 22:19:57","2008-12-26 22:19:57",
4828,4496,"10000061",1,"10000061-001",INV/10000061-001,"2007-11-29","0","",SL,"2007-11-29","0","",1,"",0,Rupiah,"2007-11-29","2008-12-26 22:19:57","2008-12-26 22:19:57",
4829,4497,"10000072",1,"10000072-001",INV/10000072-001,"2007-11-29","0","",SL,"2007-11-29","0","",1,"",0,Rupiah,"2007-11-29","2008-12-26 22:19:57","2008-12-26 22:19:57",
4830,4498,"10000085",1,"10000085-001",INV/10000085-001,"2007-11-29","0","",SL,"2007-11-29","0","",1,"",0,Rupiah,"2007-11-29","2008-12-26 22:19:57","2008-12-26 22:19:57",
4831,4499,"10000062",1,"10000062-001",INV/10000062-001,"2007-11-29","0","",SL,"2007-11-29","0","",1,"",0,Rupiah,"2007-11-29","2008-12-26 22:19:57","2008-12-26 22:19:57",
4832,4500,"11000211",1,"11000211-001",INV/11000211-001,"2007-11-29","0","",SL,"2007-11-29","0","",1,"",0,Rupiah,"2007-11-29","2008-12-26 22:19:57","2008-12-26 22:19:57",
4833,4501,"10000073",1,"10000073-001",INV/10000073-001,"2007-11-29","0","",SL,"2007-11-29","0","",1,"",0,Rupiah,"2007-11-29","2008-12-26 22:19:57","2008-12-26 22:19:57",
4834,4502,"10000063",1,"10000063-001",INV/10000063-001,"2007-11-29","0","",SL,"2007-11-29","0","",1,"",0,Rupiah,"2007-11-29","2008-12-26 22:19:57","2008-12-26 22:19:57",
4835,4503,"10000087",1,"10000087-001",INV/10000087-001,"2007-11-29","0","",SL,"2007-11-29","0","",1,"",0,Rupiah,"2007-11-29","2008-12-26 22:19:57","2008-12-26 22:19:57",
4836,4504,"10000074",1,"10000074-001",INV/10000074-001,"2007-11-29","0","",SL,"2007-11-29","0","",1,"",0,Rupiah,"2007-11-29","2008-12-26 22:19:57","2008-12-26 22:19:57",
4837,4505,"13000146",1,"13000146-001",INV/13000146-001,"2007-11-29",,"",SL,"2007-11-29","0","",1,"",0,Rupiah,"2007-11-29","2008-12-26 22:19:57","2026-07-25 13:43:53",
4838,4506,"10000146",1,"10000146-001",INV/10000146-001,"2007-11-29","0","",SL,"2007-11-29","0","",1,"",0,Rupiah,"2007-11-29","2008-12-26 22:19:57","2008-12-26 22:19:57",
4839,4507,"10000088",1,"10000088-001",INV/10000088-001,"2007-11-29","0","",SL,"2007-11-29","0","",1,"",0,Rupiah,"2007-11-29","2008-12-26 22:19:57","2008-12-26 22:19:57",
4840,4508,"10000147",1,"10000147-001",INV/10000147-001,"2007-11-29","0","",SL,"2007-11-29","0","",1,"",0,Rupiah,"2007-11-29","2008-12-26 22:19:57","2008-12-26 22:19:57",
4841,4509,"10000075",1,"10000075-001",INV/10000075-001,"2007-11-29","0","",SL,"2007-11-29","0","",1,"",0,Rupiah,"2007-11-29","2008-12-26 22:19:57","2008-12-26 22:19:57",
4842,2583,"10000153",1,"10000153-002",INV/10000153-002,"2007-11-29","0","",SL,"2007-11-29","0","",1,"",0,Rupiah,"2007-11-29","2008-12-26 22:19:57","2008-12-26 22:19:57",
4843,194,"10000030",1,"10000030-002",INV/10000030-002,"2007-11-29","0","",SL,"2007-11-29","0","",1,"",0,Rupiah,"2007-11-29","2008-12-26 22:19:57","2008-12-26 22:19:57",
4844,4510,"10000076",1,"10000076-001",INV/10000076-001,"2007-11-29","0","",SL,"2007-11-29","0","",1,"",0,Rupiah,"2007-11-29","2008-12-26 22:19:57","2008-12-26 22:19:57",
4845,195,"10000031",1,"10000031-002",INV/10000031-002,"2007-11-29","0","",SL,"2007-11-29","0","",1,"",0,Rupiah,"2007-11-29","2008-12-26 22:19:57","2008-12-26 22:19:57",
4846,4511,"10000089",1,"10000089-001",INV/10000089-001,"2007-11-29","0","",SL,"2007-11-29","0","",1,"",0,Rupiah,"2007-11-29","2008-12-26 22:19:57","2008-12-26 22:19:57",
4847,4512,"10000148",1,"10000148-001",INV/10000148-001,"2007-11-29","0","",SL,"2007-11-29","0","",1,"",0,Rupiah,"2007-11-29","2008-12-26 22:19:57","2008-12-26 22:19:57",
4848,4513,"10000077",1,"10000077-001",INV/10000077-001,"2007-11-29","0","",SL,"2007-11-29","0","",1,"",0,Rupiah,"2007-11-29","2008-12-26 22:19:57","2008-12-26 22:19:57",
4849,4514,"20000011",1,"20000011-001",INV/20000011-001,"2007-11-29","0","",SL,"2007-11-29","0","",1,"",0,Rupiah,"2007-11-29","2008-12-26 22:19:57","2008-12-26 22:19:57",
4850,4515,"24000987",1,"24000987-001",INV/24000987-001,"2007-11-29","0","",SL,"2007-11-29","0","",1,"",0,Rupiah,"2007-11-29","2008-12-26 22:19:57","2008-12-26 22:19:57",
4851,4463,"10000032",1,"10000032-002",INV/10000032-002,"2007-11-29","0","",SL,"2007-11-29","0","",1,"",0,Rupiah,"2007-11-29","2008-12-26 22:19:57","2008-12-26 22:19:57",
4852,4516,"10000078",1,"10000078-001",INV/10000078-001,"2007-11-29","0","",SL,"2007-11-29","0","",1,"",0,Rupiah,"2007-11-29","2008-12-26 22:19:57","2008-12-26 22:19:57",
4853,4462,"10000033",1,"10000033-002",INV/10000033-002,"2007-11-29","0","",SL,"2007-11-29","0","",1,"",0,Rupiah,"2007-11-29","2008-12-26 22:19:57","2008-12-26 22:19:57",
4854,4517,"23000052",1,"23000052-001",INV/23000052-001,"2007-11-29","0","",SL,"2007-11-29","0","",1,"",0,Rupiah,"2007-11-29","2008-12-26 22:19:57","2008-12-26 22:19:57",
4855,4518,"20000015",1,"20000015-001",INV/20000015-001,"2007-11-29",,"",SL,"2007-11-29","0","",1,"",0,Rupiah,"2007-11-29","2008-12-26 22:19:57","2026-07-12 11:27:16",
4856,4519,"10000079",1,"10000079-001",INV/10000079-001,"2007-11-29","0","",SL,"2007-11-29","0","",1,"",0,Rupiah,"2007-11-29","2008-12-26 22:19:57","2008-12-26 22:19:57",
4857,4520,"10000149",1,"10000149-001",INV/10000149-001,"2007-11-29","0","",SL,"2007-11-29","0","",1,"",0,Rupiah,"2007-11-29","2008-12-26 22:19:57","2008-12-26 22:19:57",
4858,4468,"10000034",1,"10000034-002",INV/10000034-002,"2007-11-29","0","",SL,"2007-11-29","0","",1,"",0,Rupiah,"2007-11-29","2008-12-26 22:19:57","2008-12-26 22:19:57",
4859,4521,"10000080",1,"10000080-001",INV/10000080-001,"2007-11-29","0","",SL,"2007-11-29","0","",1,"",0,Rupiah,"2007-11-29","2008-12-26 22:19:57","2008-12-26 22:19:57",
4860,4522,"10000090",1,"10000090-001",INV/10000090-001,"2007-11-29","0","",SL,"2007-11-29","0","",1,"",0,Rupiah,"2007-11-29","2008-12-26 22:19:57","2008-12-26 22:19:57",
4861,4523,"10000150",1,"10000150-001",INV/10000150-001,"2007-11-29","0","",SL,"2007-11-29","0","",1,"",0,Rupiah,"2007-11-29","2008-12-26 22:19:57","2008-12-26 22:19:57",
4862,4524,"10000081",1,"10000081-001",INV/10000081-001,"2007-11-29","0","",SL,"2007-11-29","0","",1,"",0,Rupiah,"2007-11-29","2008-12-26 22:19:57","2008-12-26 22:19:57",
4863,4525,"20000004",1,"20000004-001",INV/20000004-001,"2007-11-29","0","",SL,"2007-11-29","0","",1,"",0,Rupiah,"2007-11-29","2008-12-26 22:19:57","2008-12-26 22:19:57",
4864,4526,"10000082",1,"10000082-001",INV/10000082-001,"2007-11-29","0","",SL,"2007-11-29","0","",1,"",0,Rupiah,"2007-11-29","2008-12-26 22:19:57","2008-12-26 22:19:57",
4866,4528,"20000020",1,"20000020-001",INV/20000020-001,"2007-11-29","0","",SL,"2007-11-29","0","",1,"",0,Rupiah,"2007-11-29","2008-12-26 22:19:57","2008-12-26 22:19:57",
4867,4529,"40000045",1,"40000045-001",INV/40000045-001,"2007-11-29","0","",SL,"2007-11-29","0","",1,"",0,Rupiah,"2007-11-29","2008-12-26 22:19:57","2008-12-26 22:19:57",
4868,4530,"40000047",1,"40000047-001",INV/40000047-001,"2007-11-29","0","",SL,"2007-11-29","0","",1,"",0,Rupiah,"2007-11-29","2008-12-26 22:19:57","2008-12-26 22:19:57",
4869,4531,"40000046",1,"40000046-001",INV/40000046-001,"2007-11-29","0","",SL,"2007-11-29","0","",1,"",0,Rupiah,"2007-11-29","2008-12-26 22:19:57","2008-12-26 22:19:57",
4870,4532,"12000083",1,"12000083-001",INV/12000083-001,"2007-11-29","0","",SL,"2007-11-29","0","",1,"",0,Rupiah,"2007-11-29","2008-12-26 22:19:57","2008-12-26 22:19:57",
4871,4533,"20000052",1,"20000052-001",INV/20000052-001,"2007-11-29","0","",SL,"2007-11-29","0","",1,"",0,Rupiah,"2007-11-29","2008-12-26 22:19:57","2008-12-26 22:19:57",
4872,4532,"12000083",1,"12000083-002",INV/12000083-002,"2007-11-29","0","",SL,"2007-11-29","0","",1,"",0,Rupiah,"2007-11-29","2008-12-26 22:19:57","2008-12-26 22:19:57",
4873,4534,"10000092",1,"10000092-001",INV/10000092-001,"2007-11-29","0","",SL,"2007-11-29","0","",1,"",0,Rupiah,"2007-11-29","2008-12-26 22:19:57","2008-12-26 22:19:57",
4874,4535,"10000093",1,"10000093-001",INV/10000093-001,"2007-11-29","0","",SL,"2007-11-29","0","",1,"",0,Rupiah,"2007-11-29","2008-12-26 22:19:57","2008-12-26 22:19:57",
4875,4536,"40000044",1,"40000044-001",INV/40000044-001,"2007-11-29","0","",SL,"2007-11-29","0","",1,"",0,Rupiah,"2007-11-29","2008-12-26 22:19:57","2008-12-26 22:19:57",
4876,4537,"14000080",1,"14000080-001",INV/14000080-001,"2007-11-29","0","",SL,"2007-11-29","0","",1,"",0,Rupiah,"2007-11-29","2008-12-26 22:19:57","2008-12-26 22:19:57",
4877,4538,"14000007",1,"14000007-001",INV/14000007-001,"2007-11-29","0","",SL,"2007-11-29","0","",1,"",0,Rupiah,"2007-11-29","2008-12-26 22:19:57","2008-12-26 22:19:57",
4878,4539,"10000168",1,"10000168-001",INV/10000168-001,"2007-11-29","0","",SL,"2007-11-29","0","",1,"",0,Rupiah,"2007-11-29","2008-12-26 22:19:57","2008-12-26 22:19:57",
4879,4540,"40000042",1,"40000042-001",INV/40000042-001,"2007-11-29","0","",SL,"2007-11-29","0","",1,"",0,Rupiah,"2007-11-29","2008-12-26 22:19:57","2008-12-26 22:19:57",
4880,4541,"10000152",1,"10000152-001",INV/10000152-001,"2007-11-29","0","",SL,"2007-11-29","0","",1,"",0,Rupiah,"2007-11-29","2008-12-26 22:19:57","2008-12-26 22:19:57",
4881,4542,"14000023",1,"14000023-001",INV/14000023-001,"2007-11-29","0","",SL,"2007-11-29","0","",1,"",0,Rupiah,"2007-11-29","2008-12-26 22:19:57","2008-12-26 22:19:57",
4882,4543,"14000086",1,"14000086-001",INV/14000086-001,"2007-11-29","0","",SL,"2007-11-29","0","",1,"",0,Rupiah,"2007-11-29","2008-12-26 22:19:57","2008-12-26 22:19:57",
4883,4544,"14000088",1,"14000088-001",INV/14000088-001,"2007-11-29",,"",SL,"2007-11-29","0","",1,"",0,Rupiah,"2007-11-29","2008-12-26 22:19:57","2026-07-15 16:04:19",
4884,4545,"14000077",1,"14000077-001",INV/14000077-001,"2007-11-29","0","",SL,"2007-11-29","0","",1,"",0,Rupiah,"2007-11-29","2008-12-26 22:19:57","2008-12-26 22:19:57",
4885,4546,"14000087",1,"14000087-001",INV/14000087-001,"2007-11-29",,"",SL,"2007-11-29","0","",1,"",0,Rupiah,"2007-11-29","2008-12-26 22:19:57","2026-07-15 16:06:29",
4886,4547,"14000090",1,"14000090-001",INV/14000090-001,"2007-11-29","0","",SL,"2007-11-29","0","",1,"",0,Rupiah,"2007-11-29","2008-12-26 22:19:57","2008-12-26 22:19:57",
4887,4548,"40000043",1,"40000043-001",INV/40000043-001,"2007-11-29","0","",SL,"2007-11-29","0","",1,"",0,Rupiah,"2007-11-29","2008-12-26 22:19:57","2008-12-26 22:19:57",
4888,4549,"40000052",1,"40000052-001",INV/40000052-001,"2007-11-29","0","",SL,"2007-11-29","0","",1,"",0,Rupiah,"2007-11-29","2008-12-26 22:19:57","2008-12-26 22:19:57",
4889,4550,"14000025",1,"14000025-001",INV/14000025-001,"2007-11-29","0","",SL,"2007-11-29","0","",1,"",0,Rupiah,"2007-11-29","2008-12-26 22:19:57","2008-12-26 22:19:57",
4890,4551,"14000100",1,"14000100-001",INV/14000100-001,"2007-11-29","0","",SL,"2007-11-29","0","",1,"",0,Rupiah,"2007-11-29","2008-12-26 22:19:57","2008-12-26 22:19:57",
4891,4552,"14000091",1,"14000091-001",INV/14000091-001,"2007-11-29","0","",SL,"2007-11-29","0","",1,"",0,Rupiah,"2007-11-29","2008-12-26 22:19:57","2008-12-26 22:19:57",
4892,4553,"11000212",1,"11000212-001",INV/11000212-001,"2007-11-29","0","",SL,"2007-11-29","0","",1,"",0,Rupiah,"2007-11-29","2008-12-26 22:19:57","2008-12-26 22:19:57",
4893,4554,"14000085",1,"14000085-001",INV/14000085-001,"2007-11-29","0","",SL,"2007-11-29","0","",1,"",0,Rupiah,"2007-11-29","2008-12-26 22:19:57","2008-12-26 22:19:57",
4894,4555,"14000092",1,"14000092-001",INV/14000092-001,"2007-11-29","0","",SL,"2007-11-29","0","",1,"",0,Rupiah,"2007-11-29","2008-12-26 22:19:57","2008-12-26 22:19:57",
4895,4556,"20000053",1,"20000053-001",INV/20000053-001,"2007-11-29","0","",SL,"2007-11-29","0","",1,"",0,Rupiah,"2007-11-29","2008-12-26 22:19:57","2008-12-26 22:19:57",
4896,4557,"22000127",1,"22000127-001",INV/22000127-001,"2007-11-29","0","",SL,"2007-11-29","0","",1,"",0,Rupiah,"2007-11-29","2008-12-26 22:19:57","2008-12-26 22:19:57",
4897,4558,"14000093",1,"14000093-001",INV/14000093-001,"2007-11-29","0","",SL,"2007-11-29","0","",1,"",0,Rupiah,"2007-11-29","2008-12-26 22:19:57","2008-12-26 22:19:57",
4898,4559,"14000064",1,"14000064-001",INV/14000064-001,"2007-11-29","0","",SL,"2007-11-29","0","",1,"",0,Rupiah,"2007-11-29","2008-12-26 22:19:57","2008-12-26 22:19:57",
4899,4560,"14000101",1,"14000101-001",INV/14000101-001,"2007-11-29","0","",SL,"2007-11-29","0","",1,"",0,Rupiah,"2007-11-29","2008-12-26 22:19:57","2008-12-26 22:19:57",
4900,4561,"14000094",1,"14000094-001",INV/14000094-001,"2007-11-29","0","",SL,"2007-11-29","0","",1,"",0,Rupiah,"2007-11-29","2008-12-26 22:19:57","2008-12-26 22:19:57",
4901,4562,"14000107",1,"14000107-001",INV/14000107-001,"2007-11-29","0","",SL,"2007-11-29","0","",1,"",0,Rupiah,"2007-11-29","2008-12-26 22:19:57","2008-12-26 22:19:57",
4902,4563,"10000166",1,"10000166-001",INV/10000166-001,"2007-11-29","0","",SL,"2007-11-29","0","",1,"",0,Rupiah,"2007-11-29","2008-12-26 22:19:57","2008-12-26 22:19:57",
4903,4564,"14000095",1,"14000095-001",INV/14000095-001,"2007-11-29","0","",SL,"2007-11-29","0","",1,"",0,Rupiah,"2007-11-29","2008-12-26 22:19:57","2008-12-26 22:19:57",
4904,4565,"14000096",1,"14000096-001",INV/14000096-001,"2007-11-29","0","",SL,"2007-11-29","0","",1,"",0,Rupiah,"2007-11-29","2008-12-26 22:19:57","2008-12-26 22:19:57",
4905,4566,"10000160",1,"10000160-001",INV/10000160-001,"2007-11-29","0","",SL,"2007-11-29","0","",1,"",0,Rupiah,"2007-11-29","2008-12-26 22:19:57","2008-12-26 22:19:57",
4906,4567,"14000032",1,"14000032-001",INV/14000032-001,"2007-11-29","0","",SL,"2007-11-29","0","",1,"",0,Rupiah,"2007-11-29","2008-12-26 22:19:57","2008-12-26 22:19:57",
4907,4568,"14000102",1,"14000102-001",INV/14000102-001,"2007-11-29","0","",SL,"2007-11-29","0","",1,"",0,Rupiah,"2007-11-29","2008-12-26 22:19:57","2008-12-26 22:19:57",
4908,4569,"21000060",1,"21000060-001",INV/21000060-001,"2007-11-29","0","",SL,"2007-11-29","0","",1,"",0,Rupiah,"2007-11-29","2008-12-26 22:19:57","2008-12-26 22:19:57",
4909,4570,"10000158",1,"10000158-001",INV/10000158-001,"2007-11-29","0","",SL,"2007-11-29","0","",1,"",0,Rupiah,"2007-11-29","2008-12-26 22:19:57","2008-12-26 22:19:57",
4910,4571,"14000033",1,"14000033-001",INV/14000033-001,"2007-11-29","0","",SL,"2007-11-29","0","",1,"",0,Rupiah,"2007-11-29","2008-12-26 22:19:57","2008-12-26 22:19:57",
4911,4572,"17000088",1,"17000088-001",INV/17000088-001,"2007-11-29","0","",SL,"2007-11-29","0","",1,"",0,Rupiah,"2007-11-29","2008-12-26 22:19:57","2008-12-26 22:19:57",
4912,4573,"11000213",1,"11000213-001",INV/11000213-001,"2007-11-29","0","",SL,"2007-11-29","0","",1,"",0,Rupiah,"2007-11-29","2008-12-26 22:19:57","2008-12-26 22:19:57",
4913,4574,"10000167",1,"10000167-001",INV/10000167-001,"2007-11-29","0","",SL,"2007-11-29","0","",1,"",0,Rupiah,"2007-11-29","2008-12-26 22:19:57","2008-12-26 22:19:57",
4914,4575,"10000178",1,"10000178-001",INV/10000178-001,"2007-11-29","0","",SL,"2007-11-29","0","",1,"",0,Rupiah,"2007-11-29","2008-12-26 22:19:57","2008-12-26 22:19:57",
4915,4576,"21000009",1,"21000009-001",INV/21000009-001,"2007-11-29","0","",SL,"2007-11-29","0","",1,"",0,Rupiah,"2007-11-29","2008-12-26 22:19:57","2008-12-26 22:19:57",
4916,4577,"21000061",1,"21000061-001",INV/21000061-001,"2007-11-29","0","",SL,"2007-11-29","0","",1,"",0,Rupiah,"2007-11-29","2008-12-26 22:19:57","2008-12-26 22:19:57",
4917,4578,"21000002",1,"21000002-001",INV/21000002-001,"2007-11-29","0","",SL,"2007-11-29","0","",1,"",0,Rupiah,"2007-11-29","2008-12-26 22:19:57","2008-12-26 22:19:57",
4918,4579,"14000097",1,"14000097-001",INV/14000097-001,"2007-11-29",,"",SL,"2007-11-29","0","",1,"",0,Rupiah,"2007-11-29","2008-12-26 22:19:57","2026-07-15 16:00:47",
4919,4580,"11000214",1,"11000214-001",INV/11000214-001,"2007-11-29","0","",SL,"2007-11-29","0","",1,"",0,Rupiah,"2007-11-29","2008-12-26 22:19:57","2008-12-26 22:19:57",
4920,4581,"14000104",1,"14000104-001",INV/14000104-001,"2007-11-29","0","",SL,"2007-11-29","0","",1,"",0,Rupiah,"2007-11-29","2008-12-26 22:19:57","2008-12-26 22:19:57",
4921,4582,"10000165",1,"10000165-001",INV/10000165-001,"2007-11-29","0","",SL,"2007-11-29","0","",1,"",0,Rupiah,"2007-11-29","2008-12-26 22:19:57","2008-12-26 22:19:57",
4922,4583,"17000090",1,"17000090-001",INV/17000090-001,"2007-11-29","0","",SL,"2007-11-29","0","",1,"",0,Rupiah,"2007-11-29","2008-12-26 22:19:57","2008-12-26 22:19:57",
4923,4584,"10000154",1,"10000154-001",INV/10000154-001,"2007-11-29","0","",SL,"2007-11-29","0","",1,"",0,Rupiah,"2007-11-29","2008-12-26 22:19:57","2008-12-26 22:19:57",
4924,4585,"10000155",1,"10000155-001",INV/10000155-001,"2007-11-29","0","",SL,"2007-11-29","0","",1,"",0,Rupiah,"2007-11-29","2008-12-26 22:19:57","2008-12-26 22:19:57",
4925,4586,"14000098",1,"14000098-001",INV/14000098-001,"2007-11-29","0","",SL,"2007-11-29","0","",1,"",0,Rupiah,"2007-11-29","2008-12-26 22:19:57","2008-12-26 22:19:57",
4926,4587,"10000156",1,"10000156-001",INV/10000156-001,"2007-11-29","0","",SL,"2007-11-29","0","",1,"",0,Rupiah,"2007-11-29","2008-12-26 22:19:57","2008-12-26 22:19:57",
4927,4588,"10000157",1,"10000157-001",INV/10000157-001,"2007-11-29","0","",SL,"2007-11-29","0","",1,"",0,Rupiah,"2007-11-29","2008-12-26 22:19:57","2008-12-26 22:19:57",
4928,4589,"10000169",1,"10000169-001",INV/10000169-001,"2007-11-29","0","",SL,"2007-11-29","0","",1,"",0,Rupiah,"2007-11-29","2008-12-26 22:19:57","2008-12-26 22:19:57",
4929,4590,"10000159",1,"10000159-001",INV/10000159-001,"2007-11-29","0","",SL,"2007-11-29","0","",1,"",0,Rupiah,"2007-11-29","2008-12-26 22:19:57","2008-12-26 22:19:57",
4930,4591,"10000161",1,"10000161-001",INV/10000161-001,"2007-11-29","0","",SL,"2007-11-29","0","",1,"",0,Rupiah,"2007-11-29","2008-12-26 22:19:57","2008-12-26 22:19:57",
4931,4592,"10000162",1,"10000162-001",INV/10000162-001,"2007-11-29","0","",SL,"2007-11-29","0","",1,"",0,Rupiah,"2007-11-29","2008-12-26 22:19:57","2008-12-26 22:19:57",
4932,4593,"14000099",1,"14000099-001",INV/14000099-001,"2007-11-29","0","",SL,"2007-11-29","0","",1,"",0,Rupiah,"2007-11-29","2008-12-26 22:19:57","2008-12-26 22:19:57",
4933,4594,"10000163",1,"10000163-001",INV/10000163-001,"2007-11-29","0","",SL,"2007-11-29","0","",1,"",0,Rupiah,"2007-11-29","2008-12-26 22:19:57","2008-12-26 22:19:57",
4934,4595,"10000164",1,"10000164-001",INV/10000164-001,"2007-11-29","0","",SL,"2007-11-29","0","",1,"",0,Rupiah,"2007-11-29","2008-12-26 22:19:57","2008-12-26 22:19:57",
4935,4596,"17000091",1,"17000091-001",INV/17000091-001,"2007-11-29","0","",SL,"2007-11-29","0","",1,"",0,Rupiah,"2007-11-29","2008-12-26 22:19:57","2008-12-26 22:19:57",
4936,4597,"10000179",1,"10000179-001",INV/10000179-001,"2007-11-29","0","",SL,"2007-11-29","0","",1,"",0,Rupiah,"2007-11-29","2008-12-26 22:19:57","2008-12-26 22:19:57",
4937,4598,"10000170",1,"10000170-001",INV/10000170-001,"2007-11-29","0","",SL,"2007-11-29","0","",1,"",0,Rupiah,"2007-11-29","2008-12-26 22:19:57","2008-12-26 22:19:57",
4938,4599,"21000011",1,"21000011-001",INV/21000011-001,"2007-11-29","0","",SL,"2007-11-29","0","",1,"",0,Rupiah,"2007-11-29","2008-12-26 22:19:57","2008-12-26 22:19:57",
4939,2585,"14000105",1,"14000105-001",INV/14000105-001,"2007-11-29","0","",SL,"2007-11-29","0","",1,"",0,Rupiah,"2007-11-29","2008-12-26 22:19:57","2008-12-26 22:19:57",
4940,4600,"10000171",1,"10000171-001",INV/10000171-001,"2007-11-29","0","",SL,"2007-11-29","0","",1,"",0,Rupiah,"2007-11-29","2008-12-26 22:19:57","2008-12-26 22:19:57",
4941,4601,"14000103",1,"14000103-001",INV/14000103-001,"2007-11-29","0","",SL,"2007-11-29","0","",1,"",0,Rupiah,"2007-11-29","2008-12-26 22:19:57","2008-12-26 22:19:57",
4942,4602,"17000092",1,"17000092-001",INV/17000092-001,"2007-11-29","0","",SL,"2007-11-29","0","",1,"",0,Rupiah,"2007-11-29","2008-12-26 22:19:57","2008-12-26 22:19:57",
4943,2586,"14000106",1,"14000106-001",INV/14000106-001,"2007-11-29","0","",SL,"2007-11-29","0","",1,"",0,Rupiah,"2007-11-29","2008-12-26 22:19:57","2008-12-26 22:19:57",
4944,4603,"17000093",1,"17000093-001",INV/17000093-001,"2007-11-29","0","",SL,"2007-11-29","0","",1,"",0,Rupiah,"2007-11-29","2008-12-26 22:19:57","2008-12-26 22:19:57",
4945,4604,"21000036",1,"21000036-001",INV/21000036-001,"2007-11-29","0","",SL,"2007-11-29","0","",1,"",0,Rupiah,"2007-11-29","2008-12-26 22:19:57","2008-12-26 22:19:57",
4946,4605,"10000172",1,"10000172-001",INV/10000172-001,"2007-11-29","0","",SL,"2007-11-29","0","",1,"",0,Rupiah,"2007-11-29","2008-12-26 22:19:57","2008-12-26 22:19:57",
4947,1998,"21000037",1,"21000037-001",INV/21000037-001,"2007-11-29","0","",SL,"2007-11-29","0","",1,"",0,Rupiah,"2007-11-29","2008-12-26 22:19:57","2008-12-26 22:19:57",
4948,4606,"21000040",1,"21000040-001",INV/21000040-001,"2007-11-29","0","",SL,"2007-11-29","0","",1,"",0,Rupiah,"2007-11-29","2008-12-26 22:19:57","2008-12-26 22:19:57",
4949,4607,"10000173",1,"10000173-001",INV/10000173-001,"2007-11-29","0","",SL,"2007-11-29","0","",1,"",0,Rupiah,"2007-11-29","2008-12-26 22:19:57","2008-12-26 22:19:57",
4950,4608,"17000094",1,"17000094-001",INV/17000094-001,"2007-11-29","0","",SL,"2007-11-29","0","",1,"",0,Rupiah,"2007-11-29","2008-12-26 22:19:57","2008-12-26 22:19:57",
4951,4609,"21000064",1,"21000064-001",INV/21000064-001,"2007-11-29","0","",SL,"2007-11-29","0","",1,"",0,Rupiah,"2007-11-29","2008-12-26 22:19:57","2008-12-26 22:19:57",
4952,4610,"10000174",1,"10000174-001",INV/10000174-001,"2007-11-29","0","",SL,"2007-11-29","0","",1,"",0,Rupiah,"2007-11-29","2008-12-26 22:19:57","2008-12-26 22:19:57",
4953,4611,"21000043",1,"21000043-001",INV/21000043-001,"2007-11-29","0","",SL,"2007-11-29","0","",1,"",0,Rupiah,"2007-11-29","2008-12-26 22:19:57","2008-12-26 22:19:57",
4954,4612,"10000175",1,"10000175-001",INV/10000175-001,"2007-11-29","0","",SL,"2007-11-29","0","",1,"",0,Rupiah,"2007-11-29","2008-12-26 22:19:57","2008-12-26 22:19:57",
4955,4613,"21000044",1,"21000044-001",INV/21000044-001,"2007-11-29","0","",SL,"2007-11-29","0","",1,"",0,Rupiah,"2007-11-29","2008-12-26 22:19:57","2008-12-26 22:19:57",
4956,4614,"10000176",1,"10000176-001",INV/10000176-001,"2007-11-29","0","",SL,"2007-11-29","0","",1,"",0,Rupiah,"2007-11-29","2008-12-26 22:19:57","2008-12-26 22:19:57",
4957,4615,"21000045",1,"21000045-001",INV/21000045-001,"2007-11-29","0","",SL,"2007-11-29","0","",1,"",0,Rupiah,"2007-11-29","2008-12-26 22:19:57","2008-12-26 22:19:57",
4958,4616,"21000046",1,"21000046-001",INV/21000046-001,"2007-11-29","0","",SL,"2007-11-29","0","",1,"",0,Rupiah,"2007-11-29","2008-12-26 22:19:57","2008-12-26 22:19:57",
4959,4617,"21000065",1,"21000065-001",INV/21000065-001,"2007-11-29",,"",SL,"2007-11-29","0","",1,"",0,Rupiah,"2007-11-29","2008-12-26 22:19:57","2026-07-19 10:13:48",
4960,4618,"17000096",1,"17000096-001",INV/17000096-001,"2007-11-29","0","",SL,"2007-11-29","0","",1,"",0,Rupiah,"2007-11-29","2008-12-26 22:19:57","2008-12-26 22:19:57",
4961,4619,"10000177",1,"10000177-001",INV/10000177-001,"2007-11-29","0","",SL,"2007-11-29","0","",1,"",0,Rupiah,"2007-11-29","2008-12-26 22:19:57","2008-12-26 22:19:57",
4962,4620,"21000047",1,"21000047-001",INV/21000047-001,"2007-11-29","0","",SL,"2007-11-29","0","",1,"",0,Rupiah,"2007-11-29","2008-12-26 22:19:57","2008-12-26 22:19:57",
4963,4621,"21000066",1,"21000066-001",INV/21000066-001,"2007-11-29","0","",SL,"2007-11-29","0","",1,"",0,Rupiah,"2007-11-29","2008-12-26 22:19:57","2008-12-26 22:19:57",
4964,4622,"17000097",1,"17000097-001",INV/17000097-001,"2007-11-29","0","",SL,"2007-11-29","0","",1,"",0,Rupiah,"2007-11-29","2008-12-26 22:19:57","2008-12-26 22:19:57",
4965,4623,"21000048",1,"21000048-001",INV/21000048-001,"2007-11-29","0","",SL,"2007-11-29","0","",1,"",0,Rupiah,"2007-11-29","2008-12-26 22:19:57","2008-12-26 22:19:57",
4966,4624,"10000180",1,"10000180-001",INV/10000180-001,"2007-11-29","0","",SL,"2007-11-29","0","",1,"",0,Rupiah,"2007-11-29","2008-12-26 22:19:57","2008-12-26 22:19:57",
4967,4625,"21000067",1,"21000067-001",INV/21000067-001,"2007-11-29","0","",SL,"2007-11-29","0","",1,"",0,Rupiah,"2007-11-29","2008-12-26 22:19:57","2008-12-26 22:19:57",
4968,4626,"17000098",1,"17000098-001",INV/17000098-001,"2007-11-29","0","",SL,"2007-11-29","0","",1,"",0,Rupiah,"2007-11-29","2008-12-26 22:19:57","2008-12-26 22:19:57",
4969,4627,"17000099",1,"17000099-001",INV/17000099-001,"2007-11-29","0","",SL,"2007-11-29","0","",1,"",0,Rupiah,"2007-11-29","2008-12-26 22:19:57","2008-12-26 22:19:57",
4970,4628,"17000100",1,"17000100-001",INV/17000100-001,"2007-11-29","0","",SL,"2007-11-29","0","",1,"",0,Rupiah,"2007-11-29","2008-12-26 22:19:57","2008-12-26 22:19:57",
4971,2588,"17000103",1,"17000103-001",INV/17000103-001,"2007-11-29","0","",SL,"2007-11-29","0","",1,"",0,Rupiah,"2007-11-29","2008-12-26 22:19:57","2008-12-26 22:19:57",
4972,4629,"21000049",1,"21000049-001",INV/21000049-001,"2007-11-29","0","",SL,"2007-11-29","0","",1,"",0,Rupiah,"2007-11-29","2008-12-26 22:19:57","2008-12-26 22:19:57",
4973,4630,"21000069",1,"21000069-001",INV/21000069-001,"2007-11-29","0","",SL,"2007-11-29","0","",1,"",0,Rupiah,"2007-11-29","2008-12-26 22:19:57","2008-12-26 22:19:57",
4974,4631,"21000050",1,"21000050-001",INV/21000050-001,"2007-11-29","0","",SL,"2007-11-29","0","",1,"",0,Rupiah,"2007-11-29","2008-12-26 22:19:57","2008-12-26 22:19:57",
4975,4632,"17000104",1,"17000104-001",INV/17000104-001,"2007-11-29","0","",SL,"2007-11-29","0","",1,"",0,Rupiah,"2007-11-29","2008-12-26 22:19:57","2008-12-26 22:19:57",
4976,4633,"17000105",1,"17000105-001",INV/17000105-001,"2007-11-29","0","",SL,"2007-11-29","0","",1,"",0,Rupiah,"2007-11-29","2008-12-26 22:19:57","2008-12-26 22:19:57",
4977,4634,"21000051",1,"21000051-001",INV/21000051-001,"2007-11-29","0","",SL,"2007-11-29","0","",1,"",0,Rupiah,"2007-11-29","2008-12-26 22:19:57","2008-12-26 22:19:57",
4978,4635,"21000052",1,"21000052-001",INV/21000052-001,"2007-11-29","0","",SL,"2007-11-29","0","",1,"",0,Rupiah,"2007-11-29","2008-12-26 22:19:57","2008-12-26 22:19:57",
4979,4636,"21000053",1,"21000053-001",INV/21000053-001,"2007-11-29","0","",SL,"2007-11-29","0","",1,"",0,Rupiah,"2007-11-29","2008-12-26 22:19:57","2008-12-26 22:19:57",
4980,4637,"21000057",1,"21000057-001",INV/21000057-001,"2007-11-29","0","",SL,"2007-11-29","0","",1,"",0,Rupiah,"2007-11-29","2008-12-26 22:19:57","2008-12-26 22:19:57",
4981,4638,"17000106",1,"17000106-001",INV/17000106-001,"2007-11-29","0","",SL,"2007-11-29","0","",1,"",0,Rupiah,"2007-11-29","2008-12-26 22:19:57","2008-12-26 22:19:57",
4982,4639,"17000107",1,"17000107-001",INV/17000107-001,"2007-11-29","0","",SL,"2007-11-29","0","",1,"",0,Rupiah,"2007-11-29","2008-12-26 22:19:57","2008-12-26 22:19:57",
4983,4640,"17000108",1,"17000108-001",INV/17000108-001,"2007-11-29","0","",SL,"2007-11-29","0","",1,"",0,Rupiah,"2007-11-29","2008-12-26 22:19:57","2008-12-26 22:19:57",
5084,61,"13000251",1,"13000251-001",INV/13000251-001,"2026-08-09","0","",SL,"2026-08-09","0","",1,"",0,,"2026-08-09","2026-08-09 10:52:41","2026-08-09 10:52:41",1
5044,4712,"13000204",1,"13000204-001",INV/13000204-001,"2026-08-08","0","",SL,"2026-08-08","0","",1,"",0,,"2026-08-08","2026-08-08 15:06:49","2026-08-08 15:06:49",1
4991,641,"19000025",1,"19000025-002",INV/19000025-002,"2026-07-19","0","",SL,"2026-07-19","0","",1,"",0,,"2026-07-19","2026-07-19 13:31:29","2026-07-19 13:31:29",1
5057,662,"13000191",1,"13000191-001",INV/13000191-001,"2026-08-08","0","",SL,"2026-08-08","0","",1,"",0,,"2026-08-08","2026-08-08 16:06:28","2026-08-08 16:06:28",1
5047,663,"13000201",1,"13000201-001",INV/13000201-001,"2026-08-08","0","",SL,"2026-08-08","0","",1,"",0,,"2026-08-08","2026-08-08 15:16:54","2026-08-08 15:16:54",1
5116,665,"13000234",1,"13000234-001",INV/13000234-001,"2026-08-09","0","",SL,"2026-08-09","0","",1,"",0,,"2026-08-09","2026-08-09 13:14:00","2026-08-09 13:14:00",1
5111,668,"13000284",1,"13000284-001",INV/13000284-001,"2026-08-09","0","",SL,"2026-08-09","0","",1,"",0,,"2026-08-09","2026-08-09 13:06:29","2026-08-09 13:06:29",1
5112,669,"13000283",1,"13000283-001",INV/13000283-001,"2026-08-09","0","",SL,"2026-08-09","0","",1,"",0,,"2026-08-09","2026-08-09 13:08:17","2026-08-09 13:08:17",1
5037,671,"13000211",1,"13000211-001",INV/13000211-001,"2026-08-08","0","",SL,"2026-08-08","0","",1,"",0,,"2026-08-08","2026-08-08 14:35:58","2026-08-08 14:35:58",1
4999,2206,"13000072",1,"13000072-002",INV/13000072-002,"2026-07-25","0","",SL,"2026-07-25","0","",1,"",0,,"2026-07-25","2026-07-25 14:09:08","2026-07-25 14:09:08",1
5069,675,"13000279",1,"13000279-001",INV/13000279-001,"2026-08-09","0","",SL,"2026-08-09","0","",1,"",0,,"2026-08-09","2026-08-09 09:55:43","2026-08-09 09:55:43",1
5056,676,"13000192",1,"13000192-001",INV/13000192-001,"2026-08-08","0","",SL,"2026-08-08","0","",1,"",0,,"2026-08-08","2026-08-08 15:52:52","2026-08-08 15:52:52",1
5040,682,"13000208",1,"13000208-001",INV/13000208-001,"2026-08-08","0","",SL,"2026-08-08","0","",1,"",0,,"2026-08-08","2026-08-08 14:49:21","2026-08-08 14:49:21",1
5039,683,"13000209",1,"13000209-001",INV/13000209-001,"2026-08-08","0","",SL,"2026-08-08","0","",1,"",0,,"2026-08-08","2026-08-08 14:41:26","2026-08-08 14:41:26",1
5089,689,"13000219",1,"13000219-001",INV/13000219-001,"2026-08-09","0","",SL,"2026-08-09","0","",1,"",0,,"2026-08-09","2026-08-09 11:06:22","2026-08-09 11:06:22",1
5053,690,"13000195",1,"13000195-001",INV/13000195-001,"2026-08-08","0","",SL,"2026-08-08","0","",1,"",0,,"2026-08-08","2026-08-08 15:42:49","2026-08-08 15:42:49",1
5041,703,"13000207",1,"13000207-001",INV/13000207-001,"2026-08-08","0","",SL,"2026-08-08","0","",1,"",0,,"2026-08-08","2026-08-08 14:52:13","2026-08-08 14:52:13",1
5055,709,"13000193",1,"13000193-001",INV/13000193-001,"2026-08-08","0","",SL,"2026-08-08","0","",1,"",0,,"2026-08-08","2026-08-08 15:50:34","2026-08-08 15:50:34",1
5091,4733,"13000218",1,"13000218-001",INV/13000218-001,"2026-08-09","0","",SL,"2026-08-09","0","",1,"",0,,"2026-08-09","2026-08-09 11:11:18","2026-08-09 11:11:18",1
5092,4734,"13000216",1,"13000216-001",INV/13000216-001,"2026-08-09","0","",SL,"2026-08-09","0","",1,"",0,,"2026-08-09","2026-08-09 11:13:02","2026-08-09 11:13:02",1
5093,4735,"13000215",1,"13000215-001",INV/13000215-001,"2026-08-09","0","",SL,"2026-08-09","0","",1,"",0,,"2026-08-09","2026-08-09 11:14:11","2026-08-09 11:14:11",1
5094,4736,"13000214",1,"13000214-001",INV/13000214-001,"2026-08-09","0","",SL,"2026-08-09","0","",1,"",0,,"2026-08-09","2026-08-09 11:16:03","2026-08-09 11:16:03",1
5095,4737,"13000213",1,"13000213-001",INV/13000213-001,"2026-08-09","0","",SL,"2026-08-09","0","",1,"",0,,"2026-08-09","2026-08-09 11:18:12","2026-08-09 11:18:12",1
5096,4738,"13000212",1,"13000212-001",INV/13000212-001,"2026-08-09","0","",SL,"2026-08-09","0","",1,"",0,,"2026-08-09","2026-08-09 11:20:06","2026-08-09 11:20:06",1
5097,4739,"13000227",1,"13000227-001",INV/13000227-001,"2026-08-09","0","",SL,"2026-08-09","0","",1,"",0,,"2026-08-09","2026-08-09 11:39:58","2026-08-09 11:39:58",1
5099,2764,"13000226",1,"13000226-002",INV/13000226-002,"2026-08-09","0","",SL,"2026-08-09","0","",1,"",0,,"2026-08-09","2026-08-09 11:43:22","2026-08-09 11:43:22",1
5100,4740,"13000225",1,"13000225-001",INV/13000225-001,"2026-08-09","0","",SL,"2026-08-09","0","",1,"",0,,"2026-08-09","2026-08-09 11:47:40","2026-08-09 11:47:40",1
5101,4741,"13000267",1,"13000267-001",INV/13000267-001,"2026-08-09","0","",SL,"2026-08-09","0","",1,"",0,,"2026-08-09","2026-08-09 11:53:05","2026-08-09 11:53:05",1
5065,829,"21000079",1,"21000079-001",INV/21000079-001,"2026-08-08","0","",SL,"2026-08-08","0","",1,"",0,,"2026-08-08","2026-08-08 16:36:31","2026-08-08 16:36:31",1
5113,830,"13000282",1,"13000282-001",INV/13000282-001,"2026-08-09","0","",SL,"2026-08-09","0","",1,"",0,,"2026-08-09","2026-08-09 13:10:42","2026-08-09 13:10:42",1
5108,1239,"13000231",1,"13000231-001",INV/13000231-001,"2026-08-09","0","",SL,"2026-08-09","0","",1,"",0,,"2026-08-09","2026-08-09 12:48:38","2026-08-09 12:48:38",1
4989,4647,"19000045",1,"19000045-001",INV/19000045-001,"2026-07-19","0","",SL,"2026-07-19","0","",1,"",0,,"2026-07-19","2026-07-19 11:09:28","2026-07-19 11:09:28",1
5088,1569,"13000220",1,"13000220-001",INV/13000220-001,"2026-08-09","0","",SL,"2026-08-09","0","",1,"",0,,"2026-08-09","2026-08-09 11:04:15","2026-08-09 11:04:15",1
4988,4646,"19000050",1,"19000050-001",INV/19000050-001,"2026-07-19","0","",SL,"2026-07-19","0","",1,"",0,,"2026-07-19","2026-07-19 11:08:07","2026-07-19 11:08:07",1
4998,2206,"13000072",1,"13000072-001",INV/13000072-001,"2026-07-25","0","",SL,"2026-07-25","0","",1,"",0,,"2026-07-25","2026-07-25 14:06:22","2026-07-25 14:06:22",1
4992,641,"19000025",1,"19000025-003",INV/19000025-003,"2026-07-19","0","",SL,"2026-07-19","0","",1,"",0,,"2026-07-19","2026-07-19 13:31:44","2026-07-19 13:31:44",1
5036,2268,"21000082",1,"21000082-001",INV/21000082-001,"2026-08-08","0","",SL,"2026-08-08","0","",1,"",0,,"2026-08-08","2026-08-08 14:34:01","2026-08-08 14:34:01",1
5054,2301,"13000194",1,"13000194-001",INV/13000194-001,"2026-08-08",,"",SL,"2026-08-08","0","",1,"",0,,"2026-08-08","2026-08-08 15:48:12","2026-08-08 15:48:27",1
5059,2389,"13000190",1,"13000190-002",INV/13000190-002,"2026-08-08","0","",SL,"2026-08-08","0","",1,"",0,,"2026-08-08","2026-08-08 16:12:05","2026-08-08 16:12:05",1
5072,4723,"13000276",1,"13000276-001",INV/13000276-001,"2026-08-09","0","",SL,"2026-08-09","0","",1,"",0,,"2026-08-09","2026-08-09 10:05:08","2026-08-09 10:05:08",1
5073,2465,"13000275",1,"13000275-001",INV/13000275-001,"2026-08-09","0","",SL,"2026-08-09","0","",1,"",0,,"2026-08-09","2026-08-09 10:11:14","2026-08-09 10:11:14",1
4987,2213,"28000020",1,"28000020-002",INV/28000020-002,"2026-07-19","0","",SL,"2026-07-19","0","",1,"",0,,"2026-07-19","2026-07-19 10:35:39","2026-07-19 10:35:39",1
5070,4722,"13000278",1,"13000278-001",INV/13000278-001,"2026-08-09","0","",SL,"2026-08-09","0","",1,"",0,,"2026-08-09","2026-08-09 09:58:22","2026-08-09 09:58:22",1
5016,4684,"13000165",1,"13000165-001",INV/13000165-001,"2026-08-02","0","",SL,"2026-08-02","0","",1,"",0,,"2026-08-02","2026-08-02 09:53:37","2026-08-02 09:53:37",1
5098,2764,"13000226",1,"13000226-001",INV/13000226-001,"2026-08-09","0","",SL,"2026-08-09","0","",1,"",0,,"2026-08-09","2026-08-09 11:42:30","2026-08-09 11:42:30",1
5068,4648,"19000114",1,"19000114-001",INV/19000114-001,"2026-08-08","0","",SL,"2026-08-08","0","",1,"",0,,"2026-08-08","2026-08-08 16:48:04","2026-08-08 16:48:04",1
5058,2389,"13000190",1,"13000190-001",INV/13000190-001,"2026-08-08","0","",SL,"2026-08-08","0","",1,"",0,,"2026-08-08","2026-08-08 16:11:45","2026-08-08 16:11:45",1
5061,3029,"13000188",1,"13000188-001",INV/13000188-001,"2026-08-08","0","",SL,"2026-08-08","0","",1,"",0,,"2026-08-08","2026-08-08 16:24:41","2026-08-08 16:24:41",1
5063,4668,"21000077",1,"21000077-001",INV/21000077-001,"2026-08-08","0","",SL,"2026-08-08","0","",1,"",0,,"2026-08-08","2026-08-08 16:32:14","2026-08-08 16:32:14",1
5000,2206,"13000072",1,"13000072-003",INV/13000072-003,"2026-07-25","0","",SL,"2026-07-25","0","",1,"",0,,"2026-07-25","2026-07-25 14:10:06","2026-07-25 14:10:06",1
4993,642,"19000026",1,"19000026-002",INV/19000026,"2026-07-19","0","",SL,"2026-07-19","0","",1,"",0,,"2026-07-19","2026-07-19 13:32:47","2026-07-19 13:32:47",1
4994,3573,"19000075-002",1,"19000075",INV/19000075-002,"2026-07-19","0","",SL,"2026-07-19","0","",1,"",0,,"2026-07-19","2026-07-19 13:34:21","2026-07-19 13:34:21",1
4995,1381,"19000079",1,"19000079-002",INV/19000079-002,"2026-07-19","0","",SL,"2026-07-19","0","",1,"",0,,"2026-07-19","2026-07-19 13:35:27","2026-07-19 13:35:27",1
5062,4718,"13000189",1,"13000189-001",INV/13000189-001,"2026-08-08","0","",SL,"2026-08-08","0","",1,"",0,,"2026-08-08","2026-08-08 16:29:41","2026-08-08 16:29:41",1
5087,3407,"13000248",1,"13000248-001",INV/13000248-001,"2026-08-09","0","",SL,"2026-08-09","0","",1,"",0,,"2026-08-09","2026-08-09 11:01:36","2026-08-09 11:01:36",1
5043,4711,"13000205",1,"13000205-001",INV/13000205-001,"2026-08-08","0","",SL,"2026-08-08","0","",1,"",0,,"2026-08-08","2026-08-08 15:04:39","2026-08-08 15:04:39",1
5042,3447,"13000206",1,"13000206-001",INV/13000206-001,"2026-08-08","0","",SL,"2026-08-08","0","",1,"",0,,"2026-08-08","2026-08-08 14:57:46","2026-08-08 14:57:46",1
5067,4721,"21000081",1,"21000081-001",INV/21000081-001,"2026-08-08","0","",SL,"2026-08-08","0","",1,"",0,,"2026-08-08","2026-08-08 16:45:13","2026-08-08 16:45:13",1
5038,3586,"13000210",1,"13000210-001",INV/13000210-001,"2026-08-08","0","",SL,"2026-08-08","0","",1,"",0,,"2026-08-08","2026-08-08 14:37:05","2026-08-08 14:37:05",1
5066,4719,"21000080",1,"21000080-001",INV/21000080-001,"2026-08-08","0","",SL,"2026-08-08","0","",1,"",0,,"2026-08-08","2026-08-08 16:39:30","2026-08-08 16:39:30",1
5064,4267,"21000078",1,"21000078-001",INV/21000078-001,"2026-08-08","0","",SL,"2026-08-08","0","",1,"",0,,"2026-08-08","2026-08-08 16:34:21","2026-08-08 16:34:21",1
4997,4661,"13000150",1,"13000150-001",INV/13000150/001,"2026-07-25","0","",SL,"2026-07-25","0","",1,"",0,,"2026-07-25","2026-07-25 13:51:36","2026-07-25 13:51:36",1
4996,4660,"1300049",1,"13000149-001",INV/13000149/001,"2026-07-25",,"",SL,"2026-07-25","0","",1,"",0,,"2026-07-25","2026-07-25 13:47:39","2026-07-25 13:48:05",1
5049,4715,"13000199",1,"13000199-001",INV/13000199-001,"2026-08-08","0","",SL,"2026-08-08","0","",1,"",0,,"2026-08-08","2026-08-08 15:24:36","2026-08-08 15:24:36",1
5060,4717,"13000187",1,"13000187-001",INV/13000187-001,"2026-08-08","0","",SL,"2026-08-08","0","",1,"",0,,"2026-08-08","2026-08-08 16:22:42","2026-08-08 16:22:42",1
5051,4716,"13000197",1,"13000197-001",INV/13000197-001,"2026-08-08","0","",SL,"2026-08-08","0","",1,"",0,,"2026-08-08","2026-08-08 15:31:08","2026-08-08 15:31:08",1
5048,4714,"13000200",1,"13000200-001",INV/13000200-001,"2026-08-08","0","",SL,"2026-08-08","0","",1,"",0,,"2026-08-08","2026-08-08 15:21:08","2026-08-08 15:21:08",1
5035,4703,"13000184",1,"13000184-001",INV/13000184-001,"2026-08-02","0","",SL,"2026-08-02","0","",1,"",0,,"2026-08-02","2026-08-02 10:30:51","2026-08-02 10:30:51",1
5034,4702,"13000183",1,"13000183-001",INV/13000183-001,"2026-08-02","0","",SL,"2026-08-02","0","",1,"",0,,"2026-08-02","2026-08-02 10:29:31","2026-08-02 10:29:31",1
5033,4701,"13000182",1,"13000182-001",INV/13000182-001,"2026-08-02","0","",SL,"2026-08-02","0","",1,"",0,,"2026-08-02","2026-08-02 10:26:35","2026-08-02 10:26:35",1
5032,4700,"13000181",1,"13000181-001",INV/13000181-001,"2026-08-02","0","",SL,"2026-08-02","0","",1,"",0,,"2026-08-02","2026-08-02 10:24:43","2026-08-02 10:24:43",1
5031,4699,"13000180",1,"13000180-001",INV/13000180-001,"2026-08-02","0","",SL,"2026-08-02","0","",1,"",0,,"2026-08-02","2026-08-02 10:23:06","2026-08-02 10:23:06",1
5030,4698,"13000179",1,"13000179-001",INV/13000179-001,"2026-08-02","0","",SL,"2026-08-02","0","",1,"",0,,"2026-08-02","2026-08-02 10:21:44","2026-08-02 10:21:44",1
5076,4725,"13000273",1,"13000273-001",INV/13000273-001,"2026-08-09","0","",SL,"2026-08-09","0","",1,"",0,,"2026-08-09","2026-08-09 10:17:11","2026-08-09 10:17:11",1
5075,4724,"13000274",1,"13000274-002",INV/13000274-002,"2026-08-09","0","",SL,"2026-08-09","0","",1,"",0,,"2026-08-09","2026-08-09 10:15:30","2026-08-09 10:15:30",1
5074,4724,"13000274",1,"13000274-001",INV/13000274-001,"2026-08-09","0","",SL,"2026-08-09","0","",1,"",0,,"2026-08-09","2026-08-09 10:15:00","2026-08-09 10:15:00",1
5028,4696,"13000177",1,"13000177-001",INV/13000177-001,"2026-08-02","0","",SL,"2026-08-02","0","",1,"",0,,"2026-08-02","2026-08-02 10:19:13","2026-08-02 10:19:13",1
5077,4726,"13000272",1,"13000272-001",INV/13000272-001,"2026-08-09","0","",SL,"2026-08-09","0","",1,"",0,,"2026-08-09","2026-08-09 10:19:00","2026-08-09 10:19:00",1
5078,3435,"13000222",1,"13000222-001",INV/13000222-001,"2026-08-09","0","",SL,"2026-08-09","0","",1,"",0,,"2026-08-09","2026-08-09 10:23:41","2026-08-09 10:23:41",1
5001,4669,"13000148",1,"13000148-001",INV/13000148-001,"2026-08-01","0","",SL,"2026-08-01","0","",1,"",0,,"2026-08-01","2026-08-01 10:53:00","2026-08-01 10:53:00",1
5079,3433,"13000221",1,"13000221-001",INV/13000221-001,"2026-08-09","0","",SL,"2026-08-09","0","",1,"",0,,"2026-08-09","2026-08-09 10:28:28","2026-08-09 10:28:28",1
5080,4727,"13000223",1,"13000223-001",INV/13000223-001,"2026-08-09","0","",SL,"2026-08-09","0","",1,"",0,,"2026-08-09","2026-08-09 10:38:33","2026-08-09 10:38:33",1
5081,4728,"13000224",1,"13000224-001",INV/13000224-001,"2026-08-09","0","",SL,"2026-08-09","0","",1,"",0,,"2026-08-09","2026-08-09 10:40:26","2026-08-09 10:40:26",1
5083,4730,"13000252",1,"13000252-001",INV/13000252-001,"2026-08-09","0","",SL,"2026-08-09","0","",1,"",0,,"2026-08-09","2026-08-09 10:50:29","2026-08-09 10:50:29",1
5082,4729,"13000253",1,"13000253-001",INV/13000253-001,"2026-08-09","0","",SL,"2026-08-09","0","",1,"",0,,"2026-08-09","2026-08-09 10:46:17","2026-08-09 10:46:17",1
5050,4178,"13000198",1,"13000198-001",INV/13000198-001,"2026-08-08","0","",SL,"2026-08-08","0","",1,"",0,,"2026-08-08","2026-08-08 15:27:19","2026-08-08 15:27:19",1
5027,4695,"13000176",1,"13000176-001",INV/13000176-001,"2026-08-02","0","",SL,"2026-08-02","0","",1,"",0,,"2026-08-02","2026-08-02 10:17:34","2026-08-02 10:17:34",1
5085,4731,"13000250",1,"13000250-001",INV/13000250-001,"2026-08-09","0","",SL,"2026-08-09","0","",1,"",0,,"2026-08-09","2026-08-09 10:54:34","2026-08-09 10:54:34",1
5086,61,"13000251",1,"13000251-002",INV/13000251-002,"2026-08-09","0","",SL,"2026-08-09","0","",1,"",0,,"2026-08-09","2026-08-09 10:56:35","2026-08-09 10:56:35",1
5090,4732,"13000217",1,"13000217-001",INV/13000217-001,"2026-08-09",,"",SL,"2026-08-09","0","",1,"",0,,"2026-08-09","2026-08-09 11:08:41","2026-08-09 11:09:52",1
5026,4694,"13000175",1,"13000175-001",INV/13000175-001,"2026-08-02","0","",SL,"2026-08-02","0","",1,"",0,,"2026-08-02","2026-08-02 10:11:23","2026-08-02 10:11:23",1
5025,4693,"13000174",1,"13000174-001",INV/13000174-001,"2026-08-02","0","",SL,"2026-08-02","0","",1,"",0,,"2026-08-02","2026-08-02 10:10:11","2026-08-02 10:10:11",1
5045,4713,"13000203",1,"13000203-001",INV/13000203-001,"2026-08-08","0","",SL,"2026-08-08","0","",1,"",0,,"2026-08-08","2026-08-08 15:10:27","2026-08-08 15:10:27",1
5013,4681,"13000162",1,"13000162-001",INV/13000162-001,"2026-08-02","0","",SL,"2026-08-02","0","",1,"",0,,"2026-08-02","2026-08-02 09:38:39","2026-08-02 09:38:39",1
5005,4673,"13000154",1,"13000154-001",INV/13000154-001,"2026-08-02",,"",SL,"2026-08-02","0","",1,"",0,,"2026-08-02","2026-08-02 07:30:06","2026-08-05 15:58:47",1
5008,4676,"13000157",1,"13000157-001",INV/13000157-001,"2026-08-02",,"",SL,"2026-08-02","0","",1,"",0,,"2026-08-02","2026-08-02 07:38:17","2026-08-05 16:27:45",1
5011,4679,"13000160",1,"13000160-001",INV/13000160-001,"2026-08-02",,"",SL,"2026-08-02","0","",1,"",0,,"2026-08-02","2026-08-02 07:48:49","2026-08-02 07:49:18",1
5012,4680,"13000161",1,"13000161-001",INV/13000161-001,"2026-08-02",,"",SL,"2026-08-02","0","",1,"",0,,"2026-08-02","2026-08-02 09:31:07","2026-08-02 09:31:38",1
5046,4326,"13000202",1,"13000202-001",INV/13000202-001,"2026-08-08","0","",SL,"2026-08-08","0","",1,"",0,,"2026-08-08","2026-08-08 15:12:10","2026-08-08 15:12:10",1
5004,4672,"13000153",1,"13000153-001",INV/13000153-001,"2026-08-02",,"",SL,"2026-08-02","0","",1,"",0,,"2026-08-02","2026-08-02 07:28:11","2026-08-05 15:57:15",1
5010,4678,"13000159",1,"13000159-001",INV/13000159-001,"2026-08-02",,"",SL,"2026-08-02","0","",1,"",0,,"2026-08-02","2026-08-02 07:42:43","2026-08-02 07:43:17",1
5003,4671,"13000152",1,"13000152-001",INV/13000152-001,"2026-08-02",,"",SL,"2026-08-02","0","",1,"",0,,"2026-08-02","2026-08-02 07:21:58","2026-08-02 07:22:34",1
5007,4675,"13000156",1,"13000156-001",INV/13000156-001,"2026-08-02",,"",SL,"2026-08-02","0","",1,"",0,,"2026-08-02","2026-08-02 07:33:38","2026-08-05 16:15:45",1
5009,4677,"13000158",1,"13000158-001",INV/13000158-001,"2026-08-02",,"",SL,"2026-08-02","0","",1,"",0,,"2026-08-02","2026-08-02 07:40:14","2026-08-02 07:40:44",1
5006,4674,"13000155",1,"13000155-001",INV/13000155-001,"2026-08-02",,"",SL,"2026-08-02","0","",1,"",0,,"2026-08-02","2026-08-02 07:31:54","2026-08-05 16:03:24",1
5052,4709,"13000196",1,"13000196-001",INV/13000196-001,"2026-08-08","0","",SL,"2026-08-08","0","",1,"",0,,"2026-08-08","2026-08-08 15:36:39","2026-08-08 15:36:39",1
4990,3509,"19000007",1,"19000007-002",INV/19000007-002,"2026-07-19","0","",SL,"2026-07-19","0","",1,"",0,,"2026-07-19","2026-07-19 13:28:54","2026-07-19 13:28:54",1
5109,4456,"13000232",1,"13000232-001",INV/13000232-001,"2026-08-09","0","",SL,"2026-08-09","0","",1,"",0,,"2026-08-09","2026-08-09 12:52:25","2026-08-09 12:52:25",1
5024,4692,"13000173",1,"13000173-001",INV/13000173-001,"2026-08-02","0","",SL,"2026-08-02","0","",1,"",0,,"2026-08-02","2026-08-02 10:08:41","2026-08-02 10:08:41",1
4985,4641,"10000001",1,"10000001-001","10000001-001","2026-07-12","0","",SL,"2026-07-12","0","",1,"",0,,"2026-07-12","2026-07-12 10:05:05","2026-07-12 10:05:05",1
4986,4642,"14000108",1,"14000108",,"2026-07-15","0","",SL,"2026-07-15","0","",1,"",0,,"2026-07-15","2026-07-15 16:32:20","2026-07-15 16:32:20",1
